seed,intervention,holdout_nll,holdout_accuracy,nll_delta_vs_intact,accuracy_delta_vs_intact,mean_active_mechanisms_per_token,mean_writers_per_token,mean_recipients_per_token,mechanism_load,role_mechanism_load,condition,holdout_brier,holdout_ece,holdout_max_confidence,holdout_true_class_probability,brier_delta_vs_intact,ece_delta_vs_intact,max_confidence_delta_vs_intact,true_class_probability_delta_vs_intact
0,intact,2.997346315200,0.000000000000,0.000000000000,0.000000000000,1.000000000000,0.750000000000,1.000000000000,320;320;320;320,entity:160;160;160;0|value:160;160;160;0|filler:0;0;0;0|query_marker:0;0;0;160|query_entity:0;0;0;160,structural_mediation_bounded,1.177257161582,0.345480736409,0.345480736409,0.051670605004,0.000000000000,0.000000000000,0.000000000000,0.000000000000
0,no_broadcast,3.209085987847,0.000000000000,0.211739672648,0.000000000000,1.000000000000,0.750000000000,1.000000000000,320;320;320;320,entity:160;160;160;0|value:160;160;160;0|filler:0;0;0;0|query_marker:0;0;0;160|query_entity:0;0;0;160,structural_mediation_bounded,1.172388022147,0.294104297109,0.294104297109,0.040581280049,-0.004869139435,-0.051376439299,-0.051376439299,-0.011089324954
0,no_workspace_persistence,3.198832398372,0.000000000000,0.201486083172,0.000000000000,1.000000000000,0.750000000000,1.000000000000,320;320;320;320,entity:160;160;160;0|value:160;160;160;0|filler:0;0;0;0|query_marker:0;0;0;160|query_entity:0;0;0;160,structural_mediation_bounded,1.169325742612,0.294026515671,0.294026515671,0.041113569726,-0.007931418970,-0.051454220738,-0.051454220738,-0.010557035277
0,no_workspace_output,2.997346315200,0.000000000000,0.000000000000,0.000000000000,1.000000000000,0.750000000000,1.000000000000,320;320;320;320,entity:160;160;160;0|value:160;160;160;0|filler:0;0;0;0|query_marker:0;0;0;160|query_entity:0;0;0;160,structural_mediation_bounded,1.177257161582,0.345480736409,0.345480736409,0.051670605004,0.000000000000,0.000000000000,0.000000000000,0.000000000000
0,no_spine_workspace,2.997346315200,0.000000000000,0.000000000000,0.000000000000,1.000000000000,0.750000000000,1.000000000000,320;320;320;320,entity:160;160;160;0|value:160;160;160;0|filler:0;0;0;0|query_marker:0;0;0;160|query_entity:0;0;0;160,structural_mediation_bounded,1.177257161582,0.345480736409,0.345480736409,0.051670605004,0.000000000000,0.000000000000,0.000000000000,0.000000000000
0,no_mechanism_output,1.604429221637,0.162500000000,-1.392917093563,0.162500000000,1.000000000000,0.750000000000,1.000000000000,320;320;320;320,entity:160;160;160;0|value:160;160;160;0|filler:0;0;0;0|query_marker:0;0;0;160|query_entity:0;0;0;160,structural_mediation_bounded,0.798103495983,0.078032183100,0.240532183100,0.203045369678,-0.379153665599,-0.267448553309,-0.104948553309,0.151374764674
0,workspace_disconnected,3.209085987847,0.000000000000,0.211739672648,0.000000000000,1.000000000000,0.750000000000,1.000000000000,320;320;320;320,entity:160;160;160;0|value:160;160;160;0|filler:0;0;0;0|query_marker:0;0;0;160|query_entity:0;0;0;160,structural_mediation_bounded,1.172388022147,0.294104297109,0.294104297109,0.040581280049,-0.004869139435,-0.051376439299,-0.051376439299,-0.011089324954
0,no_workspace_writes,3.243891553193,0.000000000000,0.246545237993,0.000000000000,1.000000000000,0.750000000000,1.000000000000,320;320;320;320,entity:160;160;160;0|value:160;160;160;0|filler:0;0;0;0|query_marker:0;0;0;160|query_entity:0;0;0;160,structural_mediation_bounded,1.167033330357,0.276239613288,0.276239613288,0.039430140583,-0.010223831225,-0.069241123121,-0.069241123121,-0.012240464421
0,zero_reader_inbox,3.209085987847,0.000000000000,0.211739672648,0.000000000000,1.000000000000,0.750000000000,1.000000000000,320;320;320;320,entity:160;160;160;0|value:160;160;160;0|filler:0;0;0;0|query_marker:0;0;0;160|query_entity:0;0;0;160,structural_mediation_bounded,1.172388022147,0.294104297109,0.294104297109,0.040581280049,-0.004869139435,-0.051376439299,-0.051376439299,-0.011089324954
0,permuted_recipients,3.209085987847,0.000000000000,0.211739672648,0.000000000000,1.000000000000,0.750000000000,1.000000000000,320;320;320;320,entity:160;160;160;0|value:160;160;160;0|filler:0;0;0;0|query_marker:0;0;0;160|query_entity:0;0;0;160,structural_mediation_bounded,1.172388022147,0.294104297109,0.294104297109,0.040581280049,-0.004869139435,-0.051376439299,-0.051376439299,-0.011089324954
1,intact,3.001617905669,0.000000000000,0.000000000000,0.000000000000,1.000000000000,0.750000000000,1.000000000000,320;320;320;320,entity:160;160;160;0|value:160;160;160;0|filler:0;0;0;0|query_marker:0;0;0;160|query_entity:0;0;0;160,structural_mediation_bounded,1.179008759078,0.340037069385,0.340037069385,0.051803323195,0.000000000000,0.000000000000,0.000000000000,0.000000000000
1,no_broadcast,3.156369918718,0.000000000000,0.154752013049,0.000000000000,1.000000000000,0.750000000000,1.000000000000,320;320;320;320,entity:160;160;160;0|value:160;160;160;0|filler:0;0;0;0|query_marker:0;0;0;160|query_entity:0;0;0;160,structural_mediation_bounded,1.173377859556,0.310414970703,0.310414970703,0.043062772695,-0.005630899522,-0.029622098681,-0.029622098681,-0.008740550500
1,no_workspace_persistence,3.145279185979,0.000000000000,0.143661280310,0.000000000000,1.000000000000,0.750000000000,1.000000000000,320;320;320;320,entity:160;160;160;0|value:160;160;160;0|filler:0;0;0;0|query_marker:0;0;0;160|query_entity:0;0;0;160,structural_mediation_bounded,1.182923915193,0.318025751532,0.318025751532,0.043640237708,0.003915156115,-0.022011317853,-0.022011317853,-0.008163085487
1,no_workspace_output,3.001617905669,0.000000000000,0.000000000000,0.000000000000,1.000000000000,0.750000000000,1.000000000000,320;320;320;320,entity:160;160;160;0|value:160;160;160;0|filler:0;0;0;0|query_marker:0;0;0;160|query_entity:0;0;0;160,structural_mediation_bounded,1.179008759078,0.340037069385,0.340037069385,0.051803323195,0.000000000000,0.000000000000,0.000000000000,0.000000000000
1,no_spine_workspace,3.001617905669,0.000000000000,0.000000000000,0.000000000000,1.000000000000,0.750000000000,1.000000000000,320;320;320;320,entity:160;160;160;0|value:160;160;160;0|filler:0;0;0;0|query_marker:0;0;0;160|query_entity:0;0;0;160,structural_mediation_bounded,1.179008759078,0.340037069385,0.340037069385,0.051803323195,0.000000000000,0.000000000000,0.000000000000,0.000000000000
1,no_mechanism_output,1.612475088273,0.187500000000,-1.389142817395,0.187500000000,1.000000000000,0.750000000000,1.000000000000,320;320;320;320,entity:160;160;160;0|value:160;160;160;0|filler:0;0;0;0|query_marker:0;0;0;160|query_entity:0;0;0;160,structural_mediation_bounded,0.801219971592,0.026659489612,0.214159489612,0.199590439883,-0.377788787486,-0.313377579772,-0.125877579772,0.147787116688
1,workspace_disconnected,3.156369918718,0.000000000000,0.154752013049,0.000000000000,1.000000000000,0.750000000000,1.000000000000,320;320;320;320,entity:160;160;160;0|value:160;160;160;0|filler:0;0;0;0|query_marker:0;0;0;160|query_entity:0;0;0;160,structural_mediation_bounded,1.173377859556,0.310414970703,0.310414970703,0.043062772695,-0.005630899522,-0.029622098681,-0.029622098681,-0.008740550500
1,no_workspace_writes,3.141605955585,0.000000000000,0.139988049916,0.000000000000,1.000000000000,0.750000000000,1.000000000000,320;320;320;320,entity:160;160;160;0|value:160;160;160;0|filler:0;0;0;0|query_marker:0;0;0;160|query_entity:0;0;0;160,structural_mediation_bounded,1.184170974831,0.319312031349,0.319312031349,0.043794024992,0.005162215753,-0.020725038035,-0.020725038035,-0.008009298203
1,zero_reader_inbox,3.156369918718,0.000000000000,0.154752013049,0.000000000000,1.000000000000,0.750000000000,1.000000000000,320;320;320;320,entity:160;160;160;0|value:160;160;160;0|filler:0;0;0;0|query_marker:0;0;0;160|query_entity:0;0;0;160,structural_mediation_bounded,1.173377859556,0.310414970703,0.310414970703,0.043062772695,-0.005630899522,-0.029622098681,-0.029622098681,-0.008740550500
1,permuted_recipients,3.156369918718,0.000000000000,0.154752013049,0.000000000000,1.000000000000,0.750000000000,1.000000000000,320;320;320;320,entity:160;160;160;0|value:160;160;160;0|filler:0;0;0;0|query_marker:0;0;0;160|query_entity:0;0;0;160,structural_mediation_bounded,1.173377859556,0.310414970703,0.310414970703,0.043062772695,-0.005630899522,-0.029622098681,-0.029622098681,-0.008740550500
2,intact,2.741448920012,0.000000000000,0.000000000000,0.000000000000,1.000000000000,0.750000000000,1.000000000000,320;320;320;320,entity:160;160;160;0|value:160;160;160;0|filler:0;0;0;0|query_marker:0;0;0;160|query_entity:0;0;0;160,structural_mediation_bounded,1.160024337320,0.394597297460,0.394597297460,0.075148333719,0.000000000000,0.000000000000,0.000000000000,0.000000000000
2,no_broadcast,3.303411588461,0.000000000000,0.561962668449,0.000000000000,1.000000000000,0.750000000000,1.000000000000,320;320;320;320,entity:160;160;160;0|value:160;160;160;0|filler:0;0;0;0|query_marker:0;0;0;160|query_entity:0;0;0;160,structural_mediation_bounded,1.172289110660,0.269692860852,0.269692860852,0.036879812990,0.012264773340,-0.124904436608,-0.124904436608,-0.038268520730
2,no_workspace_persistence,3.030566550658,0.000000000000,0.289117630646,0.000000000000,1.000000000000,0.750000000000,1.000000000000,320;320;320;320,entity:160;160;160;0|value:160;160;160;0|filler:0;0;0;0|query_marker:0;0;0;160|query_entity:0;0;0;160,structural_mediation_bounded,1.167699716024,0.347683413427,0.347683413427,0.050947925516,0.007675378704,-0.046913884033,-0.046913884033,-0.024200408203
2,no_workspace_output,2.741448920012,0.000000000000,0.000000000000,0.000000000000,1.000000000000,0.750000000000,1.000000000000,320;320;320;320,entity:160;160;160;0|value:160;160;160;0|filler:0;0;0;0|query_marker:0;0;0;160|query_entity:0;0;0;160,structural_mediation_bounded,1.160024337320,0.394597297460,0.394597297460,0.075148333719,0.000000000000,0.000000000000,0.000000000000,0.000000000000
2,no_spine_workspace,2.741448920012,0.000000000000,0.000000000000,0.000000000000,1.000000000000,0.750000000000,1.000000000000,320;320;320;320,entity:160;160;160;0|value:160;160;160;0|filler:0;0;0;0|query_marker:0;0;0;160|query_entity:0;0;0;160,structural_mediation_bounded,1.160024337320,0.394597297460,0.394597297460,0.075148333719,0.000000000000,0.000000000000,0.000000000000,0.000000000000
2,no_mechanism_output,1.636101171122,0.118750000000,-1.105347748890,0.118750000000,1.000000000000,0.750000000000,1.000000000000,320;320;320;320,entity:160;160;160;0|value:160;160;160;0|filler:0;0;0;0|query_marker:0;0;0;160|query_entity:0;0;0;160,structural_mediation_bounded,0.810971542888,0.108358520040,0.227108520040,0.195345793738,-0.349052794432,-0.286238777420,-0.167488777420,0.120197460019
2,workspace_disconnected,3.303411588461,0.000000000000,0.561962668449,0.000000000000,1.000000000000,0.750000000000,1.000000000000,320;320;320;320,entity:160;160;160;0|value:160;160;160;0|filler:0;0;0;0|query_marker:0;0;0;160|query_entity:0;0;0;160,structural_mediation_bounded,1.172289110660,0.269692860852,0.269692860852,0.036879812990,0.012264773340,-0.124904436608,-0.124904436608,-0.038268520730
2,no_workspace_writes,3.323808264040,0.000000000000,0.582359344028,0.000000000000,1.000000000000,0.750000000000,1.000000000000,320;320;320;320,entity:160;160;160;0|value:160;160;160;0|filler:0;0;0;0|query_marker:0;0;0;160|query_entity:0;0;0;160,structural_mediation_bounded,1.171398519432,0.265346926469,0.265346926469,0.036125594213,0.011374182112,-0.129250370991,-0.129250370991,-0.039022739507
2,zero_reader_inbox,3.303411588461,0.000000000000,0.561962668449,0.000000000000,1.000000000000,0.750000000000,1.000000000000,320;320;320;320,entity:160;160;160;0|value:160;160;160;0|filler:0;0;0;0|query_marker:0;0;0;160|query_entity:0;0;0;160,structural_mediation_bounded,1.172289110660,0.269692860852,0.269692860852,0.036879812990,0.012264773340,-0.124904436608,-0.124904436608,-0.038268520730
2,permuted_recipients,3.303411588461,0.000000000000,0.561962668449,0.000000000000,1.000000000000,0.750000000000,1.000000000000,320;320;320;320,entity:160;160;160;0|value:160;160;160;0|filler:0;0;0;0|query_marker:0;0;0;160|query_entity:0;0;0;160,structural_mediation_bounded,1.172289110660,0.269692860852,0.269692860852,0.036879812990,0.012264773340,-0.124904436608,-0.124904436608,-0.038268520730
3,intact,2.522409409157,0.012500000000,0.000000000000,0.000000000000,1.000000000000,0.750000000000,1.000000000000,320;320;320;320,entity:160;160;160;0|value:160;160;160;0|filler:0;0;0;0|query_marker:0;0;0;160|query_entity:0;0;0;160,structural_mediation_bounded,1.211415634996,0.511597446900,0.524097446900,0.088147090570,0.000000000000,0.000000000000,0.000000000000,0.000000000000
3,no_broadcast,2.792479995132,0.000000000000,0.270070585975,-0.012500000000,1.000000000000,0.750000000000,1.000000000000,320;320;320;320,entity:160;160;160;0|value:160;160;160;0|filler:0;0;0;0|query_marker:0;0;0;160|query_entity:0;0;0;160,structural_mediation_bounded,1.155366587939,0.397687941853,0.397687941853,0.061759285605,-0.056049047058,-0.113909505047,-0.126409505047,-0.026387804965
3,no_workspace_persistence,2.858157169384,0.000000000000,0.335747760227,-0.012500000000,1.000000000000,0.750000000000,1.000000000000,320;320;320;320,entity:160;160;160;0|value:160;160;160;0|filler:0;0;0;0|query_marker:0;0;0;160|query_entity:0;0;0;160,structural_mediation_bounded,1.177081454545,0.392997815451,0.392997815451,0.058076434725,-0.034334180451,-0.118599631449,-0.131099631449,-0.030070655844
3,no_workspace_output,2.522409409157,0.012500000000,0.000000000000,0.000000000000,1.000000000000,0.750000000000,1.000000000000,320;320;320;320,entity:160;160;160;0|value:160;160;160;0|filler:0;0;0;0|query_marker:0;0;0;160|query_entity:0;0;0;160,structural_mediation_bounded,1.211415634996,0.511597446900,0.524097446900,0.088147090570,0.000000000000,0.000000000000,0.000000000000,0.000000000000
3,no_spine_workspace,2.522409409157,0.012500000000,0.000000000000,0.000000000000,1.000000000000,0.750000000000,1.000000000000,320;320;320;320,entity:160;160;160;0|value:160;160;160;0|filler:0;0;0;0|query_marker:0;0;0;160|query_entity:0;0;0;160,structural_mediation_bounded,1.211415634996,0.511597446900,0.524097446900,0.088147090570,0.000000000000,0.000000000000,0.000000000000,0.000000000000
3,no_mechanism_output,1.629583245593,0.187500000000,-0.892826163563,0.175000000000,1.000000000000,0.750000000000,1.000000000000,320;320;320;320,entity:160;160;160;0|value:160;160;160;0|filler:0;0;0;0|query_marker:0;0;0;160|query_entity:0;0;0;160,structural_mediation_bounded,0.807753249836,0.040929374271,0.228429374271,0.196923991868,-0.403662385161,-0.470668072629,-0.295668072629,0.108776901298
3,workspace_disconnected,2.792479995132,0.000000000000,0.270070585975,-0.012500000000,1.000000000000,0.750000000000,1.000000000000,320;320;320;320,entity:160;160;160;0|value:160;160;160;0|filler:0;0;0;0|query_marker:0;0;0;160|query_entity:0;0;0;160,structural_mediation_bounded,1.155366587939,0.397687941853,0.397687941853,0.061759285605,-0.056049047058,-0.113909505047,-0.126409505047,-0.026387804965
3,no_workspace_writes,2.851594558850,0.000000000000,0.329185149693,-0.012500000000,1.000000000000,0.750000000000,1.000000000000,320;320;320;320,entity:160;160;160;0|value:160;160;160;0|filler:0;0;0;0|query_marker:0;0;0;160|query_entity:0;0;0;160,structural_mediation_bounded,1.169131803876,0.406965901365,0.406965901365,0.058135415639,-0.042283831120,-0.104631545535,-0.117131545535,-0.030011674930
3,zero_reader_inbox,2.792479995132,0.000000000000,0.270070585975,-0.012500000000,1.000000000000,0.750000000000,1.000000000000,320;320;320;320,entity:160;160;160;0|value:160;160;160;0|filler:0;0;0;0|query_marker:0;0;0;160|query_entity:0;0;0;160,structural_mediation_bounded,1.155366587939,0.397687941853,0.397687941853,0.061759285605,-0.056049047058,-0.113909505047,-0.126409505047,-0.026387804965
3,permuted_recipients,2.792479995132,0.000000000000,0.270070585975,-0.012500000000,1.000000000000,0.750000000000,1.000000000000,320;320;320;320,entity:160;160;160;0|value:160;160;160;0|filler:0;0;0;0|query_marker:0;0;0;160|query_entity:0;0;0;160,structural_mediation_bounded,1.155366587939,0.397687941853,0.397687941853,0.061759285605,-0.056049047058,-0.113909505047,-0.126409505047,-0.026387804965
4,intact,2.457376681404,0.037500000000,0.000000000000,0.000000000000,1.000000000000,0.750000000000,1.000000000000,320;320;320;320,entity:160;160;160;0|value:160;160;160;0|filler:0;0;0;0|query_marker:0;0;0;160|query_entity:0;0;0;160,structural_mediation_bounded,1.182309877877,0.513734927558,0.512484784128,0.101261558276,0.000000000000,0.000000000000,0.000000000000,0.000000000000
4,no_broadcast,3.060288875563,0.000000000000,0.602912194159,-0.037500000000,1.000000000000,0.750000000000,1.000000000000,320;320;320;320,entity:160;160;160;0|value:160;160;160;0|filler:0;0;0;0|query_marker:0;0;0;160|query_entity:0;0;0;160,structural_mediation_bounded,1.152714236054,0.312620356645,0.312620356645,0.047034691477,-0.029595641823,-0.201114570913,-0.199864427484,-0.054226866799
4,no_workspace_persistence,2.878838329904,0.000000000000,0.421461648500,-0.037500000000,1.000000000000,0.750000000000,1.000000000000,320;320;320;320,entity:160;160;160;0|value:160;160;160;0|filler:0;0;0;0|query_marker:0;0;0;160|query_entity:0;0;0;160,structural_mediation_bounded,1.177423446227,0.394097716736,0.394097716736,0.056761257152,-0.004886431649,-0.119637210822,-0.118387067393,-0.044500301125
4,no_workspace_output,2.457376681404,0.037500000000,0.000000000000,0.000000000000,1.000000000000,0.750000000000,1.000000000000,320;320;320;320,entity:160;160;160;0|value:160;160;160;0|filler:0;0;0;0|query_marker:0;0;0;160|query_entity:0;0;0;160,structural_mediation_bounded,1.182309877877,0.513734927558,0.512484784128,0.101261558276,0.000000000000,0.000000000000,0.000000000000,0.000000000000
4,no_spine_workspace,2.457376681404,0.037500000000,0.000000000000,0.000000000000,1.000000000000,0.750000000000,1.000000000000,320;320;320;320,entity:160;160;160;0|value:160;160;160;0|filler:0;0;0;0|query_marker:0;0;0;160|query_entity:0;0;0;160,structural_mediation_bounded,1.182309877877,0.513734927558,0.512484784128,0.101261558276,0.000000000000,0.000000000000,0.000000000000,0.000000000000
4,no_mechanism_output,1.616049703439,0.187500000000,-0.841326977964,0.150000000000,1.000000000000,0.750000000000,1.000000000000,320;320;320;320,entity:160;160;160;0|value:160;160;160;0|filler:0;0;0;0|query_marker:0;0;0;160|query_entity:0;0;0;160,structural_mediation_bounded,0.802600922860,0.019267891662,0.206767891662,0.198814680019,-0.379708955017,-0.494467035896,-0.305716892467,0.097553121743
4,workspace_disconnected,3.060288875563,0.000000000000,0.602912194159,-0.037500000000,1.000000000000,0.750000000000,1.000000000000,320;320;320;320,entity:160;160;160;0|value:160;160;160;0|filler:0;0;0;0|query_marker:0;0;0;160|query_entity:0;0;0;160,structural_mediation_bounded,1.152714236054,0.312620356645,0.312620356645,0.047034691477,-0.029595641823,-0.201114570913,-0.199864427484,-0.054226866799
4,no_workspace_writes,3.081314996187,0.000000000000,0.623938314784,-0.037500000000,1.000000000000,0.750000000000,1.000000000000,320;320;320;320,entity:160;160;160;0|value:160;160;160;0|filler:0;0;0;0|query_marker:0;0;0;160|query_entity:0;0;0;160,structural_mediation_bounded,1.160710557157,0.322439900446,0.322439900446,0.046129090600,-0.021599320720,-0.191295027112,-0.190044883682,-0.055132467676
4,zero_reader_inbox,3.060288875563,0.000000000000,0.602912194159,-0.037500000000,1.000000000000,0.750000000000,1.000000000000,320;320;320;320,entity:160;160;160;0|value:160;160;160;0|filler:0;0;0;0|query_marker:0;0;0;160|query_entity:0;0;0;160,structural_mediation_bounded,1.152714236054,0.312620356645,0.312620356645,0.047034691477,-0.029595641823,-0.201114570913,-0.199864427484,-0.054226866799
4,permuted_recipients,3.060288875563,0.000000000000,0.602912194159,-0.037500000000,1.000000000000,0.750000000000,1.000000000000,320;320;320;320,entity:160;160;160;0|value:160;160;160;0|filler:0;0;0;0|query_marker:0;0;0;160|query_entity:0;0;0;160,structural_mediation_bounded,1.152714236054,0.312620356645,0.312620356645,0.047034691477,-0.029595641823,-0.201114570913,-0.199864427484,-0.054226866799
5,intact,2.824133460515,0.000000000000,0.000000000000,0.000000000000,1.000000000000,0.750000000000,1.000000000000,320;320;320;320,entity:160;160;160;0|value:160;160;160;0|filler:0;0;0;0|query_marker:0;0;0;160|query_entity:0;0;0;160,structural_mediation_bounded,1.196520460901,0.400160438724,0.400160438724,0.062038590331,0.000000000000,0.000000000000,0.000000000000,0.000000000000
5,no_broadcast,3.135739973655,0.000000000000,0.311606513140,0.000000000000,1.000000000000,0.750000000000,1.000000000000,320;320;320;320,entity:160;160;160;0|value:160;160;160;0|filler:0;0;0;0|query_marker:0;0;0;160|query_entity:0;0;0;160,structural_mediation_bounded,1.168736811659,0.316888419318,0.316888419318,0.044064400239,-0.027783649242,-0.083272019406,-0.083272019406,-0.017974190092
5,no_workspace_persistence,3.067294137054,0.000000000000,0.243160676539,0.000000000000,1.000000000000,0.750000000000,1.000000000000,320;320;320;320,entity:160;160;160;0|value:160;160;160;0|filler:0;0;0;0|query_marker:0;0;0;160|query_entity:0;0;0;160,structural_mediation_bounded,1.178883677594,0.338513575807,0.338513575807,0.047007467943,-0.017636783307,-0.061646862917,-0.061646862917,-0.015031122388
5,no_workspace_output,2.824133460515,0.000000000000,0.000000000000,0.000000000000,1.000000000000,0.750000000000,1.000000000000,320;320;320;320,entity:160;160;160;0|value:160;160;160;0|filler:0;0;0;0|query_marker:0;0;0;160|query_entity:0;0;0;160,structural_mediation_bounded,1.196520460901,0.400160438724,0.400160438724,0.062038590331,0.000000000000,0.000000000000,0.000000000000,0.000000000000
5,no_spine_workspace,2.824133460515,0.000000000000,0.000000000000,0.000000000000,1.000000000000,0.750000000000,1.000000000000,320;320;320;320,entity:160;160;160;0|value:160;160;160;0|filler:0;0;0;0|query_marker:0;0;0;160|query_entity:0;0;0;160,structural_mediation_bounded,1.196520460901,0.400160438724,0.400160438724,0.062038590331,0.000000000000,0.000000000000,0.000000000000,0.000000000000
5,no_mechanism_output,1.605349284890,0.187500000000,-1.218784175625,0.187500000000,1.000000000000,0.750000000000,1.000000000000,320;320;320;320,entity:160;160;160;0|value:160;160;160;0|filler:0;0;0;0|query_marker:0;0;0;160|query_entity:0;0;0;160,structural_mediation_bounded,0.798566111302,0.032630390142,0.220130390142,0.201290663633,-0.397954349599,-0.367530048582,-0.180030048582,0.139252073301
5,workspace_disconnected,3.135739973655,0.000000000000,0.311606513140,0.000000000000,1.000000000000,0.750000000000,1.000000000000,320;320;320;320,entity:160;160;160;0|value:160;160;160;0|filler:0;0;0;0|query_marker:0;0;0;160|query_entity:0;0;0;160,structural_mediation_bounded,1.168736811659,0.316888419318,0.316888419318,0.044064400239,-0.027783649242,-0.083272019406,-0.083272019406,-0.017974190092
5,no_workspace_writes,3.056777864076,0.000000000000,0.232644403561,0.000000000000,1.000000000000,0.750000000000,1.000000000000,320;320;320;320,entity:160;160;160;0|value:160;160;160;0|filler:0;0;0;0|query_marker:0;0;0;160|query_entity:0;0;0;160,structural_mediation_bounded,1.181441034883,0.345655119425,0.345655119425,0.047660353528,-0.015079426019,-0.054505319298,-0.054505319298,-0.014378236804
5,zero_reader_inbox,3.135739973655,0.000000000000,0.311606513140,0.000000000000,1.000000000000,0.750000000000,1.000000000000,320;320;320;320,entity:160;160;160;0|value:160;160;160;0|filler:0;0;0;0|query_marker:0;0;0;160|query_entity:0;0;0;160,structural_mediation_bounded,1.168736811659,0.316888419318,0.316888419318,0.044064400239,-0.027783649242,-0.083272019406,-0.083272019406,-0.017974190092
5,permuted_recipients,3.135739973655,0.000000000000,0.311606513140,0.000000000000,1.000000000000,0.750000000000,1.000000000000,320;320;320;320,entity:160;160;160;0|value:160;160;160;0|filler:0;0;0;0|query_marker:0;0;0;160|query_entity:0;0;0;160,structural_mediation_bounded,1.168736811659,0.316888419318,0.316888419318,0.044064400239,-0.027783649242,-0.083272019406,-0.083272019406,-0.017974190092
6,intact,2.347054924169,0.050000000000,0.000000000000,0.000000000000,1.000000000000,0.750000000000,1.000000000000,320;320;320;320,entity:160;160;160;0|value:160;160;160;0|filler:0;0;0;0|query_marker:0;0;0;160|query_entity:0;0;0;160,structural_mediation_bounded,1.116030014055,0.424652365449,0.474652365449,0.118845695410,0.000000000000,0.000000000000,0.000000000000,0.000000000000
6,no_broadcast,2.965767439417,0.000000000000,0.618712515248,-0.050000000000,1.000000000000,0.750000000000,1.000000000000,320;320;320;320,entity:160;160;160;0|value:160;160;160;0|filler:0;0;0;0|query_marker:0;0;0;160|query_entity:0;0;0;160,structural_mediation_bounded,1.162160715793,0.371811447291,0.371811447291,0.052181597944,0.046130701738,-0.052840918157,-0.102840918157,-0.066664097466
6,no_workspace_persistence,2.877430184834,0.000000000000,0.530375260666,-0.050000000000,1.000000000000,0.750000000000,1.000000000000,320;320;320;320,entity:160;160;160;0|value:160;160;160;0|filler:0;0;0;0|query_marker:0;0;0;160|query_entity:0;0;0;160,structural_mediation_bounded,1.188699810230,0.405437880020,0.405437880020,0.057155719698,0.072669796174,-0.019214485429,-0.069214485429,-0.061689975711
6,no_workspace_output,2.347054924169,0.050000000000,0.000000000000,0.000000000000,1.000000000000,0.750000000000,1.000000000000,320;320;320;320,entity:160;160;160;0|value:160;160;160;0|filler:0;0;0;0|query_marker:0;0;0;160|query_entity:0;0;0;160,structural_mediation_bounded,1.116030014055,0.424652365449,0.474652365449,0.118845695410,0.000000000000,0.000000000000,0.000000000000,0.000000000000
6,no_spine_workspace,2.347054924169,0.050000000000,0.000000000000,0.000000000000,1.000000000000,0.750000000000,1.000000000000,320;320;320;320,entity:160;160;160;0|value:160;160;160;0|filler:0;0;0;0|query_marker:0;0;0;160|query_entity:0;0;0;160,structural_mediation_bounded,1.116030014055,0.424652365449,0.474652365449,0.118845695410,0.000000000000,0.000000000000,0.000000000000,0.000000000000
6,no_mechanism_output,1.618773397097,0.181250000000,-0.728281527072,0.131250000000,1.000000000000,0.750000000000,1.000000000000,320;320;320;320,entity:160;160;160;0|value:160;160;160;0|filler:0;0;0;0|query_marker:0;0;0;160|query_entity:0;0;0;160,structural_mediation_bounded,0.803818366381,0.044130916560,0.225380916560,0.198674370516,-0.312211647675,-0.380521448889,-0.249271448889,0.079828675107
6,workspace_disconnected,2.965767439417,0.000000000000,0.618712515248,-0.050000000000,1.000000000000,0.750000000000,1.000000000000,320;320;320;320,entity:160;160;160;0|value:160;160;160;0|filler:0;0;0;0|query_marker:0;0;0;160|query_entity:0;0;0;160,structural_mediation_bounded,1.162160715793,0.371811447291,0.371811447291,0.052181597944,0.046130701738,-0.052840918157,-0.102840918157,-0.066664097466
6,no_workspace_writes,2.837607661726,0.000000000000,0.490552737557,-0.050000000000,1.000000000000,0.750000000000,1.000000000000,320;320;320;320,entity:160;160;160;0|value:160;160;160;0|filler:0;0;0;0|query_marker:0;0;0;160|query_entity:0;0;0;160,structural_mediation_bounded,1.184451208936,0.430180906016,0.430180906016,0.059311048001,0.068421194881,0.005528540567,-0.044471459433,-0.059534647408
6,zero_reader_inbox,2.965767439417,0.000000000000,0.618712515248,-0.050000000000,1.000000000000,0.750000000000,1.000000000000,320;320;320;320,entity:160;160;160;0|value:160;160;160;0|filler:0;0;0;0|query_marker:0;0;0;160|query_entity:0;0;0;160,structural_mediation_bounded,1.162160715793,0.371811447291,0.371811447291,0.052181597944,0.046130701738,-0.052840918157,-0.102840918157,-0.066664097466
6,permuted_recipients,2.965767439417,0.000000000000,0.618712515248,-0.050000000000,1.000000000000,0.750000000000,1.000000000000,320;320;320;320,entity:160;160;160;0|value:160;160;160;0|filler:0;0;0;0|query_marker:0;0;0;160|query_entity:0;0;0;160,structural_mediation_bounded,1.162160715793,0.371811447291,0.371811447291,0.052181597944,0.046130701738,-0.052840918157,-0.102840918157,-0.066664097466
7,intact,3.010300902886,0.000000000000,0.000000000000,0.000000000000,1.000000000000,0.750000000000,1.000000000000,320;320;320;320,entity:160;160;160;0|value:160;160;160;0|filler:0;0;0;0|query_marker:0;0;0;160|query_entity:0;0;0;160,structural_mediation_bounded,1.186765743313,0.344106707356,0.344106707356,0.050652536103,0.000000000000,0.000000000000,0.000000000000,0.000000000000
7,no_broadcast,3.094248372837,0.000000000000,0.083947469951,0.000000000000,1.000000000000,0.750000000000,1.000000000000,320;320;320;320,entity:160;160;160;0|value:160;160;160;0|filler:0;0;0;0|query_marker:0;0;0;160|query_entity:0;0;0;160,structural_mediation_bounded,1.179789079130,0.321734737002,0.321734737002,0.046121268196,-0.006976664183,-0.022371970354,-0.022371970354,-0.004531267907
7,no_workspace_persistence,3.119393767616,0.000000000000,0.109092864730,0.000000000000,1.000000000000,0.750000000000,1.000000000000,320;320;320;320,entity:160;160;160;0|value:160;160;160;0|filler:0;0;0;0|query_marker:0;0;0;160|query_entity:0;0;0;160,structural_mediation_bounded,1.182151275217,0.317906400968,0.317906400968,0.045110132158,-0.004614468096,-0.026200306388,-0.026200306388,-0.005542403945
7,no_workspace_output,3.010300902886,0.000000000000,0.000000000000,0.000000000000,1.000000000000,0.750000000000,1.000000000000,320;320;320;320,entity:160;160;160;0|value:160;160;160;0|filler:0;0;0;0|query_marker:0;0;0;160|query_entity:0;0;0;160,structural_mediation_bounded,1.186765743313,0.344106707356,0.344106707356,0.050652536103,0.000000000000,0.000000000000,0.000000000000,0.000000000000
7,no_spine_workspace,3.010300902886,0.000000000000,0.000000000000,0.000000000000,1.000000000000,0.750000000000,1.000000000000,320;320;320;320,entity:160;160;160;0|value:160;160;160;0|filler:0;0;0;0|query_marker:0;0;0;160|query_entity:0;0;0;160,structural_mediation_bounded,1.186765743313,0.344106707356,0.344106707356,0.050652536103,0.000000000000,0.000000000000,0.000000000000,0.000000000000
7,no_mechanism_output,1.649464463374,0.137500000000,-1.360836439512,0.137500000000,1.000000000000,0.750000000000,1.000000000000,320;320;320;320,entity:160;160;160;0|value:160;160;160;0|filler:0;0;0;0|query_marker:0;0;0;160|query_entity:0;0;0;160,structural_mediation_bounded,0.815760987127,0.090470971628,0.227970971628,0.193423423454,-0.371004756186,-0.253635735728,-0.116135735728,0.142770887351
7,workspace_disconnected,3.094248372837,0.000000000000,0.083947469951,0.000000000000,1.000000000000,0.750000000000,1.000000000000,320;320;320;320,entity:160;160;160;0|value:160;160;160;0|filler:0;0;0;0|query_marker:0;0;0;160|query_entity:0;0;0;160,structural_mediation_bounded,1.179789079130,0.321734737002,0.321734737002,0.046121268196,-0.006976664183,-0.022371970354,-0.022371970354,-0.004531267907
7,no_workspace_writes,3.154045341386,0.000000000000,0.143744438500,0.000000000000,1.000000000000,0.750000000000,1.000000000000,320;320;320;320,entity:160;160;160;0|value:160;160;160;0|filler:0;0;0;0|query_marker:0;0;0;160|query_entity:0;0;0;160,structural_mediation_bounded,1.186335095264,0.312548753413,0.312548753413,0.043213764735,-0.000430648049,-0.031557953943,-0.031557953943,-0.007438771369
7,zero_reader_inbox,3.094248372837,0.000000000000,0.083947469951,0.000000000000,1.000000000000,0.750000000000,1.000000000000,320;320;320;320,entity:160;160;160;0|value:160;160;160;0|filler:0;0;0;0|query_marker:0;0;0;160|query_entity:0;0;0;160,structural_mediation_bounded,1.179789079130,0.321734737002,0.321734737002,0.046121268196,-0.006976664183,-0.022371970354,-0.022371970354,-0.004531267907
7,permuted_recipients,3.094248372837,0.000000000000,0.083947469951,0.000000000000,1.000000000000,0.750000000000,1.000000000000,320;320;320;320,entity:160;160;160;0|value:160;160;160;0|filler:0;0;0;0|query_marker:0;0;0;160|query_entity:0;0;0;160,structural_mediation_bounded,1.179789079130,0.321734737002,0.321734737002,0.046121268196,-0.006976664183,-0.022371970354,-0.022371970354,-0.004531267907
8,intact,2.908101200153,0.000000000000,0.000000000000,0.000000000000,1.000000000000,0.750000000000,1.000000000000,320;320;320;320,entity:160;160;160;0|value:160;160;160;0|filler:0;0;0;0|query_marker:0;0;0;160|query_entity:0;0;0;160,structural_mediation_bounded,1.186989928975,0.373941519818,0.373941519818,0.056526960383,0.000000000000,0.000000000000,0.000000000000,0.000000000000
8,no_broadcast,3.158852913601,0.000000000000,0.250751713448,0.000000000000,1.000000000000,0.750000000000,1.000000000000,320;320;320;320,entity:160;160;160;0|value:160;160;160;0|filler:0;0;0;0|query_marker:0;0;0;160|query_entity:0;0;0;160,structural_mediation_bounded,1.164263537996,0.293356543314,0.293356543314,0.043232942773,-0.022726390978,-0.080584976504,-0.080584976504,-0.013294017611
8,no_workspace_persistence,3.071892026146,0.000000000000,0.163790825993,0.000000000000,1.000000000000,0.750000000000,1.000000000000,320;320;320;320,entity:160;160;160;0|value:160;160;160;0|filler:0;0;0;0|query_marker:0;0;0;160|query_entity:0;0;0;160,structural_mediation_bounded,1.177458654325,0.330491108902,0.330491108902,0.047233372609,-0.009531274650,-0.043450410916,-0.043450410916,-0.009293587774
8,no_workspace_output,2.908101200153,0.000000000000,0.000000000000,0.000000000000,1.000000000000,0.750000000000,1.000000000000,320;320;320;320,entity:160;160;160;0|value:160;160;160;0|filler:0;0;0;0|query_marker:0;0;0;160|query_entity:0;0;0;160,structural_mediation_bounded,1.186989928975,0.373941519818,0.373941519818,0.056526960383,0.000000000000,0.000000000000,0.000000000000,0.000000000000
8,no_spine_workspace,2.908101200153,0.000000000000,0.000000000000,0.000000000000,1.000000000000,0.750000000000,1.000000000000,320;320;320;320,entity:160;160;160;0|value:160;160;160;0|filler:0;0;0;0|query_marker:0;0;0;160|query_entity:0;0;0;160,structural_mediation_bounded,1.186989928975,0.373941519818,0.373941519818,0.056526960383,0.000000000000,0.000000000000,0.000000000000,0.000000000000
8,no_mechanism_output,1.627466992274,0.181250000000,-1.280634207879,0.181250000000,1.000000000000,0.750000000000,1.000000000000,320;320;320;320,entity:160;160;160;0|value:160;160;160;0|filler:0;0;0;0|query_marker:0;0;0;160|query_entity:0;0;0;160,structural_mediation_bounded,0.807133694376,0.054585920391,0.235835920391,0.197400999684,-0.379856234599,-0.319355599427,-0.138105599427,0.140874039300
8,workspace_disconnected,3.158852913601,0.000000000000,0.250751713448,0.000000000000,1.000000000000,0.750000000000,1.000000000000,320;320;320;320,entity:160;160;160;0|value:160;160;160;0|filler:0;0;0;0|query_marker:0;0;0;160|query_entity:0;0;0;160,structural_mediation_bounded,1.164263537996,0.293356543314,0.293356543314,0.043232942773,-0.022726390978,-0.080584976504,-0.080584976504,-0.013294017611
8,no_workspace_writes,3.172282696790,0.000000000000,0.264181496637,0.000000000000,1.000000000000,0.750000000000,1.000000000000,320;320;320;320,entity:160;160;160;0|value:160;160;160;0|filler:0;0;0;0|query_marker:0;0;0;160|query_entity:0;0;0;160,structural_mediation_bounded,1.187400779918,0.302027256415,0.302027256415,0.042109573953,0.000410850943,-0.071914263403,-0.071914263403,-0.014417386431
8,zero_reader_inbox,3.158852913601,0.000000000000,0.250751713448,0.000000000000,1.000000000000,0.750000000000,1.000000000000,320;320;320;320,entity:160;160;160;0|value:160;160;160;0|filler:0;0;0;0|query_marker:0;0;0;160|query_entity:0;0;0;160,structural_mediation_bounded,1.164263537996,0.293356543314,0.293356543314,0.043232942773,-0.022726390978,-0.080584976504,-0.080584976504,-0.013294017611
8,permuted_recipients,3.158852913601,0.000000000000,0.250751713448,0.000000000000,1.000000000000,0.750000000000,1.000000000000,320;320;320;320,entity:160;160;160;0|value:160;160;160;0|filler:0;0;0;0|query_marker:0;0;0;160|query_entity:0;0;0;160,structural_mediation_bounded,1.164263537996,0.293356543314,0.293356543314,0.043232942773,-0.022726390978,-0.080584976504,-0.080584976504,-0.013294017611
9,intact,2.759733973565,0.000000000000,0.000000000000,0.000000000000,1.000000000000,0.750000000000,1.000000000000,320;320;320;320,entity:160;160;160;0|value:160;160;160;0|filler:0;0;0;0|query_marker:0;0;0;160|query_entity:0;0;0;160,structural_mediation_bounded,1.159592032230,0.381598092139,0.381598092139,0.070313445043,0.000000000000,0.000000000000,0.000000000000,0.000000000000
9,no_broadcast,3.212872099249,0.000000000000,0.453138125684,0.000000000000,1.000000000000,0.750000000000,1.000000000000,320;320;320;320,entity:160;160;160;0|value:160;160;160;0|filler:0;0;0;0|query_marker:0;0;0;160|query_entity:0;0;0;160,structural_mediation_bounded,1.169112618971,0.290403803815,0.290403803815,0.040617219702,0.009520586741,-0.091194288324,-0.091194288324,-0.029696225342
9,no_workspace_persistence,3.106332218075,0.000000000000,0.346598244510,0.000000000000,1.000000000000,0.750000000000,1.000000000000,320;320;320;320,entity:160;160;160;0|value:160;160;160;0|filler:0;0;0;0|query_marker:0;0;0;160|query_entity:0;0;0;160,structural_mediation_bounded,1.170784301159,0.320716273015,0.320716273015,0.045801691196,0.011192268929,-0.060881819124,-0.060881819124,-0.024511753847
9,no_workspace_output,2.759733973565,0.000000000000,0.000000000000,0.000000000000,1.000000000000,0.750000000000,1.000000000000,320;320;320;320,entity:160;160;160;0|value:160;160;160;0|filler:0;0;0;0|query_marker:0;0;0;160|query_entity:0;0;0;160,structural_mediation_bounded,1.159592032230,0.381598092139,0.381598092139,0.070313445043,0.000000000000,0.000000000000,0.000000000000,0.000000000000
9,no_spine_workspace,2.759733973565,0.000000000000,0.000000000000,0.000000000000,1.000000000000,0.750000000000,1.000000000000,320;320;320;320,entity:160;160;160;0|value:160;160;160;0|filler:0;0;0;0|query_marker:0;0;0;160|query_entity:0;0;0;160,structural_mediation_bounded,1.159592032230,0.381598092139,0.381598092139,0.070313445043,0.000000000000,0.000000000000,0.000000000000,0.000000000000
9,no_mechanism_output,1.646656362127,0.168750000000,-1.113077611438,0.168750000000,1.000000000000,0.750000000000,1.000000000000,320;320;320;320,entity:160;160;160;0|value:160;160;160;0|filler:0;0;0;0|query_marker:0;0;0;160|query_entity:0;0;0;160,structural_mediation_bounded,0.814430424212,0.077586281365,0.246336281365,0.194707316419,-0.345161608018,-0.304011810774,-0.135261810774,0.124393871376
9,workspace_disconnected,3.212872099249,0.000000000000,0.453138125684,0.000000000000,1.000000000000,0.750000000000,1.000000000000,320;320;320;320,entity:160;160;160;0|value:160;160;160;0|filler:0;0;0;0|query_marker:0;0;0;160|query_entity:0;0;0;160,structural_mediation_bounded,1.169112618971,0.290403803815,0.290403803815,0.040617219702,0.009520586741,-0.091194288324,-0.091194288324,-0.029696225342
9,no_workspace_writes,3.103499356844,0.000000000000,0.343765383279,0.000000000000,1.000000000000,0.750000000000,1.000000000000,320;320;320;320,entity:160;160;160;0|value:160;160;160;0|filler:0;0;0;0|query_marker:0;0;0;160|query_entity:0;0;0;160,structural_mediation_bounded,1.174388206990,0.318885372312,0.318885372312,0.045427312831,0.014796174760,-0.062712719827,-0.062712719827,-0.024886132212
9,zero_reader_inbox,3.212872099249,0.000000000000,0.453138125684,0.000000000000,1.000000000000,0.750000000000,1.000000000000,320;320;320;320,entity:160;160;160;0|value:160;160;160;0|filler:0;0;0;0|query_marker:0;0;0;160|query_entity:0;0;0;160,structural_mediation_bounded,1.169112618971,0.290403803815,0.290403803815,0.040617219702,0.009520586741,-0.091194288324,-0.091194288324,-0.029696225342
9,permuted_recipients,3.212872099249,0.000000000000,0.453138125684,0.000000000000,1.000000000000,0.750000000000,1.000000000000,320;320;320;320,entity:160;160;160;0|value:160;160;160;0|filler:0;0;0;0|query_marker:0;0;0;160|query_entity:0;0;0;160,structural_mediation_bounded,1.169112618971,0.290403803815,0.290403803815,0.040617219702,0.009520586741,-0.091194288324,-0.091194288324,-0.029696225342
10,intact,2.554268051574,0.025000000000,0.000000000000,0.000000000000,1.000000000000,0.750000000000,1.000000000000,320;320;320;320,entity:160;160;160;0|value:160;160;160;0|filler:0;0;0;0|query_marker:0;0;0;160|query_entity:0;0;0;160,structural_mediation_bounded,1.141517911388,0.399037553239,0.424037553239,0.091060682377,0.000000000000,0.000000000000,0.000000000000,0.000000000000
10,no_broadcast,3.121756806973,0.000000000000,0.567488755399,-0.025000000000,1.000000000000,0.750000000000,1.000000000000,320;320;320;320,entity:160;160;160;0|value:160;160;160;0|filler:0;0;0;0|query_marker:0;0;0;160|query_entity:0;0;0;160,structural_mediation_bounded,1.183401028138,0.328862658655,0.328862658655,0.044898989691,0.041883116750,-0.070174894584,-0.095174894584,-0.046161692685
10,no_workspace_persistence,3.057057763645,0.000000000000,0.502789712071,-0.025000000000,1.000000000000,0.750000000000,1.000000000000,320;320;320;320,entity:160;160;160;0|value:160;160;160;0|filler:0;0;0;0|query_marker:0;0;0;160|query_entity:0;0;0;160,structural_mediation_bounded,1.176042378207,0.342793833280,0.342793833280,0.047881402099,0.034524466818,-0.056243719959,-0.081243719959,-0.043179280277
10,no_workspace_output,2.554268051574,0.025000000000,0.000000000000,0.000000000000,1.000000000000,0.750000000000,1.000000000000,320;320;320;320,entity:160;160;160;0|value:160;160;160;0|filler:0;0;0;0|query_marker:0;0;0;160|query_entity:0;0;0;160,structural_mediation_bounded,1.141517911388,0.399037553239,0.424037553239,0.091060682377,0.000000000000,0.000000000000,0.000000000000,0.000000000000
10,no_spine_workspace,2.554268051574,0.025000000000,0.000000000000,0.000000000000,1.000000000000,0.750000000000,1.000000000000,320;320;320;320,entity:160;160;160;0|value:160;160;160;0|filler:0;0;0;0|query_marker:0;0;0;160|query_entity:0;0;0;160,structural_mediation_bounded,1.141517911388,0.399037553239,0.424037553239,0.091060682377,0.000000000000,0.000000000000,0.000000000000,0.000000000000
10,no_mechanism_output,1.613267902464,0.187500000000,-0.941000149110,0.162500000000,1.000000000000,0.750000000000,1.000000000000,320;320;320;320,entity:160;160;160;0|value:160;160;160;0|filler:0;0;0;0|query_marker:0;0;0;160|query_entity:0;0;0;160,structural_mediation_bounded,0.801733235357,0.036091995302,0.223591995302,0.199838676831,-0.339784676031,-0.362945557937,-0.200445557937,0.108777994455
10,workspace_disconnected,3.121756806973,0.000000000000,0.567488755399,-0.025000000000,1.000000000000,0.750000000000,1.000000000000,320;320;320;320,entity:160;160;160;0|value:160;160;160;0|filler:0;0;0;0|query_marker:0;0;0;160|query_entity:0;0;0;160,structural_mediation_bounded,1.183401028138,0.328862658655,0.328862658655,0.044898989691,0.041883116750,-0.070174894584,-0.095174894584,-0.046161692685
10,no_workspace_writes,3.074743341180,0.000000000000,0.520475289605,-0.025000000000,1.000000000000,0.750000000000,1.000000000000,320;320;320;320,entity:160;160;160;0|value:160;160;160;0|filler:0;0;0;0|query_marker:0;0;0;160|query_entity:0;0;0;160,structural_mediation_bounded,1.178990076788,0.338724228315,0.338724228315,0.046909995387,0.037472165400,-0.060313324924,-0.085313324924,-0.044150686989
10,zero_reader_inbox,3.121756806973,0.000000000000,0.567488755399,-0.025000000000,1.000000000000,0.750000000000,1.000000000000,320;320;320;320,entity:160;160;160;0|value:160;160;160;0|filler:0;0;0;0|query_marker:0;0;0;160|query_entity:0;0;0;160,structural_mediation_bounded,1.183401028138,0.328862658655,0.328862658655,0.044898989691,0.041883116750,-0.070174894584,-0.095174894584,-0.046161692685
10,permuted_recipients,3.121756806973,0.000000000000,0.567488755399,-0.025000000000,1.000000000000,0.750000000000,1.000000000000,320;320;320;320,entity:160;160;160;0|value:160;160;160;0|filler:0;0;0;0|query_marker:0;0;0;160|query_entity:0;0;0;160,structural_mediation_bounded,1.183401028138,0.328862658655,0.328862658655,0.044898989691,0.041883116750,-0.070174894584,-0.095174894584,-0.046161692685
11,intact,2.804620474600,0.000000000000,0.000000000000,0.000000000000,1.000000000000,0.750000000000,1.000000000000,320;320;320;320,entity:160;160;160;0|value:160;160;160;0|filler:0;0;0;0|query_marker:0;0;0;160|query_entity:0;0;0;160,structural_mediation_bounded,1.157862537511,0.370795626866,0.370795626866,0.066547641184,0.000000000000,0.000000000000,0.000000000000,0.000000000000
11,no_broadcast,3.180328517344,0.000000000000,0.375708042744,0.000000000000,1.000000000000,0.750000000000,1.000000000000,320;320;320;320,entity:160;160;160;0|value:160;160;160;0|filler:0;0;0;0|query_marker:0;0;0;160|query_entity:0;0;0;160,structural_mediation_bounded,1.163919733058,0.298261226587,0.298261226587,0.041835289666,0.006057195548,-0.072534400279,-0.072534400279,-0.024712351519
11,no_workspace_persistence,3.124224670438,0.000000000000,0.319604195838,0.000000000000,1.000000000000,0.750000000000,1.000000000000,320;320;320;320,entity:160;160;160;0|value:160;160;160;0|filler:0;0;0;0|query_marker:0;0;0;160|query_entity:0;0;0;160,structural_mediation_bounded,1.174079271863,0.315554941104,0.315554941104,0.044233563710,0.016216734353,-0.055240685762,-0.055240685762,-0.022314077474
11,no_workspace_output,2.804620474600,0.000000000000,0.000000000000,0.000000000000,1.000000000000,0.750000000000,1.000000000000,320;320;320;320,entity:160;160;160;0|value:160;160;160;0|filler:0;0;0;0|query_marker:0;0;0;160|query_entity:0;0;0;160,structural_mediation_bounded,1.157862537511,0.370795626866,0.370795626866,0.066547641184,0.000000000000,0.000000000000,0.000000000000,0.000000000000
11,no_spine_workspace,2.804620474600,0.000000000000,0.000000000000,0.000000000000,1.000000000000,0.750000000000,1.000000000000,320;320;320;320,entity:160;160;160;0|value:160;160;160;0|filler:0;0;0;0|query_marker:0;0;0;160|query_entity:0;0;0;160,structural_mediation_bounded,1.157862537511,0.370795626866,0.370795626866,0.066547641184,0.000000000000,0.000000000000,0.000000000000,0.000000000000
11,no_mechanism_output,1.625368542920,0.168750000000,-1.179251931680,0.168750000000,1.000000000000,0.750000000000,1.000000000000,320;320;320;320,entity:160;160;160;0|value:160;160;160;0|filler:0;0;0;0|query_marker:0;0;0;160|query_entity:0;0;0;160,structural_mediation_bounded,0.806462929975,0.058802215252,0.227552215252,0.197448828589,-0.351399607536,-0.311993411614,-0.143243411614,0.130901187405
11,workspace_disconnected,3.180328517344,0.000000000000,0.375708042744,0.000000000000,1.000000000000,0.750000000000,1.000000000000,320;320;320;320,entity:160;160;160;0|value:160;160;160;0|filler:0;0;0;0|query_marker:0;0;0;160|query_entity:0;0;0;160,structural_mediation_bounded,1.163919733058,0.298261226587,0.298261226587,0.041835289666,0.006057195548,-0.072534400279,-0.072534400279,-0.024712351519
11,no_workspace_writes,3.156391886692,0.000000000000,0.351771412092,0.000000000000,1.000000000000,0.750000000000,1.000000000000,320;320;320;320,entity:160;160;160;0|value:160;160;160;0|filler:0;0;0;0|query_marker:0;0;0;160|query_entity:0;0;0;160,structural_mediation_bounded,1.168057792179,0.297857972924,0.297857972924,0.042951751640,0.010195254668,-0.072937653943,-0.072937653943,-0.023595889545
11,zero_reader_inbox,3.180328517344,0.000000000000,0.375708042744,0.000000000000,1.000000000000,0.750000000000,1.000000000000,320;320;320;320,entity:160;160;160;0|value:160;160;160;0|filler:0;0;0;0|query_marker:0;0;0;160|query_entity:0;0;0;160,structural_mediation_bounded,1.163919733058,0.298261226587,0.298261226587,0.041835289666,0.006057195548,-0.072534400279,-0.072534400279,-0.024712351519
11,permuted_recipients,3.180328517344,0.000000000000,0.375708042744,0.000000000000,1.000000000000,0.750000000000,1.000000000000,320;320;320;320,entity:160;160;160;0|value:160;160;160;0|filler:0;0;0;0|query_marker:0;0;0;160|query_entity:0;0;0;160,structural_mediation_bounded,1.163919733058,0.298261226587,0.298261226587,0.041835289666,0.006057195548,-0.072534400279,-0.072534400279,-0.024712351519
12,intact,2.878340800761,0.000000000000,0.000000000000,0.000000000000,1.000000000000,0.750000000000,1.000000000000,320;320;320;320,entity:160;160;160;0|value:160;160;160;0|filler:0;0;0;0|query_marker:0;0;0;160|query_entity:0;0;0;160,structural_mediation_bounded,1.179666145495,0.358835656853,0.358835656853,0.058525179388,0.000000000000,0.000000000000,0.000000000000,0.000000000000
12,no_broadcast,3.193739507454,0.000000000000,0.315398706693,0.000000000000,1.000000000000,0.750000000000,1.000000000000,320;320;320;320,entity:160;160;160;0|value:160;160;160;0|filler:0;0;0;0|query_marker:0;0;0;160|query_entity:0;0;0;160,structural_mediation_bounded,1.185476732796,0.300889734269,0.300889734269,0.041309855523,0.005810587301,-0.057945922585,-0.057945922585,-0.017215323865
12,no_workspace_persistence,3.122368598954,0.000000000000,0.244027798193,0.000000000000,1.000000000000,0.750000000000,1.000000000000,320;320;320;320,entity:160;160;160;0|value:160;160;160;0|filler:0;0;0;0|query_marker:0;0;0;160|query_entity:0;0;0;160,structural_mediation_bounded,1.184957261381,0.315450609248,0.315450609248,0.045256363944,0.005291115886,-0.043385047605,-0.043385047605,-0.013268815444
12,no_workspace_output,2.878340800761,0.000000000000,0.000000000000,0.000000000000,1.000000000000,0.750000000000,1.000000000000,320;320;320;320,entity:160;160;160;0|value:160;160;160;0|filler:0;0;0;0|query_marker:0;0;0;160|query_entity:0;0;0;160,structural_mediation_bounded,1.179666145495,0.358835656853,0.358835656853,0.058525179388,0.000000000000,0.000000000000,0.000000000000,0.000000000000
12,no_spine_workspace,2.878340800761,0.000000000000,0.000000000000,0.000000000000,1.000000000000,0.750000000000,1.000000000000,320;320;320;320,entity:160;160;160;0|value:160;160;160;0|filler:0;0;0;0|query_marker:0;0;0;160|query_entity:0;0;0;160,structural_mediation_bounded,1.179666145495,0.358835656853,0.358835656853,0.058525179388,0.000000000000,0.000000000000,0.000000000000,0.000000000000
12,no_mechanism_output,1.632986877291,0.168750000000,-1.245353923470,0.168750000000,1.000000000000,0.750000000000,1.000000000000,320;320;320;320,entity:160;160;160;0|value:160;160;160;0|filler:0;0;0;0|query_marker:0;0;0;160|query_entity:0;0;0;160,structural_mediation_bounded,0.809524156525,0.074015682306,0.242765682306,0.196604046039,-0.370141988970,-0.284819974548,-0.116069974548,0.138078866650
12,workspace_disconnected,3.193739507454,0.000000000000,0.315398706693,0.000000000000,1.000000000000,0.750000000000,1.000000000000,320;320;320;320,entity:160;160;160;0|value:160;160;160;0|filler:0;0;0;0|query_marker:0;0;0;160|query_entity:0;0;0;160,structural_mediation_bounded,1.185476732796,0.300889734269,0.300889734269,0.041309855523,0.005810587301,-0.057945922585,-0.057945922585,-0.017215323865
12,no_workspace_writes,3.187174629367,0.000000000000,0.308833828605,0.000000000000,1.000000000000,0.750000000000,1.000000000000,320;320;320;320,entity:160;160;160;0|value:160;160;160;0|filler:0;0;0;0|query_marker:0;0;0;160|query_entity:0;0;0;160,structural_mediation_bounded,1.190003764958,0.302107213724,0.302107213724,0.041536742228,0.010337619463,-0.056728443129,-0.056728443129,-0.016988437160
12,zero_reader_inbox,3.193739507454,0.000000000000,0.315398706693,0.000000000000,1.000000000000,0.750000000000,1.000000000000,320;320;320;320,entity:160;160;160;0|value:160;160;160;0|filler:0;0;0;0|query_marker:0;0;0;160|query_entity:0;0;0;160,structural_mediation_bounded,1.185476732796,0.300889734269,0.300889734269,0.041309855523,0.005810587301,-0.057945922585,-0.057945922585,-0.017215323865
12,permuted_recipients,3.193739507454,0.000000000000,0.315398706693,0.000000000000,1.000000000000,0.750000000000,1.000000000000,320;320;320;320,entity:160;160;160;0|value:160;160;160;0|filler:0;0;0;0|query_marker:0;0;0;160|query_entity:0;0;0;160,structural_mediation_bounded,1.185476732796,0.300889734269,0.300889734269,0.041309855523,0.005810587301,-0.057945922585,-0.057945922585,-0.017215323865
13,intact,2.698590050214,0.000000000000,0.000000000000,0.000000000000,1.000000000000,0.750000000000,1.000000000000,320;320;320;320,entity:160;160;160;0|value:160;160;160;0|filler:0;0;0;0|query_marker:0;0;0;160|query_entity:0;0;0;160,structural_mediation_bounded,1.182690501198,0.414120048062,0.414120048062,0.071504289565,0.000000000000,0.000000000000,0.000000000000,0.000000000000
13,no_broadcast,2.826457015173,0.000000000000,0.127866964958,0.000000000000,1.000000000000,0.750000000000,1.000000000000,320;320;320;320,entity:160;160;160;0|value:160;160;160;0|filler:0;0;0;0|query_marker:0;0;0;160|query_entity:0;0;0;160,structural_mediation_bounded,1.161541611987,0.387433705480,0.387433705480,0.061695586351,-0.021148889211,-0.026686342582,-0.026686342582,-0.009808703213
13,no_workspace_persistence,2.901256247461,0.000000000000,0.202666197247,0.000000000000,1.000000000000,0.750000000000,1.000000000000,320;320;320;320,entity:160;160;160;0|value:160;160;160;0|filler:0;0;0;0|query_marker:0;0;0;160|query_entity:0;0;0;160,structural_mediation_bounded,1.161153840376,0.350989218360,0.350989218360,0.056487515389,-0.021536660822,-0.063130829702,-0.063130829702,-0.015016774176
13,no_workspace_output,2.698590050214,0.000000000000,0.000000000000,0.000000000000,1.000000000000,0.750000000000,1.000000000000,320;320;320;320,entity:160;160;160;0|value:160;160;160;0|filler:0;0;0;0|query_marker:0;0;0;160|query_entity:0;0;0;160,structural_mediation_bounded,1.182690501198,0.414120048062,0.414120048062,0.071504289565,0.000000000000,0.000000000000,0.000000000000,0.000000000000
13,no_spine_workspace,2.698590050214,0.000000000000,0.000000000000,0.000000000000,1.000000000000,0.750000000000,1.000000000000,320;320;320;320,entity:160;160;160;0|value:160;160;160;0|filler:0;0;0;0|query_marker:0;0;0;160|query_entity:0;0;0;160,structural_mediation_bounded,1.182690501198,0.414120048062,0.414120048062,0.071504289565,0.000000000000,0.000000000000,0.000000000000,0.000000000000
13,no_mechanism_output,1.604602154269,0.150000000000,-1.093987895945,0.150000000000,1.000000000000,0.750000000000,1.000000000000,320;320;320;320,entity:160;160;160;0|value:160;160;160;0|filler:0;0;0;0|query_marker:0;0;0;160|query_entity:0;0;0;160,structural_mediation_bounded,0.798127059738,0.057014113295,0.207014113295,0.201053297049,-0.384563441459,-0.357105934767,-0.207105934767,0.129549007485
13,workspace_disconnected,2.826457015173,0.000000000000,0.127866964958,0.000000000000,1.000000000000,0.750000000000,1.000000000000,320;320;320;320,entity:160;160;160;0|value:160;160;160;0|filler:0;0;0;0|query_marker:0;0;0;160|query_entity:0;0;0;160,structural_mediation_bounded,1.161541611987,0.387433705480,0.387433705480,0.061695586351,-0.021148889211,-0.026686342582,-0.026686342582,-0.009808703213
13,no_workspace_writes,2.917738484578,0.000000000000,0.219148434364,0.000000000000,1.000000000000,0.750000000000,1.000000000000,320;320;320;320,entity:160;160;160;0|value:160;160;160;0|filler:0;0;0;0|query_marker:0;0;0;160|query_entity:0;0;0;160,structural_mediation_bounded,1.154547986268,0.355441902424,0.355441902424,0.055714622813,-0.028142514930,-0.058678145638,-0.058678145638,-0.015789666752
13,zero_reader_inbox,2.826457015173,0.000000000000,0.127866964958,0.000000000000,1.000000000000,0.750000000000,1.000000000000,320;320;320;320,entity:160;160;160;0|value:160;160;160;0|filler:0;0;0;0|query_marker:0;0;0;160|query_entity:0;0;0;160,structural_mediation_bounded,1.161541611987,0.387433705480,0.387433705480,0.061695586351,-0.021148889211,-0.026686342582,-0.026686342582,-0.009808703213
13,permuted_recipients,2.826457015173,0.000000000000,0.127866964958,0.000000000000,1.000000000000,0.750000000000,1.000000000000,320;320;320;320,entity:160;160;160;0|value:160;160;160;0|filler:0;0;0;0|query_marker:0;0;0;160|query_entity:0;0;0;160,structural_mediation_bounded,1.161541611987,0.387433705480,0.387433705480,0.061695586351,-0.021148889211,-0.026686342582,-0.026686342582,-0.009808703213
14,intact,2.689427964566,0.000000000000,0.000000000000,0.000000000000,1.000000000000,0.750000000000,1.000000000000,320;320;320;320,entity:160;160;160;0|value:160;160;160;0|filler:0;0;0;0|query_marker:0;0;0;160|query_entity:0;0;0;160,structural_mediation_bounded,1.183365427598,0.422221882802,0.422221882802,0.072202987447,0.000000000000,0.000000000000,0.000000000000,0.000000000000
14,no_broadcast,3.082894013416,0.000000000000,0.393466048849,0.000000000000,1.000000000000,0.750000000000,1.000000000000,320;320;320;320,entity:160;160;160;0|value:160;160;160;0|filler:0;0;0;0|query_marker:0;0;0;160|query_entity:0;0;0;160,structural_mediation_bounded,1.159985362955,0.303870797590,0.303870797590,0.046637941085,-0.023380064644,-0.118351085211,-0.118351085211,-0.025565046362
14,no_workspace_persistence,2.906480794865,0.000000000000,0.217052830298,0.000000000000,1.000000000000,0.750000000000,1.000000000000,320;320;320;320,entity:160;160;160;0|value:160;160;160;0|filler:0;0;0;0|query_marker:0;0;0;160|query_entity:0;0;0;160,structural_mediation_bounded,1.186071594011,0.392620459311,0.392620459311,0.055619989861,0.002706166413,-0.029601423491,-0.029601423491,-0.016582997586
14,no_workspace_output,2.689427964566,0.000000000000,0.000000000000,0.000000000000,1.000000000000,0.750000000000,1.000000000000,320;320;320;320,entity:160;160;160;0|value:160;160;160;0|filler:0;0;0;0|query_marker:0;0;0;160|query_entity:0;0;0;160,structural_mediation_bounded,1.183365427598,0.422221882802,0.422221882802,0.072202987447,0.000000000000,0.000000000000,0.000000000000,0.000000000000
14,no_spine_workspace,2.689427964566,0.000000000000,0.000000000000,0.000000000000,1.000000000000,0.750000000000,1.000000000000,320;320;320;320,entity:160;160;160;0|value:160;160;160;0|filler:0;0;0;0|query_marker:0;0;0;160|query_entity:0;0;0;160,structural_mediation_bounded,1.183365427598,0.422221882802,0.422221882802,0.072202987447,0.000000000000,0.000000000000,0.000000000000,0.000000000000
14,no_mechanism_output,1.652993221808,0.100000000000,-1.036434742758,0.100000000000,1.000000000000,0.750000000000,1.000000000000,320;320;320;320,entity:160;160;160;0|value:160;160;160;0|filler:0;0;0;0|query_marker:0;0;0;160|query_entity:0;0;0;160,structural_mediation_bounded,0.818521282449,0.151233325864,0.251233325864,0.192689803062,-0.364844145149,-0.270988556937,-0.170988556937,0.120486815615
14,workspace_disconnected,3.082894013416,0.000000000000,0.393466048849,0.000000000000,1.000000000000,0.750000000000,1.000000000000,320;320;320;320,entity:160;160;160;0|value:160;160;160;0|filler:0;0;0;0|query_marker:0;0;0;160|query_entity:0;0;0;160,structural_mediation_bounded,1.159985362955,0.303870797590,0.303870797590,0.046637941085,-0.023380064644,-0.118351085211,-0.118351085211,-0.025565046362
14,no_workspace_writes,2.986274029592,0.000000000000,0.296846065025,0.000000000000,1.000000000000,0.750000000000,1.000000000000,320;320;320;320,entity:160;160;160;0|value:160;160;160;0|filler:0;0;0;0|query_marker:0;0;0;160|query_entity:0;0;0;160,structural_mediation_bounded,1.172741251263,0.351649097350,0.351649097350,0.051239836075,-0.010624176335,-0.070572785451,-0.070572785451,-0.020963151371
14,zero_reader_inbox,3.082894013416,0.000000000000,0.393466048849,0.000000000000,1.000000000000,0.750000000000,1.000000000000,320;320;320;320,entity:160;160;160;0|value:160;160;160;0|filler:0;0;0;0|query_marker:0;0;0;160|query_entity:0;0;0;160,structural_mediation_bounded,1.159985362955,0.303870797590,0.303870797590,0.046637941085,-0.023380064644,-0.118351085211,-0.118351085211,-0.025565046362
14,permuted_recipients,3.082894013416,0.000000000000,0.393466048849,0.000000000000,1.000000000000,0.750000000000,1.000000000000,320;320;320;320,entity:160;160;160;0|value:160;160;160;0|filler:0;0;0;0|query_marker:0;0;0;160|query_entity:0;0;0;160,structural_mediation_bounded,1.159985362955,0.303870797590,0.303870797590,0.046637941085,-0.023380064644,-0.118351085211,-0.118351085211,-0.025565046362
15,intact,3.226607923816,0.000000000000,0.000000000000,0.000000000000,1.000000000000,0.750000000000,1.000000000000,320;320;320;320,entity:160;160;160;0|value:160;160;160;0|filler:0;0;0;0|query_marker:0;0;0;160|query_entity:0;0;0;160,structural_mediation_bounded,1.166159057372,0.284303617524,0.284303617524,0.040490777471,0.000000000000,0.000000000000,0.000000000000,0.000000000000
15,no_broadcast,3.345836120039,0.000000000000,0.119228196223,0.000000000000,1.000000000000,0.750000000000,1.000000000000,320;320;320;320,entity:160;160;160;0|value:160;160;160;0|filler:0;0;0;0|query_marker:0;0;0;160|query_entity:0;0;0;160,structural_mediation_bounded,1.163971917022,0.251966978611,0.251966978611,0.035234539908,-0.002187140350,-0.032336638913,-0.032336638913,-0.005256237563
15,no_workspace_persistence,3.320697365498,0.000000000000,0.094089441681,0.000000000000,1.000000000000,0.750000000000,1.000000000000,320;320;320;320,entity:160;160;160;0|value:160;160;160;0|filler:0;0;0;0|query_marker:0;0;0;160|query_entity:0;0;0;160,structural_mediation_bounded,1.162630525144,0.257753867086,0.257753867086,0.036335322267,-0.003528532228,-0.026549750438,-0.026549750438,-0.004155455204
15,no_workspace_output,3.226607923816,0.000000000000,0.000000000000,0.000000000000,1.000000000000,0.750000000000,1.000000000000,320;320;320;320,entity:160;160;160;0|value:160;160;160;0|filler:0;0;0;0|query_marker:0;0;0;160|query_entity:0;0;0;160,structural_mediation_bounded,1.166159057372,0.284303617524,0.284303617524,0.040490777471,0.000000000000,0.000000000000,0.000000000000,0.000000000000
15,no_spine_workspace,3.226607923816,0.000000000000,0.000000000000,0.000000000000,1.000000000000,0.750000000000,1.000000000000,320;320;320;320,entity:160;160;160;0|value:160;160;160;0|filler:0;0;0;0|query_marker:0;0;0;160|query_entity:0;0;0;160,structural_mediation_bounded,1.166159057372,0.284303617524,0.284303617524,0.040490777471,0.000000000000,0.000000000000,0.000000000000,0.000000000000
15,no_mechanism_output,1.621615778064,0.143750000000,-1.604992145753,0.143750000000,1.000000000000,0.750000000000,1.000000000000,320;320;320;320,entity:160;160;160;0|value:160;160;160;0|filler:0;0;0;0|query_marker:0;0;0;160|query_entity:0;0;0;160,structural_mediation_bounded,0.804701572319,0.067712127185,0.211462127185,0.197920312759,-0.361457485053,-0.216591490339,-0.072841490339,0.157429535288
15,workspace_disconnected,3.345836120039,0.000000000000,0.119228196223,0.000000000000,1.000000000000,0.750000000000,1.000000000000,320;320;320;320,entity:160;160;160;0|value:160;160;160;0|filler:0;0;0;0|query_marker:0;0;0;160|query_entity:0;0;0;160,structural_mediation_bounded,1.163971917022,0.251966978611,0.251966978611,0.035234539908,-0.002187140350,-0.032336638913,-0.032336638913,-0.005256237563
15,no_workspace_writes,3.353727834396,0.000000000000,0.127119910580,0.000000000000,1.000000000000,0.750000000000,1.000000000000,320;320;320;320,entity:160;160;160;0|value:160;160;160;0|filler:0;0;0;0|query_marker:0;0;0;160|query_entity:0;0;0;160,structural_mediation_bounded,1.164795044220,0.250533759994,0.250533759994,0.034958568410,-0.001364013152,-0.033769857530,-0.033769857530,-0.005532209061
15,zero_reader_inbox,3.345836120039,0.000000000000,0.119228196223,0.000000000000,1.000000000000,0.750000000000,1.000000000000,320;320;320;320,entity:160;160;160;0|value:160;160;160;0|filler:0;0;0;0|query_marker:0;0;0;160|query_entity:0;0;0;160,structural_mediation_bounded,1.163971917022,0.251966978611,0.251966978611,0.035234539908,-0.002187140350,-0.032336638913,-0.032336638913,-0.005256237563
15,permuted_recipients,3.345836120039,0.000000000000,0.119228196223,0.000000000000,1.000000000000,0.750000000000,1.000000000000,320;320;320;320,entity:160;160;160;0|value:160;160;160;0|filler:0;0;0;0|query_marker:0;0;0;160|query_entity:0;0;0;160,structural_mediation_bounded,1.163971917022,0.251966978611,0.251966978611,0.035234539908,-0.002187140350,-0.032336638913,-0.032336638913,-0.005256237563
16,intact,2.472290571768,0.050000000000,0.000000000000,0.000000000000,1.000000000000,0.750000000000,1.000000000000,320;320;320;320,entity:160;160;160;0|value:160;160;160;0|filler:0;0;0;0|query_marker:0;0;0;160|query_entity:0;0;0;160,structural_mediation_bounded,1.194236615338,0.481700567189,0.523170358690,0.097132711887,0.000000000000,0.000000000000,0.000000000000,0.000000000000
16,no_broadcast,2.685296075719,0.000000000000,0.213005503951,-0.050000000000,1.000000000000,0.750000000000,1.000000000000,320;320;320;320,entity:160;160;160;0|value:160;160;160;0|filler:0;0;0;0|query_marker:0;0;0;160|query_entity:0;0;0;160,structural_mediation_bounded,1.129643992958,0.386278383941,0.386278383941,0.070700225036,-0.064592622380,-0.095422183248,-0.136891974750,-0.026432486851
16,no_workspace_persistence,2.754465657273,0.000000000000,0.282175085505,-0.050000000000,1.000000000000,0.750000000000,1.000000000000,320;320;320;320,entity:160;160;160;0|value:160;160;160;0|filler:0;0;0;0|query_marker:0;0;0;160|query_entity:0;0;0;160,structural_mediation_bounded,1.162773884135,0.417183591912,0.417183591912,0.065382608141,-0.031462731203,-0.064516975277,-0.105986766778,-0.031750103746
16,no_workspace_output,2.472290571768,0.050000000000,0.000000000000,0.000000000000,1.000000000000,0.750000000000,1.000000000000,320;320;320;320,entity:160;160;160;0|value:160;160;160;0|filler:0;0;0;0|query_marker:0;0;0;160|query_entity:0;0;0;160,structural_mediation_bounded,1.194236615338,0.481700567189,0.523170358690,0.097132711887,0.000000000000,0.000000000000,0.000000000000,0.000000000000
16,no_spine_workspace,2.472290571768,0.050000000000,0.000000000000,0.000000000000,1.000000000000,0.750000000000,1.000000000000,320;320;320;320,entity:160;160;160;0|value:160;160;160;0|filler:0;0;0;0|query_marker:0;0;0;160|query_entity:0;0;0;160,structural_mediation_bounded,1.194236615338,0.481700567189,0.523170358690,0.097132711887,0.000000000000,0.000000000000,0.000000000000,0.000000000000
16,no_mechanism_output,1.638818116482,0.206250000000,-0.833472455286,0.156250000000,1.000000000000,0.750000000000,1.000000000000,320;320;320;320,entity:160;160;160;0|value:160;160;160;0|filler:0;0;0;0|query_marker:0;0;0;160|query_entity:0;0;0;160,structural_mediation_bounded,0.810751186838,0.014627788883,0.220877788883,0.195516903321,-0.383485428500,-0.467072778306,-0.302292569807,0.098384191434
16,workspace_disconnected,2.685296075719,0.000000000000,0.213005503951,-0.050000000000,1.000000000000,0.750000000000,1.000000000000,320;320;320;320,entity:160;160;160;0|value:160;160;160;0|filler:0;0;0;0|query_marker:0;0;0;160|query_entity:0;0;0;160,structural_mediation_bounded,1.129643992958,0.386278383941,0.386278383941,0.070700225036,-0.064592622380,-0.095422183248,-0.136891974750,-0.026432486851
16,no_workspace_writes,2.829234133503,0.000000000000,0.356943561735,-0.050000000000,1.000000000000,0.750000000000,1.000000000000,320;320;320;320,entity:160;160;160;0|value:160;160;160;0|filler:0;0;0;0|query_marker:0;0;0;160|query_entity:0;0;0;160,structural_mediation_bounded,1.157402039140,0.374140927735,0.374140927735,0.060203847981,-0.036834576198,-0.107559639454,-0.149029430956,-0.036928863906
16,zero_reader_inbox,2.685296075719,0.000000000000,0.213005503951,-0.050000000000,1.000000000000,0.750000000000,1.000000000000,320;320;320;320,entity:160;160;160;0|value:160;160;160;0|filler:0;0;0;0|query_marker:0;0;0;160|query_entity:0;0;0;160,structural_mediation_bounded,1.129643992958,0.386278383941,0.386278383941,0.070700225036,-0.064592622380,-0.095422183248,-0.136891974750,-0.026432486851
16,permuted_recipients,2.685296075719,0.000000000000,0.213005503951,-0.050000000000,1.000000000000,0.750000000000,1.000000000000,320;320;320;320,entity:160;160;160;0|value:160;160;160;0|filler:0;0;0;0|query_marker:0;0;0;160|query_entity:0;0;0;160,structural_mediation_bounded,1.129643992958,0.386278383941,0.386278383941,0.070700225036,-0.064592622380,-0.095422183248,-0.136891974750,-0.026432486851
17,intact,2.366102151679,0.018750000000,0.000000000000,0.000000000000,1.000000000000,0.750000000000,1.000000000000,320;320;320;320,entity:160;160;160;0|value:160;160;160;0|filler:0;0;0;0|query_marker:0;0;0;160|query_entity:0;0;0;160,structural_mediation_bounded,1.131249838267,0.481108862079,0.484222169422,0.110462298484,0.000000000000,0.000000000000,0.000000000000,0.000000000000
17,no_broadcast,3.052253464354,0.000000000000,0.686151312675,-0.018750000000,1.000000000000,0.750000000000,1.000000000000,320;320;320;320,entity:160;160;160;0|value:160;160;160;0|filler:0;0;0;0|query_marker:0;0;0;160|query_entity:0;0;0;160,structural_mediation_bounded,1.159215400428,0.324919017665,0.324919017665,0.047793854941,0.027965562161,-0.156189844414,-0.159303151757,-0.062668443544
17,no_workspace_persistence,2.887507190492,0.000000000000,0.521405038813,-0.018750000000,1.000000000000,0.750000000000,1.000000000000,320;320;320;320,entity:160;160;160;0|value:160;160;160;0|filler:0;0;0;0|query_marker:0;0;0;160|query_entity:0;0;0;160,structural_mediation_bounded,1.162351121046,0.363449620833,0.363449620833,0.057124988480,0.031101282778,-0.117659241246,-0.120772548589,-0.053337310004
17,no_workspace_output,2.366102151679,0.018750000000,0.000000000000,0.000000000000,1.000000000000,0.750000000000,1.000000000000,320;320;320;320,entity:160;160;160;0|value:160;160;160;0|filler:0;0;0;0|query_marker:0;0;0;160|query_entity:0;0;0;160,structural_mediation_bounded,1.131249838267,0.481108862079,0.484222169422,0.110462298484,0.000000000000,0.000000000000,0.000000000000,0.000000000000
17,no_spine_workspace,2.366102151679,0.018750000000,0.000000000000,0.000000000000,1.000000000000,0.750000000000,1.000000000000,320;320;320;320,entity:160;160;160;0|value:160;160;160;0|filler:0;0;0;0|query_marker:0;0;0;160|query_entity:0;0;0;160,structural_mediation_bounded,1.131249838267,0.481108862079,0.484222169422,0.110462298484,0.000000000000,0.000000000000,0.000000000000,0.000000000000
17,no_mechanism_output,1.663099940773,0.100000000000,-0.703002210905,0.081250000000,1.000000000000,0.750000000000,1.000000000000,320;320;320;320,entity:160;160;160;0|value:160;160;160;0|filler:0;0;0;0|query_marker:0;0;0;160|query_entity:0;0;0;160,structural_mediation_bounded,0.822943994489,0.158425036863,0.258425036863,0.190943253211,-0.308305843778,-0.322683825216,-0.225797132559,0.080480954727
17,workspace_disconnected,3.052253464354,0.000000000000,0.686151312675,-0.018750000000,1.000000000000,0.750000000000,1.000000000000,320;320;320;320,entity:160;160;160;0|value:160;160;160;0|filler:0;0;0;0|query_marker:0;0;0;160|query_entity:0;0;0;160,structural_mediation_bounded,1.159215400428,0.324919017665,0.324919017665,0.047793854941,0.027965562161,-0.156189844414,-0.159303151757,-0.062668443544
17,no_workspace_writes,3.061899169997,0.000000000000,0.695797018319,-0.018750000000,1.000000000000,0.750000000000,1.000000000000,320;320;320;320,entity:160;160;160;0|value:160;160;160;0|filler:0;0;0;0|query_marker:0;0;0;160|query_entity:0;0;0;160,structural_mediation_bounded,1.150234943387,0.295113449429,0.295113449429,0.047773762242,0.018985105120,-0.185995412650,-0.189108719993,-0.062688536242
17,zero_reader_inbox,3.052253464354,0.000000000000,0.686151312675,-0.018750000000,1.000000000000,0.750000000000,1.000000000000,320;320;320;320,entity:160;160;160;0|value:160;160;160;0|filler:0;0;0;0|query_marker:0;0;0;160|query_entity:0;0;0;160,structural_mediation_bounded,1.159215400428,0.324919017665,0.324919017665,0.047793854941,0.027965562161,-0.156189844414,-0.159303151757,-0.062668443544
17,permuted_recipients,3.052253464354,0.000000000000,0.686151312675,-0.018750000000,1.000000000000,0.750000000000,1.000000000000,320;320;320;320,entity:160;160;160;0|value:160;160;160;0|filler:0;0;0;0|query_marker:0;0;0;160|query_entity:0;0;0;160,structural_mediation_bounded,1.159215400428,0.324919017665,0.324919017665,0.047793854941,0.027965562161,-0.156189844414,-0.159303151757,-0.062668443544
18,intact,2.577479732810,0.000000000000,0.000000000000,0.000000000000,1.000000000000,0.750000000000,1.000000000000,320;320;320;320,entity:160;160;160;0|value:160;160;160;0|filler:0;0;0;0|query_marker:0;0;0;160|query_entity:0;0;0;160,structural_mediation_bounded,1.133592020140,0.402943199874,0.402943199874,0.089395305863,0.000000000000,0.000000000000,0.000000000000,0.000000000000
18,no_broadcast,3.033431083485,0.000000000000,0.455951350676,0.000000000000,1.000000000000,0.750000000000,1.000000000000,320;320;320;320,entity:160;160;160;0|value:160;160;160;0|filler:0;0;0;0|query_marker:0;0;0;160|query_entity:0;0;0;160,structural_mediation_bounded,1.181755944180,0.356246797430,0.356246797430,0.048892891222,0.048163924040,-0.046696402444,-0.046696402444,-0.040502414640
18,no_workspace_persistence,2.881737137302,0.000000000000,0.304257404492,0.000000000000,1.000000000000,0.750000000000,1.000000000000,320;320;320;320,entity:160;160;160;0|value:160;160;160;0|filler:0;0;0;0|query_marker:0;0;0;160|query_entity:0;0;0;160,structural_mediation_bounded,1.192465570378,0.410929316334,0.410929316334,0.057558106003,0.058873550237,0.007986116460,0.007986116460,-0.031837199860
18,no_workspace_output,2.577479732810,0.000000000000,0.000000000000,0.000000000000,1.000000000000,0.750000000000,1.000000000000,320;320;320;320,entity:160;160;160;0|value:160;160;160;0|filler:0;0;0;0|query_marker:0;0;0;160|query_entity:0;0;0;160,structural_mediation_bounded,1.133592020140,0.402943199874,0.402943199874,0.089395305863,0.000000000000,0.000000000000,0.000000000000,0.000000000000
18,no_spine_workspace,2.577479732810,0.000000000000,0.000000000000,0.000000000000,1.000000000000,0.750000000000,1.000000000000,320;320;320;320,entity:160;160;160;0|value:160;160;160;0|filler:0;0;0;0|query_marker:0;0;0;160|query_entity:0;0;0;160,structural_mediation_bounded,1.133592020140,0.402943199874,0.402943199874,0.089395305863,0.000000000000,0.000000000000,0.000000000000,0.000000000000
18,no_mechanism_output,1.632430425917,0.187500000000,-0.945049306893,0.187500000000,1.000000000000,0.750000000000,1.000000000000,320;320;320;320,entity:160;160;160;0|value:160;160;160;0|filler:0;0;0;0|query_marker:0;0;0;160|query_entity:0;0;0;160,structural_mediation_bounded,0.808897803991,0.032444937315,0.219944937315,0.196241767756,-0.324694216150,-0.370498262560,-0.182998262560,0.106846461893
18,workspace_disconnected,3.033431083485,0.000000000000,0.455951350676,0.000000000000,1.000000000000,0.750000000000,1.000000000000,320;320;320;320,entity:160;160;160;0|value:160;160;160;0|filler:0;0;0;0|query_marker:0;0;0;160|query_entity:0;0;0;160,structural_mediation_bounded,1.181755944180,0.356246797430,0.356246797430,0.048892891222,0.048163924040,-0.046696402444,-0.046696402444,-0.040502414640
18,no_workspace_writes,2.780275964872,0.000000000000,0.202796232062,0.000000000000,1.000000000000,0.750000000000,1.000000000000,320;320;320;320,entity:160;160;160;0|value:160;160;160;0|filler:0;0;0;0|query_marker:0;0;0;160|query_entity:0;0;0;160,structural_mediation_bounded,1.202942330435,0.465120211312,0.465120211312,0.063671263153,0.069350310295,0.062177011438,0.062177011438,-0.025724042709
18,zero_reader_inbox,3.033431083485,0.000000000000,0.455951350676,0.000000000000,1.000000000000,0.750000000000,1.000000000000,320;320;320;320,entity:160;160;160;0|value:160;160;160;0|filler:0;0;0;0|query_marker:0;0;0;160|query_entity:0;0;0;160,structural_mediation_bounded,1.181755944180,0.356246797430,0.356246797430,0.048892891222,0.048163924040,-0.046696402444,-0.046696402444,-0.040502414640
18,permuted_recipients,3.033431083485,0.000000000000,0.455951350676,0.000000000000,1.000000000000,0.750000000000,1.000000000000,320;320;320;320,entity:160;160;160;0|value:160;160;160;0|filler:0;0;0;0|query_marker:0;0;0;160|query_entity:0;0;0;160,structural_mediation_bounded,1.181755944180,0.356246797430,0.356246797430,0.048892891222,0.048163924040,-0.046696402444,-0.046696402444,-0.040502414640
19,intact,2.485857965599,0.037500000000,0.000000000000,0.000000000000,1.000000000000,0.750000000000,1.000000000000,320;320;320;320,entity:160;160;160;0|value:160;160;160;0|filler:0;0;0;0|query_marker:0;0;0;160|query_entity:0;0;0;160,structural_mediation_bounded,1.122695107814,0.373693000196,0.411193000196,0.098139811793,0.000000000000,0.000000000000,0.000000000000,0.000000000000
19,no_broadcast,2.882463969480,0.000000000000,0.396606003881,-0.037500000000,1.000000000000,0.750000000000,1.000000000000,320;320;320;320,entity:160;160;160;0|value:160;160;160;0|filler:0;0;0;0|query_marker:0;0;0;160|query_entity:0;0;0;160,structural_mediation_bounded,1.172004676438,0.385988253922,0.385988253922,0.056920753668,0.049309568624,0.012295253726,-0.025204746274,-0.041219058124
19,no_workspace_persistence,2.920656228298,0.000000000000,0.434798262699,-0.037500000000,1.000000000000,0.750000000000,1.000000000000,320;320;320;320,entity:160;160;160;0|value:160;160;160;0|filler:0;0;0;0|query_marker:0;0;0;160|query_entity:0;0;0;160,structural_mediation_bounded,1.190329658595,0.384750259587,0.384750259587,0.054532467850,0.067634550781,0.011057259391,-0.026442740609,-0.043607343942
19,no_workspace_output,2.485857965599,0.037500000000,0.000000000000,0.000000000000,1.000000000000,0.750000000000,1.000000000000,320;320;320;320,entity:160;160;160;0|value:160;160;160;0|filler:0;0;0;0|query_marker:0;0;0;160|query_entity:0;0;0;160,structural_mediation_bounded,1.122695107814,0.373693000196,0.411193000196,0.098139811793,0.000000000000,0.000000000000,0.000000000000,0.000000000000
19,no_spine_workspace,2.485857965599,0.037500000000,0.000000000000,0.000000000000,1.000000000000,0.750000000000,1.000000000000,320;320;320;320,entity:160;160;160;0|value:160;160;160;0|filler:0;0;0;0|query_marker:0;0;0;160|query_entity:0;0;0;160,structural_mediation_bounded,1.122695107814,0.373693000196,0.411193000196,0.098139811793,0.000000000000,0.000000000000,0.000000000000,0.000000000000
19,no_mechanism_output,1.632851800640,0.137500000000,-0.853006164959,0.100000000000,1.000000000000,0.750000000000,1.000000000000,320;320;320;320,entity:160;160;160;0|value:160;160;160;0|filler:0;0;0;0|query_marker:0;0;0;160|query_entity:0;0;0;160,structural_mediation_bounded,0.810200183538,0.109119314484,0.246619314484,0.196400764131,-0.312494924276,-0.264573685712,-0.164573685712,0.098260952338
19,workspace_disconnected,2.882463969480,0.000000000000,0.396606003881,-0.037500000000,1.000000000000,0.750000000000,1.000000000000,320;320;320;320,entity:160;160;160;0|value:160;160;160;0|filler:0;0;0;0|query_marker:0;0;0;160|query_entity:0;0;0;160,structural_mediation_bounded,1.172004676438,0.385988253922,0.385988253922,0.056920753668,0.049309568624,0.012295253726,-0.025204746274,-0.041219058124
19,no_workspace_writes,2.980780588925,0.000000000000,0.494922623326,-0.037500000000,1.000000000000,0.750000000000,1.000000000000,320;320;320;320,entity:160;160;160;0|value:160;160;160;0|filler:0;0;0;0|query_marker:0;0;0;160|query_entity:0;0;0;160,structural_mediation_bounded,1.192686042617,0.358358225858,0.358358225858,0.051182671113,0.069990934803,-0.015334774338,-0.052834774338,-0.046957140680
19,zero_reader_inbox,2.882463969480,0.000000000000,0.396606003881,-0.037500000000,1.000000000000,0.750000000000,1.000000000000,320;320;320;320,entity:160;160;160;0|value:160;160;160;0|filler:0;0;0;0|query_marker:0;0;0;160|query_entity:0;0;0;160,structural_mediation_bounded,1.172004676438,0.385988253922,0.385988253922,0.056920753668,0.049309568624,0.012295253726,-0.025204746274,-0.041219058124
19,permuted_recipients,2.882463969480,0.000000000000,0.396606003881,-0.037500000000,1.000000000000,0.750000000000,1.000000000000,320;320;320;320,entity:160;160;160;0|value:160;160;160;0|filler:0;0;0;0|query_marker:0;0;0;160|query_entity:0;0;0;160,structural_mediation_bounded,1.172004676438,0.385988253922,0.385988253922,0.056920753668,0.049309568624,0.012295253726,-0.025204746274,-0.041219058124
20,intact,2.656544645643,0.000000000000,0.000000000000,0.000000000000,1.000000000000,0.750000000000,1.000000000000,320;320;320;320,entity:160;160;160;0|value:160;160;160;0|filler:0;0;0;0|query_marker:0;0;0;160|query_entity:0;0;0;160,structural_mediation_bounded,1.151127522741,0.407979892089,0.407979892089,0.079946756392,0.000000000000,0.000000000000,0.000000000000,0.000000000000
20,no_broadcast,3.048552955689,0.000000000000,0.392008310046,0.000000000000,1.000000000000,0.750000000000,1.000000000000,320;320;320;320,entity:160;160;160;0|value:160;160;160;0|filler:0;0;0;0|query_marker:0;0;0;160|query_entity:0;0;0;160,structural_mediation_bounded,1.171658686435,0.328276989610,0.328276989610,0.048761051064,0.020531163694,-0.079702902478,-0.079702902478,-0.031185705327
20,no_workspace_persistence,3.085319313525,0.000000000000,0.428774667882,0.000000000000,1.000000000000,0.750000000000,1.000000000000,320;320;320;320,entity:160;160;160;0|value:160;160;160;0|filler:0;0;0;0|query_marker:0;0;0;160|query_entity:0;0;0;160,structural_mediation_bounded,1.171386235473,0.320431330925,0.320431330925,0.046726749628,0.020258712731,-0.087548561164,-0.087548561164,-0.033220006763
20,no_workspace_output,2.656544645643,0.000000000000,0.000000000000,0.000000000000,1.000000000000,0.750000000000,1.000000000000,320;320;320;320,entity:160;160;160;0|value:160;160;160;0|filler:0;0;0;0|query_marker:0;0;0;160|query_entity:0;0;0;160,structural_mediation_bounded,1.151127522741,0.407979892089,0.407979892089,0.079946756392,0.000000000000,0.000000000000,0.000000000000,0.000000000000
20,no_spine_workspace,2.656544645643,0.000000000000,0.000000000000,0.000000000000,1.000000000000,0.750000000000,1.000000000000,320;320;320;320,entity:160;160;160;0|value:160;160;160;0|filler:0;0;0;0|query_marker:0;0;0;160|query_entity:0;0;0;160,structural_mediation_bounded,1.151127522741,0.407979892089,0.407979892089,0.079946756392,0.000000000000,0.000000000000,0.000000000000,0.000000000000
20,no_mechanism_output,1.666868529572,0.181250000000,-0.989676116071,0.181250000000,1.000000000000,0.750000000000,1.000000000000,320;320;320;320,entity:160;160;160;0|value:160;160;160;0|filler:0;0;0;0|query_marker:0;0;0;160|query_entity:0;0;0;160,structural_mediation_bounded,0.821181137288,0.061508746508,0.242758746508,0.192050013793,-0.329946385453,-0.346471145581,-0.165221145581,0.112103257402
20,workspace_disconnected,3.048552955689,0.000000000000,0.392008310046,0.000000000000,1.000000000000,0.750000000000,1.000000000000,320;320;320;320,entity:160;160;160;0|value:160;160;160;0|filler:0;0;0;0|query_marker:0;0;0;160|query_entity:0;0;0;160,structural_mediation_bounded,1.171658686435,0.328276989610,0.328276989610,0.048761051064,0.020531163694,-0.079702902478,-0.079702902478,-0.031185705327
20,no_workspace_writes,3.032706190511,0.000000000000,0.376161544869,0.000000000000,1.000000000000,0.750000000000,1.000000000000,320;320;320;320,entity:160;160;160;0|value:160;160;160;0|filler:0;0;0;0|query_marker:0;0;0;160|query_entity:0;0;0;160,structural_mediation_bounded,1.171880992481,0.335054845049,0.335054845049,0.049079528956,0.020753469740,-0.072925047039,-0.072925047039,-0.030867227435
20,zero_reader_inbox,3.048552955689,0.000000000000,0.392008310046,0.000000000000,1.000000000000,0.750000000000,1.000000000000,320;320;320;320,entity:160;160;160;0|value:160;160;160;0|filler:0;0;0;0|query_marker:0;0;0;160|query_entity:0;0;0;160,structural_mediation_bounded,1.171658686435,0.328276989610,0.328276989610,0.048761051064,0.020531163694,-0.079702902478,-0.079702902478,-0.031185705327
20,permuted_recipients,3.048552955689,0.000000000000,0.392008310046,0.000000000000,1.000000000000,0.750000000000,1.000000000000,320;320;320;320,entity:160;160;160;0|value:160;160;160;0|filler:0;0;0;0|query_marker:0;0;0;160|query_entity:0;0;0;160,structural_mediation_bounded,1.171658686435,0.328276989610,0.328276989610,0.048761051064,0.020531163694,-0.079702902478,-0.079702902478,-0.031185705327
21,intact,3.146329355864,0.000000000000,0.000000000000,0.000000000000,1.000000000000,0.750000000000,1.000000000000,320;320;320;320,entity:160;160;160;0|value:160;160;160;0|filler:0;0;0;0|query_marker:0;0;0;160|query_entity:0;0;0;160,structural_mediation_bounded,1.177044680026,0.302513334365,0.302513334365,0.044353584245,0.000000000000,0.000000000000,0.000000000000,0.000000000000
21,no_broadcast,3.180198360906,0.000000000000,0.033869005042,0.000000000000,1.000000000000,0.750000000000,1.000000000000,320;320;320;320,entity:160;160;160;0|value:160;160;160;0|filler:0;0;0;0|query_marker:0;0;0;160|query_entity:0;0;0;160,structural_mediation_bounded,1.171609124139,0.307269988358,0.307269988358,0.042055661133,-0.005435555887,0.004756653993,0.004756653993,-0.002297923113
21,no_workspace_persistence,3.277647882699,0.000000000000,0.131318526835,0.000000000000,1.000000000000,0.750000000000,1.000000000000,320;320;320;320,entity:160;160;160;0|value:160;160;160;0|filler:0;0;0;0|query_marker:0;0;0;160|query_entity:0;0;0;160,structural_mediation_bounded,1.168298461053,0.278841251303,0.278841251303,0.037973887098,-0.008746218972,-0.023672083062,-0.023672083062,-0.006379697147
21,no_workspace_output,3.146329355864,0.000000000000,0.000000000000,0.000000000000,1.000000000000,0.750000000000,1.000000000000,320;320;320;320,entity:160;160;160;0|value:160;160;160;0|filler:0;0;0;0|query_marker:0;0;0;160|query_entity:0;0;0;160,structural_mediation_bounded,1.177044680026,0.302513334365,0.302513334365,0.044353584245,0.000000000000,0.000000000000,0.000000000000,0.000000000000
21,no_spine_workspace,3.146329355864,0.000000000000,0.000000000000,0.000000000000,1.000000000000,0.750000000000,1.000000000000,320;320;320;320,entity:160;160;160;0|value:160;160;160;0|filler:0;0;0;0|query_marker:0;0;0;160|query_entity:0;0;0;160,structural_mediation_bounded,1.177044680026,0.302513334365,0.302513334365,0.044353584245,0.000000000000,0.000000000000,0.000000000000,0.000000000000
21,no_mechanism_output,1.620409339614,0.137500000000,-1.525920016250,0.137500000000,1.000000000000,0.750000000000,1.000000000000,320;320;320;320,entity:160;160;160;0|value:160;160;160;0|filler:0;0;0;0|query_marker:0;0;0;160|query_entity:0;0;0;160,structural_mediation_bounded,0.804412263003,0.078338017634,0.215838017634,0.198215340877,-0.372632417023,-0.224175316731,-0.086675316731,0.153861756632
21,workspace_disconnected,3.180198360906,0.000000000000,0.033869005042,0.000000000000,1.000000000000,0.750000000000,1.000000000000,320;320;320;320,entity:160;160;160;0|value:160;160;160;0|filler:0;0;0;0|query_marker:0;0;0;160|query_entity:0;0;0;160,structural_mediation_bounded,1.171609124139,0.307269988358,0.307269988358,0.042055661133,-0.005435555887,0.004756653993,0.004756653993,-0.002297923113
21,no_workspace_writes,3.275489693009,0.000000000000,0.129160337145,0.000000000000,1.000000000000,0.750000000000,1.000000000000,320;320;320;320,entity:160;160;160;0|value:160;160;160;0|filler:0;0;0;0|query_marker:0;0;0;160|query_entity:0;0;0;160,structural_mediation_bounded,1.167682104402,0.278960857962,0.278960857962,0.038012257257,-0.009362575623,-0.023552476403,-0.023552476403,-0.006341326988
21,zero_reader_inbox,3.180198360906,0.000000000000,0.033869005042,0.000000000000,1.000000000000,0.750000000000,1.000000000000,320;320;320;320,entity:160;160;160;0|value:160;160;160;0|filler:0;0;0;0|query_marker:0;0;0;160|query_entity:0;0;0;160,structural_mediation_bounded,1.171609124139,0.307269988358,0.307269988358,0.042055661133,-0.005435555887,0.004756653993,0.004756653993,-0.002297923113
21,permuted_recipients,3.180198360906,0.000000000000,0.033869005042,0.000000000000,1.000000000000,0.750000000000,1.000000000000,320;320;320;320,entity:160;160;160;0|value:160;160;160;0|filler:0;0;0;0|query_marker:0;0;0;160|query_entity:0;0;0;160,structural_mediation_bounded,1.171609124139,0.307269988358,0.307269988358,0.042055661133,-0.005435555887,0.004756653993,0.004756653993,-0.002297923113
22,intact,2.915799666678,0.000000000000,0.000000000000,0.000000000000,1.000000000000,0.750000000000,1.000000000000,320;320;320;320,entity:160;160;160;0|value:160;160;160;0|filler:0;0;0;0|query_marker:0;0;0;160|query_entity:0;0;0;160,structural_mediation_bounded,1.165771963896,0.348367263749,0.348367263749,0.057667132251,0.000000000000,0.000000000000,0.000000000000,0.000000000000
22,no_broadcast,3.157593573428,0.000000000000,0.241793906750,0.000000000000,1.000000000000,0.750000000000,1.000000000000,320;320;320;320,entity:160;160;160;0|value:160;160;160;0|filler:0;0;0;0|query_marker:0;0;0;160|query_entity:0;0;0;160,structural_mediation_bounded,1.170406937820,0.289800029879,0.289800029879,0.043174434195,0.004634973924,-0.058567233870,-0.058567233870,-0.014492698056
22,no_workspace_persistence,3.005798748535,0.000000000000,0.089999081857,0.000000000000,1.000000000000,0.750000000000,1.000000000000,320;320;320;320,entity:160;160;160;0|value:160;160;160;0|filler:0;0;0;0|query_marker:0;0;0;160|query_entity:0;0;0;160,structural_mediation_bounded,1.176088497728,0.317666396412,0.317666396412,0.052560162378,0.010316533832,-0.030700867337,-0.030700867337,-0.005106969873
22,no_workspace_output,2.915799666678,0.000000000000,0.000000000000,0.000000000000,1.000000000000,0.750000000000,1.000000000000,320;320;320;320,entity:160;160;160;0|value:160;160;160;0|filler:0;0;0;0|query_marker:0;0;0;160|query_entity:0;0;0;160,structural_mediation_bounded,1.165771963896,0.348367263749,0.348367263749,0.057667132251,0.000000000000,0.000000000000,0.000000000000,0.000000000000
22,no_spine_workspace,2.915799666678,0.000000000000,0.000000000000,0.000000000000,1.000000000000,0.750000000000,1.000000000000,320;320;320;320,entity:160;160;160;0|value:160;160;160;0|filler:0;0;0;0|query_marker:0;0;0;160|query_entity:0;0;0;160,structural_mediation_bounded,1.165771963896,0.348367263749,0.348367263749,0.057667132251,0.000000000000,0.000000000000,0.000000000000,0.000000000000
22,no_mechanism_output,1.653309074110,0.193750000000,-1.262490592568,0.193750000000,1.000000000000,0.750000000000,1.000000000000,320;320;320;320,entity:160;160;160;0|value:160;160;160;0|filler:0;0;0;0|query_marker:0;0;0;160|query_entity:0;0;0;160,structural_mediation_bounded,0.815787346788,0.043773642112,0.237523642112,0.194486438624,-0.349984617108,-0.304593621637,-0.110843621637,0.136819306374
22,workspace_disconnected,3.157593573428,0.000000000000,0.241793906750,0.000000000000,1.000000000000,0.750000000000,1.000000000000,320;320;320;320,entity:160;160;160;0|value:160;160;160;0|filler:0;0;0;0|query_marker:0;0;0;160|query_entity:0;0;0;160,structural_mediation_bounded,1.170406937820,0.289800029879,0.289800029879,0.043174434195,0.004634973924,-0.058567233870,-0.058567233870,-0.014492698056
22,no_workspace_writes,2.997376050942,0.000000000000,0.081576384264,0.000000000000,1.000000000000,0.750000000000,1.000000000000,320;320;320;320,entity:160;160;160;0|value:160;160;160;0|filler:0;0;0;0|query_marker:0;0;0;160|query_entity:0;0;0;160,structural_mediation_bounded,1.182658747109,0.326364133849,0.326364133849,0.052467292002,0.016886783213,-0.022003129900,-0.022003129900,-0.005199840249
22,zero_reader_inbox,3.157593573428,0.000000000000,0.241793906750,0.000000000000,1.000000000000,0.750000000000,1.000000000000,320;320;320;320,entity:160;160;160;0|value:160;160;160;0|filler:0;0;0;0|query_marker:0;0;0;160|query_entity:0;0;0;160,structural_mediation_bounded,1.170406937820,0.289800029879,0.289800029879,0.043174434195,0.004634973924,-0.058567233870,-0.058567233870,-0.014492698056
22,permuted_recipients,3.157593573428,0.000000000000,0.241793906750,0.000000000000,1.000000000000,0.750000000000,1.000000000000,320;320;320;320,entity:160;160;160;0|value:160;160;160;0|filler:0;0;0;0|query_marker:0;0;0;160|query_entity:0;0;0;160,structural_mediation_bounded,1.170406937820,0.289800029879,0.289800029879,0.043174434195,0.004634973924,-0.058567233870,-0.058567233870,-0.014492698056
23,intact,2.385568432470,0.031250000000,0.000000000000,0.000000000000,1.000000000000,0.750000000000,1.000000000000,320;320;320;320,entity:160;160;160;0|value:160;160;160;0|filler:0;0;0;0|query_marker:0;0;0;160|query_entity:0;0;0;160,structural_mediation_bounded,1.089544978135,0.387008096735,0.418258096735,0.113046055907,0.000000000000,0.000000000000,0.000000000000,0.000000000000
23,no_broadcast,3.008519380270,0.000000000000,0.622950947800,-0.031250000000,1.000000000000,0.750000000000,1.000000000000,320;320;320;320,entity:160;160;160;0|value:160;160;160;0|filler:0;0;0;0|query_marker:0;0;0;160|query_entity:0;0;0;160,structural_mediation_bounded,1.163170584092,0.344519977966,0.344519977966,0.049895856445,0.073625605957,-0.042488118769,-0.073738118769,-0.063150199462
23,no_workspace_persistence,2.978753210014,0.000000000000,0.593184777544,-0.031250000000,1.000000000000,0.750000000000,1.000000000000,320;320;320;320,entity:160;160;160;0|value:160;160;160;0|filler:0;0;0;0|query_marker:0;0;0;160|query_entity:0;0;0;160,structural_mediation_bounded,1.180763563425,0.363576703691,0.363576703691,0.051584718522,0.091218585290,-0.023431393044,-0.054681393044,-0.061461337385
23,no_workspace_output,2.385568432470,0.031250000000,0.000000000000,0.000000000000,1.000000000000,0.750000000000,1.000000000000,320;320;320;320,entity:160;160;160;0|value:160;160;160;0|filler:0;0;0;0|query_marker:0;0;0;160|query_entity:0;0;0;160,structural_mediation_bounded,1.089544978135,0.387008096735,0.418258096735,0.113046055907,0.000000000000,0.000000000000,0.000000000000,0.000000000000
23,no_spine_workspace,2.385568432470,0.031250000000,0.000000000000,0.000000000000,1.000000000000,0.750000000000,1.000000000000,320;320;320;320,entity:160;160;160;0|value:160;160;160;0|filler:0;0;0;0|query_marker:0;0;0;160|query_entity:0;0;0;160,structural_mediation_bounded,1.089544978135,0.387008096735,0.418258096735,0.113046055907,0.000000000000,0.000000000000,0.000000000000,0.000000000000
23,no_mechanism_output,1.609013440904,0.181250000000,-0.776554991566,0.150000000000,1.000000000000,0.750000000000,1.000000000000,320;320;320;320,entity:160;160;160;0|value:160;160;160;0|filler:0;0;0;0|query_marker:0;0;0;160|query_entity:0;0;0;160,structural_mediation_bounded,0.799886500376,0.029234905555,0.210484905555,0.200311739921,-0.289658477759,-0.357773191180,-0.207773191180,0.087265684014
23,workspace_disconnected,3.008519380270,0.000000000000,0.622950947800,-0.031250000000,1.000000000000,0.750000000000,1.000000000000,320;320;320;320,entity:160;160;160;0|value:160;160;160;0|filler:0;0;0;0|query_marker:0;0;0;160|query_entity:0;0;0;160,structural_mediation_bounded,1.163170584092,0.344519977966,0.344519977966,0.049895856445,0.073625605957,-0.042488118769,-0.073738118769,-0.063150199462
23,no_workspace_writes,2.976390480795,0.000000000000,0.590822048325,-0.031250000000,1.000000000000,0.750000000000,1.000000000000,320;320;320;320,entity:160;160;160;0|value:160;160;160;0|filler:0;0;0;0|query_marker:0;0;0;160|query_entity:0;0;0;160,structural_mediation_bounded,1.171332764644,0.364506916214,0.364506916214,0.052046989374,0.081787786509,-0.022501180522,-0.053751180522,-0.060999066533
23,zero_reader_inbox,3.008519380270,0.000000000000,0.622950947800,-0.031250000000,1.000000000000,0.750000000000,1.000000000000,320;320;320;320,entity:160;160;160;0|value:160;160;160;0|filler:0;0;0;0|query_marker:0;0;0;160|query_entity:0;0;0;160,structural_mediation_bounded,1.163170584092,0.344519977966,0.344519977966,0.049895856445,0.073625605957,-0.042488118769,-0.073738118769,-0.063150199462
23,permuted_recipients,3.008519380270,0.000000000000,0.622950947800,-0.031250000000,1.000000000000,0.750000000000,1.000000000000,320;320;320;320,entity:160;160;160;0|value:160;160;160;0|filler:0;0;0;0|query_marker:0;0;0;160|query_entity:0;0;0;160,structural_mediation_bounded,1.163170584092,0.344519977966,0.344519977966,0.049895856445,0.073625605957,-0.042488118769,-0.073738118769,-0.063150199462
24,intact,2.629634065926,0.000000000000,0.000000000000,0.000000000000,1.000000000000,0.750000000000,1.000000000000,320;320;320;320,entity:160;160;160;0|value:160;160;160;0|filler:0;0;0;0|query_marker:0;0;0;160|query_entity:0;0;0;160,structural_mediation_bounded,1.170277368458,0.441696691939,0.441696691939,0.081126045055,0.000000000000,0.000000000000,0.000000000000,0.000000000000
24,no_broadcast,3.048714977788,0.000000000000,0.419080911862,0.000000000000,1.000000000000,0.750000000000,1.000000000000,320;320;320;320,entity:160;160;160;0|value:160;160;160;0|filler:0;0;0;0|query_marker:0;0;0;160|query_entity:0;0;0;160,structural_mediation_bounded,1.176219601989,0.338572023785,0.338572023785,0.047800737349,0.005942233531,-0.103124668155,-0.103124668155,-0.033325307706
24,no_workspace_persistence,2.975802663511,0.000000000000,0.346168597584,0.000000000000,1.000000000000,0.750000000000,1.000000000000,320;320;320;320,entity:160;160;160;0|value:160;160;160;0|filler:0;0;0;0|query_marker:0;0;0;160|query_entity:0;0;0;160,structural_mediation_bounded,1.174196644063,0.348666590027,0.348666590027,0.053670766367,0.003919275605,-0.093030101913,-0.093030101913,-0.027455278688
24,no_workspace_output,2.629634065926,0.000000000000,0.000000000000,0.000000000000,1.000000000000,0.750000000000,1.000000000000,320;320;320;320,entity:160;160;160;0|value:160;160;160;0|filler:0;0;0;0|query_marker:0;0;0;160|query_entity:0;0;0;160,structural_mediation_bounded,1.170277368458,0.441696691939,0.441696691939,0.081126045055,0.000000000000,0.000000000000,0.000000000000,0.000000000000
24,no_spine_workspace,2.629634065926,0.000000000000,0.000000000000,0.000000000000,1.000000000000,0.750000000000,1.000000000000,320;320;320;320,entity:160;160;160;0|value:160;160;160;0|filler:0;0;0;0|query_marker:0;0;0;160|query_entity:0;0;0;160,structural_mediation_bounded,1.170277368458,0.441696691939,0.441696691939,0.081126045055,0.000000000000,0.000000000000,0.000000000000,0.000000000000
24,no_mechanism_output,1.636051743911,0.200000000000,-0.993582322016,0.200000000000,1.000000000000,0.750000000000,1.000000000000,320;320;320;320,entity:160;160;160;0|value:160;160;160;0|filler:0;0;0;0|query_marker:0;0;0;160|query_entity:0;0;0;160,structural_mediation_bounded,0.809957777642,0.028604946617,0.228604946617,0.196052890536,-0.360319590816,-0.413091745322,-0.213091745322,0.114926845481
24,workspace_disconnected,3.048714977788,0.000000000000,0.419080911862,0.000000000000,1.000000000000,0.750000000000,1.000000000000,320;320;320;320,entity:160;160;160;0|value:160;160;160;0|filler:0;0;0;0|query_marker:0;0;0;160|query_entity:0;0;0;160,structural_mediation_bounded,1.176219601989,0.338572023785,0.338572023785,0.047800737349,0.005942233531,-0.103124668155,-0.103124668155,-0.033325307706
24,no_workspace_writes,3.031203595443,0.000000000000,0.401569529517,0.000000000000,1.000000000000,0.750000000000,1.000000000000,320;320;320;320,entity:160;160;160;0|value:160;160;160;0|filler:0;0;0;0|query_marker:0;0;0;160|query_entity:0;0;0;160,structural_mediation_bounded,1.193253905186,0.351964996924,0.351964996924,0.048551277224,0.022976536728,-0.089731695015,-0.089731695015,-0.032574767831
24,zero_reader_inbox,3.048714977788,0.000000000000,0.419080911862,0.000000000000,1.000000000000,0.750000000000,1.000000000000,320;320;320;320,entity:160;160;160;0|value:160;160;160;0|filler:0;0;0;0|query_marker:0;0;0;160|query_entity:0;0;0;160,structural_mediation_bounded,1.176219601989,0.338572023785,0.338572023785,0.047800737349,0.005942233531,-0.103124668155,-0.103124668155,-0.033325307706
24,permuted_recipients,3.048714977788,0.000000000000,0.419080911862,0.000000000000,1.000000000000,0.750000000000,1.000000000000,320;320;320;320,entity:160;160;160;0|value:160;160;160;0|filler:0;0;0;0|query_marker:0;0;0;160|query_entity:0;0;0;160,structural_mediation_bounded,1.176219601989,0.338572023785,0.338572023785,0.047800737349,0.005942233531,-0.103124668155,-0.103124668155,-0.033325307706
25,intact,2.497137383755,0.000000000000,0.000000000000,0.000000000000,1.000000000000,0.750000000000,1.000000000000,320;320;320;320,entity:160;160;160;0|value:160;160;160;0|filler:0;0;0;0|query_marker:0;0;0;160|query_entity:0;0;0;160,structural_mediation_bounded,1.166787047980,0.474124777328,0.474124777328,0.090335893946,0.000000000000,0.000000000000,0.000000000000,0.000000000000
25,no_broadcast,3.130592115893,0.000000000000,0.633454732138,0.000000000000,1.000000000000,0.750000000000,1.000000000000,320;320;320;320,entity:160;160;160;0|value:160;160;160;0|filler:0;0;0;0|query_marker:0;0;0;160|query_entity:0;0;0;160,structural_mediation_bounded,1.158450160312,0.306718328397,0.306718328397,0.043900557306,-0.008336887668,-0.167406448931,-0.167406448931,-0.046435336640
25,no_workspace_persistence,2.992991808514,0.000000000000,0.495854424759,0.000000000000,1.000000000000,0.750000000000,1.000000000000,320;320;320;320,entity:160;160;160;0|value:160;160;160;0|filler:0;0;0;0|query_marker:0;0;0;160|query_entity:0;0;0;160,structural_mediation_bounded,1.185122184890,0.357281971089,0.357281971089,0.050757383488,0.018335136910,-0.116842806238,-0.116842806238,-0.039578510458
25,no_workspace_output,2.497137383755,0.000000000000,0.000000000000,0.000000000000,1.000000000000,0.750000000000,1.000000000000,320;320;320;320,entity:160;160;160;0|value:160;160;160;0|filler:0;0;0;0|query_marker:0;0;0;160|query_entity:0;0;0;160,structural_mediation_bounded,1.166787047980,0.474124777328,0.474124777328,0.090335893946,0.000000000000,0.000000000000,0.000000000000,0.000000000000
25,no_spine_workspace,2.497137383755,0.000000000000,0.000000000000,0.000000000000,1.000000000000,0.750000000000,1.000000000000,320;320;320;320,entity:160;160;160;0|value:160;160;160;0|filler:0;0;0;0|query_marker:0;0;0;160|query_entity:0;0;0;160,structural_mediation_bounded,1.166787047980,0.474124777328,0.474124777328,0.090335893946,0.000000000000,0.000000000000,0.000000000000,0.000000000000
25,no_mechanism_output,1.606880608736,0.168750000000,-0.890256775019,0.168750000000,1.000000000000,0.750000000000,1.000000000000,320;320;320;320,entity:160;160;160;0|value:160;160;160;0|filler:0;0;0;0|query_marker:0;0;0;160|query_entity:0;0;0;160,structural_mediation_bounded,0.801309927661,0.102741554673,0.271491554673,0.203342416720,-0.365477120319,-0.371383222655,-0.202633222655,0.113006522774
25,workspace_disconnected,3.130592115893,0.000000000000,0.633454732138,0.000000000000,1.000000000000,0.750000000000,1.000000000000,320;320;320;320,entity:160;160;160;0|value:160;160;160;0|filler:0;0;0;0|query_marker:0;0;0;160|query_entity:0;0;0;160,structural_mediation_bounded,1.158450160312,0.306718328397,0.306718328397,0.043900557306,-0.008336887668,-0.167406448931,-0.167406448931,-0.046435336640
25,no_workspace_writes,3.073905735247,0.000000000000,0.576768351492,0.000000000000,1.000000000000,0.750000000000,1.000000000000,320;320;320;320,entity:160;160;160;0|value:160;160;160;0|filler:0;0;0;0|query_marker:0;0;0;160|query_entity:0;0;0;160,structural_mediation_bounded,1.169489860707,0.339592286166,0.339592286166,0.046795395585,0.002702812727,-0.134532491162,-0.134532491162,-0.043540498360
25,zero_reader_inbox,3.130592115893,0.000000000000,0.633454732138,0.000000000000,1.000000000000,0.750000000000,1.000000000000,320;320;320;320,entity:160;160;160;0|value:160;160;160;0|filler:0;0;0;0|query_marker:0;0;0;160|query_entity:0;0;0;160,structural_mediation_bounded,1.158450160312,0.306718328397,0.306718328397,0.043900557306,-0.008336887668,-0.167406448931,-0.167406448931,-0.046435336640
25,permuted_recipients,3.130592115893,0.000000000000,0.633454732138,0.000000000000,1.000000000000,0.750000000000,1.000000000000,320;320;320;320,entity:160;160;160;0|value:160;160;160;0|filler:0;0;0;0|query_marker:0;0;0;160|query_entity:0;0;0;160,structural_mediation_bounded,1.158450160312,0.306718328397,0.306718328397,0.043900557306,-0.008336887668,-0.167406448931,-0.167406448931,-0.046435336640
26,intact,2.639292174049,0.018750000000,0.000000000000,0.000000000000,1.000000000000,0.750000000000,1.000000000000,320;320;320;320,entity:160;160;160;0|value:160;160;160;0|filler:0;0;0;0|query_marker:0;0;0;160|query_entity:0;0;0;160,structural_mediation_bounded,1.156778917949,0.402886278336,0.421636278336,0.089278284065,0.000000000000,0.000000000000,0.000000000000,0.000000000000
26,no_broadcast,3.004021029295,0.000000000000,0.364728855245,-0.018750000000,1.000000000000,0.750000000000,1.000000000000,320;320;320;320,entity:160;160;160;0|value:160;160;160;0|filler:0;0;0;0|query_marker:0;0;0;160|query_entity:0;0;0;160,structural_mediation_bounded,1.159909066490,0.326662562588,0.326662562588,0.050196285308,0.003130148541,-0.076223715748,-0.094973715748,-0.039081998757
26,no_workspace_persistence,2.988155404472,0.000000000000,0.348863230423,-0.018750000000,1.000000000000,0.750000000000,1.000000000000,320;320;320;320,entity:160;160;160;0|value:160;160;160;0|filler:0;0;0;0|query_marker:0;0;0;160|query_entity:0;0;0;160,structural_mediation_bounded,1.178710261581,0.355331766649,0.355331766649,0.051324878982,0.021931343631,-0.047554511687,-0.066304511687,-0.037953405083
26,no_workspace_output,2.639292174049,0.018750000000,0.000000000000,0.000000000000,1.000000000000,0.750000000000,1.000000000000,320;320;320;320,entity:160;160;160;0|value:160;160;160;0|filler:0;0;0;0|query_marker:0;0;0;160|query_entity:0;0;0;160,structural_mediation_bounded,1.156778917949,0.402886278336,0.421636278336,0.089278284065,0.000000000000,0.000000000000,0.000000000000,0.000000000000
26,no_spine_workspace,2.639292174049,0.018750000000,0.000000000000,0.000000000000,1.000000000000,0.750000000000,1.000000000000,320;320;320;320,entity:160;160;160;0|value:160;160;160;0|filler:0;0;0;0|query_marker:0;0;0;160|query_entity:0;0;0;160,structural_mediation_bounded,1.156778917949,0.402886278336,0.421636278336,0.089278284065,0.000000000000,0.000000000000,0.000000000000,0.000000000000
26,no_mechanism_output,1.642586964131,0.181250000000,-0.996705209918,0.162500000000,1.000000000000,0.750000000000,1.000000000000,320;320;320;320,entity:160;160;160;0|value:160;160;160;0|filler:0;0;0;0|query_marker:0;0;0;160|query_entity:0;0;0;160,structural_mediation_bounded,0.814202096432,0.093344430745,0.274594430745,0.196441882148,-0.342576821517,-0.309541847591,-0.147041847591,0.107163598083
26,workspace_disconnected,3.004021029295,0.000000000000,0.364728855245,-0.018750000000,1.000000000000,0.750000000000,1.000000000000,320;320;320;320,entity:160;160;160;0|value:160;160;160;0|filler:0;0;0;0|query_marker:0;0;0;160|query_entity:0;0;0;160,structural_mediation_bounded,1.159909066490,0.326662562588,0.326662562588,0.050196285308,0.003130148541,-0.076223715748,-0.094973715748,-0.039081998757
26,no_workspace_writes,3.016461291148,0.000000000000,0.377169117099,-0.018750000000,1.000000000000,0.750000000000,1.000000000000,320;320;320;320,entity:160;160;160;0|value:160;160;160;0|filler:0;0;0;0|query_marker:0;0;0;160|query_entity:0;0;0;160,structural_mediation_bounded,1.176819473377,0.346582721318,0.346582721318,0.049868442515,0.020040555428,-0.056303557018,-0.075053557018,-0.039409841550
26,zero_reader_inbox,3.004021029295,0.000000000000,0.364728855245,-0.018750000000,1.000000000000,0.750000000000,1.000000000000,320;320;320;320,entity:160;160;160;0|value:160;160;160;0|filler:0;0;0;0|query_marker:0;0;0;160|query_entity:0;0;0;160,structural_mediation_bounded,1.159909066490,0.326662562588,0.326662562588,0.050196285308,0.003130148541,-0.076223715748,-0.094973715748,-0.039081998757
26,permuted_recipients,3.004021029295,0.000000000000,0.364728855245,-0.018750000000,1.000000000000,0.750000000000,1.000000000000,320;320;320;320,entity:160;160;160;0|value:160;160;160;0|filler:0;0;0;0|query_marker:0;0;0;160|query_entity:0;0;0;160,structural_mediation_bounded,1.159909066490,0.326662562588,0.326662562588,0.050196285308,0.003130148541,-0.076223715748,-0.094973715748,-0.039081998757
27,intact,3.235248542030,0.000000000000,0.000000000000,0.000000000000,1.000000000000,0.750000000000,1.000000000000,320;320;320;320,entity:160;160;160;0|value:160;160;160;0|filler:0;0;0;0|query_marker:0;0;0;160|query_entity:0;0;0;160,structural_mediation_bounded,1.160514020621,0.257096532954,0.257096532954,0.039805959751,0.000000000000,0.000000000000,0.000000000000,0.000000000000
27,no_broadcast,3.305757806912,0.000000000000,0.070509264882,0.000000000000,1.000000000000,0.750000000000,1.000000000000,320;320;320;320,entity:160;160;160;0|value:160;160;160;0|filler:0;0;0;0|query_marker:0;0;0;160|query_entity:0;0;0;160,structural_mediation_bounded,1.164594479557,0.254586841302,0.254586841302,0.036786198853,0.004080458936,-0.002509691651,-0.002509691651,-0.003019760897
27,no_workspace_persistence,3.265691704956,0.000000000000,0.030443162925,0.000000000000,1.000000000000,0.750000000000,1.000000000000,320;320;320;320,entity:160;160;160;0|value:160;160;160;0|filler:0;0;0;0|query_marker:0;0;0;160|query_entity:0;0;0;160,structural_mediation_bounded,1.159594837608,0.253874867207,0.253874867207,0.038554223621,-0.000919183013,-0.003221665747,-0.003221665747,-0.001251736130
27,no_workspace_output,3.235248542030,0.000000000000,0.000000000000,0.000000000000,1.000000000000,0.750000000000,1.000000000000,320;320;320;320,entity:160;160;160;0|value:160;160;160;0|filler:0;0;0;0|query_marker:0;0;0;160|query_entity:0;0;0;160,structural_mediation_bounded,1.160514020621,0.257096532954,0.257096532954,0.039805959751,0.000000000000,0.000000000000,0.000000000000,0.000000000000
27,no_spine_workspace,3.235248542030,0.000000000000,0.000000000000,0.000000000000,1.000000000000,0.750000000000,1.000000000000,320;320;320;320,entity:160;160;160;0|value:160;160;160;0|filler:0;0;0;0|query_marker:0;0;0;160|query_entity:0;0;0;160,structural_mediation_bounded,1.160514020621,0.257096532954,0.257096532954,0.039805959751,0.000000000000,0.000000000000,0.000000000000,0.000000000000
27,no_mechanism_output,1.630501255898,0.175000000000,-1.604747286133,0.175000000000,1.000000000000,0.750000000000,1.000000000000,320;320;320;320,entity:160;160;160;0|value:160;160;160;0|filler:0;0;0;0|query_marker:0;0;0;160|query_entity:0;0;0;160,structural_mediation_bounded,0.808250732439,0.047214244615,0.222214244615,0.196852932811,-0.352263288182,-0.209882288338,-0.034882288338,0.157046973061
27,workspace_disconnected,3.305757806912,0.000000000000,0.070509264882,0.000000000000,1.000000000000,0.750000000000,1.000000000000,320;320;320;320,entity:160;160;160;0|value:160;160;160;0|filler:0;0;0;0|query_marker:0;0;0;160|query_entity:0;0;0;160,structural_mediation_bounded,1.164594479557,0.254586841302,0.254586841302,0.036786198853,0.004080458936,-0.002509691651,-0.002509691651,-0.003019760897
27,no_workspace_writes,3.272130946300,0.000000000000,0.036882404270,0.000000000000,1.000000000000,0.750000000000,1.000000000000,320;320;320;320,entity:160;160;160;0|value:160;160;160;0|filler:0;0;0;0|query_marker:0;0;0;160|query_entity:0;0;0;160,structural_mediation_bounded,1.159996727040,0.253149639079,0.253149639079,0.038240419815,-0.000517293581,-0.003946893875,-0.003946893875,-0.001565539936
27,zero_reader_inbox,3.305757806912,0.000000000000,0.070509264882,0.000000000000,1.000000000000,0.750000000000,1.000000000000,320;320;320;320,entity:160;160;160;0|value:160;160;160;0|filler:0;0;0;0|query_marker:0;0;0;160|query_entity:0;0;0;160,structural_mediation_bounded,1.164594479557,0.254586841302,0.254586841302,0.036786198853,0.004080458936,-0.002509691651,-0.002509691651,-0.003019760897
27,permuted_recipients,3.305757806912,0.000000000000,0.070509264882,0.000000000000,1.000000000000,0.750000000000,1.000000000000,320;320;320;320,entity:160;160;160;0|value:160;160;160;0|filler:0;0;0;0|query_marker:0;0;0;160|query_entity:0;0;0;160,structural_mediation_bounded,1.164594479557,0.254586841302,0.254586841302,0.036786198853,0.004080458936,-0.002509691651,-0.002509691651,-0.003019760897
28,intact,2.706115011601,0.000000000000,0.000000000000,0.000000000000,1.000000000000,0.750000000000,1.000000000000,320;320;320;320,entity:160;160;160;0|value:160;160;160;0|filler:0;0;0;0|query_marker:0;0;0;160|query_entity:0;0;0;160,structural_mediation_bounded,1.148545851252,0.389369639812,0.389369639812,0.073723219663,0.000000000000,0.000000000000,0.000000000000,0.000000000000
28,no_broadcast,2.957805105975,0.000000000000,0.251690094374,0.000000000000,1.000000000000,0.750000000000,1.000000000000,320;320;320;320,entity:160;160;160;0|value:160;160;160;0|filler:0;0;0;0|query_marker:0;0;0;160|query_entity:0;0;0;160,structural_mediation_bounded,1.174672744483,0.367098628682,0.367098628682,0.052647317665,0.026126893231,-0.022271011130,-0.022271011130,-0.021075901999
28,no_workspace_persistence,3.041805981718,0.000000000000,0.335690970117,0.000000000000,1.000000000000,0.750000000000,1.000000000000,320;320;320;320,entity:160;160;160;0|value:160;160;160;0|filler:0;0;0;0|query_marker:0;0;0;160|query_entity:0;0;0;160,structural_mediation_bounded,1.174437342773,0.336332833848,0.336332833848,0.048441252472,0.025891491521,-0.053036805965,-0.053036805965,-0.025281967191
28,no_workspace_output,2.706115011601,0.000000000000,0.000000000000,0.000000000000,1.000000000000,0.750000000000,1.000000000000,320;320;320;320,entity:160;160;160;0|value:160;160;160;0|filler:0;0;0;0|query_marker:0;0;0;160|query_entity:0;0;0;160,structural_mediation_bounded,1.148545851252,0.389369639812,0.389369639812,0.073723219663,0.000000000000,0.000000000000,0.000000000000,0.000000000000
28,no_spine_workspace,2.706115011601,0.000000000000,0.000000000000,0.000000000000,1.000000000000,0.750000000000,1.000000000000,320;320;320;320,entity:160;160;160;0|value:160;160;160;0|filler:0;0;0;0|query_marker:0;0;0;160|query_entity:0;0;0;160,structural_mediation_bounded,1.148545851252,0.389369639812,0.389369639812,0.073723219663,0.000000000000,0.000000000000,0.000000000000,0.000000000000
28,no_mechanism_output,1.604280035371,0.168750000000,-1.101834976230,0.168750000000,1.000000000000,0.750000000000,1.000000000000,320;320;320;320,entity:160;160;160;0|value:160;160;160;0|filler:0;0;0;0|query_marker:0;0;0;160|query_entity:0;0;0;160,structural_mediation_bounded,0.798174823905,0.049470707946,0.218220707946,0.201349204362,-0.350371027347,-0.339898931866,-0.171148931866,0.127625984699
28,workspace_disconnected,2.957805105975,0.000000000000,0.251690094374,0.000000000000,1.000000000000,0.750000000000,1.000000000000,320;320;320;320,entity:160;160;160;0|value:160;160;160;0|filler:0;0;0;0|query_marker:0;0;0;160|query_entity:0;0;0;160,structural_mediation_bounded,1.174672744483,0.367098628682,0.367098628682,0.052647317665,0.026126893231,-0.022271011130,-0.022271011130,-0.021075901999
28,no_workspace_writes,2.993456705415,0.000000000000,0.287341693814,0.000000000000,1.000000000000,0.750000000000,1.000000000000,320;320;320;320,entity:160;160;160;0|value:160;160;160;0|filler:0;0;0;0|query_marker:0;0;0;160|query_entity:0;0;0;160,structural_mediation_bounded,1.177127740188,0.350812744224,0.350812744224,0.050940464994,0.028581888936,-0.038556895588,-0.038556895588,-0.022782754669
28,zero_reader_inbox,2.957805105975,0.000000000000,0.251690094374,0.000000000000,1.000000000000,0.750000000000,1.000000000000,320;320;320;320,entity:160;160;160;0|value:160;160;160;0|filler:0;0;0;0|query_marker:0;0;0;160|query_entity:0;0;0;160,structural_mediation_bounded,1.174672744483,0.367098628682,0.367098628682,0.052647317665,0.026126893231,-0.022271011130,-0.022271011130,-0.021075901999
28,permuted_recipients,2.957805105975,0.000000000000,0.251690094374,0.000000000000,1.000000000000,0.750000000000,1.000000000000,320;320;320;320,entity:160;160;160;0|value:160;160;160;0|filler:0;0;0;0|query_marker:0;0;0;160|query_entity:0;0;0;160,structural_mediation_bounded,1.174672744483,0.367098628682,0.367098628682,0.052647317665,0.026126893231,-0.022271011130,-0.022271011130,-0.021075901999
29,intact,2.561431161414,0.006250000000,0.000000000000,0.000000000000,1.000000000000,0.750000000000,1.000000000000,320;320;320;320,entity:160;160;160;0|value:160;160;160;0|filler:0;0;0;0|query_marker:0;0;0;160|query_entity:0;0;0;160,structural_mediation_bounded,1.225966579891,0.511377111354,0.517627111354,0.081981865881,0.000000000000,0.000000000000,0.000000000000,0.000000000000
29,no_broadcast,2.697337854589,0.000000000000,0.135906693175,-0.006250000000,1.000000000000,0.750000000000,1.000000000000,320;320;320;320,entity:160;160;160;0|value:160;160;160;0|filler:0;0;0;0|query_marker:0;0;0;160|query_entity:0;0;0;160,structural_mediation_bounded,1.115907683276,0.343356692988,0.343356692988,0.067647205681,-0.110058896614,-0.168020418366,-0.174270418366,-0.014334660200
29,no_workspace_persistence,2.715124367471,0.000000000000,0.153693206057,-0.006250000000,1.000000000000,0.750000000000,1.000000000000,320;320;320;320,entity:160;160;160;0|value:160;160;160;0|filler:0;0;0;0|query_marker:0;0;0;160|query_entity:0;0;0;160,structural_mediation_bounded,1.133718627856,0.378512410311,0.378512410311,0.067677024899,-0.092247952035,-0.132864701043,-0.139114701043,-0.014304840982
29,no_workspace_output,2.561431161414,0.006250000000,0.000000000000,0.000000000000,1.000000000000,0.750000000000,1.000000000000,320;320;320;320,entity:160;160;160;0|value:160;160;160;0|filler:0;0;0;0|query_marker:0;0;0;160|query_entity:0;0;0;160,structural_mediation_bounded,1.225966579891,0.511377111354,0.517627111354,0.081981865881,0.000000000000,0.000000000000,0.000000000000,0.000000000000
29,no_spine_workspace,2.561431161414,0.006250000000,0.000000000000,0.000000000000,1.000000000000,0.750000000000,1.000000000000,320;320;320;320,entity:160;160;160;0|value:160;160;160;0|filler:0;0;0;0|query_marker:0;0;0;160|query_entity:0;0;0;160,structural_mediation_bounded,1.225966579891,0.511377111354,0.517627111354,0.081981865881,0.000000000000,0.000000000000,0.000000000000,0.000000000000
29,no_mechanism_output,1.626513416049,0.156250000000,-0.934917745365,0.150000000000,1.000000000000,0.750000000000,1.000000000000,320;320;320;320,entity:160;160;160;0|value:160;160;160;0|filler:0;0;0;0|query_marker:0;0;0;160|query_entity:0;0;0;160,structural_mediation_bounded,0.806650278096,0.056120768587,0.212370768587,0.196941587063,-0.419316301795,-0.455256342767,-0.305256342767,0.114959721183
29,workspace_disconnected,2.697337854589,0.000000000000,0.135906693175,-0.006250000000,1.000000000000,0.750000000000,1.000000000000,320;320;320;320,entity:160;160;160;0|value:160;160;160;0|filler:0;0;0;0|query_marker:0;0;0;160|query_entity:0;0;0;160,structural_mediation_bounded,1.115907683276,0.343356692988,0.343356692988,0.067647205681,-0.110058896614,-0.168020418366,-0.174270418366,-0.014334660200
29,no_workspace_writes,2.687956412437,0.000000000000,0.126525251023,-0.006250000000,1.000000000000,0.750000000000,1.000000000000,320;320;320;320,entity:160;160;160;0|value:160;160;160;0|filler:0;0;0;0|query_marker:0;0;0;160|query_entity:0;0;0;160,structural_mediation_bounded,1.132445335824,0.380314307722,0.380314307722,0.068611564222,-0.093521244066,-0.131062803631,-0.137312803631,-0.013370301659
29,zero_reader_inbox,2.697337854589,0.000000000000,0.135906693175,-0.006250000000,1.000000000000,0.750000000000,1.000000000000,320;320;320;320,entity:160;160;160;0|value:160;160;160;0|filler:0;0;0;0|query_marker:0;0;0;160|query_entity:0;0;0;160,structural_mediation_bounded,1.115907683276,0.343356692988,0.343356692988,0.067647205681,-0.110058896614,-0.168020418366,-0.174270418366,-0.014334660200
29,permuted_recipients,2.697337854589,0.000000000000,0.135906693175,-0.006250000000,1.000000000000,0.750000000000,1.000000000000,320;320;320;320,entity:160;160;160;0|value:160;160;160;0|filler:0;0;0;0|query_marker:0;0;0;160|query_entity:0;0;0;160,structural_mediation_bounded,1.115907683276,0.343356692988,0.343356692988,0.067647205681,-0.110058896614,-0.168020418366,-0.174270418366,-0.014334660200
