seed,intervention,holdout_nll,holdout_accuracy,nll_delta_vs_intact,accuracy_delta_vs_intact,mean_active_mechanisms_per_token,mean_writers_per_token,mean_recipients_per_token,mechanism_load,role_mechanism_load,condition,holdout_brier,holdout_ece,holdout_max_confidence,holdout_true_class_probability,brier_delta_vs_intact,ece_delta_vs_intact,max_confidence_delta_vs_intact,true_class_probability_delta_vs_intact,read_slot_load,write_slot_load,mean_write_collision_rate,mean_routing_entropy,mean_routing_disagreement_rate,retention_write_rate,retention_skip_rate,retention_eviction_rate,relevant_eviction_rate,queried_entity_retention_rate,query_read_hit_rate,mean_retained_age,eviction_slot_load
0,intact,0.602871415671,0.887500000000,0.000000000000,0.000000000000,1.000000000000,0.507500000000,1.000000000000,320;320;320;320;320;320;480,entity:160;160;160;160;160;160;0|value:160;160;160;160;160;160;0|filler:0;0;0;0;0;0;0|query_marker:0;0;0;0;0;0;160|query_entity:0;0;0;0;0;0;160|context:0;0;0;0;0;0;160,kv_annealed_retention,0.214968201128,0.045570868609,0.841929131391,0.751480685482,0.000000000000,0.000000000000,0.000000000000,0.000000000000,60;54;46,384;420;414,0.000000000000,0.567286113280,0.000000000000,0.634375000000,0.365625000000,0.134375000000,0.047916666667,0.868750000000,0.868750000000,2.504166666667,32;50;47
0,zero_query_context,1.750721159821,0.556250000000,1.147849744149,-0.331250000000,1.000000000000,0.400000000000,1.000000000000,320;320;320;320;320;320;480,entity:160;160;160;160;160;160;0|value:160;160;160;160;160;160;0|filler:0;0;0;0;0;0;0|query_marker:0;0;0;0;0;0;160|query_entity:0;0;0;0;0;0;160|context:0;0;0;0;0;0;160,kv_annealed_retention,0.759643465895,0.294938052312,0.851188052312,0.486847854424,0.544675264767,0.249367183703,0.009258920921,-0.264632831058,53;54;53,320;320;320,0.000000000000,0.916361088965,0.000000000000,0.500000000000,0.500000000000,0.000000000000,0.000000000000,0.456250000000,0.456250000000,4.000000000000,0;0;0
0,randomized_retention_actions,2.280038998951,0.387500000000,1.677167583280,-0.500000000000,1.000000000000,0.693333333333,1.000000000000,320;320;320;320;320;320;480,entity:160;160;160;160;160;160;0|value:160;160;160;160;160;160;0|filler:0;0;0;0;0;0;0|query_marker:0;0;0;0;0;0;160|query_entity:0;0;0;0;0;0;160|context:0;0;0;0;0;0;160,kv_annealed_retention,1.015322795076,0.435988907838,0.746405574505,0.312823611422,0.800354593948,0.390418039229,-0.095523556886,-0.438657074060,17;90;53,556;794;314,0.000000000000,0.579104781961,0.000000000000,0.866666666667,0.133333333333,0.583333333333,0.264583333333,0.262500000000,0.262500000000,1.566176470588,166;286;108
0,force_fifo_retention,1.585100241476,0.606250000000,0.982228825805,-0.281250000000,1.000000000000,0.800000000000,1.000000000000,320;320;320;320;320;320;480,entity:160;160;160;160;160;160;0|value:160;160;160;160;160;160;0|filler:0;0;0;0;0;0;0|query_marker:0;0;0;0;0;0;160|query_entity:0;0;0;0;0;0;160|context:0;0;0;0;0;0;160,kv_annealed_retention,0.673108997745,0.237164356963,0.843414356963,0.523642287571,0.458140796617,0.191593488354,0.001485225572,-0.227838397910,54;48;58,640;640;640,0.000000000000,0.511721884158,0.000000000000,1.000000000000,0.000000000000,0.500000000000,0.230208333333,0.543750000000,0.543750000000,1.000000000000,160;160;160
0,force_relevant_eviction,2.535247463165,0.268750000000,1.932376047494,-0.618750000000,1.000000000000,0.684166666667,1.000000000000,320;320;320;320;320;320;480,entity:160;160;160;160;160;160;0|value:160;160;160;160;160;160;0|filler:0;0;0;0;0;0;0|query_marker:0;0;0;0;0;0;160|query_entity:0;0;0;0;0;0;160|context:0;0;0;0;0;0;160,kv_annealed_retention,1.102398335625,0.476151088788,0.744901088788,0.269790971805,0.887430134497,0.430580220179,-0.097028042603,-0.481689713676,32;60;68,724;560;358,0.000000000000,0.642236655967,0.000000000000,0.855208333333,0.144791666667,0.436458333333,0.407291666667,0.150000000000,0.150000000000,1.838308457711,202;134;83
0,permuted_context_labels,1.403703960974,0.556250000000,0.800832545303,-0.331250000000,1.000000000000,0.414166666667,1.000000000000,320;320;320;320;320;320;480,entity:160;160;160;160;160;160;0|value:160;160;160;160;160;160;0|filler:0;0;0;0;0;0;0|query_marker:0;0;0;0;0;0;160|query_entity:0;0;0;0;0;0;160|context:0;0;0;0;0;0;160,kv_annealed_retention,0.642426354185,0.148374458857,0.521291125524,0.403101616960,0.427458153057,0.102803590248,-0.320638005867,-0.348379068521,23;55;82,370;360;264,0.000000000000,0.676776294875,0.000000000000,0.517708333333,0.482291666667,0.119791666667,0.014583333333,0.350000000000,0.350000000000,2.630890052356,29;40;46
0,disable_retention_skip,1.285038747917,0.693750000000,0.682167332246,-0.193750000000,1.000000000000,0.800000000000,1.000000000000,320;320;320;320;320;320;480,entity:160;160;160;160;160;160;0|value:160;160;160;160;160;160;0|filler:0;0;0;0;0;0;0|query_marker:0;0;0;0;0;0;160|query_entity:0;0;0;0;0;0;160|context:0;0;0;0;0;0;160,kv_annealed_retention,0.532033844128,0.149840125597,0.843590125597,0.594326687317,0.317065643000,0.104269256988,0.001660994206,-0.157153998164,55;54;51,780;624;516,0.000000000000,0.508059980956,0.000000000000,1.000000000000,0.000000000000,0.500000000000,0.184375000000,0.637500000000,0.637500000000,1.454166666667,230;152;98
0,no_workspace_writes,1.791759469228,0.187500000000,1.188888053557,-0.700000000000,1.000000000000,0.568333333333,1.000000000000,320;320;320;320;320;320;480,entity:160;160;160;160;160;160;0|value:160;160;160;160;160;160;0|filler:0;0;0;0;0;0;0|query_marker:0;0;0;0;0;0;160|query_entity:0;0;0;0;0;0;160|context:0;0;0;0;0;0;160,kv_annealed_retention,0.833333333333,0.020833333333,0.166666666667,0.166666666667,0.618365132205,-0.024737535276,-0.675262464724,-0.584814018815,160;0;0,1364;0;0,0.000000000000,1.052099761716,0.000000000000,0.710416666667,0.289583333333,0.000000000000,0.000000000000,0.000000000000,0.000000000000,0.000000000000,0;0;0
0,no_workspace_persistence,1.791759469228,0.187500000000,1.188888053557,-0.700000000000,1.000000000000,0.568333333333,1.000000000000,320;320;320;320;320;320;480,entity:160;160;160;160;160;160;0|value:160;160;160;160;160;160;0|filler:0;0;0;0;0;0;0|query_marker:0;0;0;0;0;0;160|query_entity:0;0;0;0;0;0;160|context:0;0;0;0;0;0;160,kv_annealed_retention,0.833333333333,0.020833333333,0.166666666667,0.166666666667,0.618365132205,-0.024737535276,-0.675262464724,-0.584814018815,160;0;0,1364;0;0,0.000000000000,1.052099761716,0.000000000000,0.710416666667,0.289583333333,0.000000000000,0.000000000000,0.000000000000,0.000000000000,0.000000000000,0;0;0
0,no_mechanism_output,1.791759469228,0.187500000000,1.188888053557,-0.700000000000,1.000000000000,0.507500000000,1.000000000000,320;320;320;320;320;320;480,entity:160;160;160;160;160;160;0|value:160;160;160;160;160;160;0|filler:0;0;0;0;0;0;0|query_marker:0;0;0;0;0;0;160|query_entity:0;0;0;0;0;0;160|context:0;0;0;0;0;0;160,kv_annealed_retention,0.833333333333,0.020833333333,0.166666666667,0.166666666667,0.618365132205,-0.024737535276,-0.675262464724,-0.584814018815,60;54;46,384;420;414,0.000000000000,0.567286113280,0.000000000000,0.634375000000,0.365625000000,0.134375000000,0.047916666667,0.868750000000,0.868750000000,2.504166666667,32;50;47
1,intact,0.009029475679,1.000000000000,0.000000000000,0.000000000000,1.000000000000,0.526666666667,1.000000000000,320;320;320;320;320;320;480,entity:160;160;160;160;160;160;0|value:160;160;160;160;160;160;0|filler:0;0;0;0;0;0;0|query_marker:0;0;0;0;0;0;160|query_entity:0;0;0;0;0;0;160|context:0;0;0;0;0;0;160,kv_annealed_retention,0.000098193993,0.008988494267,0.991011505733,0.991011505733,0.000000000000,0.000000000000,0.000000000000,0.000000000000,44;54;62,414;430;420,0.000000000000,0.382948301258,0.000000000000,0.658333333333,0.341666666667,0.158333333333,0.000000000000,1.000000000000,1.000000000000,2.593750000000,47;55;50
1,zero_query_context,2.878677824907,0.543750000000,2.869648349228,-0.456250000000,1.000000000000,0.400000000000,1.000000000000,320;320;320;320;320;320;480,entity:160;160;160;160;160;160;0|value:160;160;160;160;160;160;0|filler:0;0;0;0;0;0;0|query_marker:0;0;0;0;0;0;160|query_entity:0;0;0;0;0;0;160|context:0;0;0;0;0;0;160,kv_annealed_retention,0.902795199622,0.447362379661,0.991112379661,0.539762769277,0.902697005629,0.438373885395,0.000100873928,-0.451248736456,56;51;53,320;320;320,0.000000000000,0.991824802677,0.000000000000,0.500000000000,0.500000000000,0.000000000000,0.000000000000,0.462500000000,0.462500000000,4.000000000000,0;0;0
1,randomized_retention_actions,3.562000048217,0.400000000000,3.552970572538,-0.600000000000,1.000000000000,0.709166666667,1.000000000000,320;320;320;320;320;320;480,entity:160;160;160;160;160;160;0|value:160;160;160;160;160;160;0|filler:0;0;0;0;0;0;0|query_marker:0;0;0;0;0;0;160|query_entity:0;0;0;0;0;0;160|context:0;0;0;0;0;0;160,kv_annealed_retention,1.151502502939,0.554856969294,0.867356969294,0.354147396812,1.151404308946,0.545868475027,-0.123654536440,-0.636864108922,18;106;36,414;1084;204,0.000000000000,0.598020074306,0.000000000000,0.886458333333,0.113541666667,0.621875000000,0.301041666667,0.212500000000,0.212500000000,1.393700787402,113;414;70
1,force_fifo_retention,2.480656202878,0.612500000000,2.471626727199,-0.387500000000,1.000000000000,0.800000000000,1.000000000000,320;320;320;320;320;320;480,entity:160;160;160;160;160;160;0|value:160;160;160;160;160;160;0|filler:0;0;0;0;0;0;0|query_marker:0;0;0;0;0;0;160|query_entity:0;0;0;0;0;0;160|context:0;0;0;0;0;0;160,kv_annealed_retention,0.766839680807,0.378466812846,0.990966812846,0.607596497306,0.766741486814,0.369478318579,-0.000044692888,-0.383415008427,52;55;53,640;640;640,0.000000000000,0.412701198076,0.000000000000,1.000000000000,0.000000000000,0.500000000000,0.265625000000,0.537500000000,0.537500000000,1.000000000000,160;160;160
1,force_relevant_eviction,3.865107542188,0.275000000000,3.856078066509,-0.725000000000,1.000000000000,0.714166666667,1.000000000000,320;320;320;320;320;320;480,entity:160;160;160;160;160;160;0|value:160;160;160;160;160;160;0|filler:0;0;0;0;0;0;0|query_marker:0;0;0;0;0;0;160|query_entity:0;0;0;0;0;0;160|context:0;0;0;0;0;0;160,kv_annealed_retention,1.248378663252,0.582041573953,0.857041573953,0.300601763072,1.248280469259,0.573053079687,-0.133969931780,-0.690409742661,46;52;62,744;576;394,0.000000000000,0.537659139116,0.000000000000,0.892708333333,0.107291666667,0.462500000000,0.420833333333,0.181250000000,0.181250000000,1.803874092010,212;140;92
1,permuted_context_labels,2.687669150243,0.581250000000,2.678639674564,-0.418750000000,1.000000000000,0.437500000000,1.000000000000,320;320;320;320;320;320;480,entity:160;160;160;160;160;160;0|value:160;160;160;160;160;160;0|filler:0;0;0;0;0;0;0|query_marker:0;0;0;0;0;0;160|query_entity:0;0;0;0;0;0;160|context:0;0;0;0;0;0;160,kv_annealed_retention,0.928190742420,0.510376515646,0.733293182313,0.399441055738,0.928092548427,0.501388021380,-0.257718323421,-0.591570449995,38;52;70,400;352;298,0.000000000000,0.495588759423,0.000000000000,0.546875000000,0.453125000000,0.127083333333,0.080208333333,0.268750000000,0.268750000000,2.563275434243,42;41;39
1,disable_retention_skip,1.472757742622,0.768750000000,1.463728266943,-0.231250000000,1.000000000000,0.800000000000,1.000000000000,320;320;320;320;320;320;480,entity:160;160;160;160;160;160;0|value:160;160;160;160;160;160;0|filler:0;0;0;0;0;0;0|query_marker:0;0;0;0;0;0;160|query_entity:0;0;0;0;0;0;160|context:0;0;0;0;0;0;160,kv_annealed_retention,0.457596362426,0.222232981577,0.990982981577,0.762234170963,0.457498168432,0.213244487311,-0.000028524156,-0.228777334771,52;56;52,768;642;510,0.000000000000,0.391357356700,0.000000000000,1.000000000000,0.000000000000,0.500000000000,0.183333333333,0.706250000000,0.706250000000,1.366666666667,224;161;95
1,no_workspace_writes,1.791759469228,0.237500000000,1.782729993549,-0.762500000000,1.000000000000,0.627500000000,1.000000000000,320;320;320;320;320;320;480,entity:160;160;160;160;160;160;0|value:160;160;160;160;160;160;0|filler:0;0;0;0;0;0;0|query_marker:0;0;0;0;0;0;160|query_entity:0;0;0;0;0;0;160|context:0;0;0;0;0;0;160,kv_annealed_retention,0.833333333333,0.070833333333,0.166666666667,0.166666666667,0.833235139340,0.061844839067,-0.824344839067,-0.824344839067,160;0;0,1506;0;0,0.000000000000,0.973040373455,0.000000000000,0.784375000000,0.215625000000,0.000000000000,0.000000000000,0.000000000000,0.000000000000,0.000000000000,0;0;0
1,no_workspace_persistence,1.791759469228,0.237500000000,1.782729993549,-0.762500000000,1.000000000000,0.627500000000,1.000000000000,320;320;320;320;320;320;480,entity:160;160;160;160;160;160;0|value:160;160;160;160;160;160;0|filler:0;0;0;0;0;0;0|query_marker:0;0;0;0;0;0;160|query_entity:0;0;0;0;0;0;160|context:0;0;0;0;0;0;160,kv_annealed_retention,0.833333333333,0.070833333333,0.166666666667,0.166666666667,0.833235139340,0.061844839067,-0.824344839067,-0.824344839067,160;0;0,1506;0;0,0.000000000000,0.973040373455,0.000000000000,0.784375000000,0.215625000000,0.000000000000,0.000000000000,0.000000000000,0.000000000000,0.000000000000,0;0;0
1,no_mechanism_output,1.791759469228,0.237500000000,1.782729993549,-0.762500000000,1.000000000000,0.526666666667,1.000000000000,320;320;320;320;320;320;480,entity:160;160;160;160;160;160;0|value:160;160;160;160;160;160;0|filler:0;0;0;0;0;0;0|query_marker:0;0;0;0;0;0;160|query_entity:0;0;0;0;0;0;160|context:0;0;0;0;0;0;160,kv_annealed_retention,0.833333333333,0.070833333333,0.166666666667,0.166666666667,0.833235139340,0.061844839067,-0.824344839067,-0.824344839067,44;54;62,414;430;420,0.000000000000,0.382948301258,0.000000000000,0.658333333333,0.341666666667,0.158333333333,0.000000000000,1.000000000000,1.000000000000,2.593750000000,47;55;50
2,intact,0.009795973292,1.000000000000,0.000000000000,0.000000000000,1.000000000000,0.548333333333,1.000000000000,320;320;320;320;320;320;480,entity:160;160;160;160;160;160;0|value:160;160;160;160;160;160;0|filler:0;0;0;0;0;0;0|query_marker:0;0;0;0;0;0;160|query_entity:0;0;0;0;0;0;160|context:0;0;0;0;0;0;160,kv_annealed_retention,0.000115390827,0.009747901830,0.990252098170,0.990252098170,0.000000000000,0.000000000000,0.000000000000,0.000000000000,50;51;59,424;434;458,0.000000000000,0.495746304940,0.000000000000,0.685416666667,0.314583333333,0.185416666667,0.000000000000,1.000000000000,1.000000000000,2.470833333333,52;57;69
2,zero_query_context,2.891931063560,0.537500000000,2.882135090268,-0.462500000000,1.000000000000,0.800000000000,1.000000000000,320;320;320;320;320;320;480,entity:160;160;160;160;160;160;0|value:160;160;160;160;160;160;0|filler:0;0;0;0;0;0;0|query_marker:0;0;0;0;0;0;160|query_entity:0;0;0;0;0;0;160|context:0;0;0;0;0;0;160,kv_annealed_retention,0.914191120597,0.452689648378,0.990189648378,0.533152505803,0.914075729770,0.442941746548,-0.000062449792,-0.457099592367,51;63;46,640;640;640,0.000000000000,0.987755222241,0.000000000000,1.000000000000,0.000000000000,0.500000000000,0.244791666667,0.487500000000,0.487500000000,1.000000000000,160;160;160
2,randomized_retention_actions,3.471232926801,0.400000000000,3.461436953509,-0.600000000000,1.000000000000,0.722500000000,1.000000000000,320;320;320;320;320;320;480,entity:160;160;160;160;160;160;0|value:160;160;160;160;160;160;0|filler:0;0;0;0;0;0;0|query_marker:0;0;0;0;0;0;160|query_entity:0;0;0;0;0;0;160|context:0;0;0;0;0;0;160,kv_annealed_retention,1.176703916907,0.580685937284,0.743185937284,0.279874294105,1.176588526080,0.570938035454,-0.247066160886,-0.710377804065,38;86;36,384;1094;256,0.000000000000,0.657873869892,0.000000000000,0.903125000000,0.096875000000,0.644791666667,0.309375000000,0.200000000000,0.200000000000,1.379032258065,104;423;92
2,force_fifo_retention,2.891931063560,0.537500000000,2.882135090268,-0.462500000000,1.000000000000,0.800000000000,1.000000000000,320;320;320;320;320;320;480,entity:160;160;160;160;160;160;0|value:160;160;160;160;160;160;0|filler:0;0;0;0;0;0;0|query_marker:0;0;0;0;0;0;160|query_entity:0;0;0;0;0;0;160|context:0;0;0;0;0;0;160,kv_annealed_retention,0.914191120597,0.452689648378,0.990189648378,0.533152505803,0.914075729770,0.442941746548,-0.000062449792,-0.457099592367,51;63;46,640;640;640,0.000000000000,0.500179618105,0.000000000000,1.000000000000,0.000000000000,0.500000000000,0.244791666667,0.487500000000,0.487500000000,1.000000000000,160;160;160
2,force_relevant_eviction,4.128584295533,0.237500000000,4.118788322241,-0.762500000000,1.000000000000,0.720833333333,1.000000000000,320;320;320;320;320;320;480,entity:160;160;160;160;160;160;0|value:160;160;160;160;160;160;0|filler:0;0;0;0;0;0;0|query_marker:0;0;0;0;0;0;160|query_entity:0;0;0;0;0;0;160|context:0;0;0;0;0;0;160,kv_annealed_retention,1.335752837476,0.629141700299,0.866641700299,0.261315206982,1.335637446648,0.619393798469,-0.123610397871,-0.728936891188,34;66;60,708;606;416,0.000000000000,0.637631496276,0.000000000000,0.901041666667,0.098958333333,0.457291666667,0.414583333333,0.137500000000,0.137500000000,1.833333333333,194;149;96
2,permuted_context_labels,2.636264267145,0.350000000000,2.626468293853,-0.650000000000,1.000000000000,0.413333333333,1.000000000000,320;320;320;320;320;320;480,entity:160;160;160;160;160;160;0|value:160;160;160;160;160;160;0|filler:0;0;0;0;0;0;0|query_marker:0;0;0;0;0;0;160|query_entity:0;0;0;0;0;0;160|context:0;0;0;0;0;0;160,kv_annealed_retention,0.927367940980,0.382957060704,0.732957060704,0.399520180697,0.927252550153,0.373209158873,-0.257295037466,-0.590731917473,33;69;58,410;312;270,0.000000000000,0.678807757390,0.000000000000,0.516666666667,0.483333333333,0.097916666667,0.087500000000,0.306250000000,0.306250000000,2.763681592040,47;22;25
2,disable_retention_skip,1.713940642928,0.725000000000,1.704144669636,-0.275000000000,1.000000000000,0.800000000000,1.000000000000,320;320;320;320;320;320;480,entity:160;160;160;160;160;160;0|value:160;160;160;160;160;160;0|filler:0;0;0;0;0;0;0|query_marker:0;0;0;0;0;0;160|query_entity:0;0;0;0;0;0;160|context:0;0;0;0;0;0;160,kv_annealed_retention,0.543613821082,0.265253196471,0.990253196471,0.718503984837,0.543498430254,0.255505294641,0.000001098301,-0.271748113333,56;40;64,790;618;512,0.000000000000,0.479860138709,0.000000000000,1.000000000000,0.000000000000,0.500000000000,0.165625000000,0.693750000000,0.693750000000,1.370833333333,235;149;96
2,no_workspace_writes,1.791759469228,0.312500000000,1.781963495936,-0.687500000000,1.000000000000,0.640000000000,1.000000000000,320;320;320;320;320;320;480,entity:160;160;160;160;160;160;0|value:160;160;160;160;160;160;0|filler:0;0;0;0;0;0;0|query_marker:0;0;0;0;0;0;160|query_entity:0;0;0;0;0;0;160|context:0;0;0;0;0;0;160,kv_annealed_retention,0.833333333333,0.145833333333,0.166666666667,0.166666666667,0.833217942506,0.136085431503,-0.823585431503,-0.823585431503,160;0;0,1536;0;0,0.000000000000,1.091283620833,0.000000000000,0.800000000000,0.200000000000,0.000000000000,0.000000000000,0.000000000000,0.000000000000,0.000000000000,0;0;0
2,no_workspace_persistence,1.791759469228,0.312500000000,1.781963495936,-0.687500000000,1.000000000000,0.640000000000,1.000000000000,320;320;320;320;320;320;480,entity:160;160;160;160;160;160;0|value:160;160;160;160;160;160;0|filler:0;0;0;0;0;0;0|query_marker:0;0;0;0;0;0;160|query_entity:0;0;0;0;0;0;160|context:0;0;0;0;0;0;160,kv_annealed_retention,0.833333333333,0.145833333333,0.166666666667,0.166666666667,0.833217942506,0.136085431503,-0.823585431503,-0.823585431503,160;0;0,1536;0;0,0.000000000000,1.091283620833,0.000000000000,0.800000000000,0.200000000000,0.000000000000,0.000000000000,0.000000000000,0.000000000000,0.000000000000,0;0;0
2,no_mechanism_output,1.791759469228,0.312500000000,1.781963495936,-0.687500000000,1.000000000000,0.548333333333,1.000000000000,320;320;320;320;320;320;480,entity:160;160;160;160;160;160;0|value:160;160;160;160;160;160;0|filler:0;0;0;0;0;0;0|query_marker:0;0;0;0;0;0;160|query_entity:0;0;0;0;0;0;160|context:0;0;0;0;0;0;160,kv_annealed_retention,0.833333333333,0.145833333333,0.166666666667,0.166666666667,0.833217942506,0.136085431503,-0.823585431503,-0.823585431503,50;51;59,424;434;458,0.000000000000,0.495746304940,0.000000000000,0.685416666667,0.314583333333,0.185416666667,0.000000000000,1.000000000000,1.000000000000,2.470833333333,52;57;69
3,intact,0.010026901946,1.000000000000,0.000000000000,0.000000000000,1.000000000000,0.530833333333,1.000000000000,320;320;320;320;320;320;480,entity:160;160;160;160;160;160;0|value:160;160;160;160;160;160;0|filler:0;0;0;0;0;0;0|query_marker:0;0;0;0;0;0;160|query_entity:0;0;0;0;0;0;160|context:0;0;0;0;0;0;160,kv_annealed_retention,0.000121127126,0.009976425556,0.990023574444,0.990023574444,0.000000000000,0.000000000000,0.000000000000,0.000000000000,43;63;54,434;418;422,0.000000000000,0.426798952526,0.000000000000,0.663541666667,0.336458333333,0.163541666667,0.000000000000,1.000000000000,1.000000000000,2.479166666667,57;49;51
3,zero_query_context,3.210818807930,0.487500000000,3.200791905984,-0.512500000000,1.000000000000,0.800000000000,1.000000000000,320;320;320;320;320;320;480,entity:160;160;160;160;160;160;0|value:160;160;160;160;160;160;0|filler:0;0;0;0;0;0;0|query_marker:0;0;0;0;0;0;160|query_entity:0;0;0;0;0;0;160|context:0;0;0;0;0;0;160,kv_annealed_retention,1.012639406308,0.502424044084,0.989924044084,0.483666174438,1.012518279182,0.492447618528,-0.000099530359,-0.506357400005,40;60;60,640;640;640,0.000000000000,0.977703515338,0.000000000000,1.000000000000,0.000000000000,0.500000000000,0.253125000000,0.418750000000,0.418750000000,1.000000000000,160;160;160
3,randomized_retention_actions,3.952191192918,0.318750000000,3.942164290972,-0.681250000000,1.000000000000,0.719166666667,1.000000000000,320;320;320;320;320;320;480,entity:160;160;160;160;160;160;0|value:160;160;160;160;160;160;0|filler:0;0;0;0;0;0;0|query_marker:0;0;0;0;0;0;160|query_entity:0;0;0;0;0;0;160|context:0;0;0;0;0;0;160,kv_annealed_retention,1.267311682315,0.614396650860,0.933146650860,0.328196495797,1.267190555189,0.604420225303,-0.056876923584,-0.661827078646,11;107;42,456;990;280,0.000000000000,0.569338269332,0.000000000000,0.898958333333,0.101041666667,0.633333333333,0.294791666667,0.237500000000,0.237500000000,1.352941176471,133;377;98
3,force_fifo_retention,3.210818807930,0.487500000000,3.200791905984,-0.512500000000,1.000000000000,0.800000000000,1.000000000000,320;320;320;320;320;320;480,entity:160;160;160;160;160;160;0|value:160;160;160;160;160;160;0|filler:0;0;0;0;0;0;0|query_marker:0;0;0;0;0;0;160|query_entity:0;0;0;0;0;0;160|context:0;0;0;0;0;0;160,kv_annealed_retention,1.012639406308,0.502424044084,0.989924044084,0.483666174438,1.012518279182,0.492447618528,-0.000099530359,-0.506357400005,40;60;60,640;640;640,0.000000000000,0.463218231548,0.000000000000,1.000000000000,0.000000000000,0.500000000000,0.253125000000,0.418750000000,0.418750000000,1.000000000000,160;160;160
3,force_relevant_eviction,4.297843408140,0.318750000000,4.287816506194,-0.681250000000,1.000000000000,0.704166666667,1.000000000000,320;320;320;320;320;320;480,entity:160;160;160;160;160;160;0|value:160;160;160;160;160;160;0|filler:0;0;0;0;0;0;0|query_marker:0;0;0;0;0;0;160|query_entity:0;0;0;0;0;0;160|context:0;0;0;0;0;0;160,kv_annealed_retention,1.396790567902,0.722562196802,0.866312196802,0.230471073195,1.396669440776,0.712585771246,-0.123711377641,-0.759552501249,34;70;56,754;608;328,0.000000000000,0.577958510112,0.000000000000,0.880208333333,0.119791666667,0.455208333333,0.409375000000,0.125000000000,0.125000000000,1.720588235294,217;153;67
3,permuted_context_labels,3.719915836525,0.150000000000,3.709888934579,-0.850000000000,1.000000000000,0.394166666667,1.000000000000,320;320;320;320;320;320;480,entity:160;160;160;160;160;160;0|value:160;160;160;160;160;160;0|filler:0;0;0;0;0;0;0|query_marker:0;0;0;0;0;0;160|query_entity:0;0;0;0;0;0;160|context:0;0;0;0;0;0;160,kv_annealed_retention,1.272460966647,0.546651457020,0.696651457020,0.208898135923,1.272339839521,0.536675031464,-0.293372117423,-0.781125438521,33;66;61,364;318;264,0.000000000000,0.551326646803,0.000000000000,0.492708333333,0.507291666667,0.085416666667,0.065625000000,0.093750000000,0.093750000000,2.575447570332,24;29;29
3,disable_retention_skip,1.917731235714,0.693750000000,1.907704333768,-0.306250000000,1.000000000000,0.800000000000,1.000000000000,320;320;320;320;320;320;480,entity:160;160;160;160;160;160;0|value:160;160;160;160;160;160;0|filler:0;0;0;0;0;0;0|query_marker:0;0;0;0;0;0;160|query_entity:0;0;0;0;0;0;160|context:0;0;0;0;0;0;160,kv_annealed_retention,0.605164333445,0.296238395073,0.989988395073,0.687467212997,0.605043206319,0.286261969516,-0.000035179371,-0.302556361447,40;50;70,780;622;518,0.000000000000,0.437223239008,0.000000000000,1.000000000000,0.000000000000,0.500000000000,0.156250000000,0.650000000000,0.650000000000,1.422916666667,230;151;99
3,no_workspace_writes,1.791759469228,0.212500000000,1.781732567282,-0.787500000000,1.000000000000,0.610000000000,1.000000000000,320;320;320;320;320;320;480,entity:160;160;160;160;160;160;0|value:160;160;160;160;160;160;0|filler:0;0;0;0;0;0;0|query_marker:0;0;0;0;0;0;160|query_entity:0;0;0;0;0;0;160|context:0;0;0;0;0;0;160,kv_annealed_retention,0.833333333333,0.045833333333,0.166666666667,0.166666666667,0.833212206207,0.035856907777,-0.823356907777,-0.823356907777,160;0;0,1464;0;0,0.000000000000,0.959323346356,0.000000000000,0.762500000000,0.237500000000,0.000000000000,0.000000000000,0.000000000000,0.000000000000,0.000000000000,0;0;0
3,no_workspace_persistence,1.791759469228,0.212500000000,1.781732567282,-0.787500000000,1.000000000000,0.610000000000,1.000000000000,320;320;320;320;320;320;480,entity:160;160;160;160;160;160;0|value:160;160;160;160;160;160;0|filler:0;0;0;0;0;0;0|query_marker:0;0;0;0;0;0;160|query_entity:0;0;0;0;0;0;160|context:0;0;0;0;0;0;160,kv_annealed_retention,0.833333333333,0.045833333333,0.166666666667,0.166666666667,0.833212206207,0.035856907777,-0.823356907777,-0.823356907777,160;0;0,1464;0;0,0.000000000000,0.959323346356,0.000000000000,0.762500000000,0.237500000000,0.000000000000,0.000000000000,0.000000000000,0.000000000000,0.000000000000,0;0;0
3,no_mechanism_output,1.791759469228,0.212500000000,1.781732567282,-0.787500000000,1.000000000000,0.530833333333,1.000000000000,320;320;320;320;320;320;480,entity:160;160;160;160;160;160;0|value:160;160;160;160;160;160;0|filler:0;0;0;0;0;0;0|query_marker:0;0;0;0;0;0;160|query_entity:0;0;0;0;0;0;160|context:0;0;0;0;0;0;160,kv_annealed_retention,0.833333333333,0.045833333333,0.166666666667,0.166666666667,0.833212206207,0.035856907777,-0.823356907777,-0.823356907777,43;63;54,434;418;422,0.000000000000,0.426798952526,0.000000000000,0.663541666667,0.336458333333,0.163541666667,0.000000000000,1.000000000000,1.000000000000,2.479166666667,57;49;51
4,intact,0.010543566521,1.000000000000,0.000000000000,0.000000000000,1.000000000000,0.494166666667,1.000000000000,320;320;320;320;320;320;480,entity:160;160;160;160;160;160;0|value:160;160;160;160;160;160;0|filler:0;0;0;0;0;0;0|query_marker:0;0;0;0;0;0;160|query_entity:0;0;0;0;0;0;160|context:0;0;0;0;0;0;160,kv_annealed_retention,0.000135547611,0.010487154339,0.989512845661,0.989512845661,0.000000000000,0.000000000000,0.000000000000,0.000000000000,53;60;47,374;418;394,0.000000000000,0.489338621066,0.000000000000,0.617708333333,0.382291666667,0.117708333333,0.000000000000,1.000000000000,1.000000000000,2.558333333333,27;49;37
4,zero_query_context,2.850300254555,0.537500000000,2.839756688034,-0.462500000000,1.000000000000,0.800000000000,1.000000000000,320;320;320;320;320;320;480,entity:160;160;160;160;160;160;0|value:160;160;160;160;160;160;0|filler:0;0;0;0;0;0;0|query_marker:0;0;0;0;0;0;160|query_entity:0;0;0;0;0;0;160|context:0;0;0;0;0;0;160,kv_annealed_retention,0.913110579759,0.451846010089,0.989346010089,0.532860438060,0.912975032148,0.441358855751,-0.000166835572,-0.456652407601,53;59;48,640;640;640,0.000000000000,0.985480031156,0.000000000000,1.000000000000,0.000000000000,0.500000000000,0.260416666667,0.456250000000,0.456250000000,1.000000000000,160;160;160
4,randomized_retention_actions,3.071823360813,0.350000000000,3.061279794292,-0.650000000000,1.000000000000,0.715833333333,1.000000000000,320;320;320;320;320;320;480,entity:160;160;160;160;160;160;0|value:160;160;160;160;160;160;0|filler:0;0;0;0;0;0;0|query_marker:0;0;0;0;0;0;160|query_entity:0;0;0;0;0;0;160|context:0;0;0;0;0;0;160,kv_annealed_retention,1.061182569706,0.414198966562,0.757948966562,0.344595558921,1.061047022095,0.403711812223,-0.231563879099,-0.644917286740,31;74;55,514;862;342,0.000000000000,0.572843199448,0.000000000000,0.894791666667,0.105208333333,0.616666666667,0.301041666667,0.237500000000,0.237500000000,1.400749063670,150;322;120
4,force_fifo_retention,2.850300254555,0.537500000000,2.839756688034,-0.462500000000,1.000000000000,0.800000000000,1.000000000000,320;320;320;320;320;320;480,entity:160;160;160;160;160;160;0|value:160;160;160;160;160;160;0|filler:0;0;0;0;0;0;0|query_marker:0;0;0;0;0;0;160|query_entity:0;0;0;0;0;0;160|context:0;0;0;0;0;0;160,kv_annealed_retention,0.913110579759,0.451846010089,0.989346010089,0.532860438060,0.912975032148,0.441358855751,-0.000166835572,-0.456652407601,53;59;48,640;640;640,0.000000000000,0.491136514440,0.000000000000,1.000000000000,0.000000000000,0.500000000000,0.260416666667,0.456250000000,0.456250000000,1.000000000000,160;160;160
4,force_relevant_eviction,3.628388144332,0.281250000000,3.617844577811,-0.718750000000,1.000000000000,0.687500000000,1.000000000000,320;320;320;320;320;320;480,entity:160;160;160;160;160;160;0|value:160;160;160;160;160;160;0|filler:0;0;0;0;0;0;0|query_marker:0;0;0;0;0;0;160|query_entity:0;0;0;0;0;0;160|context:0;0;0;0;0;0;160,kv_annealed_retention,1.215136667555,0.507590326735,0.788840326735,0.282886971182,1.215001119944,0.497103172397,-0.200672518926,-0.706625874480,30;57;73,772;564;314,0.000000000000,0.626260425639,0.000000000000,0.859375000000,0.140625000000,0.444791666667,0.420833333333,0.143750000000,0.143750000000,1.708542713568,226;138;63
4,permuted_context_labels,3.289477847926,0.425000000000,3.278934281405,-0.575000000000,1.000000000000,0.397500000000,1.000000000000,320;320;320;320;320;320;480,entity:160;160;160;160;160;160;0|value:160;160;160;160;160;160;0|filler:0;0;0;0;0;0;0|query_marker:0;0;0;0;0;0;160|query_entity:0;0;0;0;0;0;160|context:0;0;0;0;0;0;160,kv_annealed_retention,1.119170667448,0.547823983821,0.737407317155,0.305474342477,1.119035119837,0.537336829483,-0.252105528506,-0.684038503184,40;59;61,380;322;252,0.000000000000,0.641878539312,0.000000000000,0.496875000000,0.503125000000,0.083333333333,0.046875000000,0.175000000000,0.175000000000,2.405541561713,34;31;15
4,disable_retention_skip,1.926152096899,0.687500000000,1.915608530378,-0.312500000000,1.000000000000,0.800000000000,1.000000000000,320;320;320;320;320;320;480,entity:160;160;160;160;160;160;0|value:160;160;160;160;160;160;0|filler:0;0;0;0;0;0;0|query_marker:0;0;0;0;0;0;160|query_entity:0;0;0;0;0;0;160|context:0;0;0;0;0;0;160,kv_annealed_retention,0.616966133121,0.301911117982,0.989411117982,0.680996936228,0.616830585510,0.291423963643,-0.000101727679,-0.308515909433,53;47;60,768;640;512,0.000000000000,0.464168662696,0.000000000000,1.000000000000,0.000000000000,0.500000000000,0.182291666667,0.631250000000,0.631250000000,1.318750000000,224;160;96
4,no_workspace_writes,1.791759469228,0.168750000000,1.781215902707,-0.831250000000,1.000000000000,0.585833333333,1.000000000000,320;320;320;320;320;320;480,entity:160;160;160;160;160;160;0|value:160;160;160;160;160;160;0|filler:0;0;0;0;0;0;0|query_marker:0;0;0;0;0;0;160|query_entity:0;0;0;0;0;0;160|context:0;0;0;0;0;0;160,kv_annealed_retention,0.833333333333,0.002083333333,0.166666666667,0.166666666667,0.833197785723,-0.008403821005,-0.822846178995,-0.822846178995,160;0;0,1406;0;0,0.000000000000,1.009275036738,0.000000000000,0.732291666667,0.267708333333,0.000000000000,0.000000000000,0.000000000000,0.000000000000,0.000000000000,0;0;0
4,no_workspace_persistence,1.791759469228,0.168750000000,1.781215902707,-0.831250000000,1.000000000000,0.585833333333,1.000000000000,320;320;320;320;320;320;480,entity:160;160;160;160;160;160;0|value:160;160;160;160;160;160;0|filler:0;0;0;0;0;0;0|query_marker:0;0;0;0;0;0;160|query_entity:0;0;0;0;0;0;160|context:0;0;0;0;0;0;160,kv_annealed_retention,0.833333333333,0.002083333333,0.166666666667,0.166666666667,0.833197785723,-0.008403821005,-0.822846178995,-0.822846178995,160;0;0,1406;0;0,0.000000000000,1.009275036738,0.000000000000,0.732291666667,0.267708333333,0.000000000000,0.000000000000,0.000000000000,0.000000000000,0.000000000000,0;0;0
4,no_mechanism_output,1.791759469228,0.168750000000,1.781215902707,-0.831250000000,1.000000000000,0.494166666667,1.000000000000,320;320;320;320;320;320;480,entity:160;160;160;160;160;160;0|value:160;160;160;160;160;160;0|filler:0;0;0;0;0;0;0|query_marker:0;0;0;0;0;0;160|query_entity:0;0;0;0;0;0;160|context:0;0;0;0;0;0;160,kv_annealed_retention,0.833333333333,0.002083333333,0.166666666667,0.166666666667,0.833197785723,-0.008403821005,-0.822846178995,-0.822846178995,53;60;47,374;418;394,0.000000000000,0.489338621066,0.000000000000,0.617708333333,0.382291666667,0.117708333333,0.000000000000,1.000000000000,1.000000000000,2.558333333333,27;49;37
5,intact,0.765025613022,0.831250000000,0.000000000000,0.000000000000,1.000000000000,0.557500000000,1.000000000000,320;320;320;320;320;320;480,entity:160;160;160;160;160;160;0|value:160;160;160;160;160;160;0|filler:0;0;0;0;0;0;0|query_marker:0;0;0;0;0;0;160|query_entity:0;0;0;0;0;0;160|context:0;0;0;0;0;0;160,kv_annealed_retention,0.304616826523,0.000396920049,0.830853079951,0.696667691171,0.000000000000,0.000000000000,0.000000000000,0.000000000000,49;53;58,452;438;448,0.000000000000,0.628004199374,0.000000000000,0.696875000000,0.303125000000,0.196875000000,0.087500000000,0.800000000000,0.800000000000,2.304166666667,66;59;64
5,zero_query_context,1.499861497907,0.606250000000,0.734835884885,-0.225000000000,1.000000000000,0.800000000000,1.000000000000,320;320;320;320;320;320;480,entity:160;160;160;160;160;160;0|value:160;160;160;160;160;160;0|filler:0;0;0;0;0;0;0|query_marker:0;0;0;0;0;0;160|query_entity:0;0;0;0;0;0;160|context:0;0;0;0;0;0;160,kv_annealed_retention,0.663931165226,0.227022291191,0.833272291191,0.518897518144,0.359314338703,0.226625371143,0.002419211240,-0.177770173027,52;53;55,640;640;640,0.000000000000,0.990022793406,0.000000000000,1.000000000000,0.000000000000,0.500000000000,0.232291666667,0.543750000000,0.543750000000,1.000000000000,160;160;160
5,randomized_retention_actions,2.023152136327,0.368750000000,1.258126523305,-0.462500000000,1.000000000000,0.718333333333,1.000000000000,320;320;320;320;320;320;480,entity:160;160;160;160;160;160;0|value:160;160;160;160;160;160;0|filler:0;0;0;0;0;0;0|query_marker:0;0;0;0;0;0;160|query_entity:0;0;0;0;0;0;160|context:0;0;0;0;0;0;160,kv_annealed_retention,0.923741821795,0.313417768401,0.673834435068,0.324600275510,0.619124995272,0.313020848352,-0.157018644883,-0.372067415661,27;80;53,508;898;318,0.000000000000,0.608662415320,0.000000000000,0.897916666667,0.102083333333,0.627083333333,0.287500000000,0.243750000000,0.243750000000,1.350000000000,154;337;111
5,force_fifo_retention,1.499861497907,0.606250000000,0.734835884885,-0.225000000000,1.000000000000,0.800000000000,1.000000000000,320;320;320;320;320;320;480,entity:160;160;160;160;160;160;0|value:160;160;160;160;160;160;0|filler:0;0;0;0;0;0;0|query_marker:0;0;0;0;0;0;160|query_entity:0;0;0;0;0;0;160|context:0;0;0;0;0;0;160,kv_annealed_retention,0.663931165226,0.227022291191,0.833272291191,0.518897518144,0.359314338703,0.226625371143,0.002419211240,-0.177770173027,52;53;55,640;640;640,0.000000000000,0.564326350282,0.000000000000,1.000000000000,0.000000000000,0.500000000000,0.232291666667,0.543750000000,0.543750000000,1.000000000000,160;160;160
5,force_relevant_eviction,2.172473400676,0.312500000000,1.407447787653,-0.518750000000,1.000000000000,0.699166666667,1.000000000000,320;320;320;320;320;320;480,entity:160;160;160;160;160;160;0|value:160;160;160;160;160;160;0|filler:0;0;0;0;0;0;0|query_marker:0;0;0;0;0;0;160|query_entity:0;0;0;0;0;0;160|context:0;0;0;0;0;0;160,kv_annealed_retention,0.987641155602,0.342386285579,0.654886285579,0.285773961519,0.683024329079,0.341989365530,-0.175966794372,-0.410893729651,30;42;88,712;592;374,0.000000000000,0.664279863091,0.000000000000,0.873958333333,0.126041666667,0.450000000000,0.411458333333,0.168750000000,0.168750000000,1.808353808354,196;147;89
5,permuted_context_labels,1.813114987637,0.556250000000,1.048089374614,-0.275000000000,1.000000000000,0.445833333333,1.000000000000,320;320;320;320;320;320;480,entity:160;160;160;160;160;160;0|value:160;160;160;160;160;160;0|filler:0;0;0;0;0;0;0|query_marker:0;0;0;0;0;0;160|query_entity:0;0;0;0;0;0;160|context:0;0;0;0;0;0;160,kv_annealed_retention,0.814343379728,0.375767776191,0.659101109524,0.375761802277,0.509726553205,0.375370856142,-0.171751970427,-0.320905888894,33;59;68,420;348;302,0.000000000000,0.663471119100,0.000000000000,0.557291666667,0.442708333333,0.131250000000,0.089583333333,0.318750000000,0.318750000000,2.388753056235,52;38;36
5,disable_retention_skip,1.314839701613,0.662500000000,0.549814088591,-0.168750000000,1.000000000000,0.800000000000,1.000000000000,320;320;320;320;320;320;480,entity:160;160;160;160;160;160;0|value:160;160;160;160;160;160;0|filler:0;0;0;0;0;0;0|query_marker:0;0;0;0;0;0;160|query_entity:0;0;0;0;0;0;160|context:0;0;0;0;0;0;160,kv_annealed_retention,0.574663387267,0.170683067695,0.833183067695,0.563507549339,0.270046560744,0.170286147646,0.002329987744,-0.133160141831,52;56;52,762;616;542,0.000000000000,0.574925641332,0.000000000000,1.000000000000,0.000000000000,0.500000000000,0.201041666667,0.606250000000,0.606250000000,1.406250000000,221;148;111
5,no_workspace_writes,1.791759469228,0.187500000000,1.026733856206,-0.643750000000,1.000000000000,0.588333333333,1.000000000000,320;320;320;320;320;320;480,entity:160;160;160;160;160;160;0|value:160;160;160;160;160;160;0|filler:0;0;0;0;0;0;0|query_marker:0;0;0;0;0;0;160|query_entity:0;0;0;0;0;0;160|context:0;0;0;0;0;0;160,kv_annealed_retention,0.833333333333,0.020833333333,0.166666666667,0.166666666667,0.528716506811,0.020436413284,-0.664186413284,-0.530001024504,160;0;0,1412;0;0,0.000000000000,1.057685690241,0.000000000000,0.735416666667,0.264583333333,0.000000000000,0.000000000000,0.000000000000,0.000000000000,0.000000000000,0;0;0
5,no_workspace_persistence,1.791759469228,0.187500000000,1.026733856206,-0.643750000000,1.000000000000,0.588333333333,1.000000000000,320;320;320;320;320;320;480,entity:160;160;160;160;160;160;0|value:160;160;160;160;160;160;0|filler:0;0;0;0;0;0;0|query_marker:0;0;0;0;0;0;160|query_entity:0;0;0;0;0;0;160|context:0;0;0;0;0;0;160,kv_annealed_retention,0.833333333333,0.020833333333,0.166666666667,0.166666666667,0.528716506811,0.020436413284,-0.664186413284,-0.530001024504,160;0;0,1412;0;0,0.000000000000,1.057685690241,0.000000000000,0.735416666667,0.264583333333,0.000000000000,0.000000000000,0.000000000000,0.000000000000,0.000000000000,0;0;0
5,no_mechanism_output,1.791759469228,0.187500000000,1.026733856206,-0.643750000000,1.000000000000,0.557500000000,1.000000000000,320;320;320;320;320;320;480,entity:160;160;160;160;160;160;0|value:160;160;160;160;160;160;0|filler:0;0;0;0;0;0;0|query_marker:0;0;0;0;0;0;160|query_entity:0;0;0;0;0;0;160|context:0;0;0;0;0;0;160,kv_annealed_retention,0.833333333333,0.020833333333,0.166666666667,0.166666666667,0.528716506811,0.020436413284,-0.664186413284,-0.530001024504,49;53;58,452;438;448,0.000000000000,0.628004199374,0.000000000000,0.696875000000,0.303125000000,0.196875000000,0.087500000000,0.800000000000,0.800000000000,2.304166666667,66;59;64
6,intact,0.007941140960,1.000000000000,0.000000000000,0.000000000000,1.000000000000,0.511666666667,1.000000000000,320;320;320;320;320;320;480,entity:160;160;160;160;160;160;0|value:160;160;160;160;160;160;0|filler:0;0;0;0;0;0;0|query_marker:0;0;0;0;0;0;160|query_entity:0;0;0;0;0;0;160|context:0;0;0;0;0;0;160,kv_annealed_retention,0.000075722288,0.007909508813,0.992090491187,0.992090491187,0.000000000000,0.000000000000,0.000000000000,0.000000000000,46;60;54,382;422;424,0.000000000000,0.571905439704,0.000000000000,0.639583333333,0.360416666667,0.139583333333,0.000000000000,1.000000000000,1.000000000000,2.400000000000,31;51;52
6,zero_query_context,2.475161710143,0.618750000000,2.467220569183,-0.381250000000,1.000000000000,0.800000000000,1.000000000000,320;320;320;320;320;320;480,entity:160;160;160;160;160;160;0|value:160;160;160;160;160;160;0|filler:0;0;0;0;0;0;0|query_marker:0;0;0;0;0;0;160|query_entity:0;0;0;0;0;0;160|context:0;0;0;0;0;0;160,kv_annealed_retention,0.755369489529,0.373347679842,0.992097679842,0.614450732994,0.755293767241,0.365438171030,0.000007188655,-0.377639758194,54;51;55,640;640;640,0.000000000000,0.990096884828,0.000000000000,1.000000000000,0.000000000000,0.500000000000,0.230208333333,0.562500000000,0.562500000000,1.000000000000,160;160;160
6,randomized_retention_actions,3.405874745199,0.325000000000,3.397933604238,-0.675000000000,1.000000000000,0.686666666667,1.000000000000,320;320;320;320;320;320;480,entity:160;160;160;160;160;160;0|value:160;160;160;160;160;160;0|filler:0;0;0;0;0;0;0|query_marker:0;0;0;0;0;0;160|query_entity:0;0;0;0;0;0;160|context:0;0;0;0;0;0;160,kv_annealed_retention,1.120752837734,0.448433768628,0.765100435294,0.319334774244,1.120677115446,0.440524259815,-0.226990055893,-0.672755716943,25;85;50,546;814;288,0.000000000000,0.678265814379,0.000000000000,0.858333333333,0.141666666667,0.571875000000,0.261458333333,0.168750000000,0.168750000000,1.712727272727,158;288;103
6,force_fifo_retention,2.475161710143,0.618750000000,2.467220569183,-0.381250000000,1.000000000000,0.800000000000,1.000000000000,320;320;320;320;320;320;480,entity:160;160;160;160;160;160;0|value:160;160;160;160;160;160;0|filler:0;0;0;0;0;0;0|query_marker:0;0;0;0;0;0;160|query_entity:0;0;0;0;0;0;160|context:0;0;0;0;0;0;160,kv_annealed_retention,0.755369489529,0.373347679842,0.992097679842,0.614450732994,0.755293767241,0.365438171030,0.000007188655,-0.377639758194,54;51;55,640;640;640,0.000000000000,0.559183421224,0.000000000000,1.000000000000,0.000000000000,0.500000000000,0.230208333333,0.562500000000,0.562500000000,1.000000000000,160;160;160
6,force_relevant_eviction,3.610134706841,0.343750000000,3.602193565881,-0.656250000000,1.000000000000,0.675000000000,1.000000000000,320;320;320;320;320;320;480,entity:160;160;160;160;160;160;0|value:160;160;160;160;160;160;0|filler:0;0;0;0;0;0;0|query_marker:0;0;0;0;0;0;160|query_entity:0;0;0;0;0;0;160|context:0;0;0;0;0;0;160,kv_annealed_retention,1.157205901966,0.504036713571,0.826953380238,0.331714520150,1.157130179678,0.496127204759,-0.165137110949,-0.660375971037,24;64;72,750;566;304,0.000000000000,0.758380231194,0.000000000000,0.843750000000,0.156250000000,0.428125000000,0.401041666667,0.200000000000,0.200000000000,1.744360902256,215;132;64
6,permuted_context_labels,3.056070888843,0.368750000000,3.048129747883,-0.631250000000,1.000000000000,0.419166666667,1.000000000000,320;320;320;320;320;320;480,entity:160;160;160;160;160;160;0|value:160;160;160;160;160;160;0|filler:0;0;0;0;0;0;0|query_marker:0;0;0;0;0;0;160|query_entity:0;0;0;0;0;0;160|context:0;0;0;0;0;0;160,kv_annealed_retention,0.999648193297,0.442744162139,0.811494162139,0.402845771839,0.999572471009,0.434834653326,-0.180596329049,-0.589244719348,52;44;64,370;362;274,0.000000000000,0.736091320827,0.000000000000,0.523958333333,0.476041666667,0.071875000000,0.055208333333,0.275000000000,0.275000000000,2.790322580645,25;26;18
6,disable_retention_skip,1.786244363443,0.725000000000,1.778303222483,-0.275000000000,1.000000000000,0.800000000000,1.000000000000,320;320;320;320;320;320;480,entity:160;160;160;160;160;160;0|value:160;160;160;160;160;160;0|filler:0;0;0;0;0;0;0|query_marker:0;0;0;0;0;0;160|query_entity:0;0;0;0;0;0;160|context:0;0;0;0;0;0;160,kv_annealed_retention,0.544890556669,0.267111124828,0.992111124828,0.719703516175,0.544814834381,0.259201616016,0.000020633641,-0.272386975012,45;51;64,762;646;512,0.000000000000,0.541621563973,0.000000000000,1.000000000000,0.000000000000,0.500000000000,0.180208333333,0.668750000000,0.668750000000,1.277083333333,221;163;96
6,no_workspace_writes,1.791759469228,0.225000000000,1.783818328268,-0.775000000000,1.000000000000,0.572500000000,1.000000000000,320;320;320;320;320;320;480,entity:160;160;160;160;160;160;0|value:160;160;160;160;160;160;0|filler:0;0;0;0;0;0;0|query_marker:0;0;0;0;0;0;160|query_entity:0;0;0;0;0;0;160|context:0;0;0;0;0;0;160,kv_annealed_retention,0.833333333333,0.058333333333,0.166666666667,0.166666666667,0.833257611045,0.050423824521,-0.825423824521,-0.825423824521,160;0;0,1374;0;0,0.000000000000,1.170360693624,0.000000000000,0.715625000000,0.284375000000,0.000000000000,0.000000000000,0.000000000000,0.000000000000,0.000000000000,0;0;0
6,no_workspace_persistence,1.791759469228,0.225000000000,1.783818328268,-0.775000000000,1.000000000000,0.572500000000,1.000000000000,320;320;320;320;320;320;480,entity:160;160;160;160;160;160;0|value:160;160;160;160;160;160;0|filler:0;0;0;0;0;0;0|query_marker:0;0;0;0;0;0;160|query_entity:0;0;0;0;0;0;160|context:0;0;0;0;0;0;160,kv_annealed_retention,0.833333333333,0.058333333333,0.166666666667,0.166666666667,0.833257611045,0.050423824521,-0.825423824521,-0.825423824521,160;0;0,1374;0;0,0.000000000000,1.170360693624,0.000000000000,0.715625000000,0.284375000000,0.000000000000,0.000000000000,0.000000000000,0.000000000000,0.000000000000,0;0;0
6,no_mechanism_output,1.791759469228,0.225000000000,1.783818328268,-0.775000000000,1.000000000000,0.511666666667,1.000000000000,320;320;320;320;320;320;480,entity:160;160;160;160;160;160;0|value:160;160;160;160;160;160;0|filler:0;0;0;0;0;0;0|query_marker:0;0;0;0;0;0;160|query_entity:0;0;0;0;0;0;160|context:0;0;0;0;0;0;160,kv_annealed_retention,0.833333333333,0.058333333333,0.166666666667,0.166666666667,0.833257611045,0.050423824521,-0.825423824521,-0.825423824521,46;60;54,382;422;424,0.000000000000,0.571905439704,0.000000000000,0.639583333333,0.360416666667,0.139583333333,0.000000000000,1.000000000000,1.000000000000,2.400000000000,31;51;52
7,intact,0.010216270898,1.000000000000,0.000000000000,0.000000000000,1.000000000000,0.526666666667,1.000000000000,320;320;320;320;320;320;480,entity:160;160;160;160;160;160;0|value:160;160;160;160;160;160;0|filler:0;0;0;0;0;0;0|query_marker:0;0;0;0;0;0;160|query_entity:0;0;0;0;0;0;160|context:0;0;0;0;0;0;160,kv_annealed_retention,0.000124997263,0.010164135013,0.989835864987,0.989835864987,0.000000000000,0.000000000000,0.000000000000,0.000000000000,51;53;56,420;436;408,0.000000000000,0.442757334887,0.000000000000,0.658333333333,0.341666666667,0.158333333333,0.000000000000,1.000000000000,1.000000000000,2.545833333333,50;58;44
7,zero_query_context,2.696733936273,0.568750000000,2.686517665375,-0.431250000000,1.000000000000,0.800000000000,1.000000000000,320;320;320;320;320;320;480,entity:160;160;160;160;160;160;0|value:160;160;160;160;160;160;0|filler:0;0;0;0;0;0;0|query_marker:0;0;0;0;0;0;160|query_entity:0;0;0;0;0;0;160|context:0;0;0;0;0;0;160,kv_annealed_retention,0.852045766192,0.421051463541,0.989801463541,0.563841505740,0.851920768929,0.410887328528,-0.000034401447,-0.425994359247,51;56;53,640;640;640,0.000000000000,0.991807573525,0.000000000000,1.000000000000,0.000000000000,0.500000000000,0.259375000000,0.481250000000,0.481250000000,1.000000000000,160;160;160
7,randomized_retention_actions,3.465152738062,0.387500000000,3.454936467164,-0.612500000000,1.000000000000,0.700833333333,1.000000000000,320;320;320;320;320;320;480,entity:160;160;160;160;160;160;0|value:160;160;160;160;160;160;0|filler:0;0;0;0;0;0;0|query_marker:0;0;0;0;0;0;160|query_entity:0;0;0;0;0;0;160|context:0;0;0;0;0;0;160,kv_annealed_retention,1.157590301088,0.549176663874,0.809593330540,0.321995010964,1.157465303825,0.539012528861,-0.180242534447,-0.667840854023,24;95;41,424;992;266,0.000000000000,0.634977180114,0.000000000000,0.876041666667,0.123958333333,0.604166666667,0.300000000000,0.218750000000,0.218750000000,1.505747126437,111;373;96
7,force_fifo_retention,2.696733936273,0.568750000000,2.686517665375,-0.431250000000,1.000000000000,0.800000000000,1.000000000000,320;320;320;320;320;320;480,entity:160;160;160;160;160;160;0|value:160;160;160;160;160;160;0|filler:0;0;0;0;0;0;0|query_marker:0;0;0;0;0;0;160|query_entity:0;0;0;0;0;0;160|context:0;0;0;0;0;0;160,kv_annealed_retention,0.852045766192,0.421051463541,0.989801463541,0.563841505740,0.851920768929,0.410887328528,-0.000034401447,-0.425994359247,51;56;53,640;640;640,0.000000000000,0.483311693970,0.000000000000,1.000000000000,0.000000000000,0.500000000000,0.259375000000,0.481250000000,0.481250000000,1.000000000000,160;160;160
7,force_relevant_eviction,3.838767679031,0.268750000000,3.828551408132,-0.731250000000,1.000000000000,0.710833333333,1.000000000000,320;320;320;320;320;320;480,entity:160;160;160;160;160;160;0|value:160;160;160;160;160;160;0|filler:0;0;0;0;0;0;0|query_marker:0;0;0;0;0;0;160|query_entity:0;0;0;0;0;0;160|context:0;0;0;0;0;0;160,kv_annealed_retention,1.258959981251,0.587230660275,0.855980660275,0.294262458414,1.258834983988,0.577066525262,-0.133855204712,-0.695573406573,33;50;77,696;632;378,0.000000000000,0.628160791414,0.000000000000,0.888541666667,0.111458333333,0.447916666667,0.418750000000,0.150000000000,0.150000000000,1.817966903073,188;164;78
7,permuted_context_labels,3.798546001235,0.387500000000,3.788329730336,-0.612500000000,1.000000000000,0.427500000000,1.000000000000,320;320;320;320;320;320;480,entity:160;160;160;160;160;160;0|value:160;160;160;160;160;160;0|filler:0;0;0;0;0;0;0|query_marker:0;0;0;0;0;0;160|query_entity:0;0;0;0;0;0;160|context:0;0;0;0;0;0;160,kv_annealed_retention,1.209863383543,0.602209275208,0.989709275208,0.384841638166,1.209738386280,0.592045140195,-0.000126589779,-0.604994226821,65;47;48,368;358;300,0.000000000000,0.635907243063,0.000000000000,0.534375000000,0.465625000000,0.071875000000,0.056250000000,0.268750000000,0.268750000000,2.774774774775,24;24;21
7,disable_retention_skip,2.072494008046,0.668750000000,2.062277737148,-0.331250000000,1.000000000000,0.800000000000,1.000000000000,320;320;320;320;320;320;480,entity:160;160;160;160;160;160;0|value:160;160;160;160;160;160;0|filler:0;0;0;0;0;0;0|query_marker:0;0;0;0;0;0;160|query_entity:0;0;0;0;0;0;160|context:0;0;0;0;0;0;160,kv_annealed_retention,0.654546905969,0.321093137384,0.989843137384,0.662632084458,0.654421908706,0.310929002371,0.000007272397,-0.327203780529,59;51;50,766;640;514,0.000000000000,0.458013966150,0.000000000000,1.000000000000,0.000000000000,0.500000000000,0.193750000000,0.581250000000,0.581250000000,1.272916666667,223;160;97
7,no_workspace_writes,1.791759469228,0.237500000000,1.781543198330,-0.762500000000,1.000000000000,0.623333333333,1.000000000000,320;320;320;320;320;320;480,entity:160;160;160;160;160;160;0|value:160;160;160;160;160;160;0|filler:0;0;0;0;0;0;0|query_marker:0;0;0;0;0;0;160|query_entity:0;0;0;0;0;0;160|context:0;0;0;0;0;0;160,kv_annealed_retention,0.833333333333,0.070833333333,0.166666666667,0.166666666667,0.833208336071,0.060669198320,-0.823169198320,-0.823169198320,160;0;0,1496;0;0,0.000000000000,1.059529821901,0.000000000000,0.779166666667,0.220833333333,0.000000000000,0.000000000000,0.000000000000,0.000000000000,0.000000000000,0;0;0
7,no_workspace_persistence,1.791759469228,0.237500000000,1.781543198330,-0.762500000000,1.000000000000,0.623333333333,1.000000000000,320;320;320;320;320;320;480,entity:160;160;160;160;160;160;0|value:160;160;160;160;160;160;0|filler:0;0;0;0;0;0;0|query_marker:0;0;0;0;0;0;160|query_entity:0;0;0;0;0;0;160|context:0;0;0;0;0;0;160,kv_annealed_retention,0.833333333333,0.070833333333,0.166666666667,0.166666666667,0.833208336071,0.060669198320,-0.823169198320,-0.823169198320,160;0;0,1496;0;0,0.000000000000,1.059529821901,0.000000000000,0.779166666667,0.220833333333,0.000000000000,0.000000000000,0.000000000000,0.000000000000,0.000000000000,0;0;0
7,no_mechanism_output,1.791759469228,0.237500000000,1.781543198330,-0.762500000000,1.000000000000,0.526666666667,1.000000000000,320;320;320;320;320;320;480,entity:160;160;160;160;160;160;0|value:160;160;160;160;160;160;0|filler:0;0;0;0;0;0;0|query_marker:0;0;0;0;0;0;160|query_entity:0;0;0;0;0;0;160|context:0;0;0;0;0;0;160,kv_annealed_retention,0.833333333333,0.070833333333,0.166666666667,0.166666666667,0.833208336071,0.060669198320,-0.823169198320,-0.823169198320,51;53;56,420;436;408,0.000000000000,0.442757334887,0.000000000000,0.658333333333,0.341666666667,0.158333333333,0.000000000000,1.000000000000,1.000000000000,2.545833333333,50;58;44
8,intact,0.005206580445,1.000000000000,0.000000000000,0.000000000000,1.000000000000,0.485833333333,1.000000000000,320;320;320;320;320;320;480,entity:160;160;160;160;160;160;0|value:160;160;160;160;160;160;0|filler:0;0;0;0;0;0;0|query_marker:0;0;0;0;0;0;160|query_entity:0;0;0;0;0;0;160|context:0;0;0;0;0;0;160,kv_annealed_retention,0.000032471844,0.005193040622,0.994806959378,0.994806959378,0.000000000000,0.000000000000,0.000000000000,0.000000000000,44;50;66,380;392;394,0.000000000000,0.541373605809,0.000000000000,0.607291666667,0.392708333333,0.107291666667,0.000000000000,1.000000000000,1.000000000000,2.510416666667,30;36;37
8,zero_query_context,3.128466364048,0.543750000000,3.123259783603,-0.456250000000,1.000000000000,0.400000000000,1.000000000000,320;320;320;320;320;320;480,entity:160;160;160;160;160;160;0|value:160;160;160;160;160;160;0|filler:0;0;0;0;0;0;0|query_marker:0;0;0;0;0;0;160|query_entity:0;0;0;0;0;0;160|context:0;0;0;0;0;0;160,kv_annealed_retention,0.906823271958,0.451066160302,0.994816160302,0.541420703370,0.906790800114,0.445873119679,0.000009200924,-0.453386256008,49;55;56,320;320;320,0.000000000000,0.941979400988,0.000000000000,0.500000000000,0.500000000000,0.000000000000,0.000000000000,0.481250000000,0.481250000000,4.000000000000,0;0;0
8,randomized_retention_actions,3.051441406058,0.431250000000,3.046234825613,-0.568750000000,1.000000000000,0.722500000000,1.000000000000,320;320;320;320;320;320;480,entity:160;160;160;160;160;160;0|value:160;160;160;160;160;160;0|filler:0;0;0;0;0;0;0|query_marker:0;0;0;0;0;0;160|query_entity:0;0;0;0;0;0;160|context:0;0;0;0;0;0;160,kv_annealed_retention,0.952495757136,0.384484100427,0.813650767094,0.428561407297,0.952463285292,0.379291059805,-0.181156192284,-0.566245552081,26;80;54,594;816;324,0.000000000000,0.657309877812,0.000000000000,0.903125000000,0.096875000000,0.622916666667,0.282291666667,0.337500000000,0.337500000000,1.364312267658,188;299;111
8,force_fifo_retention,3.003373008515,0.562500000000,2.998166428070,-0.437500000000,1.000000000000,0.800000000000,1.000000000000,320;320;320;320;320;320;480,entity:160;160;160;160;160;160;0|value:160;160;160;160;160;160;0|filler:0;0;0;0;0;0;0|query_marker:0;0;0;0;0;0;160|query_entity:0;0;0;0;0;0;160|context:0;0;0;0;0;0;160,kv_annealed_retention,0.869550910622,0.432294152537,0.994794152537,0.560035013081,0.869518438778,0.427101111914,-0.000012806841,-0.434771946297,56;48;56,640;640;640,0.000000000000,0.495668515321,0.000000000000,1.000000000000,0.000000000000,0.500000000000,0.252083333333,0.518750000000,0.518750000000,1.000000000000,160;160;160
8,force_relevant_eviction,3.596087276925,0.337500000000,3.590880696479,-0.662500000000,1.000000000000,0.665833333333,1.000000000000,320;320;320;320;320;320;480,entity:160;160;160;160;160;160;0|value:160;160;160;160;160;160;0|filler:0;0;0;0;0;0;0|query_marker:0;0;0;0;0;0;160|query_entity:0;0;0;0;0;0;160|context:0;0;0;0;0;0;160,kv_annealed_retention,1.131997204883,0.471360083059,0.746360083059,0.305372874293,1.131964733039,0.466167042437,-0.248446876319,-0.689434085085,17;70;73,766;546;286,0.000000000000,0.737986431134,0.000000000000,0.832291666667,0.167708333333,0.444791666667,0.415625000000,0.193750000000,0.193750000000,1.779569892473,223;131;73
8,permuted_context_labels,2.748798433432,0.175000000000,2.743591852987,-0.825000000000,1.000000000000,0.321666666667,1.000000000000,320;320;320;320;320;320;480,entity:160;160;160;160;160;160;0|value:160;160;160;160;160;160;0|filler:0;0;0;0;0;0;0|query_marker:0;0;0;0;0;0;160|query_entity:0;0;0;0;0;0;160|context:0;0;0;0;0;0;160,kv_annealed_retention,0.976063156827,0.343617671270,0.518617671270,0.270176379672,0.976030684983,0.338424630648,-0.476189288108,-0.724630579706,27;57;76,332;270;170,0.000000000000,0.832501770689,0.000000000000,0.402083333333,0.597916666667,0.050000000000,0.020833333333,0.137500000000,0.137500000000,2.852071005917,11;20;17
8,disable_retention_skip,2.360734073240,0.656250000000,2.355527492795,-0.343750000000,1.000000000000,0.800000000000,1.000000000000,320;320;320;320;320;320;480,entity:160;160;160;160;160;160;0|value:160;160;160;160;160;160;0|filler:0;0;0;0;0;0;0|query_marker:0;0;0;0;0;0;160|query_entity:0;0;0;0;0;0;160|context:0;0;0;0;0;0;160,kv_annealed_retention,0.683239948117,0.338555465636,0.994805465636,0.653201738799,0.683207476273,0.333362425014,-0.000001493741,-0.341605220579,53;52;55,780;634;506,0.000000000000,0.474803280211,0.000000000000,1.000000000000,0.000000000000,0.500000000000,0.185416666667,0.618750000000,0.618750000000,1.322916666667,230;157;93
8,no_workspace_writes,1.791759469228,0.218750000000,1.786552888783,-0.781250000000,1.000000000000,0.552500000000,1.000000000000,320;320;320;320;320;320;480,entity:160;160;160;160;160;160;0|value:160;160;160;160;160;160;0|filler:0;0;0;0;0;0;0|query_marker:0;0;0;0;0;0;160|query_entity:0;0;0;0;0;0;160|context:0;0;0;0;0;0;160,kv_annealed_retention,0.833333333333,0.052083333333,0.166666666667,0.166666666667,0.833300861489,0.046890292711,-0.828140292711,-0.828140292711,160;0;0,1326;0;0,0.000000000000,1.147323574471,0.000000000000,0.690625000000,0.309375000000,0.000000000000,0.000000000000,0.000000000000,0.000000000000,0.000000000000,0;0;0
8,no_workspace_persistence,1.791759469228,0.218750000000,1.786552888783,-0.781250000000,1.000000000000,0.552500000000,1.000000000000,320;320;320;320;320;320;480,entity:160;160;160;160;160;160;0|value:160;160;160;160;160;160;0|filler:0;0;0;0;0;0;0|query_marker:0;0;0;0;0;0;160|query_entity:0;0;0;0;0;0;160|context:0;0;0;0;0;0;160,kv_annealed_retention,0.833333333333,0.052083333333,0.166666666667,0.166666666667,0.833300861489,0.046890292711,-0.828140292711,-0.828140292711,160;0;0,1326;0;0,0.000000000000,1.147323574471,0.000000000000,0.690625000000,0.309375000000,0.000000000000,0.000000000000,0.000000000000,0.000000000000,0.000000000000,0;0;0
8,no_mechanism_output,1.791759469228,0.218750000000,1.786552888783,-0.781250000000,1.000000000000,0.485833333333,1.000000000000,320;320;320;320;320;320;480,entity:160;160;160;160;160;160;0|value:160;160;160;160;160;160;0|filler:0;0;0;0;0;0;0|query_marker:0;0;0;0;0;0;160|query_entity:0;0;0;0;0;0;160|context:0;0;0;0;0;0;160,kv_annealed_retention,0.833333333333,0.052083333333,0.166666666667,0.166666666667,0.833300861489,0.046890292711,-0.828140292711,-0.828140292711,44;50;66,380;392;394,0.000000000000,0.541373605809,0.000000000000,0.607291666667,0.392708333333,0.107291666667,0.000000000000,1.000000000000,1.000000000000,2.510416666667,30;36;37
9,intact,0.011261046572,1.000000000000,0.000000000000,0.000000000000,1.000000000000,0.569166666667,1.000000000000,320;320;320;320;320;320;480,entity:160;160;160;160;160;160;0|value:160;160;160;160;160;160;0|filler:0;0;0;0;0;0;0|query_marker:0;0;0;0;0;0;160|query_entity:0;0;0;0;0;0;160|context:0;0;0;0;0;0;160,kv_annealed_retention,0.000152053672,0.011197494974,0.988802505026,0.988802505026,0.000000000000,0.000000000000,0.000000000000,0.000000000000,57;48;55,478;440;448,0.000000000000,0.420088926593,0.000000000000,0.711458333333,0.288541666667,0.211458333333,0.000000000000,1.000000000000,1.000000000000,2.404166666667,79;60;64
9,zero_query_context,2.736302641436,0.556250000000,2.725041594864,-0.443750000000,1.000000000000,0.400000000000,1.000000000000,320;320;320;320;320;320;480,entity:160;160;160;160;160;160;0|value:160;160;160;160;160;160;0|filler:0;0;0;0;0;0;0|query_marker:0;0;0;0;0;0;160|query_entity:0;0;0;0;0;0;160|context:0;0;0;0;0;0;160,kv_annealed_retention,0.876155694628,0.432746707108,0.988996707108,0.550992494288,0.876003640957,0.421549212134,0.000194202082,-0.437810010739,41;48;71,320;320;320,0.000000000000,0.984658270570,0.000000000000,0.500000000000,0.500000000000,0.000000000000,0.000000000000,0.487500000000,0.487500000000,4.000000000000,0;0;0
9,randomized_retention_actions,3.261783876184,0.400000000000,3.250522829612,-0.600000000000,1.000000000000,0.775000000000,1.000000000000,320;320;320;320;320;320;480,entity:160;160;160;160;160;160;0|value:160;160;160;160;160;160;0|filler:0;0;0;0;0;0;0|query_marker:0;0;0;0;0;0;160|query_entity:0;0;0;0;0;0;160|context:0;0;0;0;0;0;160,kv_annealed_retention,1.089354764775,0.492648067542,0.875981400876,0.388658508493,1.089202711103,0.481450572569,-0.112821104151,-0.600143996534,22;106;32,312;1356;192,0.000000000000,0.632738887651,0.000000000000,0.968750000000,0.031250000000,0.747916666667,0.354166666667,0.268750000000,0.268750000000,0.702830188679,104;550;64
9,force_fifo_retention,2.516437895072,0.587500000000,2.505176848500,-0.412500000000,1.000000000000,0.800000000000,1.000000000000,320;320;320;320;320;320;480,entity:160;160;160;160;160;160;0|value:160;160;160;160;160;160;0|filler:0;0;0;0;0;0;0|query_marker:0;0;0;0;0;0;160|query_entity:0;0;0;0;0;0;160|context:0;0;0;0;0;0;160,kv_annealed_retention,0.814195634315,0.401426585078,0.988926585078,0.581903210088,0.814043580643,0.390229090104,0.000124080052,-0.406899294938,50;53;57,640;640;640,0.000000000000,0.446309942328,0.000000000000,1.000000000000,0.000000000000,0.500000000000,0.244791666667,0.512500000000,0.512500000000,1.000000000000,160;160;160
9,force_relevant_eviction,3.342769731282,0.362500000000,3.331508684710,-0.637500000000,1.000000000000,0.729166666667,1.000000000000,320;320;320;320;320;320;480,entity:160;160;160;160;160;160;0|value:160;160;160;160;160;160;0|filler:0;0;0;0;0;0;0|query_marker:0;0;0;0;0;0;160|query_entity:0;0;0;0;0;0;160|context:0;0;0;0;0;0;160,kv_annealed_retention,1.108902560724,0.518674899555,0.881174899555,0.381473638558,1.108750507053,0.507477404582,-0.107627605471,-0.607328866468,39;70;51,704;618;428,0.000000000000,0.513468419066,0.000000000000,0.911458333333,0.088541666667,0.468750000000,0.408333333333,0.212500000000,0.212500000000,1.854117647059,192;157;101
9,permuted_context_labels,2.964210005672,0.500000000000,2.952948959100,-0.500000000000,1.000000000000,0.457500000000,1.000000000000,320;320;320;320;320;320;480,entity:160;160;160;160;160;160;0|value:160;160;160;160;160;160;0|filler:0;0;0;0;0;0;0|query_marker:0;0;0;0;0;0;160|query_entity:0;0;0;0;0;0;160|context:0;0;0;0;0;0;160,kv_annealed_retention,1.030756445905,0.533122672097,0.726872672097,0.344357211352,1.030604392234,0.521925177124,-0.261929832929,-0.644445293674,43;68;49,396;362;340,0.000000000000,0.474940800283,0.000000000000,0.571875000000,0.428125000000,0.161458333333,0.109375000000,0.218750000000,0.218750000000,2.868020304569,40;54;61
9,disable_retention_skip,1.416098452703,0.768750000000,1.404837406131,-0.231250000000,1.000000000000,0.800000000000,1.000000000000,320;320;320;320;320;320;480,entity:160;160;160;160;160;160;0|value:160;160;160;160;160;160;0|filler:0;0;0;0;0;0;0|query_marker:0;0;0;0;0;0;160|query_entity:0;0;0;0;0;0;160|context:0;0;0;0;0;0;160,kv_annealed_retention,0.456484829323,0.220111266268,0.988861266268,0.760694139238,0.456332775652,0.208913771294,0.000058761241,-0.228108365789,53;51;56,792;618;510,0.000000000000,0.431378860982,0.000000000000,1.000000000000,0.000000000000,0.500000000000,0.143750000000,0.731250000000,0.731250000000,1.433333333333,236;149;95
9,no_workspace_writes,1.791759469228,0.225000000000,1.780498422656,-0.775000000000,1.000000000000,0.670000000000,1.000000000000,320;320;320;320;320;320;480,entity:160;160;160;160;160;160;0|value:160;160;160;160;160;160;0|filler:0;0;0;0;0;0;0|query_marker:0;0;0;0;0;0;160|query_entity:0;0;0;0;0;0;160|context:0;0;0;0;0;0;160,kv_annealed_retention,0.833333333333,0.058333333333,0.166666666667,0.166666666667,0.833181279662,0.047135838360,-0.822135838360,-0.822135838360,160;0;0,1608;0;0,0.000000000000,0.933896587135,0.000000000000,0.837500000000,0.162500000000,0.000000000000,0.000000000000,0.000000000000,0.000000000000,0.000000000000,0;0;0
9,no_workspace_persistence,1.791759469228,0.225000000000,1.780498422656,-0.775000000000,1.000000000000,0.670000000000,1.000000000000,320;320;320;320;320;320;480,entity:160;160;160;160;160;160;0|value:160;160;160;160;160;160;0|filler:0;0;0;0;0;0;0|query_marker:0;0;0;0;0;0;160|query_entity:0;0;0;0;0;0;160|context:0;0;0;0;0;0;160,kv_annealed_retention,0.833333333333,0.058333333333,0.166666666667,0.166666666667,0.833181279662,0.047135838360,-0.822135838360,-0.822135838360,160;0;0,1608;0;0,0.000000000000,0.933896587135,0.000000000000,0.837500000000,0.162500000000,0.000000000000,0.000000000000,0.000000000000,0.000000000000,0.000000000000,0;0;0
9,no_mechanism_output,1.791759469228,0.225000000000,1.780498422656,-0.775000000000,1.000000000000,0.569166666667,1.000000000000,320;320;320;320;320;320;480,entity:160;160;160;160;160;160;0|value:160;160;160;160;160;160;0|filler:0;0;0;0;0;0;0|query_marker:0;0;0;0;0;0;160|query_entity:0;0;0;0;0;0;160|context:0;0;0;0;0;0;160,kv_annealed_retention,0.833333333333,0.058333333333,0.166666666667,0.166666666667,0.833181279662,0.047135838360,-0.822135838360,-0.822135838360,57;48;55,478;440;448,0.000000000000,0.420088926593,0.000000000000,0.711458333333,0.288541666667,0.211458333333,0.000000000000,1.000000000000,1.000000000000,2.404166666667,79;60;64
10,intact,0.011019462801,1.000000000000,0.000000000000,0.000000000000,1.000000000000,0.559166666667,1.000000000000,320;320;320;320;320;320;480,entity:160;160;160;160;160;160;0|value:160;160;160;160;160;160;0|filler:0;0;0;0;0;0;0|query_marker:0;0;0;0;0;0;160|query_entity:0;0;0;0;0;0;160|context:0;0;0;0;0;0;160,kv_annealed_retention,0.000145393201,0.010958593799,0.989041406201,0.989041406201,0.000000000000,0.000000000000,0.000000000000,0.000000000000,50;57;53,442;452;448,0.000000000000,0.432061577848,0.000000000000,0.698958333333,0.301041666667,0.198958333333,0.000000000000,1.000000000000,1.000000000000,2.437500000000,61;66;64
10,zero_query_context,2.983479311835,0.512500000000,2.972459849034,-0.487500000000,1.000000000000,0.400000000000,1.000000000000,320;320;320;320;320;320;480,entity:160;160;160;160;160;160;0|value:160;160;160;160;160;160;0|filler:0;0;0;0;0;0;0|query_marker:0;0;0;0;0;0;160|query_entity:0;0;0;0;0;0;160|context:0;0;0;0;0;0;160,kv_annealed_retention,0.962033238078,0.476414929880,0.988914929880,0.507972649187,0.961887844877,0.465456336082,-0.000126476321,-0.481068757015,56;49;55,320;320;320,0.000000000000,0.984955296450,0.000000000000,0.500000000000,0.500000000000,0.000000000000,0.000000000000,0.443750000000,0.443750000000,4.000000000000,0;0;0
10,randomized_retention_actions,3.249624022317,0.412500000000,3.238604559516,-0.587500000000,1.000000000000,0.760000000000,1.000000000000,320;320;320;320;320;320;480,entity:160;160;160;160;160;160;0|value:160;160;160;160;160;160;0|filler:0;0;0;0;0;0;0|query_marker:0;0;0;0;0;0;160|query_entity:0;0;0;0;0;0;160|context:0;0;0;0;0;0;160,kv_annealed_retention,1.090553446482,0.506464567582,0.850214567582,0.375311395037,1.090408053281,0.495505973783,-0.138826838619,-0.613730011164,27;107;26,360;1308;156,0.000000000000,0.615654821524,0.000000000000,0.950000000000,0.050000000000,0.720833333333,0.333333333333,0.237500000000,0.237500000000,0.954545454545,120;520;52
10,force_fifo_retention,2.412487645225,0.606250000000,2.401468182424,-0.393750000000,1.000000000000,0.800000000000,1.000000000000,320;320;320;320;320;320;480,entity:160;160;160;160;160;160;0|value:160;160;160;160;160;160;0|filler:0;0;0;0;0;0;0|query_marker:0;0;0;0;0;0;160|query_entity:0;0;0;0;0;0;160|context:0;0;0;0;0;0;160,kv_annealed_retention,0.777096784501,0.382717429911,0.988967429911,0.600492693354,0.776951391300,0.371758836112,-0.000073976291,-0.388548712848,44;67;49,640;640;640,0.000000000000,0.429723945210,0.000000000000,1.000000000000,0.000000000000,0.500000000000,0.239583333333,0.556250000000,0.556250000000,1.000000000000,160;160;160
10,force_relevant_eviction,3.346252357521,0.343750000000,3.335232894720,-0.656250000000,1.000000000000,0.725833333333,1.000000000000,320;320;320;320;320;320;480,entity:160;160;160;160;160;160;0|value:160;160;160;160;160;160;0|filler:0;0;0;0;0;0;0|query_marker:0;0;0;0;0;0;160|query_entity:0;0;0;0;0;0;160|context:0;0;0;0;0;0;160,kv_annealed_retention,1.117091640219,0.516739943041,0.860489943041,0.367110303168,1.116946247018,0.505781349242,-0.128551463160,-0.621931103034,37;58;65,686;596;460,0.000000000000,0.503133074534,0.000000000000,0.907291666667,0.092708333333,0.467708333333,0.413541666667,0.162500000000,0.162500000000,1.945497630332,183;150;116
10,permuted_context_labels,2.660215002487,0.375000000000,2.649195539687,-0.625000000000,1.000000000000,0.500000000000,1.000000000000,320;320;320;320;320;320;480,entity:160;160;160;160;160;160;0|value:160;160;160;160;160;160;0|filler:0;0;0;0;0;0;0|query_marker:0;0;0;0;0;0;160|query_entity:0;0;0;0;0;0;160|context:0;0;0;0;0;0;160,kv_annealed_retention,0.927231683392,0.392957230455,0.767957230455,0.416374555168,0.927086290191,0.381998636656,-0.221084175746,-0.572666851034,44;52;64,440;390;370,0.000000000000,0.476870250354,0.000000000000,0.625000000000,0.375000000000,0.193750000000,0.121875000000,0.268750000000,0.268750000000,2.526570048309,63;55;68
10,disable_retention_skip,1.721354347563,0.718750000000,1.710334884762,-0.281250000000,1.000000000000,0.800000000000,1.000000000000,320;320;320;320;320;320;480,entity:160;160;160;160;160;160;0|value:160;160;160;160;160;160;0|filler:0;0;0;0;0;0;0|query_marker:0;0;0;0;0;0;160|query_entity:0;0;0;0;0;0;160|context:0;0;0;0;0;0;160,kv_annealed_retention,0.555107329969,0.270294141939,0.989044141939,0.711563156771,0.554961936768,0.259335548140,0.000002735738,-0.277478249430,64;30;66,750;644;526,0.000000000000,0.432100422736,0.000000000000,1.000000000000,0.000000000000,0.500000000000,0.156250000000,0.700000000000,0.700000000000,1.372916666667,215;162;103
10,no_workspace_writes,1.791759469228,0.218750000000,1.780740006427,-0.781250000000,1.000000000000,0.650000000000,1.000000000000,320;320;320;320;320;320;480,entity:160;160;160;160;160;160;0|value:160;160;160;160;160;160;0|filler:0;0;0;0;0;0;0|query_marker:0;0;0;0;0;0;160|query_entity:0;0;0;0;0;0;160|context:0;0;0;0;0;0;160,kv_annealed_retention,0.833333333333,0.052083333333,0.166666666667,0.166666666667,0.833187940132,0.041124739535,-0.822374739535,-0.822374739535,160;0;0,1560;0;0,0.000000000000,0.911566612070,0.000000000000,0.812500000000,0.187500000000,0.000000000000,0.000000000000,0.000000000000,0.000000000000,0.000000000000,0;0;0
10,no_workspace_persistence,1.791759469228,0.218750000000,1.780740006427,-0.781250000000,1.000000000000,0.650000000000,1.000000000000,320;320;320;320;320;320;480,entity:160;160;160;160;160;160;0|value:160;160;160;160;160;160;0|filler:0;0;0;0;0;0;0|query_marker:0;0;0;0;0;0;160|query_entity:0;0;0;0;0;0;160|context:0;0;0;0;0;0;160,kv_annealed_retention,0.833333333333,0.052083333333,0.166666666667,0.166666666667,0.833187940132,0.041124739535,-0.822374739535,-0.822374739535,160;0;0,1560;0;0,0.000000000000,0.911566612070,0.000000000000,0.812500000000,0.187500000000,0.000000000000,0.000000000000,0.000000000000,0.000000000000,0.000000000000,0;0;0
10,no_mechanism_output,1.791759469228,0.218750000000,1.780740006427,-0.781250000000,1.000000000000,0.559166666667,1.000000000000,320;320;320;320;320;320;480,entity:160;160;160;160;160;160;0|value:160;160;160;160;160;160;0|filler:0;0;0;0;0;0;0|query_marker:0;0;0;0;0;0;160|query_entity:0;0;0;0;0;0;160|context:0;0;0;0;0;0;160,kv_annealed_retention,0.833333333333,0.052083333333,0.166666666667,0.166666666667,0.833187940132,0.041124739535,-0.822374739535,-0.822374739535,50;57;53,442;452;448,0.000000000000,0.432061577848,0.000000000000,0.698958333333,0.301041666667,0.198958333333,0.000000000000,1.000000000000,1.000000000000,2.437500000000,61;66;64
11,intact,1.100561109540,0.737500000000,0.000000000000,0.000000000000,1.000000000000,0.575833333333,1.000000000000,320;320;320;320;320;320;480,entity:160;160;160;160;160;160;0|value:160;160;160;160;160;160;0|filler:0;0;0;0;0;0;0|query_marker:0;0;0;0;0;0;160|query_entity:0;0;0;0;0;0;160|context:0;0;0;0;0;0;160,kv_annealed_retention,0.456315166063,0.035824950520,0.717121649700,0.538522822780,0.000000000000,0.000000000000,0.000000000000,0.000000000000,52;58;50,466;480;436,0.000000000000,0.493687887589,0.000000000000,0.719791666667,0.280208333333,0.219791666667,0.091666666667,0.668750000000,0.668750000000,2.377083333333,73;80;58
11,zero_query_context,1.348351665172,0.625000000000,0.247790555632,-0.112500000000,1.000000000000,0.800000000000,1.000000000000,320;320;320;320;320;320;480,entity:160;160;160;160;160;160;0|value:160;160;160;160;160;160;0|filler:0;0;0;0;0;0;0|query_marker:0;0;0;0;0;0;160|query_entity:0;0;0;0;0;0;160|context:0;0;0;0;0;0;160,kv_annealed_retention,0.601025428008,0.105296484244,0.730296484244,0.475167289017,0.144710261945,0.069471533724,0.013174834544,-0.063355533763,62;35;63,640;640;640,0.000000000000,0.991579364644,0.000000000000,1.000000000000,0.000000000000,0.500000000000,0.238541666667,0.556250000000,0.556250000000,1.000000000000,160;160;160
11,randomized_retention_actions,1.840426348672,0.425000000000,0.739865239132,-0.312500000000,1.000000000000,0.768333333333,1.000000000000,320;320;320;320;320;320;480,entity:160;160;160;160;160;160;0|value:160;160;160;160;160;160;0|filler:0;0;0;0;0;0;0|query_marker:0;0;0;0;0;0;160|query_entity:0;0;0;0;0;0;160|context:0;0;0;0;0;0;160,kv_annealed_retention,0.851874766322,0.274918982435,0.624918982435,0.313801038551,0.395559600259,0.239094031915,-0.092202667265,-0.224721784229,30;105;25,288;1406;150,0.000000000000,0.645572399813,0.000000000000,0.960416666667,0.039583333333,0.743750000000,0.346875000000,0.275000000000,0.275000000000,0.740384615385,96;568;50
11,force_fifo_retention,1.348351665172,0.625000000000,0.247790555632,-0.112500000000,1.000000000000,0.800000000000,1.000000000000,320;320;320;320;320;320;480,entity:160;160;160;160;160;160;0|value:160;160;160;160;160;160;0|filler:0;0;0;0;0;0;0|query_marker:0;0;0;0;0;0;160|query_entity:0;0;0;0;0;0;160|context:0;0;0;0;0;0;160,kv_annealed_retention,0.601025428008,0.105296484244,0.730296484244,0.475167289017,0.144710261945,0.069471533724,0.013174834544,-0.063355533763,62;35;63,640;640;640,0.000000000000,0.493484694391,0.000000000000,1.000000000000,0.000000000000,0.500000000000,0.238541666667,0.556250000000,0.556250000000,1.000000000000,160;160;160
11,force_relevant_eviction,2.011031763891,0.337500000000,0.910470654351,-0.400000000000,1.000000000000,0.722500000000,1.000000000000,320;320;320;320;320;320;480,entity:160;160;160;160;160;160;0|value:160;160;160;160;160;160;0|filler:0;0;0;0;0;0;0|query_marker:0;0;0;0;0;0;160|query_entity:0;0;0;0;0;0;160|context:0;0;0;0;0;0;160,kv_annealed_retention,0.927116369620,0.326070912470,0.663570912470,0.289359628512,0.470801203557,0.290245961951,-0.053550737230,-0.249163194268,30;72;58,664;610;460,0.000000000000,0.528018053082,0.000000000000,0.903125000000,0.096875000000,0.444791666667,0.402083333333,0.181250000000,0.181250000000,1.995454545455,172;151;104
11,permuted_context_labels,1.812829332928,0.487500000000,0.712268223388,-0.250000000000,1.000000000000,0.500833333333,1.000000000000,320;320;320;320;320;320;480,entity:160;160;160;160;160;160;0|value:160;160;160;160;160;160;0|filler:0;0;0;0;0;0;0|query_marker:0;0;0;0;0;0;160|query_entity:0;0;0;0;0;0;160|context:0;0;0;0;0;0;160,kv_annealed_retention,0.843234864400,0.307580123005,0.547163456338,0.288159069947,0.386919698336,0.271755172485,-0.169958193362,-0.250363752833,35;68;57,460;412;330,0.000000000000,0.503428257255,0.000000000000,0.626041666667,0.373958333333,0.208333333333,0.146875000000,0.218750000000,0.218750000000,2.336658354115,73;73;54
11,disable_retention_skip,1.248206270905,0.662500000000,0.147645161365,-0.075000000000,1.000000000000,0.800000000000,1.000000000000,320;320;320;320;320;320;480,entity:160;160;160;160;160;160;0|value:160;160;160;160;160;160;0|filler:0;0;0;0;0;0;0|query_marker:0;0;0;0;0;0;160|query_entity:0;0;0;0;0;0;160|context:0;0;0;0;0;0;160,kv_annealed_retention,0.549638483507,0.062846941815,0.724784986917,0.497138827189,0.093323317444,0.027021991295,0.007663337217,-0.041383995591,58;39;63,780;640;500,0.000000000000,0.494396414408,0.000000000000,1.000000000000,0.000000000000,0.500000000000,0.211458333333,0.600000000000,0.600000000000,1.437500000000,230;160;90
11,no_workspace_writes,1.791759469228,0.212500000000,0.691198359688,-0.525000000000,1.000000000000,0.680000000000,1.000000000000,320;320;320;320;320;320;480,entity:160;160;160;160;160;160;0|value:160;160;160;160;160;160;0|filler:0;0;0;0;0;0;0|query_marker:0;0;0;0;0;0;160|query_entity:0;0;0;0;0;0;160|context:0;0;0;0;0;0;160,kv_annealed_retention,0.833333333333,0.045833333333,0.166666666667,0.166666666667,0.377018167270,0.010008382814,-0.550454983034,-0.371856156114,160;0;0,1632;0;0,0.000000000000,0.956825056404,0.000000000000,0.850000000000,0.150000000000,0.000000000000,0.000000000000,0.000000000000,0.000000000000,0.000000000000,0;0;0
11,no_workspace_persistence,1.791759469228,0.212500000000,0.691198359688,-0.525000000000,1.000000000000,0.680000000000,1.000000000000,320;320;320;320;320;320;480,entity:160;160;160;160;160;160;0|value:160;160;160;160;160;160;0|filler:0;0;0;0;0;0;0|query_marker:0;0;0;0;0;0;160|query_entity:0;0;0;0;0;0;160|context:0;0;0;0;0;0;160,kv_annealed_retention,0.833333333333,0.045833333333,0.166666666667,0.166666666667,0.377018167270,0.010008382814,-0.550454983034,-0.371856156114,160;0;0,1632;0;0,0.000000000000,0.956825056404,0.000000000000,0.850000000000,0.150000000000,0.000000000000,0.000000000000,0.000000000000,0.000000000000,0.000000000000,0;0;0
11,no_mechanism_output,1.791759469228,0.212500000000,0.691198359688,-0.525000000000,1.000000000000,0.575833333333,1.000000000000,320;320;320;320;320;320;480,entity:160;160;160;160;160;160;0|value:160;160;160;160;160;160;0|filler:0;0;0;0;0;0;0|query_marker:0;0;0;0;0;0;160|query_entity:0;0;0;0;0;0;160|context:0;0;0;0;0;0;160,kv_annealed_retention,0.833333333333,0.045833333333,0.166666666667,0.166666666667,0.377018167270,0.010008382814,-0.550454983034,-0.371856156114,52;58;50,466;480;436,0.000000000000,0.493687887589,0.000000000000,0.719791666667,0.280208333333,0.219791666667,0.091666666667,0.668750000000,0.668750000000,2.377083333333,73;80;58
12,intact,0.011310787141,1.000000000000,0.000000000000,0.000000000000,1.000000000000,0.528333333333,1.000000000000,320;320;320;320;320;320;480,entity:160;160;160;160;160;160;0|value:160;160;160;160;160;160;0|filler:0;0;0;0;0;0;0|query_marker:0;0;0;0;0;0;160|query_entity:0;0;0;0;0;0;160|context:0;0;0;0;0;0;160,kv_annealed_retention,0.000153872612,0.011246776026,0.988753223974,0.988753223974,0.000000000000,0.000000000000,0.000000000000,0.000000000000,55;54;51,430;410;428,0.000000000000,0.454385992578,0.000000000000,0.660416666667,0.339583333333,0.160416666667,0.000000000000,1.000000000000,1.000000000000,2.452083333333,55;45;54
12,zero_query_context,2.669373610052,0.562500000000,2.658062822911,-0.437500000000,1.000000000000,0.800000000000,1.000000000000,320;320;320;320;320;320;480,entity:160;160;160;160;160;160;0|value:160;160;160;160;160;160;0|filler:0;0;0;0;0;0;0|query_marker:0;0;0;0;0;0;160|query_entity:0;0;0;0;0;0;160|context:0;0;0;0;0;0;160,kv_annealed_retention,0.863175166867,0.426238481792,0.988738481792,0.557228026309,0.863021294255,0.414991705766,-0.000014742181,-0.431525197665,39;62;59,640;640;640,0.000000000000,0.991848164099,0.000000000000,1.000000000000,0.000000000000,0.500000000000,0.253125000000,0.475000000000,0.475000000000,1.000000000000,160;160;160
12,randomized_retention_actions,3.475071040609,0.350000000000,3.463760253468,-0.650000000000,1.000000000000,0.715833333333,1.000000000000,320;320;320;320;320;320;480,entity:160;160;160;160;160;160;0|value:160;160;160;160;160;160;0|filler:0;0;0;0;0;0;0|query_marker:0;0;0;0;0;0;160|query_entity:0;0;0;0;0;0;160|context:0;0;0;0;0;0;160,kv_annealed_retention,1.160867005770,0.515487965901,0.865487965901,0.347619154260,1.160713133159,0.504241189875,-0.123265258073,-0.641134069713,19;95;46,466;982;270,0.000000000000,0.616417311829,0.000000000000,0.894791666667,0.105208333333,0.619791666667,0.294791666667,0.237500000000,0.237500000000,1.496212121212,129;371;95
12,force_fifo_retention,2.669373610052,0.562500000000,2.658062822911,-0.437500000000,1.000000000000,0.800000000000,1.000000000000,320;320;320;320;320;320;480,entity:160;160;160;160;160;160;0|value:160;160;160;160;160;160;0|filler:0;0;0;0;0;0;0|query_marker:0;0;0;0;0;0;160|query_entity:0;0;0;0;0;0;160|context:0;0;0;0;0;0;160,kv_annealed_retention,0.863175166867,0.426238481792,0.988738481792,0.557228026309,0.863021294255,0.414991705766,-0.000014742181,-0.431525197665,39;62;59,640;640;640,0.000000000000,0.460626303143,0.000000000000,1.000000000000,0.000000000000,0.500000000000,0.253125000000,0.475000000000,0.475000000000,1.000000000000,160;160;160
12,force_relevant_eviction,3.929568359747,0.268750000000,3.918257572606,-0.731250000000,1.000000000000,0.692500000000,1.000000000000,320;320;320;320;320;320;480,entity:160;160;160;160;160;160;0|value:160;160;160;160;160;160;0|filler:0;0;0;0;0;0;0|query_marker:0;0;0;0;0;0;160|query_entity:0;0;0;0;0;0;160|context:0;0;0;0;0;0;160,kv_annealed_retention,1.293368221908,0.612103113965,0.880853113965,0.288923340541,1.293214349296,0.600856337939,-0.107900110009,-0.699829883433,30;75;55,720;566;376,0.000000000000,0.606384560283,0.000000000000,0.865625000000,0.134375000000,0.444791666667,0.410416666667,0.150000000000,0.150000000000,1.831683168317,200;138;89
12,permuted_context_labels,2.862344731071,0.518750000000,2.851033943930,-0.481250000000,1.000000000000,0.444166666667,1.000000000000,320;320;320;320;320;320;480,entity:160;160;160;160;160;160;0|value:160;160;160;160;160;160;0|filler:0;0;0;0;0;0;0|query_marker:0;0;0;0;0;0;160|query_entity:0;0;0;0;0;0;160|context:0;0;0;0;0;0;160,kv_annealed_retention,0.995177353059,0.516278092959,0.737111426292,0.367178582589,0.995023480447,0.505031316933,-0.251641797681,-0.621574641385,39;62;59,410;352;304,0.000000000000,0.548484720334,0.000000000000,0.555208333333,0.444791666667,0.151041666667,0.083333333333,0.287500000000,0.287500000000,2.528350515464,53;51;41
12,disable_retention_skip,1.757825438003,0.712500000000,1.746514650863,-0.287500000000,1.000000000000,0.800000000000,1.000000000000,320;320;320;320;320;320;480,entity:160;160;160;160;160;160;0|value:160;160;160;160;160;160;0|filler:0;0;0;0;0;0;0|query_marker:0;0;0;0;0;0;160|query_entity:0;0;0;0;0;0;160|context:0;0;0;0;0;0;160,kv_annealed_retention,0.567235088785,0.276220339102,0.988720339102,0.705180156746,0.567081216173,0.264973563076,-0.000032884872,-0.283573067228,61;40;59,802;612;506,0.000000000000,0.440599098644,0.000000000000,1.000000000000,0.000000000000,0.500000000000,0.163541666667,0.662500000000,0.662500000000,1.379166666667,241;146;93
12,no_workspace_writes,1.791759469228,0.212500000000,1.780448682087,-0.787500000000,1.000000000000,0.605833333333,1.000000000000,320;320;320;320;320;320;480,entity:160;160;160;160;160;160;0|value:160;160;160;160;160;160;0|filler:0;0;0;0;0;0;0|query_marker:0;0;0;0;0;0;160|query_entity:0;0;0;0;0;0;160|context:0;0;0;0;0;0;160,kv_annealed_retention,0.833333333333,0.045833333333,0.166666666667,0.166666666667,0.833179460722,0.034586557307,-0.822086557307,-0.822086557307,160;0;0,1454;0;0,0.000000000000,1.022022264209,0.000000000000,0.757291666667,0.242708333333,0.000000000000,0.000000000000,0.000000000000,0.000000000000,0.000000000000,0;0;0
12,no_workspace_persistence,1.791759469228,0.212500000000,1.780448682087,-0.787500000000,1.000000000000,0.605833333333,1.000000000000,320;320;320;320;320;320;480,entity:160;160;160;160;160;160;0|value:160;160;160;160;160;160;0|filler:0;0;0;0;0;0;0|query_marker:0;0;0;0;0;0;160|query_entity:0;0;0;0;0;0;160|context:0;0;0;0;0;0;160,kv_annealed_retention,0.833333333333,0.045833333333,0.166666666667,0.166666666667,0.833179460722,0.034586557307,-0.822086557307,-0.822086557307,160;0;0,1454;0;0,0.000000000000,1.022022264209,0.000000000000,0.757291666667,0.242708333333,0.000000000000,0.000000000000,0.000000000000,0.000000000000,0.000000000000,0;0;0
12,no_mechanism_output,1.791759469228,0.212500000000,1.780448682087,-0.787500000000,1.000000000000,0.528333333333,1.000000000000,320;320;320;320;320;320;480,entity:160;160;160;160;160;160;0|value:160;160;160;160;160;160;0|filler:0;0;0;0;0;0;0|query_marker:0;0;0;0;0;0;160|query_entity:0;0;0;0;0;0;160|context:0;0;0;0;0;0;160,kv_annealed_retention,0.833333333333,0.045833333333,0.166666666667,0.166666666667,0.833179460722,0.034586557307,-0.822086557307,-0.822086557307,55;54;51,430;410;428,0.000000000000,0.454385992578,0.000000000000,0.660416666667,0.339583333333,0.160416666667,0.000000000000,1.000000000000,1.000000000000,2.452083333333,55;45;54
13,intact,1.007616444486,0.750000000000,0.000000000000,0.000000000000,1.000000000000,0.513333333333,1.000000000000,320;320;320;320;320;320;480,entity:160;160;160;160;160;160;0|value:160;160;160;160;160;160;0|filler:0;0;0;0;0;0;0|query_marker:0;0;0;0;0;0;160|query_entity:0;0;0;0;0;0;160|context:0;0;0;0;0;0;160,kv_annealed_retention,0.429564854973,0.009615601422,0.759615601422,0.580281044948,0.000000000000,0.000000000000,0.000000000000,0.000000000000,42;57;61,410;406;416,0.000000000000,0.556529103686,0.000000000000,0.641666666667,0.358333333333,0.141666666667,0.095833333333,0.700000000000,0.700000000000,2.502083333333,45;43;48
13,zero_query_context,1.545566472615,0.543750000000,0.537950028130,-0.206250000000,1.000000000000,0.800000000000,1.000000000000,320;320;320;320;320;320;480,entity:160;160;160;160;160;160;0|value:160;160;160;160;160;160;0|filler:0;0;0;0;0;0;0|query_marker:0;0;0;0;0;0;160|query_entity:0;0;0;0;0;0;160|context:0;0;0;0;0;0;160,kv_annealed_retention,0.714534988799,0.216681218471,0.760431218471,0.438408943525,0.284970133826,0.207065617049,0.000815617049,-0.141872101424,47;64;49,640;640;640,0.000000000000,0.986633873022,0.000000000000,1.000000000000,0.000000000000,0.500000000000,0.247916666667,0.475000000000,0.475000000000,1.000000000000,160;160;160
13,randomized_retention_actions,1.903845605714,0.331250000000,0.896229161228,-0.418750000000,1.000000000000,0.720000000000,1.000000000000,320;320;320;320;320;320;480,entity:160;160;160;160;160;160;0|value:160;160;160;160;160;160;0|filler:0;0;0;0;0;0;0|query_marker:0;0;0;0;0;0;160|query_entity:0;0;0;0;0;0;160|context:0;0;0;0;0;0;160,kv_annealed_retention,0.884537958032,0.301452504387,0.632702504387,0.308470287234,0.454973103059,0.291836902964,-0.126913097036,-0.271810757714,25;86;49,520;950;258,0.000000000000,0.603740642934,0.000000000000,0.900000000000,0.100000000000,0.629166666667,0.294791666667,0.231250000000,0.231250000000,1.365384615385,160;356;88
13,force_fifo_retention,1.545566472615,0.543750000000,0.537950028130,-0.206250000000,1.000000000000,0.800000000000,1.000000000000,320;320;320;320;320;320;480,entity:160;160;160;160;160;160;0|value:160;160;160;160;160;160;0|filler:0;0;0;0;0;0;0|query_marker:0;0;0;0;0;0;160|query_entity:0;0;0;0;0;0;160|context:0;0;0;0;0;0;160,kv_annealed_retention,0.714534988799,0.216681218471,0.760431218471,0.438408943525,0.284970133826,0.207065617049,0.000815617049,-0.141872101424,47;64;49,640;640;640,0.000000000000,0.522247120379,0.000000000000,1.000000000000,0.000000000000,0.500000000000,0.247916666667,0.475000000000,0.475000000000,1.000000000000,160;160;160
13,force_relevant_eviction,2.095201372937,0.356250000000,1.087584928451,-0.393750000000,1.000000000000,0.665000000000,1.000000000000,320;320;320;320;320;320;480,entity:160;160;160;160;160;160;0|value:160;160;160;160;160;160;0|filler:0;0;0;0;0;0;0|query_marker:0;0;0;0;0;0;160|query_entity:0;0;0;0;0;0;160|context:0;0;0;0;0;0;160,kv_annealed_retention,0.981528730066,0.391652645958,0.633319312625,0.260410511319,0.551963875093,0.382037044536,-0.126296288797,-0.319870533629,27;64;69,706;568;322,0.000000000000,0.626882572330,0.000000000000,0.831250000000,0.168750000000,0.418750000000,0.401041666667,0.137500000000,0.137500000000,1.957070707071,193;138;71
13,permuted_context_labels,1.455437945968,0.468750000000,0.447821501482,-0.281250000000,1.000000000000,0.456666666667,1.000000000000,320;320;320;320;320;320;480,entity:160;160;160;160;160;160;0|value:160;160;160;160;160;160;0|filler:0;0;0;0;0;0;0|query_marker:0;0;0;0;0;0;160|query_entity:0;0;0;0;0;0;160|context:0;0;0;0;0;0;160,kv_annealed_retention,0.655646418511,0.144404004382,0.613154004382,0.416874871016,0.226081563538,0.134788402960,-0.146461597040,-0.163406173932,42;48;70,406;376;314,0.000000000000,0.632391063474,0.000000000000,0.570833333333,0.429166666667,0.139583333333,0.059375000000,0.437500000000,0.437500000000,2.381642512077,44;48;42
13,disable_retention_skip,1.412665393600,0.593750000000,0.405048949114,-0.156250000000,1.000000000000,0.800000000000,1.000000000000,320;320;320;320;320;320;480,entity:160;160;160;160;160;160;0|value:160;160;160;160;160;160;0|filler:0;0;0;0;0;0;0|query_marker:0;0;0;0;0;0;160|query_entity:0;0;0;0;0;0;160|context:0;0;0;0;0;0;160,kv_annealed_retention,0.645386113815,0.165997821362,0.759747821362,0.472479994802,0.215821258843,0.156382219939,0.000132219939,-0.107801050146,59;52;49,780;636;504,0.000000000000,0.519784405247,0.000000000000,1.000000000000,0.000000000000,0.500000000000,0.244791666667,0.525000000000,0.525000000000,1.345833333333,230;158;92
13,no_workspace_writes,1.791759469228,0.237500000000,0.784143024742,-0.512500000000,1.000000000000,0.583333333333,1.000000000000,320;320;320;320;320;320;480,entity:160;160;160;160;160;160;0|value:160;160;160;160;160;160;0|filler:0;0;0;0;0;0;0|query_marker:0;0;0;0;0;0;160|query_entity:0;0;0;0;0;0;160|context:0;0;0;0;0;0;160,kv_annealed_retention,0.833333333333,0.070833333333,0.166666666667,0.166666666667,0.403768478361,0.061217731911,-0.592948934755,-0.413614378281,160;0;0,1400;0;0,0.000000000000,1.034355645745,0.000000000000,0.729166666667,0.270833333333,0.000000000000,0.000000000000,0.000000000000,0.000000000000,0.000000000000,0;0;0
13,no_workspace_persistence,1.791759469228,0.237500000000,0.784143024742,-0.512500000000,1.000000000000,0.583333333333,1.000000000000,320;320;320;320;320;320;480,entity:160;160;160;160;160;160;0|value:160;160;160;160;160;160;0|filler:0;0;0;0;0;0;0|query_marker:0;0;0;0;0;0;160|query_entity:0;0;0;0;0;0;160|context:0;0;0;0;0;0;160,kv_annealed_retention,0.833333333333,0.070833333333,0.166666666667,0.166666666667,0.403768478361,0.061217731911,-0.592948934755,-0.413614378281,160;0;0,1400;0;0,0.000000000000,1.034355645745,0.000000000000,0.729166666667,0.270833333333,0.000000000000,0.000000000000,0.000000000000,0.000000000000,0.000000000000,0;0;0
13,no_mechanism_output,1.791759469228,0.237500000000,0.784143024742,-0.512500000000,1.000000000000,0.513333333333,1.000000000000,320;320;320;320;320;320;480,entity:160;160;160;160;160;160;0|value:160;160;160;160;160;160;0|filler:0;0;0;0;0;0;0|query_marker:0;0;0;0;0;0;160|query_entity:0;0;0;0;0;0;160|context:0;0;0;0;0;0;160,kv_annealed_retention,0.833333333333,0.070833333333,0.166666666667,0.166666666667,0.403768478361,0.061217731911,-0.592948934755,-0.413614378281,42;57;61,410;406;416,0.000000000000,0.556529103686,0.000000000000,0.641666666667,0.358333333333,0.141666666667,0.095833333333,0.700000000000,0.700000000000,2.502083333333,45;43;48
14,intact,0.007867256814,1.000000000000,0.000000000000,0.000000000000,1.000000000000,0.495833333333,1.000000000000,320;320;320;320;320;320;480,entity:160;160;160;160;160;160;0|value:160;160;160;160;160;160;0|filler:0;0;0;0;0;0;0|query_marker:0;0;0;0;0;0;160|query_entity:0;0;0;0;0;0;160|context:0;0;0;0;0;0;160,kv_annealed_retention,0.000074347327,0.007836301759,0.992163698241,0.992163698241,0.000000000000,0.000000000000,0.000000000000,0.000000000000,59;54;47,384;400;406,0.000000000000,0.525228688477,0.000000000000,0.619791666667,0.380208333333,0.119791666667,0.000000000000,1.000000000000,1.000000000000,2.683333333333,32;40;43
14,zero_query_context,3.301414309689,0.493750000000,3.293547052876,-0.506250000000,1.000000000000,0.800000000000,1.000000000000,320;320;320;320;320;320;480,entity:160;160;160;160;160;160;0|value:160;160;160;160;160;160;0|filler:0;0;0;0;0;0;0|query_marker:0;0;0;0;0;0;160|query_entity:0;0;0;0;0;0;160|context:0;0;0;0;0;0;160,kv_annealed_retention,1.003014854608,0.498404885672,0.992154885672,0.490684700961,1.002940507281,0.490568583914,-0.000008812569,-0.501478997280,51;61;48,640;640;640,0.000000000000,0.989368359634,0.000000000000,1.000000000000,0.000000000000,0.500000000000,0.275000000000,0.393750000000,0.393750000000,1.000000000000,160;160;160
14,randomized_retention_actions,2.971623470422,0.350000000000,2.963756213609,-0.650000000000,1.000000000000,0.715833333333,1.000000000000,320;320;320;320;320;320;480,entity:160;160;160;160;160;160;0|value:160;160;160;160;160;160;0|filler:0;0;0;0;0;0;0|query_marker:0;0;0;0;0;0;160|query_entity:0;0;0;0;0;0;160|context:0;0;0;0;0;0;160,kv_annealed_retention,0.979310908014,0.420250113870,0.770250113870,0.392601592049,0.979236560687,0.412413812112,-0.221913584371,-0.599562106192,39;85;36,518;980;220,0.000000000000,0.691887305113,0.000000000000,0.894791666667,0.105208333333,0.628125000000,0.288541666667,0.237500000000,0.237500000000,1.414062500000,163;364;76
14,force_fifo_retention,3.301414309689,0.493750000000,3.293547052876,-0.506250000000,1.000000000000,0.800000000000,1.000000000000,320;320;320;320;320;320;480,entity:160;160;160;160;160;160;0|value:160;160;160;160;160;160;0|filler:0;0;0;0;0;0;0|query_marker:0;0;0;0;0;0;160|query_entity:0;0;0;0;0;0;160|context:0;0;0;0;0;0;160,kv_annealed_retention,1.003014854608,0.498404885672,0.992154885672,0.490684700961,1.002940507281,0.490568583914,-0.000008812569,-0.501478997280,51;61;48,640;640;640,0.000000000000,0.529859156688,0.000000000000,1.000000000000,0.000000000000,0.500000000000,0.275000000000,0.393750000000,0.393750000000,1.000000000000,160;160;160
14,force_relevant_eviction,3.655175106506,0.356250000000,3.647307849693,-0.643750000000,1.000000000000,0.700000000000,1.000000000000,320;320;320;320;320;320;480,entity:160;160;160;160;160;160;0|value:160;160;160;160;160;160;0|filler:0;0;0;0;0;0;0|query_marker:0;0;0;0;0;0;160|query_entity:0;0;0;0;0;0;160|context:0;0;0;0;0;0;160,kv_annealed_retention,1.172958477478,0.532401832534,0.811568499201,0.316264293627,1.172884130151,0.524565530776,-0.180595199041,-0.675899404614,29;62;69,762;600;318,0.000000000000,0.732090681343,0.000000000000,0.875000000000,0.125000000000,0.450000000000,0.420833333333,0.137500000000,0.137500000000,1.730392156863,221;150;61
14,permuted_context_labels,2.341972739597,0.187500000000,2.334105482783,-0.812500000000,1.000000000000,0.348333333333,1.000000000000,320;320;320;320;320;320;480,entity:160;160;160;160;160;160;0|value:160;160;160;160;160;160;0|filler:0;0;0;0;0;0;0|query_marker:0;0;0;0;0;0;160|query_entity:0;0;0;0;0;0;160|context:0;0;0;0;0;0;160,kv_annealed_retention,0.892315379125,0.288695920709,0.476195920709,0.290469128029,0.892241031798,0.280859618950,-0.515967777533,-0.701694570212,25;52;83,368;314;154,0.000000000000,0.883574692923,0.000000000000,0.435416666667,0.564583333333,0.071875000000,0.043750000000,0.143750000000,0.143750000000,2.467048710602,27;25;17
14,disable_retention_skip,2.805400425009,0.568750000000,2.797533168195,-0.431250000000,1.000000000000,0.800000000000,1.000000000000,320;320;320;320;320;320;480,entity:160;160;160;160;160;160;0|value:160;160;160;160;160;160;0|filler:0;0;0;0;0;0;0|query_marker:0;0;0;0;0;0;160|query_entity:0;0;0;0;0;0;160|context:0;0;0;0;0;0;160,kv_annealed_retention,0.854393327618,0.423402410550,0.992152410550,0.564993013696,0.854318980291,0.415566108792,-0.000011287691,-0.427170684546,52;57;51,766;626;528,0.000000000000,0.502031156920,0.000000000000,1.000000000000,0.000000000000,0.500000000000,0.214583333333,0.518750000000,0.518750000000,1.272916666667,223;153;104
14,no_workspace_writes,1.791759469228,0.181250000000,1.783892212414,-0.818750000000,1.000000000000,0.584166666667,1.000000000000,320;320;320;320;320;320;480,entity:160;160;160;160;160;160;0|value:160;160;160;160;160;160;0|filler:0;0;0;0;0;0;0|query_marker:0;0;0;0;0;0;160|query_entity:0;0;0;0;0;0;160|context:0;0;0;0;0;0;160,kv_annealed_retention,0.833333333333,0.014583333333,0.166666666667,0.166666666667,0.833258986007,0.006747031575,-0.825497031575,-0.825497031575,160;0;0,1402;0;0,0.000000000000,1.163735462074,0.000000000000,0.730208333333,0.269791666667,0.000000000000,0.000000000000,0.000000000000,0.000000000000,0.000000000000,0;0;0
14,no_workspace_persistence,1.791759469228,0.181250000000,1.783892212414,-0.818750000000,1.000000000000,0.584166666667,1.000000000000,320;320;320;320;320;320;480,entity:160;160;160;160;160;160;0|value:160;160;160;160;160;160;0|filler:0;0;0;0;0;0;0|query_marker:0;0;0;0;0;0;160|query_entity:0;0;0;0;0;0;160|context:0;0;0;0;0;0;160,kv_annealed_retention,0.833333333333,0.014583333333,0.166666666667,0.166666666667,0.833258986007,0.006747031575,-0.825497031575,-0.825497031575,160;0;0,1402;0;0,0.000000000000,1.163735462074,0.000000000000,0.730208333333,0.269791666667,0.000000000000,0.000000000000,0.000000000000,0.000000000000,0.000000000000,0;0;0
14,no_mechanism_output,1.791759469228,0.181250000000,1.783892212414,-0.818750000000,1.000000000000,0.495833333333,1.000000000000,320;320;320;320;320;320;480,entity:160;160;160;160;160;160;0|value:160;160;160;160;160;160;0|filler:0;0;0;0;0;0;0|query_marker:0;0;0;0;0;0;160|query_entity:0;0;0;0;0;0;160|context:0;0;0;0;0;0;160,kv_annealed_retention,0.833333333333,0.014583333333,0.166666666667,0.166666666667,0.833258986007,0.006747031575,-0.825497031575,-0.825497031575,59;54;47,384;400;406,0.000000000000,0.525228688477,0.000000000000,0.619791666667,0.380208333333,0.119791666667,0.000000000000,1.000000000000,1.000000000000,2.683333333333,32;40;43
15,intact,0.276052686620,0.956250000000,0.000000000000,0.000000000000,1.000000000000,0.515833333333,1.000000000000,320;320;320;320;320;320;480,entity:160;160;160;160;160;160;0|value:160;160;160;160;160;160;0|filler:0;0;0;0;0;0;0|query_marker:0;0;0;0;0;0;160|query_entity:0;0;0;0;0;0;160|context:0;0;0;0;0;0;160,kv_annealed_retention,0.085352065502,0.005160987595,0.951089012405,0.909900131961,0.000000000000,0.000000000000,0.000000000000,0.000000000000,48;52;60,414;410;414,0.000000000000,0.564041346939,0.000000000000,0.644791666667,0.355208333333,0.144791666667,0.023958333333,0.943750000000,0.943750000000,2.368750000000,47;45;47
15,zero_query_context,2.109331399103,0.562500000000,1.833278712483,-0.393750000000,1.000000000000,0.800000000000,1.000000000000,320;320;320;320;320;320;480,entity:160;160;160;160;160;160;0|value:160;160;160;160;160;160;0|filler:0;0;0;0;0;0;0|query_marker:0;0;0;0;0;0;160|query_entity:0;0;0;0;0;0;160|context:0;0;0;0;0;0;160,kv_annealed_retention,0.827795287911,0.389575227388,0.952075227388,0.539613362045,0.742443222409,0.384414239793,0.000986214983,-0.370286769916,52;51;57,640;640;640,0.000000000000,0.963383220201,0.000000000000,1.000000000000,0.000000000000,0.500000000000,0.246875000000,0.531250000000,0.531250000000,1.000000000000,160;160;160
15,randomized_retention_actions,2.419543153279,0.425000000000,2.143490466659,-0.531250000000,1.000000000000,0.723333333333,1.000000000000,320;320;320;320;320;320;480,entity:160;160;160;160;160;160;0|value:160;160;160;160;160;160;0|filler:0;0;0;0;0;0;0|query_marker:0;0;0;0;0;0;160|query_entity:0;0;0;0;0;0;160|context:0;0;0;0;0;0;160,kv_annealed_retention,0.968190642882,0.400682153975,0.819432153975,0.406849498892,0.882838577380,0.395521166380,-0.131656858430,-0.503050633069,20;87;53,582;806;348,0.000000000000,0.630815076841,0.000000000000,0.904166666667,0.095833333333,0.625000000000,0.271875000000,0.312500000000,0.312500000000,1.376865671642,183;295;122
15,force_fifo_retention,2.109331399103,0.562500000000,1.833278712483,-0.393750000000,1.000000000000,0.800000000000,1.000000000000,320;320;320;320;320;320;480,entity:160;160;160;160;160;160;0|value:160;160;160;160;160;160;0|filler:0;0;0;0;0;0;0|query_marker:0;0;0;0;0;0;160|query_entity:0;0;0;0;0;0;160|context:0;0;0;0;0;0;160,kv_annealed_retention,0.827795287911,0.389575227388,0.952075227388,0.539613362045,0.742443222409,0.384414239793,0.000986214983,-0.370286769916,52;51;57,640;640;640,0.000000000000,0.492631880791,0.000000000000,1.000000000000,0.000000000000,0.500000000000,0.246875000000,0.531250000000,0.531250000000,1.000000000000,160;160;160
15,force_relevant_eviction,2.607673566394,0.400000000000,2.331620879774,-0.556250000000,1.000000000000,0.675000000000,1.000000000000,320;320;320;320;320;320;480,entity:160;160;160;160;160;160;0|value:160;160;160;160;160;160;0|filler:0;0;0;0;0;0;0|query_marker:0;0;0;0;0;0;160|query_entity:0;0;0;0;0;0;160|context:0;0;0;0;0;0;160,kv_annealed_retention,1.054580409301,0.468112335389,0.726445668723,0.319959377304,0.969228343799,0.462951347794,-0.224643343682,-0.589940754657,24;61;75,780;564;276,0.000000000000,0.697285482700,0.000000000000,0.843750000000,0.156250000000,0.443750000000,0.409375000000,0.181250000000,0.181250000000,1.695312500000,230;142;54
15,permuted_context_labels,2.036623841540,0.606250000000,1.760571154920,-0.350000000000,1.000000000000,0.391666666667,1.000000000000,320;320;320;320;320;320;480,entity:160;160;160;160;160;160;0|value:160;160;160;160;160;160;0|filler:0;0;0;0;0;0;0|query_marker:0;0;0;0;0;0;160|query_entity:0;0;0;0;0;0;160|context:0;0;0;0;0;0;160,kv_annealed_retention,0.839642493952,0.447894670654,0.672894670654,0.402398396920,0.754290428451,0.442733683059,-0.278194341751,-0.507501735041,45;63;52,388;332;220,0.000000000000,0.690745772114,0.000000000000,0.489583333333,0.510416666667,0.108333333333,0.064583333333,0.275000000000,0.275000000000,2.437158469945,36;36;32
15,disable_retention_skip,1.538720697857,0.687500000000,1.262668011237,-0.268750000000,1.000000000000,0.800000000000,1.000000000000,320;320;320;320;320;320;480,entity:160;160;160;160;160;160;0|value:160;160;160;160;160;160;0|filler:0;0;0;0;0;0;0|query_marker:0;0;0;0;0;0;160|query_entity:0;0;0;0;0;0;160|context:0;0;0;0;0;0;160,kv_annealed_retention,0.592633329883,0.264467164766,0.951967164766,0.657092188485,0.507281264381,0.259306177171,0.000878152361,-0.252807943476,42;55;63,732;660;528,0.000000000000,0.494642287423,0.000000000000,1.000000000000,0.000000000000,0.500000000000,0.173958333333,0.650000000000,0.650000000000,1.320833333333,206;170;104
15,no_workspace_writes,1.791759469228,0.268750000000,1.515706782608,-0.687500000000,1.000000000000,0.557500000000,1.000000000000,320;320;320;320;320;320;480,entity:160;160;160;160;160;160;0|value:160;160;160;160;160;160;0|filler:0;0;0;0;0;0;0|query_marker:0;0;0;0;0;0;160|query_entity:0;0;0;0;0;0;160|context:0;0;0;0;0;0;160,kv_annealed_retention,0.833333333333,0.102083333333,0.166666666667,0.166666666667,0.747981267831,0.096922345738,-0.784422345738,-0.743233465294,160;0;0,1338;0;0,0.000000000000,1.088592425626,0.000000000000,0.696875000000,0.303125000000,0.000000000000,0.000000000000,0.000000000000,0.000000000000,0.000000000000,0;0;0
15,no_workspace_persistence,1.791759469228,0.268750000000,1.515706782608,-0.687500000000,1.000000000000,0.557500000000,1.000000000000,320;320;320;320;320;320;480,entity:160;160;160;160;160;160;0|value:160;160;160;160;160;160;0|filler:0;0;0;0;0;0;0|query_marker:0;0;0;0;0;0;160|query_entity:0;0;0;0;0;0;160|context:0;0;0;0;0;0;160,kv_annealed_retention,0.833333333333,0.102083333333,0.166666666667,0.166666666667,0.747981267831,0.096922345738,-0.784422345738,-0.743233465294,160;0;0,1338;0;0,0.000000000000,1.088592425626,0.000000000000,0.696875000000,0.303125000000,0.000000000000,0.000000000000,0.000000000000,0.000000000000,0.000000000000,0;0;0
15,no_mechanism_output,1.791759469228,0.268750000000,1.515706782608,-0.687500000000,1.000000000000,0.515833333333,1.000000000000,320;320;320;320;320;320;480,entity:160;160;160;160;160;160;0|value:160;160;160;160;160;160;0|filler:0;0;0;0;0;0;0|query_marker:0;0;0;0;0;0;160|query_entity:0;0;0;0;0;0;160|context:0;0;0;0;0;0;160,kv_annealed_retention,0.833333333333,0.102083333333,0.166666666667,0.166666666667,0.747981267831,0.096922345738,-0.784422345738,-0.743233465294,48;52;60,414;410;414,0.000000000000,0.564041346939,0.000000000000,0.644791666667,0.355208333333,0.144791666667,0.023958333333,0.943750000000,0.943750000000,2.368750000000,47;45;47
16,intact,0.592827641126,0.887500000000,0.000000000000,0.000000000000,1.000000000000,0.525000000000,1.000000000000,320;320;320;320;320;320;480,entity:160;160;160;160;160;160;0|value:160;160;160;160;160;160;0|filler:0;0;0;0;0;0;0|query_marker:0;0;0;0;0;0;160|query_entity:0;0;0;0;0;0;160|context:0;0;0;0;0;0;160,kv_annealed_retention,0.212334272783,0.044914280114,0.913546962349,0.812248818228,0.000000000000,0.000000000000,0.000000000000,0.000000000000,54;56;50,420;426;414,0.000000000000,0.579082076696,0.000000000000,0.656250000000,0.343750000000,0.156250000000,0.041666666667,0.887500000000,0.887500000000,2.435416666667,50;53;47
16,zero_query_context,1.935708417494,0.543750000000,1.342880776368,-0.343750000000,1.000000000000,0.800000000000,1.000000000000,320;320;320;320;320;320;480,entity:160;160;160;160;160;160;0|value:160;160;160;160;160;160;0|filler:0;0;0;0;0;0;0|query_marker:0;0;0;0;0;0;160|query_entity:0;0;0;0;0;0;160|context:0;0;0;0;0;0;160,kv_annealed_retention,0.827361788559,0.372317579741,0.916067579741,0.507007211067,0.615027515775,0.327403299627,0.002520617392,-0.305241607160,58;52;50,640;640;640,0.000000000000,0.970199641641,0.000000000000,1.000000000000,0.000000000000,0.500000000000,0.253125000000,0.462500000000,0.462500000000,1.000000000000,160;160;160
16,randomized_retention_actions,2.236405187414,0.325000000000,1.643577546288,-0.562500000000,1.000000000000,0.716666666667,1.000000000000,320;320;320;320;320;320;480,entity:160;160;160;160;160;160;0|value:160;160;160;160;160;160;0|filler:0;0;0;0;0;0;0|query_marker:0;0;0;0;0;0;160|query_entity:0;0;0;0;0;0;160|context:0;0;0;0;0;0;160,kv_annealed_retention,0.990044930262,0.413612314387,0.738612314387,0.346044059016,0.777710657479,0.368698034273,-0.174934647962,-0.466204759212,23;82;55,562;854;304,0.000000000000,0.636929030190,0.000000000000,0.895833333333,0.104166666667,0.612500000000,0.282291666667,0.206250000000,0.206250000000,1.415441176471,169;313;106
16,force_fifo_retention,1.935708417494,0.543750000000,1.342880776368,-0.343750000000,1.000000000000,0.800000000000,1.000000000000,320;320;320;320;320;320;480,entity:160;160;160;160;160;160;0|value:160;160;160;160;160;160;0|filler:0;0;0;0;0;0;0|query_marker:0;0;0;0;0;0;160|query_entity:0;0;0;0;0;0;160|context:0;0;0;0;0;0;160,kv_annealed_retention,0.827361788559,0.372317579741,0.916067579741,0.507007211067,0.615027515775,0.327403299627,0.002520617392,-0.305241607160,58;52;50,640;640;640,0.000000000000,0.540358635737,0.000000000000,1.000000000000,0.000000000000,0.500000000000,0.253125000000,0.462500000000,0.462500000000,1.000000000000,160;160;160
16,force_relevant_eviction,2.448673068083,0.400000000000,1.855845426957,-0.487500000000,1.000000000000,0.676666666667,1.000000000000,320;320;320;320;320;320;480,entity:160;160;160;160;160;160;0|value:160;160;160;160;160;160;0|filler:0;0;0;0;0;0;0|query_marker:0;0;0;0;0;0;160|query_entity:0;0;0;0;0;0;160|context:0;0;0;0;0;0;160,kv_annealed_retention,1.068406725367,0.497823728390,0.679073728390,0.280655807650,0.856072452584,0.452909448276,-0.234473233959,-0.531593010578,28;60;72,752;592;280,0.000000000000,0.689316991318,0.000000000000,0.845833333333,0.154166666667,0.446875000000,0.417708333333,0.131250000000,0.131250000000,1.775456919060,216;153;60
16,permuted_context_labels,1.817615405982,0.450000000000,1.224787764856,-0.437500000000,1.000000000000,0.406666666667,1.000000000000,320;320;320;320;320;320;480,entity:160;160;160;160;160;160;0|value:160;160;160;160;160;160;0|filler:0;0;0;0;0;0;0|query_marker:0;0;0;0;0;0;160|query_entity:0;0;0;0;0;0;160|context:0;0;0;0;0;0;160,kv_annealed_retention,0.812377112554,0.255500435625,0.526333768958,0.336531294969,0.600042839771,0.210586155511,-0.387213193391,-0.475717523259,27;54;79,412;324;240,0.000000000000,0.765074327207,0.000000000000,0.508333333333,0.491666666667,0.119791666667,0.044791666667,0.231250000000,0.231250000000,2.423592493298,46;27;42
16,disable_retention_skip,1.480600826413,0.656250000000,0.887773185287,-0.231250000000,1.000000000000,0.800000000000,1.000000000000,320;320;320;320;320;320;480,entity:160;160;160;160;160;160;0|value:160;160;160;160;160;160;0|filler:0;0;0;0;0;0;0|query_marker:0;0;0;0;0;0;160|query_entity:0;0;0;0;0;0;160|context:0;0;0;0;0;0;160,kv_annealed_retention,0.626324456418,0.260647219321,0.916897219321,0.608265521640,0.413990183635,0.215732939207,0.003350256972,-0.203983296588,56;50;54,760;642;518,0.000000000000,0.539419070862,0.000000000000,1.000000000000,0.000000000000,0.500000000000,0.205208333333,0.581250000000,0.581250000000,1.314583333333,220;161;99
16,no_workspace_writes,1.791759469228,0.268750000000,1.198931828102,-0.618750000000,1.000000000000,0.565833333333,1.000000000000,320;320;320;320;320;320;480,entity:160;160;160;160;160;160;0|value:160;160;160;160;160;160;0|filler:0;0;0;0;0;0;0|query_marker:0;0;0;0;0;0;160|query_entity:0;0;0;0;0;0;160|context:0;0;0;0;0;0;160,kv_annealed_retention,0.833333333333,0.102083333333,0.166666666667,0.166666666667,0.620999060550,0.057169053219,-0.746880295682,-0.645582151561,160;0;0,1358;0;0,0.000000000000,1.086354250628,0.000000000000,0.707291666667,0.292708333333,0.000000000000,0.000000000000,0.000000000000,0.000000000000,0.000000000000,0;0;0
16,no_workspace_persistence,1.791759469228,0.268750000000,1.198931828102,-0.618750000000,1.000000000000,0.565833333333,1.000000000000,320;320;320;320;320;320;480,entity:160;160;160;160;160;160;0|value:160;160;160;160;160;160;0|filler:0;0;0;0;0;0;0|query_marker:0;0;0;0;0;0;160|query_entity:0;0;0;0;0;0;160|context:0;0;0;0;0;0;160,kv_annealed_retention,0.833333333333,0.102083333333,0.166666666667,0.166666666667,0.620999060550,0.057169053219,-0.746880295682,-0.645582151561,160;0;0,1358;0;0,0.000000000000,1.086354250628,0.000000000000,0.707291666667,0.292708333333,0.000000000000,0.000000000000,0.000000000000,0.000000000000,0.000000000000,0;0;0
16,no_mechanism_output,1.791759469228,0.268750000000,1.198931828102,-0.618750000000,1.000000000000,0.525000000000,1.000000000000,320;320;320;320;320;320;480,entity:160;160;160;160;160;160;0|value:160;160;160;160;160;160;0|filler:0;0;0;0;0;0;0|query_marker:0;0;0;0;0;0;160|query_entity:0;0;0;0;0;0;160|context:0;0;0;0;0;0;160,kv_annealed_retention,0.833333333333,0.102083333333,0.166666666667,0.166666666667,0.620999060550,0.057169053219,-0.746880295682,-0.645582151561,54;56;50,420;426;414,0.000000000000,0.579082076696,0.000000000000,0.656250000000,0.343750000000,0.156250000000,0.041666666667,0.887500000000,0.887500000000,2.435416666667,50;53;47
17,intact,0.008724209729,1.000000000000,0.000000000000,0.000000000000,1.000000000000,0.485000000000,1.000000000000,320;320;320;320;320;320;480,entity:160;160;160;160;160;160;0|value:160;160;160;160;160;160;0|filler:0;0;0;0;0;0;0|query_marker:0;0;0;0;0;0;160|query_entity:0;0;0;0;0;0;160|context:0;0;0;0;0;0;160,kv_annealed_retention,0.000091206575,0.008686128945,0.991313871055,0.991313871055,0.000000000000,0.000000000000,0.000000000000,0.000000000000,53;53;54,382;394;388,0.000000000000,0.558902245850,0.000000000000,0.606250000000,0.393750000000,0.106250000000,0.000000000000,1.000000000000,1.000000000000,2.506250000000,31;37;34
17,zero_query_context,2.749909109486,0.568750000000,2.741184899757,-0.431250000000,1.000000000000,0.800000000000,1.000000000000,320;320;320;320;320;320;480,entity:160;160;160;160;160;160;0|value:160;160;160;160;160;160;0|filler:0;0;0;0;0;0;0|query_marker:0;0;0;0;0;0;160|query_entity:0;0;0;0;0;0;160|context:0;0;0;0;0;0;160,kv_annealed_retention,0.853713115188,0.422638409876,0.991388409876,0.564576713645,0.853621908613,0.413952280931,0.000074538821,-0.426737157410,59;57;44,640;640;640,0.000000000000,0.986613003671,0.000000000000,1.000000000000,0.000000000000,0.500000000000,0.247916666667,0.493750000000,0.493750000000,1.000000000000,160;160;160
17,randomized_retention_actions,3.044680801563,0.468750000000,3.035956591834,-0.531250000000,1.000000000000,0.712500000000,1.000000000000,320;320;320;320;320;320;480,entity:160;160;160;160;160;160;0|value:160;160;160;160;160;160;0|filler:0;0;0;0;0;0;0|query_marker:0;0;0;0;0;0;160|query_entity:0;0;0;0;0;0;160|context:0;0;0;0;0;0;160,kv_annealed_retention,1.009187606483,0.479771089151,0.800604422484,0.392399942984,1.009096399908,0.471084960206,-0.190709448571,-0.598913928071,27;74;59,580;756;374,0.000000000000,0.657241249661,0.000000000000,0.890625000000,0.109375000000,0.606250000000,0.279166666667,0.256250000000,0.256250000000,1.421245421245,177;275;130
17,force_fifo_retention,2.749909109486,0.568750000000,2.741184899757,-0.431250000000,1.000000000000,0.800000000000,1.000000000000,320;320;320;320;320;320;480,entity:160;160;160;160;160;160;0|value:160;160;160;160;160;160;0|filler:0;0;0;0;0;0;0|query_marker:0;0;0;0;0;0;160|query_entity:0;0;0;0;0;0;160|context:0;0;0;0;0;0;160,kv_annealed_retention,0.853713115188,0.422638409876,0.991388409876,0.564576713645,0.853621908613,0.413952280931,0.000074538821,-0.426737157410,59;57;44,640;640;640,0.000000000000,0.531966394393,0.000000000000,1.000000000000,0.000000000000,0.500000000000,0.247916666667,0.493750000000,0.493750000000,1.000000000000,160;160;160
17,force_relevant_eviction,3.489704017532,0.225000000000,3.480979807803,-0.775000000000,1.000000000000,0.678333333333,1.000000000000,320;320;320;320;320;320;480,entity:160;160;160;160;160;160;0|value:160;160;160;160;160;160;0|filler:0;0;0;0;0;0;0|query_marker:0;0;0;0;0;0;160|query_entity:0;0;0;0;0;0;160|context:0;0;0;0;0;0;160,kv_annealed_retention,1.168824759866,0.503511249705,0.728511249705,0.276941895348,1.168733553291,0.494825120760,-0.262802621350,-0.714371975707,32;60;68,780;570;278,0.000000000000,0.751811632953,0.000000000000,0.847916666667,0.152083333333,0.451041666667,0.425000000000,0.118750000000,0.118750000000,1.677165354331,230;144;59
17,permuted_context_labels,2.786641197625,0.362500000000,2.777916987896,-0.637500000000,1.000000000000,0.387500000000,1.000000000000,320;320;320;320;320;320;480,entity:160;160;160;160;160;160;0|value:160;160;160;160;160;160;0|filler:0;0;0;0;0;0;0|query_marker:0;0;0;0;0;0;160|query_entity:0;0;0;0;0;0;160|context:0;0;0;0;0;0;160,kv_annealed_retention,0.996819239301,0.361084091654,0.604834091654,0.301760460354,0.996728032726,0.352397962709,-0.386479779401,-0.689553410701,26;54;80,374;334;222,0.000000000000,0.815534159224,0.000000000000,0.484375000000,0.515625000000,0.088541666667,0.062500000000,0.150000000000,0.150000000000,2.476315789474,27;32;26
17,disable_retention_skip,2.033673718256,0.681250000000,2.024949508527,-0.318750000000,1.000000000000,0.800000000000,1.000000000000,320;320;320;320;320;320;480,entity:160;160;160;160;160;160;0|value:160;160;160;160;160;160;0|filler:0;0;0;0;0;0;0|query_marker:0;0;0;0;0;0;160|query_entity:0;0;0;0;0;0;160|context:0;0;0;0;0;0;160,kv_annealed_retention,0.631018429217,0.310127817087,0.991377817087,0.675913578071,0.630927222642,0.301441688142,0.000063946032,-0.315400292984,47;51;62,732;648;540,0.000000000000,0.503414917651,0.000000000000,1.000000000000,0.000000000000,0.500000000000,0.186458333333,0.637500000000,0.637500000000,1.256250000000,206;164;110
17,no_workspace_writes,1.791759469228,0.175000000000,1.783035259499,-0.825000000000,1.000000000000,0.558333333333,1.000000000000,320;320;320;320;320;320;480,entity:160;160;160;160;160;160;0|value:160;160;160;160;160;160;0|filler:0;0;0;0;0;0;0|query_marker:0;0;0;0;0;0;160|query_entity:0;0;0;0;0;0;160|context:0;0;0;0;0;0;160,kv_annealed_retention,0.833333333333,0.008333333333,0.166666666667,0.166666666667,0.833242126758,-0.000352795612,-0.824647204388,-0.824647204388,160;0;0,1340;0;0,0.000000000000,1.161774247601,0.000000000000,0.697916666667,0.302083333333,0.000000000000,0.000000000000,0.000000000000,0.000000000000,0.000000000000,0;0;0
17,no_workspace_persistence,1.791759469228,0.175000000000,1.783035259499,-0.825000000000,1.000000000000,0.558333333333,1.000000000000,320;320;320;320;320;320;480,entity:160;160;160;160;160;160;0|value:160;160;160;160;160;160;0|filler:0;0;0;0;0;0;0|query_marker:0;0;0;0;0;0;160|query_entity:0;0;0;0;0;0;160|context:0;0;0;0;0;0;160,kv_annealed_retention,0.833333333333,0.008333333333,0.166666666667,0.166666666667,0.833242126758,-0.000352795612,-0.824647204388,-0.824647204388,160;0;0,1340;0;0,0.000000000000,1.161774247601,0.000000000000,0.697916666667,0.302083333333,0.000000000000,0.000000000000,0.000000000000,0.000000000000,0.000000000000,0;0;0
17,no_mechanism_output,1.791759469228,0.175000000000,1.783035259499,-0.825000000000,1.000000000000,0.485000000000,1.000000000000,320;320;320;320;320;320;480,entity:160;160;160;160;160;160;0|value:160;160;160;160;160;160;0|filler:0;0;0;0;0;0;0|query_marker:0;0;0;0;0;0;160|query_entity:0;0;0;0;0;0;160|context:0;0;0;0;0;0;160,kv_annealed_retention,0.833333333333,0.008333333333,0.166666666667,0.166666666667,0.833242126758,-0.000352795612,-0.824647204388,-0.824647204388,53;53;54,382;394;388,0.000000000000,0.558902245850,0.000000000000,0.606250000000,0.393750000000,0.106250000000,0.000000000000,1.000000000000,1.000000000000,2.506250000000,31;37;34
18,intact,0.055933019597,0.993750000000,0.000000000000,0.000000000000,1.000000000000,0.531666666667,1.000000000000,320;320;320;320;320;320;480,entity:160;160;160;160;160;160;0|value:160;160;160;160;160;160;0|filler:0;0;0;0;0;0;0|query_marker:0;0;0;0;0;0;160|query_entity:0;0;0;0;0;0;160|context:0;0;0;0;0;0;160,kv_annealed_retention,0.012687189582,0.014068401121,0.979681598879,0.973656631461,0.000000000000,0.000000000000,0.000000000000,0.000000000000,56;48;56,448;416;412,0.000000000000,0.544434369394,0.000000000000,0.664583333333,0.335416666667,0.164583333333,0.009375000000,0.987500000000,0.987500000000,2.414583333333,64;48;46
18,zero_query_context,2.610393580179,0.556250000000,2.554460560581,-0.437500000000,1.000000000000,0.800000000000,1.000000000000,320;320;320;320;320;320;480,entity:160;160;160;160;160;160;0|value:160;160;160;160;160;160;0|filler:0;0;0;0;0;0;0|query_marker:0;0;0;0;0;0;160|query_entity:0;0;0;0;0;0;160|context:0;0;0;0;0;0;160,kv_annealed_retention,0.866914659103,0.423674625712,0.979924625712,0.546769173274,0.854227469521,0.409606224591,0.000243026833,-0.426887458187,49;55;56,640;640;640,0.000000000000,0.978666962490,0.000000000000,1.000000000000,0.000000000000,0.500000000000,0.250000000000,0.493750000000,0.493750000000,1.000000000000,160;160;160
18,randomized_retention_actions,2.884172290482,0.425000000000,2.828239270885,-0.568750000000,1.000000000000,0.717500000000,1.000000000000,320;320;320;320;320;320;480,entity:160;160;160;160;160;160;0|value:160;160;160;160;160;160;0|filler:0;0;0;0;0;0;0|query_marker:0;0;0;0;0;0;160|query_entity:0;0;0;0;0;0;160|context:0;0;0;0;0;0;160,kv_annealed_retention,1.019812143728,0.446816222948,0.725982889615,0.346491245831,1.007124954146,0.432747821827,-0.253698709264,-0.627165385629,32;78;50,486;986;250,0.000000000000,0.615419600662,0.000000000000,0.896875000000,0.103125000000,0.627083333333,0.292708333333,0.243750000000,0.243750000000,1.451737451737,144;371;87
18,force_fifo_retention,2.610393580179,0.556250000000,2.554460560581,-0.437500000000,1.000000000000,0.800000000000,1.000000000000,320;320;320;320;320;320;480,entity:160;160;160;160;160;160;0|value:160;160;160;160;160;160;0|filler:0;0;0;0;0;0;0|query_marker:0;0;0;0;0;0;160|query_entity:0;0;0;0;0;0;160|context:0;0;0;0;0;0;160,kv_annealed_retention,0.866914659103,0.423674625712,0.979924625712,0.546769173274,0.854227469521,0.409606224591,0.000243026833,-0.426887458187,49;55;56,640;640;640,0.000000000000,0.515240863794,0.000000000000,1.000000000000,0.000000000000,0.500000000000,0.250000000000,0.493750000000,0.493750000000,1.000000000000,160;160;160
18,force_relevant_eviction,3.564148198497,0.237500000000,3.508215178900,-0.756250000000,1.000000000000,0.695000000000,1.000000000000,320;320;320;320;320;320;480,entity:160;160;160;160;160;160;0|value:160;160;160;160;160;160;0|filler:0;0;0;0;0;0;0|query_marker:0;0;0;0;0;0;160|query_entity:0;0;0;0;0;0;160|context:0;0;0;0;0;0;160,kv_annealed_retention,1.228706877224,0.553575695652,0.791075695652,0.273335418415,1.216019687642,0.539507294531,-0.188605903227,-0.700321213045,23;63;74,708;610;350,0.000000000000,0.636870987805,0.000000000000,0.868750000000,0.131250000000,0.448958333333,0.415625000000,0.162500000000,0.162500000000,1.888337468983,194;156;81
18,permuted_context_labels,3.014517988445,0.300000000000,2.958584968847,-0.693750000000,1.000000000000,0.470000000000,1.000000000000,320;320;320;320;320;320;480,entity:160;160;160;160;160;160;0|value:160;160;160;160;160;160;0|filler:0;0;0;0;0;0;0|query_marker:0;0;0;0;0;0;160|query_entity:0;0;0;0;0;0;160|context:0;0;0;0;0;0;160,kv_annealed_retention,1.098126280671,0.487052150225,0.787052150225,0.337174084696,1.085439091089,0.472983749104,-0.192629448654,-0.636482546765,42;62;56,420;384;324,0.000000000000,0.656477051172,0.000000000000,0.587500000000,0.412500000000,0.153125000000,0.136458333333,0.218750000000,0.218750000000,2.517985611511,53;54;40
18,disable_retention_skip,1.565835389468,0.731250000000,1.509902369871,-0.262500000000,1.000000000000,0.800000000000,1.000000000000,320;320;320;320;320;320;480,entity:160;160;160;160;160;160;0|value:160;160;160;160;160;160;0|filler:0;0;0;0;0;0;0|query_marker:0;0;0;0;0;0;160|query_entity:0;0;0;0;0;0;160|context:0;0;0;0;0;0;160,kv_annealed_retention,0.524635024466,0.248558404976,0.979808404976,0.717799309651,0.511947834884,0.234490003855,0.000126806096,-0.255857321810,55;40;65,792;608;520,0.000000000000,0.512061016518,0.000000000000,1.000000000000,0.000000000000,0.500000000000,0.171875000000,0.675000000000,0.675000000000,1.320833333333,236;144;100
18,no_workspace_writes,1.791759469228,0.262500000000,1.735826449631,-0.731250000000,1.000000000000,0.597500000000,1.000000000000,320;320;320;320;320;320;480,entity:160;160;160;160;160;160;0|value:160;160;160;160;160;160;0|filler:0;0;0;0;0;0;0|query_marker:0;0;0;0;0;0;160|query_entity:0;0;0;0;0;0;160|context:0;0;0;0;0;0;160,kv_annealed_retention,0.833333333333,0.095833333333,0.166666666667,0.166666666667,0.820646143751,0.081764932212,-0.813014932212,-0.806989964794,160;0;0,1434;0;0,0.000000000000,1.052533185216,0.000000000000,0.746875000000,0.253125000000,0.000000000000,0.000000000000,0.000000000000,0.000000000000,0.000000000000,0;0;0
18,no_workspace_persistence,1.791759469228,0.262500000000,1.735826449631,-0.731250000000,1.000000000000,0.597500000000,1.000000000000,320;320;320;320;320;320;480,entity:160;160;160;160;160;160;0|value:160;160;160;160;160;160;0|filler:0;0;0;0;0;0;0|query_marker:0;0;0;0;0;0;160|query_entity:0;0;0;0;0;0;160|context:0;0;0;0;0;0;160,kv_annealed_retention,0.833333333333,0.095833333333,0.166666666667,0.166666666667,0.820646143751,0.081764932212,-0.813014932212,-0.806989964794,160;0;0,1434;0;0,0.000000000000,1.052533185216,0.000000000000,0.746875000000,0.253125000000,0.000000000000,0.000000000000,0.000000000000,0.000000000000,0.000000000000,0;0;0
18,no_mechanism_output,1.791759469228,0.262500000000,1.735826449631,-0.731250000000,1.000000000000,0.531666666667,1.000000000000,320;320;320;320;320;320;480,entity:160;160;160;160;160;160;0|value:160;160;160;160;160;160;0|filler:0;0;0;0;0;0;0|query_marker:0;0;0;0;0;0;160|query_entity:0;0;0;0;0;0;160|context:0;0;0;0;0;0;160,kv_annealed_retention,0.833333333333,0.095833333333,0.166666666667,0.166666666667,0.820646143751,0.081764932212,-0.813014932212,-0.806989964794,56;48;56,448;416;412,0.000000000000,0.544434369394,0.000000000000,0.664583333333,0.335416666667,0.164583333333,0.009375000000,0.987500000000,0.987500000000,2.414583333333,64;48;46
19,intact,0.164961310433,0.975000000000,0.000000000000,0.000000000000,1.000000000000,0.535000000000,1.000000000000,320;320;320;320;320;320;480,entity:160;160;160;160;160;160;0|value:160;160;160;160;160;160;0|filler:0;0;0;0;0;0;0|query_marker:0;0;0;0;0;0;160|query_entity:0;0;0;0;0;0;160|context:0;0;0;0;0;0;160,kv_annealed_retention,0.049211052199,0.006877542057,0.981877542057,0.957497830244,0.000000000000,0.000000000000,0.000000000000,0.000000000000,50;52;58,434;418;432,0.000000000000,0.500087258360,0.000000000000,0.668750000000,0.331250000000,0.168750000000,0.010416666667,0.968750000000,0.968750000000,2.418750000000,57;49;56
19,zero_query_context,2.017191152657,0.668750000000,1.852229842224,-0.306250000000,1.000000000000,0.800000000000,1.000000000000,320;320;320;320;320;320;480,entity:160;160;160;160;160;160;0|value:160;160;160;160;160;160;0|filler:0;0;0;0;0;0;0|query_marker:0;0;0;0;0;0;160|query_entity:0;0;0;0;0;0;160|context:0;0;0;0;0;0;160,kv_annealed_retention,0.650158632779,0.313683148943,0.982433148943,0.657565855010,0.600947580579,0.306805606886,0.000555606886,-0.299931975234,52;57;51,640;640;640,0.000000000000,0.991791156936,0.000000000000,1.000000000000,0.000000000000,0.500000000000,0.245833333333,0.550000000000,0.550000000000,1.000000000000,160;160;160
19,randomized_retention_actions,3.067691202172,0.318750000000,2.902729891739,-0.656250000000,1.000000000000,0.708333333333,1.000000000000,320;320;320;320;320;320;480,entity:160;160;160;160;160;160;0|value:160;160;160;160;160;160;0|filler:0;0;0;0;0;0;0|query_marker:0;0;0;0;0;0;160|query_entity:0;0;0;0;0;0;160|context:0;0;0;0;0;0;160,kv_annealed_retention,1.103350675339,0.434032797108,0.752782797108,0.318451913516,1.054139623140,0.427155255051,-0.229094744949,-0.639045916728,24;86;50,480;942;278,0.000000000000,0.604821065774,0.000000000000,0.885416666667,0.114583333333,0.607291666667,0.294791666667,0.187500000000,0.187500000000,1.501872659176,133;350;100
19,force_fifo_retention,2.017191152657,0.668750000000,1.852229842224,-0.306250000000,1.000000000000,0.800000000000,1.000000000000,320;320;320;320;320;320;480,entity:160;160;160;160;160;160;0|value:160;160;160;160;160;160;0|filler:0;0;0;0;0;0;0|query_marker:0;0;0;0;0;0;160|query_entity:0;0;0;0;0;0;160|context:0;0;0;0;0;0;160,kv_annealed_retention,0.650158632779,0.313683148943,0.982433148943,0.657565855010,0.600947580579,0.306805606886,0.000555606886,-0.299931975234,52;57;51,640;640;640,0.000000000000,0.489366826541,0.000000000000,1.000000000000,0.000000000000,0.500000000000,0.245833333333,0.550000000000,0.550000000000,1.000000000000,160;160;160
19,force_relevant_eviction,3.260673184894,0.331250000000,3.095711874461,-0.643750000000,1.000000000000,0.690000000000,1.000000000000,320;320;320;320;320;320;480,entity:160;160;160;160;160;160;0|value:160;160;160;160;160;160;0|filler:0;0;0;0;0;0;0|query_marker:0;0;0;0;0;0;160|query_entity:0;0;0;0;0;0;160|context:0;0;0;0;0;0;160,kv_annealed_retention,1.141499457946,0.478591681169,0.789008347836,0.317369223951,1.092288405747,0.471714139112,-0.192869194222,-0.640128606293,26;59;75,720;586;350,0.000000000000,0.612370310533,0.000000000000,0.862500000000,0.137500000000,0.447916666667,0.418750000000,0.156250000000,0.156250000000,1.854271356784,200;146;84
19,permuted_context_labels,2.623009251251,0.531250000000,2.458047940818,-0.443750000000,1.000000000000,0.434166666667,1.000000000000,320;320;320;320;320;320;480,entity:160;160;160;160;160;160;0|value:160;160;160;160;160;160;0|filler:0;0;0;0;0;0;0|query_marker:0;0;0;0;0;0;160|query_entity:0;0;0;0;0;0;160|context:0;0;0;0;0;0;160,kv_annealed_retention,0.941787489219,0.476018387899,0.778101721232,0.411541802239,0.892576437020,0.469140845841,-0.203775820825,-0.545956028004,36;60;64,386;362;294,0.000000000000,0.600989005667,0.000000000000,0.542708333333,0.457291666667,0.100000000000,0.078125000000,0.275000000000,0.275000000000,2.538823529412,33;35;28
19,disable_retention_skip,1.351013809944,0.775000000000,1.186052499510,-0.200000000000,1.000000000000,0.800000000000,1.000000000000,320;320;320;320;320;320;480,entity:160;160;160;160;160;160;0|value:160;160;160;160;160;160;0|filler:0;0;0;0;0;0;0|query_marker:0;0;0;0;0;0;160|query_entity:0;0;0;0;0;0;160|context:0;0;0;0;0;0;160,kv_annealed_retention,0.440983484219,0.207156851862,0.982156851862,0.761883782182,0.391772432020,0.200279309805,0.000279309805,-0.195614048062,53;47;60,780;606;534,0.000000000000,0.471586110759,0.000000000000,1.000000000000,0.000000000000,0.500000000000,0.171875000000,0.687500000000,0.687500000000,1.341666666667,230;143;107
19,no_workspace_writes,1.791759469228,0.206250000000,1.626798158795,-0.768750000000,1.000000000000,0.600000000000,1.000000000000,320;320;320;320;320;320;480,entity:160;160;160;160;160;160;0|value:160;160;160;160;160;160;0|filler:0;0;0;0;0;0;0|query_marker:0;0;0;0;0;0;160|query_entity:0;0;0;0;0;0;160|context:0;0;0;0;0;0;160,kv_annealed_retention,0.833333333333,0.039583333333,0.166666666667,0.166666666667,0.784122281134,0.032705791276,-0.815210875391,-0.790831163577,160;0;0,1440;0;0,0.000000000000,1.035971895649,0.000000000000,0.750000000000,0.250000000000,0.000000000000,0.000000000000,0.000000000000,0.000000000000,0.000000000000,0;0;0
19,no_workspace_persistence,1.791759469228,0.206250000000,1.626798158795,-0.768750000000,1.000000000000,0.600000000000,1.000000000000,320;320;320;320;320;320;480,entity:160;160;160;160;160;160;0|value:160;160;160;160;160;160;0|filler:0;0;0;0;0;0;0|query_marker:0;0;0;0;0;0;160|query_entity:0;0;0;0;0;0;160|context:0;0;0;0;0;0;160,kv_annealed_retention,0.833333333333,0.039583333333,0.166666666667,0.166666666667,0.784122281134,0.032705791276,-0.815210875391,-0.790831163577,160;0;0,1440;0;0,0.000000000000,1.035971895649,0.000000000000,0.750000000000,0.250000000000,0.000000000000,0.000000000000,0.000000000000,0.000000000000,0.000000000000,0;0;0
19,no_mechanism_output,1.791759469228,0.206250000000,1.626798158795,-0.768750000000,1.000000000000,0.535000000000,1.000000000000,320;320;320;320;320;320;480,entity:160;160;160;160;160;160;0|value:160;160;160;160;160;160;0|filler:0;0;0;0;0;0;0|query_marker:0;0;0;0;0;0;160|query_entity:0;0;0;0;0;0;160|context:0;0;0;0;0;0;160,kv_annealed_retention,0.833333333333,0.039583333333,0.166666666667,0.166666666667,0.784122281134,0.032705791276,-0.815210875391,-0.790831163577,50;52;58,434;418;432,0.000000000000,0.500087258360,0.000000000000,0.668750000000,0.331250000000,0.168750000000,0.010416666667,0.968750000000,0.968750000000,2.418750000000,57;49;56
20,intact,0.199032165800,0.968750000000,0.000000000000,0.000000000000,1.000000000000,0.521666666667,1.000000000000,320;320;320;320;320;320;480,entity:160;160;160;160;160;160;0|value:160;160;160;160;160;160;0|filler:0;0;0;0;0;0;0|query_marker:0;0;0;0;0;0;160|query_entity:0;0;0;0;0;0;160|context:0;0;0;0;0;0;160,kv_annealed_retention,0.061307746718,0.011307745291,0.980057745291,0.949676714030,0.000000000000,0.000000000000,0.000000000000,0.000000000000,51;44;65,410;432;410,0.000000000000,0.583776202352,0.000000000000,0.652083333333,0.347916666667,0.152083333333,0.009375000000,0.968750000000,0.968750000000,2.329166666667,45;56;45
20,zero_query_context,2.062934071103,0.643750000000,1.863901905303,-0.325000000000,1.000000000000,0.800000000000,1.000000000000,320;320;320;320;320;320;480,entity:160;160;160;160;160;160;0|value:160;160;160;160;160;160;0|filler:0;0;0;0;0;0;0|query_marker:0;0;0;0;0;0;160|query_entity:0;0;0;0;0;0;160|context:0;0;0;0;0;0;160,kv_annealed_retention,0.696198983944,0.336261412247,0.980011412247,0.632183610664,0.634891237226,0.324953666956,-0.000046333044,-0.317493103365,55;59;46,640;640;640,0.000000000000,0.988227684470,0.000000000000,1.000000000000,0.000000000000,0.500000000000,0.233333333333,0.575000000000,0.575000000000,1.000000000000,160;160;160
20,randomized_retention_actions,3.189825091622,0.437500000000,2.990792925822,-0.531250000000,1.000000000000,0.733333333333,1.000000000000,320;320;320;320;320;320;480,entity:160;160;160;160;160;160;0|value:160;160;160;160;160;160;0|filler:0;0;0;0;0;0;0|query_marker:0;0;0;0;0;0;160|query_entity:0;0;0;0;0;0;160|context:0;0;0;0;0;0;160,kv_annealed_retention,1.142185275092,0.587517132509,0.816683799175,0.329159362248,1.080877528374,0.576209387217,-0.163373946116,-0.620517351782,24;76;60,572;812;376,0.000000000000,0.627368135137,0.000000000000,0.916666666667,0.083333333333,0.640625000000,0.290625000000,0.250000000000,0.250000000000,1.267924528302,181;304;130
20,force_fifo_retention,2.062934071103,0.643750000000,1.863901905303,-0.325000000000,1.000000000000,0.800000000000,1.000000000000,320;320;320;320;320;320;480,entity:160;160;160;160;160;160;0|value:160;160;160;160;160;160;0|filler:0;0;0;0;0;0;0|query_marker:0;0;0;0;0;0;160|query_entity:0;0;0;0;0;0;160|context:0;0;0;0;0;0;160,kv_annealed_retention,0.696198983944,0.336261412247,0.980011412247,0.632183610664,0.634891237226,0.324953666956,-0.000046333044,-0.317493103365,55;59;46,640;640;640,0.000000000000,0.508412817445,0.000000000000,1.000000000000,0.000000000000,0.500000000000,0.233333333333,0.575000000000,0.575000000000,1.000000000000,160;160;160
20,force_relevant_eviction,2.926405204428,0.275000000000,2.727373038628,-0.693750000000,1.000000000000,0.670833333333,1.000000000000,320;320;320;320;320;320;480,entity:160;160;160;160;160;160;0|value:160;160;160;160;160;160;0|filler:0;0;0;0;0;0;0|query_marker:0;0;0;0;0;0;160|query_entity:0;0;0;0;0;0;160|context:0;0;0;0;0;0;160,kv_annealed_retention,1.065267112800,0.450463375967,0.725463375967,0.323234098123,1.003959366083,0.439155630676,-0.254594369324,-0.626442615907,25;66;69,788;560;262,0.000000000000,0.683328364070,0.000000000000,0.838541666667,0.161458333333,0.447916666667,0.414583333333,0.181250000000,0.181250000000,1.712000000000,234;143;53
20,permuted_context_labels,2.365886313036,0.375000000000,2.166854147236,-0.593750000000,1.000000000000,0.417500000000,1.000000000000,320;320;320;320;320;320;480,entity:160;160;160;160;160;160;0|value:160;160;160;160;160;160;0|filler:0;0;0;0;0;0;0|query_marker:0;0;0;0;0;0;160|query_entity:0;0;0;0;0;0;160|context:0;0;0;0;0;0;160,kv_annealed_retention,0.869231390943,0.351128411194,0.726128411194,0.421900646890,0.807923644226,0.339820665903,-0.253929334097,-0.527776067140,51;50;59,412;350;240,0.000000000000,0.744356714962,0.000000000000,0.521875000000,0.478125000000,0.131250000000,0.090625000000,0.331250000000,0.331250000000,2.424000000000,50;41;35
20,disable_retention_skip,1.454010302364,0.750000000000,1.254978136564,-0.218750000000,1.000000000000,0.800000000000,1.000000000000,320;320;320;320;320;320;480,entity:160;160;160;160;160;160;0|value:160;160;160;160;160;160;0|filler:0;0;0;0;0;0;0|query_marker:0;0;0;0;0;0;160|query_entity:0;0;0;0;0;0;160|context:0;0;0;0;0;0;160,kv_annealed_retention,0.488665001798,0.230070509843,0.980070509843,0.736010528427,0.427357255080,0.218762764551,0.000012764551,-0.213666185603,58;49;53,738;648;534,0.000000000000,0.511516197612,0.000000000000,1.000000000000,0.000000000000,0.500000000000,0.158333333333,0.700000000000,0.700000000000,1.358333333333,209;164;107
20,no_workspace_writes,1.791759469228,0.250000000000,1.592727303428,-0.718750000000,1.000000000000,0.561666666667,1.000000000000,320;320;320;320;320;320;480,entity:160;160;160;160;160;160;0|value:160;160;160;160;160;160;0|filler:0;0;0;0;0;0;0|query_marker:0;0;0;0;0;0;160|query_entity:0;0;0;0;0;0;160|context:0;0;0;0;0;0;160,kv_annealed_retention,0.833333333333,0.083333333333,0.166666666667,0.166666666667,0.772025586616,0.072025588042,-0.813391078625,-0.783010047363,160;0;0,1348;0;0,0.000000000000,1.089883628941,0.000000000000,0.702083333333,0.297916666667,0.000000000000,0.000000000000,0.000000000000,0.000000000000,0.000000000000,0;0;0
20,no_workspace_persistence,1.791759469228,0.250000000000,1.592727303428,-0.718750000000,1.000000000000,0.561666666667,1.000000000000,320;320;320;320;320;320;480,entity:160;160;160;160;160;160;0|value:160;160;160;160;160;160;0|filler:0;0;0;0;0;0;0|query_marker:0;0;0;0;0;0;160|query_entity:0;0;0;0;0;0;160|context:0;0;0;0;0;0;160,kv_annealed_retention,0.833333333333,0.083333333333,0.166666666667,0.166666666667,0.772025586616,0.072025588042,-0.813391078625,-0.783010047363,160;0;0,1348;0;0,0.000000000000,1.089883628941,0.000000000000,0.702083333333,0.297916666667,0.000000000000,0.000000000000,0.000000000000,0.000000000000,0.000000000000,0;0;0
20,no_mechanism_output,1.791759469228,0.250000000000,1.592727303428,-0.718750000000,1.000000000000,0.521666666667,1.000000000000,320;320;320;320;320;320;480,entity:160;160;160;160;160;160;0|value:160;160;160;160;160;160;0|filler:0;0;0;0;0;0;0|query_marker:0;0;0;0;0;0;160|query_entity:0;0;0;0;0;0;160|context:0;0;0;0;0;0;160,kv_annealed_retention,0.833333333333,0.083333333333,0.166666666667,0.166666666667,0.772025586616,0.072025588042,-0.813391078625,-0.783010047363,51;44;65,410;432;410,0.000000000000,0.583776202352,0.000000000000,0.652083333333,0.347916666667,0.152083333333,0.009375000000,0.968750000000,0.968750000000,2.329166666667,45;56;45
21,intact,0.303320128936,0.962500000000,0.000000000000,0.000000000000,1.000000000000,0.517500000000,1.000000000000,320;320;320;320;320;320;480,entity:160;160;160;160;160;160;0|value:160;160;160;160;160;160;0|filler:0;0;0;0;0;0;0|query_marker:0;0;0;0;0;0;160|query_entity:0;0;0;0;0;0;160|context:0;0;0;0;0;0;160,kv_annealed_retention,0.074412479804,0.015533017217,0.946966982783,0.911895821025,0.000000000000,0.000000000000,0.000000000000,0.000000000000,47;50;63,422;408;412,0.000000000000,0.560573585579,0.000000000000,0.646875000000,0.353125000000,0.146875000000,0.018750000000,0.962500000000,0.962500000000,2.418750000000,51;44;46
21,zero_query_context,2.163690888125,0.581250000000,1.860370759189,-0.381250000000,1.000000000000,0.800000000000,1.000000000000,320;320;320;320;320;320;480,entity:160;160;160;160;160;160;0|value:160;160;160;160;160;160;0|filler:0;0;0;0;0;0;0|query_marker:0;0;0;0;0;0;160|query_entity:0;0;0;0;0;0;160|context:0;0;0;0;0;0;160,kv_annealed_retention,0.789174987491,0.367706527293,0.948956527293,0.556401055008,0.714762507687,0.352173510075,0.001989544510,-0.355494766017,63;44;53,640;640;640,0.000000000000,0.990644597773,0.000000000000,1.000000000000,0.000000000000,0.500000000000,0.251041666667,0.506250000000,0.506250000000,1.000000000000,160;160;160
21,randomized_retention_actions,2.997475119552,0.325000000000,2.694154990616,-0.637500000000,1.000000000000,0.712500000000,1.000000000000,320;320;320;320;320;320;480,entity:160;160;160;160;160;160;0|value:160;160;160;160;160;160;0|filler:0;0;0;0;0;0;0|query_marker:0;0;0;0;0;0;160|query_entity:0;0;0;0;0;0;160|context:0;0;0;0;0;0;160,kv_annealed_retention,1.124662863656,0.476571048731,0.801571048731,0.319011043927,1.050250383851,0.461038031514,-0.145395934051,-0.592884777098,26;79;55,516;842;352,0.000000000000,0.593169400821,0.000000000000,0.890625000000,0.109375000000,0.611458333333,0.293750000000,0.225000000000,0.225000000000,1.406716417910,150;314;123
21,force_fifo_retention,2.163690888125,0.581250000000,1.860370759189,-0.381250000000,1.000000000000,0.800000000000,1.000000000000,320;320;320;320;320;320;480,entity:160;160;160;160;160;160;0|value:160;160;160;160;160;160;0|filler:0;0;0;0;0;0;0|query_marker:0;0;0;0;0;0;160|query_entity:0;0;0;0;0;0;160|context:0;0;0;0;0;0;160,kv_annealed_retention,0.789174987491,0.367706527293,0.948956527293,0.556401055008,0.714762507687,0.352173510075,0.001989544510,-0.355494766017,63;44;53,640;640;640,0.000000000000,0.508137106033,0.000000000000,1.000000000000,0.000000000000,0.500000000000,0.251041666667,0.506250000000,0.506250000000,1.000000000000,160;160;160
21,force_relevant_eviction,3.002043433490,0.362500000000,2.698723304555,-0.600000000000,1.000000000000,0.696666666667,1.000000000000,320;320;320;320;320;320;480,entity:160;160;160;160;160;160;0|value:160;160;160;160;160;160;0|filler:0;0;0;0;0;0;0|query_marker:0;0;0;0;0;0;160|query_entity:0;0;0;0;0;0;160|context:0;0;0;0;0;0;160,kv_annealed_retention,1.065841508758,0.439373796545,0.766457129878,0.331510423845,0.991429028954,0.423840779328,-0.180509852904,-0.580385397180,30;52;78,742;604;326,0.000000000000,0.640747729422,0.000000000000,0.870833333333,0.129166666667,0.445833333333,0.413541666667,0.187500000000,0.187500000000,1.691176470588,211;151;66
21,permuted_context_labels,3.383984344463,0.356250000000,3.080664215527,-0.606250000000,1.000000000000,0.425000000000,1.000000000000,320;320;320;320;320;320;480,entity:160;160;160;160;160;160;0|value:160;160;160;160;160;160;0|filler:0;0;0;0;0;0;0|query_marker:0;0;0;0;0;0;160|query_entity:0;0;0;0;0;0;160|context:0;0;0;0;0;0;160,kv_annealed_retention,1.266638521004,0.649868029030,0.716534695697,0.207139906717,1.192226041200,0.634335011813,-0.230432287086,-0.704755914308,40;50;70,372;360;288,0.000000000000,0.667799389149,0.000000000000,0.531250000000,0.468750000000,0.109375000000,0.088541666667,0.068750000000,0.068750000000,2.424691358025,28;46;31
21,disable_retention_skip,1.402910596135,0.731250000000,1.099590467199,-0.231250000000,1.000000000000,0.800000000000,1.000000000000,320;320;320;320;320;320;480,entity:160;160;160;160;160;160;0|value:160;160;160;160;160;160;0|filler:0;0;0;0;0;0;0|query_marker:0;0;0;0;0;0;160|query_entity:0;0;0;0;0;0;160|context:0;0;0;0;0;0;160,kv_annealed_retention,0.507969270582,0.218128090932,0.949378090932,0.697426785775,0.433556790777,0.202595073715,0.002411108150,-0.214469035250,61;46;53,798;622;500,0.000000000000,0.509069799372,0.000000000000,1.000000000000,0.000000000000,0.500000000000,0.169791666667,0.687500000000,0.687500000000,1.389583333333,239;151;90
21,no_workspace_writes,1.791759469228,0.206250000000,1.488439340292,-0.756250000000,1.000000000000,0.585000000000,1.000000000000,320;320;320;320;320;320;480,entity:160;160;160;160;160;160;0|value:160;160;160;160;160;160;0|filler:0;0;0;0;0;0;0|query_marker:0;0;0;0;0;0;160|query_entity:0;0;0;0;0;0;160|context:0;0;0;0;0;0;160,kv_annealed_retention,0.833333333333,0.039583333333,0.166666666667,0.166666666667,0.758920853529,0.024050316116,-0.780300316116,-0.745229154358,160;0;0,1404;0;0,0.000000000000,1.051354594472,0.000000000000,0.731250000000,0.268750000000,0.000000000000,0.000000000000,0.000000000000,0.000000000000,0.000000000000,0;0;0
21,no_workspace_persistence,1.791759469228,0.206250000000,1.488439340292,-0.756250000000,1.000000000000,0.585000000000,1.000000000000,320;320;320;320;320;320;480,entity:160;160;160;160;160;160;0|value:160;160;160;160;160;160;0|filler:0;0;0;0;0;0;0|query_marker:0;0;0;0;0;0;160|query_entity:0;0;0;0;0;0;160|context:0;0;0;0;0;0;160,kv_annealed_retention,0.833333333333,0.039583333333,0.166666666667,0.166666666667,0.758920853529,0.024050316116,-0.780300316116,-0.745229154358,160;0;0,1404;0;0,0.000000000000,1.051354594472,0.000000000000,0.731250000000,0.268750000000,0.000000000000,0.000000000000,0.000000000000,0.000000000000,0.000000000000,0;0;0
21,no_mechanism_output,1.791759469228,0.206250000000,1.488439340292,-0.756250000000,1.000000000000,0.517500000000,1.000000000000,320;320;320;320;320;320;480,entity:160;160;160;160;160;160;0|value:160;160;160;160;160;160;0|filler:0;0;0;0;0;0;0|query_marker:0;0;0;0;0;0;160|query_entity:0;0;0;0;0;0;160|context:0;0;0;0;0;0;160,kv_annealed_retention,0.833333333333,0.039583333333,0.166666666667,0.166666666667,0.758920853529,0.024050316116,-0.780300316116,-0.745229154358,47;50;63,422;408;412,0.000000000000,0.560573585579,0.000000000000,0.646875000000,0.353125000000,0.146875000000,0.018750000000,0.962500000000,0.962500000000,2.418750000000,51;44;46
22,intact,0.885766782396,0.818750000000,0.000000000000,0.000000000000,1.000000000000,0.579166666667,1.000000000000,320;320;320;320;320;320;480,entity:160;160;160;160;160;160;0|value:160;160;160;160;160;160;0|filler:0;0;0;0;0;0;0|query_marker:0;0;0;0;0;0;160|query_entity:0;0;0;0;0;0;160|context:0;0;0;0;0;0;160,kv_annealed_retention,0.334456400579,0.029128609734,0.847878609734,0.696563260080,0.000000000000,0.000000000000,0.000000000000,0.000000000000,57;53;50,440;474;476,0.000000000000,0.506605297925,0.000000000000,0.723958333333,0.276041666667,0.223958333333,0.086458333333,0.806250000000,0.806250000000,2.393750000000,60;77;78
22,zero_query_context,1.592372865773,0.593750000000,0.706606083376,-0.225000000000,1.000000000000,0.800000000000,1.000000000000,320;320;320;320;320;320;480,entity:160;160;160;160;160;160;0|value:160;160;160;160;160;160;0|filler:0;0;0;0;0;0;0|query_marker:0;0;0;0;0;0;160|query_entity:0;0;0;0;0;0;160|context:0;0;0;0;0;0;160,kv_annealed_retention,0.698437088747,0.262691480983,0.856441480983,0.521653051300,0.363980688168,0.233562871249,0.008562871249,-0.174910208780,54;50;56,640;640;640,0.000000000000,0.959540336080,0.000000000000,1.000000000000,0.000000000000,0.500000000000,0.262500000000,0.537500000000,0.537500000000,1.000000000000,160;160;160
22,randomized_retention_actions,1.902331599436,0.512500000000,1.016564817040,-0.306250000000,1.000000000000,0.705833333333,1.000000000000,320;320;320;320;320;320;480,entity:160;160;160;160;160;160;0|value:160;160;160;160;160;160;0|filler:0;0;0;0;0;0;0|query_marker:0;0;0;0;0;0;160|query_entity:0;0;0;0;0;0;160|context:0;0;0;0;0;0;160,kv_annealed_retention,0.853702291272,0.367919205346,0.753335872013,0.399384537012,0.519245890693,0.338790595612,-0.094542737721,-0.297178723067,17;105;38,416;1040;238,0.000000000000,0.605368532350,0.000000000000,0.882291666667,0.117708333333,0.612500000000,0.311458333333,0.256250000000,0.256250000000,1.552123552124,109;394;85
22,force_fifo_retention,1.592372865773,0.593750000000,0.706606083376,-0.225000000000,1.000000000000,0.800000000000,1.000000000000,320;320;320;320;320;320;480,entity:160;160;160;160;160;160;0|value:160;160;160;160;160;160;0|filler:0;0;0;0;0;0;0|query_marker:0;0;0;0;0;0;160|query_entity:0;0;0;0;0;0;160|context:0;0;0;0;0;0;160,kv_annealed_retention,0.698437088747,0.262691480983,0.856441480983,0.521653051300,0.363980688168,0.233562871249,0.008562871249,-0.174910208780,54;50;56,640;640;640,0.000000000000,0.496877620225,0.000000000000,1.000000000000,0.000000000000,0.500000000000,0.262500000000,0.537500000000,0.537500000000,1.000000000000,160;160;160
22,force_relevant_eviction,2.292544592399,0.318750000000,1.406777810003,-0.500000000000,1.000000000000,0.710000000000,1.000000000000,320;320;320;320;320;320;480,entity:160;160;160;160;160;160;0|value:160;160;160;160;160;160;0|filler:0;0;0;0;0;0;0|query_marker:0;0;0;0;0;0;160|query_entity:0;0;0;0;0;0;160|context:0;0;0;0;0;0;160,kv_annealed_retention,1.021791619406,0.431069581463,0.749819581463,0.314203384974,0.687335218827,0.401940971730,-0.098059028270,-0.382359875106,45;59;56,782;544;378,0.000000000000,0.602223382980,0.000000000000,0.887500000000,0.112500000000,0.461458333333,0.423958333333,0.156250000000,0.156250000000,1.789731051345,231;123;89
22,permuted_context_labels,1.968946441439,0.550000000000,1.083179659043,-0.268750000000,1.000000000000,0.470000000000,1.000000000000,320;320;320;320;320;320;480,entity:160;160;160;160;160;160;0|value:160;160;160;160;160;160;0|filler:0;0;0;0;0;0;0|query_marker:0;0;0;0;0;0;160|query_entity:0;0;0;0;0;0;160|context:0;0;0;0;0;0;160,kv_annealed_retention,0.905316581098,0.451386584307,0.613886584307,0.313194053277,0.570860180519,0.422257974573,-0.233992025427,-0.383369206803,39;56;65,432;380;316,0.000000000000,0.561342749583,0.000000000000,0.587500000000,0.412500000000,0.176041666667,0.086458333333,0.237500000000,0.237500000000,2.270886075949,59;58;52
22,disable_retention_skip,1.592877854895,0.606250000000,0.707111072499,-0.212500000000,1.000000000000,0.800000000000,1.000000000000,320;320;320;320;320;320;480,entity:160;160;160;160;160;160;0|value:160;160;160;160;160;160;0|filler:0;0;0;0;0;0;0|query_marker:0;0;0;0;0;0;160|query_entity:0;0;0;0;0;0;160|context:0;0;0;0;0;0;160,kv_annealed_retention,0.685670012199,0.250680879963,0.856930879963,0.528415561498,0.351213611621,0.221552270229,0.009052270229,-0.168147698582,64;44;52,708;652;560,0.000000000000,0.501594358954,0.000000000000,1.000000000000,0.000000000000,0.500000000000,0.225000000000,0.556250000000,0.556250000000,1.420833333333,194;166;120
22,no_workspace_writes,1.791759469228,0.256250000000,0.905992686832,-0.562500000000,1.000000000000,0.626666666667,1.000000000000,320;320;320;320;320;320;480,entity:160;160;160;160;160;160;0|value:160;160;160;160;160;160;0|filler:0;0;0;0;0;0;0|query_marker:0;0;0;0;0;0;160|query_entity:0;0;0;0;0;0;160|context:0;0;0;0;0;0;160,kv_annealed_retention,0.833333333333,0.089583333333,0.166666666667,0.166666666667,0.498876932755,0.060454723599,-0.681211943067,-0.529896593413,160;0;0,1504;0;0,0.000000000000,0.973216074773,0.000000000000,0.783333333333,0.216666666667,0.000000000000,0.000000000000,0.000000000000,0.000000000000,0.000000000000,0;0;0
22,no_workspace_persistence,1.791759469228,0.256250000000,0.905992686832,-0.562500000000,1.000000000000,0.626666666667,1.000000000000,320;320;320;320;320;320;480,entity:160;160;160;160;160;160;0|value:160;160;160;160;160;160;0|filler:0;0;0;0;0;0;0|query_marker:0;0;0;0;0;0;160|query_entity:0;0;0;0;0;0;160|context:0;0;0;0;0;0;160,kv_annealed_retention,0.833333333333,0.089583333333,0.166666666667,0.166666666667,0.498876932755,0.060454723599,-0.681211943067,-0.529896593413,160;0;0,1504;0;0,0.000000000000,0.973216074773,0.000000000000,0.783333333333,0.216666666667,0.000000000000,0.000000000000,0.000000000000,0.000000000000,0.000000000000,0;0;0
22,no_mechanism_output,1.791759469228,0.256250000000,0.905992686832,-0.562500000000,1.000000000000,0.579166666667,1.000000000000,320;320;320;320;320;320;480,entity:160;160;160;160;160;160;0|value:160;160;160;160;160;160;0|filler:0;0;0;0;0;0;0|query_marker:0;0;0;0;0;0;160|query_entity:0;0;0;0;0;0;160|context:0;0;0;0;0;0;160,kv_annealed_retention,0.833333333333,0.089583333333,0.166666666667,0.166666666667,0.498876932755,0.060454723599,-0.681211943067,-0.529896593413,57;53;50,440;474;476,0.000000000000,0.506605297925,0.000000000000,0.723958333333,0.276041666667,0.223958333333,0.086458333333,0.806250000000,0.806250000000,2.393750000000,60;77;78
23,intact,0.771412761848,0.868750000000,0.000000000000,0.000000000000,1.000000000000,0.556666666667,1.000000000000,320;320;320;320;320;320;480,entity:160;160;160;160;160;160;0|value:160;160;160;160;160;160;0|filler:0;0;0;0;0;0;0|query_marker:0;0;0;0;0;0;160|query_entity:0;0;0;0;0;0;160|context:0;0;0;0;0;0;160,kv_annealed_retention,0.252128384962,0.057483383645,0.828925663843,0.724471304997,0.000000000000,0.000000000000,0.000000000000,0.000000000000,44;60;56,478;442;416,0.000000000000,0.538169763331,0.000000000000,0.695833333333,0.304166666667,0.195833333333,0.066666666667,0.850000000000,0.850000000000,2.202083333333,79;61;48
23,zero_query_context,1.609255877993,0.631250000000,0.837843116145,-0.237500000000,1.000000000000,0.800000000000,1.000000000000,320;320;320;320;320;320;480,entity:160;160;160;160;160;160;0|value:160;160;160;160;160;160;0|filler:0;0;0;0;0;0;0|query_marker:0;0;0;0;0;0;160|query_entity:0;0;0;0;0;0;160|context:0;0;0;0;0;0;160,kv_annealed_retention,0.638899909604,0.208165791026,0.839415791026,0.539301841690,0.386771524643,0.150682407382,0.010490127183,-0.185169463307,45;61;54,640;640;640,0.000000000000,0.966578669124,0.000000000000,1.000000000000,0.000000000000,0.500000000000,0.250000000000,0.587500000000,0.587500000000,1.000000000000,160;160;160
23,randomized_retention_actions,2.608505024345,0.300000000000,1.837092262497,-0.568750000000,1.000000000000,0.705000000000,1.000000000000,320;320;320;320;320;320;480,entity:160;160;160;160;160;160;0|value:160;160;160;160;160;160;0|filler:0;0;0;0;0;0;0|query_marker:0;0;0;0;0;0;160|query_entity:0;0;0;0;0;0;160|context:0;0;0;0;0;0;160,kv_annealed_retention,1.115590993144,0.497015630632,0.797015630632,0.283279505986,0.863462608182,0.439532246987,-0.031910033212,-0.441191799011,10;111;39,452;978;262,0.000000000000,0.566893461943,0.000000000000,0.881250000000,0.118750000000,0.615625000000,0.286458333333,0.212500000000,0.212500000000,1.521568627451,131;368;92
23,force_fifo_retention,1.609255877993,0.631250000000,0.837843116145,-0.237500000000,1.000000000000,0.800000000000,1.000000000000,320;320;320;320;320;320;480,entity:160;160;160;160;160;160;0|value:160;160;160;160;160;160;0|filler:0;0;0;0;0;0;0|query_marker:0;0;0;0;0;0;160|query_entity:0;0;0;0;0;0;160|context:0;0;0;0;0;0;160,kv_annealed_retention,0.638899909604,0.208165791026,0.839415791026,0.539301841690,0.386771524643,0.150682407382,0.010490127183,-0.185169463307,45;61;54,640;640;640,0.000000000000,0.509767286398,0.000000000000,1.000000000000,0.000000000000,0.500000000000,0.250000000000,0.587500000000,0.587500000000,1.000000000000,160;160;160
23,force_relevant_eviction,2.618650227227,0.375000000000,1.847237465379,-0.493750000000,1.000000000000,0.695000000000,1.000000000000,320;320;320;320;320;320;480,entity:160;160;160;160;160;160;0|value:160;160;160;160;160;160;0|filler:0;0;0;0;0;0;0|query_marker:0;0;0;0;0;0;160|query_entity:0;0;0;0;0;0;160|context:0;0;0;0;0;0;160,kv_annealed_retention,1.110886256407,0.543723981096,0.760390647763,0.272583447556,0.858757871445,0.486240597451,-0.068535016080,-0.451887857441,32;67;61,720;606;342,0.000000000000,0.569230543314,0.000000000000,0.868750000000,0.131250000000,0.442708333333,0.406250000000,0.175000000000,0.175000000000,1.792176039120,200;152;73
23,permuted_context_labels,2.045813881514,0.375000000000,1.274401119666,-0.493750000000,1.000000000000,0.481666666667,1.000000000000,320;320;320;320;320;320;480,entity:160;160;160;160;160;160;0|value:160;160;160;160;160;160;0|filler:0;0;0;0;0;0;0|query_marker:0;0;0;0;0;0;160|query_entity:0;0;0;0;0;0;160|context:0;0;0;0;0;0;160,kv_annealed_retention,0.822689376731,0.283855332226,0.658855332226,0.376604206414,0.570560991769,0.226371948581,-0.170070331618,-0.347867098583,41;56;63,440;394;322,0.000000000000,0.557427999976,0.000000000000,0.602083333333,0.397916666667,0.172916666667,0.108333333333,0.331250000000,0.331250000000,2.281553398058,63;57;46
23,disable_retention_skip,1.330470939883,0.718750000000,0.559058178035,-0.150000000000,1.000000000000,0.800000000000,1.000000000000,320;320;320;320;320;320;480,entity:160;160;160;160;160;160;0|value:160;160;160;160;160;160;0|filler:0;0;0;0;0;0;0|query_marker:0;0;0;0;0;0;160|query_entity:0;0;0;0;0;0;160|context:0;0;0;0;0;0;160,kv_annealed_retention,0.499762471593,0.118149494765,0.835700004279,0.605924833522,0.247634086632,0.060666111120,0.006774340436,-0.118546471476,51;58;51,772;628;520,0.000000000000,0.519441306436,0.000000000000,1.000000000000,0.000000000000,0.500000000000,0.194791666667,0.681250000000,0.681250000000,1.372916666667,226;154;100
23,no_workspace_writes,1.791759469228,0.218750000000,1.020346707380,-0.650000000000,1.000000000000,0.611666666667,1.000000000000,320;320;320;320;320;320;480,entity:160;160;160;160;160;160;0|value:160;160;160;160;160;160;0|filler:0;0;0;0;0;0;0|query_marker:0;0;0;0;0;0;160|query_entity:0;0;0;0;0;0;160|context:0;0;0;0;0;0;160,kv_annealed_retention,0.833333333333,0.052083333333,0.166666666667,0.166666666667,0.581204948372,-0.005400050312,-0.662258997177,-0.557804638331,160;0;0,1468;0;0,0.000000000000,0.935809385041,0.000000000000,0.764583333333,0.235416666667,0.000000000000,0.000000000000,0.000000000000,0.000000000000,0.000000000000,0;0;0
23,no_workspace_persistence,1.791759469228,0.218750000000,1.020346707380,-0.650000000000,1.000000000000,0.611666666667,1.000000000000,320;320;320;320;320;320;480,entity:160;160;160;160;160;160;0|value:160;160;160;160;160;160;0|filler:0;0;0;0;0;0;0|query_marker:0;0;0;0;0;0;160|query_entity:0;0;0;0;0;0;160|context:0;0;0;0;0;0;160,kv_annealed_retention,0.833333333333,0.052083333333,0.166666666667,0.166666666667,0.581204948372,-0.005400050312,-0.662258997177,-0.557804638331,160;0;0,1468;0;0,0.000000000000,0.935809385041,0.000000000000,0.764583333333,0.235416666667,0.000000000000,0.000000000000,0.000000000000,0.000000000000,0.000000000000,0;0;0
23,no_mechanism_output,1.791759469228,0.218750000000,1.020346707380,-0.650000000000,1.000000000000,0.556666666667,1.000000000000,320;320;320;320;320;320;480,entity:160;160;160;160;160;160;0|value:160;160;160;160;160;160;0|filler:0;0;0;0;0;0;0|query_marker:0;0;0;0;0;0;160|query_entity:0;0;0;0;0;0;160|context:0;0;0;0;0;0;160,kv_annealed_retention,0.833333333333,0.052083333333,0.166666666667,0.166666666667,0.581204948372,-0.005400050312,-0.662258997177,-0.557804638331,44;60;56,478;442;416,0.000000000000,0.538169763331,0.000000000000,0.695833333333,0.304166666667,0.195833333333,0.066666666667,0.850000000000,0.850000000000,2.202083333333,79;61;48
24,intact,0.014969933088,1.000000000000,0.000000000000,0.000000000000,1.000000000000,0.542500000000,1.000000000000,320;320;320;320;320;320;480,entity:160;160;160;160;160;160;0|value:160;160;160;160;160;160;0|filler:0;0;0;0;0;0;0|query_marker:0;0;0;0;0;0;160|query_entity:0;0;0;0;0;0;160|context:0;0;0;0;0;0;160,kv_annealed_retention,0.000274578779,0.014856939235,0.985143060765,0.985143060765,0.000000000000,0.000000000000,0.000000000000,0.000000000000,65;43;52,428;436;438,0.000000000000,0.546803689891,0.000000000000,0.678125000000,0.321875000000,0.178125000000,0.006250000000,1.000000000000,1.000000000000,2.420833333333,54;58;59
24,zero_query_context,2.853437754613,0.518750000000,2.838467821526,-0.481250000000,1.000000000000,0.800000000000,1.000000000000,320;320;320;320;320;320;480,entity:160;160;160;160;160;160;0|value:160;160;160;160;160;160;0|filler:0;0;0;0;0;0;0|query_marker:0;0;0;0;0;0;160|query_entity:0;0;0;0;0;0;160|context:0;0;0;0;0;0;160,kv_annealed_retention,0.944580603455,0.465719665663,0.984469665663,0.512329688497,0.944306024676,0.450862726428,-0.000673395101,-0.472813372267,55;46;59,640;640;640,0.000000000000,0.972540209444,0.000000000000,1.000000000000,0.000000000000,0.500000000000,0.244791666667,0.475000000000,0.475000000000,1.000000000000,160;160;160
24,randomized_retention_actions,2.752641353049,0.475000000000,2.737671419961,-0.525000000000,1.000000000000,0.710833333333,1.000000000000,320;320;320;320;320;320;480,entity:160;160;160;160;160;160;0|value:160;160;160;160;160;160;0|filler:0;0;0;0;0;0;0|query_marker:0;0;0;0;0;0;160|query_entity:0;0;0;0;0;0;160|context:0;0;0;0;0;0;160,kv_annealed_retention,0.967475160575,0.445227462350,0.805644129016,0.413168811652,0.967200581797,0.430370523114,-0.179498931748,-0.571974249113,22;94;44,468;946;292,0.000000000000,0.680400602015,0.000000000000,0.888541666667,0.111458333333,0.615625000000,0.283333333333,0.268750000000,0.268750000000,1.461832061069,132;354;105
24,force_fifo_retention,2.853437754613,0.518750000000,2.838467821526,-0.481250000000,1.000000000000,0.800000000000,1.000000000000,320;320;320;320;320;320;480,entity:160;160;160;160;160;160;0|value:160;160;160;160;160;160;0|filler:0;0;0;0;0;0;0|query_marker:0;0;0;0;0;0;160|query_entity:0;0;0;0;0;0;160|context:0;0;0;0;0;0;160,kv_annealed_retention,0.944580603455,0.465719665663,0.984469665663,0.512329688497,0.944306024676,0.450862726428,-0.000673395101,-0.472813372267,55;46;59,640;640;640,0.000000000000,0.530891410985,0.000000000000,1.000000000000,0.000000000000,0.500000000000,0.244791666667,0.475000000000,0.475000000000,1.000000000000,160;160;160
24,force_relevant_eviction,3.335068500651,0.287500000000,3.320098567564,-0.712500000000,1.000000000000,0.699166666667,1.000000000000,320;320;320;320;320;320;480,entity:160;160;160;160;160;160;0|value:160;160;160;160;160;160;0|filler:0;0;0;0;0;0;0|query_marker:0;0;0;0;0;0;160|query_entity:0;0;0;0;0;0;160|context:0;0;0;0;0;0;160,kv_annealed_retention,1.151503567719,0.517913632208,0.805413632208,0.320928478856,1.151228988940,0.503056692973,-0.179729428556,-0.664214581909,31;61;68,742;594;342,0.000000000000,0.716333019349,0.000000000000,0.873958333333,0.126041666667,0.448958333333,0.404166666667,0.168750000000,0.168750000000,1.747549019608,211;148;72
24,permuted_context_labels,2.955139070434,0.387500000000,2.940169137347,-0.612500000000,1.000000000000,0.391666666667,1.000000000000,320;320;320;320;320;320;480,entity:160;160;160;160;160;160;0|value:160;160;160;160;160;160;0|filler:0;0;0;0;0;0;0|query_marker:0;0;0;0;0;0;160|query_entity:0;0;0;0;0;0;160|context:0;0;0;0;0;0;160,kv_annealed_retention,1.095233064757,0.487813673078,0.596147006411,0.246523606791,1.094958485979,0.472956733843,-0.388996054353,-0.738619453973,31;45;84,370;340;230,0.000000000000,0.790857647977,0.000000000000,0.489583333333,0.510416666667,0.082291666667,0.053125000000,0.100000000000,0.100000000000,2.480818414322,25;23;31
24,disable_retention_skip,2.087243947233,0.650000000000,2.072274014145,-0.350000000000,1.000000000000,0.800000000000,1.000000000000,320;320;320;320;320;320;480,entity:160;160;160;160;160;160;0|value:160;160;160;160;160;160;0|filler:0;0;0;0;0;0;0|query_marker:0;0;0;0;0;0;160|query_entity:0;0;0;0;0;0;160|context:0;0;0;0;0;0;160,kv_annealed_retention,0.687116727832,0.334649819856,0.984649819856,0.641238277217,0.686842149053,0.319792880621,-0.000493240908,-0.343904783547,55;47;58,758;642;520,0.000000000000,0.506559099892,0.000000000000,1.000000000000,0.000000000000,0.500000000000,0.166666666667,0.625000000000,0.625000000000,1.370833333333,219;161;100
24,no_workspace_writes,1.791759469228,0.256250000000,1.776789536140,-0.743750000000,1.000000000000,0.605000000000,1.000000000000,320;320;320;320;320;320;480,entity:160;160;160;160;160;160;0|value:160;160;160;160;160;160;0|filler:0;0;0;0;0;0;0|query_marker:0;0;0;0;0;0;160|query_entity:0;0;0;0;0;0;160|context:0;0;0;0;0;0;160,kv_annealed_retention,0.833333333333,0.089583333333,0.166666666667,0.166666666667,0.833058754555,0.074726394098,-0.818476394098,-0.818476394098,160;0;0,1452;0;0,0.000000000000,1.142911061578,0.000000000000,0.756250000000,0.243750000000,0.000000000000,0.000000000000,0.000000000000,0.000000000000,0.000000000000,0;0;0
24,no_workspace_persistence,1.791759469228,0.256250000000,1.776789536140,-0.743750000000,1.000000000000,0.605000000000,1.000000000000,320;320;320;320;320;320;480,entity:160;160;160;160;160;160;0|value:160;160;160;160;160;160;0|filler:0;0;0;0;0;0;0|query_marker:0;0;0;0;0;0;160|query_entity:0;0;0;0;0;0;160|context:0;0;0;0;0;0;160,kv_annealed_retention,0.833333333333,0.089583333333,0.166666666667,0.166666666667,0.833058754555,0.074726394098,-0.818476394098,-0.818476394098,160;0;0,1452;0;0,0.000000000000,1.142911061578,0.000000000000,0.756250000000,0.243750000000,0.000000000000,0.000000000000,0.000000000000,0.000000000000,0.000000000000,0;0;0
24,no_mechanism_output,1.791759469228,0.256250000000,1.776789536140,-0.743750000000,1.000000000000,0.542500000000,1.000000000000,320;320;320;320;320;320;480,entity:160;160;160;160;160;160;0|value:160;160;160;160;160;160;0|filler:0;0;0;0;0;0;0|query_marker:0;0;0;0;0;0;160|query_entity:0;0;0;0;0;0;160|context:0;0;0;0;0;0;160,kv_annealed_retention,0.833333333333,0.089583333333,0.166666666667,0.166666666667,0.833058754555,0.074726394098,-0.818476394098,-0.818476394098,65;43;52,428;436;438,0.000000000000,0.546803689891,0.000000000000,0.678125000000,0.321875000000,0.178125000000,0.006250000000,1.000000000000,1.000000000000,2.420833333333,54;58;59
25,intact,0.632575221282,0.900000000000,0.000000000000,0.000000000000,1.000000000000,0.520833333333,1.000000000000,320;320;320;320;320;320;480,entity:160;160;160;160;160;160;0|value:160;160;160;160;160;160;0|filler:0;0;0;0;0;0;0|query_marker:0;0;0;0;0;0;160|query_entity:0;0;0;0;0;0;160|context:0;0;0;0;0;0;160,kv_annealed_retention,0.191430664508,0.003205154020,0.898903920912,0.809852062684,0.000000000000,0.000000000000,0.000000000000,0.000000000000,51;59;50,434;418;398,0.000000000000,0.566149542942,0.000000000000,0.651041666667,0.348958333333,0.151041666667,0.047916666667,0.900000000000,0.900000000000,2.281250000000,57;49;39
25,zero_query_context,2.021276474361,0.543750000000,1.388701253079,-0.356250000000,1.000000000000,0.800000000000,1.000000000000,320;320;320;320;320;320;480,entity:160;160;160;160;160;160;0|value:160;160;160;160;160;160;0|filler:0;0;0;0;0;0;0|query_marker:0;0;0;0;0;0;160|query_entity:0;0;0;0;0;0;160|context:0;0;0;0;0;0;160,kv_annealed_retention,0.824534828894,0.362254747673,0.906004747673,0.499772283082,0.633104164386,0.359049593653,0.007100826761,-0.310079779602,60;50;50,640;640;640,0.000000000000,0.973570636065,0.000000000000,1.000000000000,0.000000000000,0.500000000000,0.246875000000,0.450000000000,0.450000000000,1.000000000000,160;160;160
25,randomized_retention_actions,2.345805886175,0.431250000000,1.713230664894,-0.468750000000,1.000000000000,0.713333333333,1.000000000000,320;320;320;320;320;320;480,entity:160;160;160;160;160;160;0|value:160;160;160;160;160;160;0|filler:0;0;0;0;0;0;0|query_marker:0;0;0;0;0;0;160|query_entity:0;0;0;0;0;0;160|context:0;0;0;0;0;0;160,kv_annealed_retention,1.009045804334,0.453413423522,0.736746756856,0.333054143134,0.817615139826,0.450208269502,-0.162157164056,-0.476797919550,31;78;51,582;808;322,0.000000000000,0.613542183201,0.000000000000,0.891666666667,0.108333333333,0.607291666667,0.283333333333,0.262500000000,0.262500000000,1.479853479853,178;293;112
25,force_fifo_retention,2.021276474361,0.543750000000,1.388701253079,-0.356250000000,1.000000000000,0.800000000000,1.000000000000,320;320;320;320;320;320;480,entity:160;160;160;160;160;160;0|value:160;160;160;160;160;160;0|filler:0;0;0;0;0;0;0|query_marker:0;0;0;0;0;0;160|query_entity:0;0;0;0;0;0;160|context:0;0;0;0;0;0;160,kv_annealed_retention,0.824534828894,0.362254747673,0.906004747673,0.499772283082,0.633104164386,0.359049593653,0.007100826761,-0.310079779602,60;50;50,640;640;640,0.000000000000,0.502680561703,0.000000000000,1.000000000000,0.000000000000,0.500000000000,0.246875000000,0.450000000000,0.450000000000,1.000000000000,160;160;160
25,force_relevant_eviction,2.862501757600,0.206250000000,2.229926536318,-0.693750000000,1.000000000000,0.674166666667,1.000000000000,320;320;320;320;320;320;480,entity:160;160;160;160;160;160;0|value:160;160;160;160;160;160;0|filler:0;0;0;0;0;0;0|query_marker:0;0;0;0;0;0;160|query_entity:0;0;0;0;0;0;160|context:0;0;0;0;0;0;160,kv_annealed_retention,1.193975367893,0.522639004885,0.728889004885,0.237762570280,1.002544703384,0.519433850865,-0.170014916027,-0.572089492404,34;57;69,726;604;288,0.000000000000,0.639490694254,0.000000000000,0.842708333333,0.157291666667,0.440625000000,0.421875000000,0.125000000000,0.125000000000,1.774611398964,203;158;62
25,permuted_context_labels,2.304359677047,0.331250000000,1.671784455765,-0.568750000000,1.000000000000,0.396666666667,1.000000000000,320;320;320;320;320;320;480,entity:160;160;160;160;160;160;0|value:160;160;160;160;160;160;0|filler:0;0;0;0;0;0;0|query_marker:0;0;0;0;0;0;160|query_entity:0;0;0;0;0;0;160|context:0;0;0;0;0;0;160,kv_annealed_retention,1.015667373162,0.367957962090,0.599207962090,0.266930533982,0.824236708654,0.364752808069,-0.299695958822,-0.542921528702,36;61;63,414;318;220,0.000000000000,0.637621033662,0.000000000000,0.495833333333,0.504166666667,0.110416666667,0.056250000000,0.131250000000,0.131250000000,2.391891891892,48;29;29
25,disable_retention_skip,1.620928278143,0.650000000000,0.988353056862,-0.250000000000,1.000000000000,0.800000000000,1.000000000000,320;320;320;320;320;320;480,entity:160;160;160;160;160;160;0|value:160;160;160;160;160;160;0|filler:0;0;0;0;0;0;0|query_marker:0;0;0;0;0;0;160|query_entity:0;0;0;0;0;0;160|context:0;0;0;0;0;0;160,kv_annealed_retention,0.637197635268,0.254240603095,0.904240603095,0.591840541718,0.445766970759,0.251035449074,0.005336682183,-0.218011520966,44;51;65,752;636;532,0.000000000000,0.510070089639,0.000000000000,1.000000000000,0.000000000000,0.500000000000,0.192708333333,0.606250000000,0.606250000000,1.295833333333,216;158;106
25,no_workspace_writes,1.791759469228,0.168750000000,1.159184247946,-0.731250000000,1.000000000000,0.557500000000,1.000000000000,320;320;320;320;320;320;480,entity:160;160;160;160;160;160;0|value:160;160;160;160;160;160;0|filler:0;0;0;0;0;0;0|query_marker:0;0;0;0;0;0;160|query_entity:0;0;0;0;0;0;160|context:0;0;0;0;0;0;160,kv_annealed_retention,0.833333333333,0.002083333333,0.166666666667,0.166666666667,0.641902668825,-0.001121820687,-0.732237254245,-0.643185396018,160;0;0,1338;0;0,0.000000000000,1.024036860134,0.000000000000,0.696875000000,0.303125000000,0.000000000000,0.000000000000,0.000000000000,0.000000000000,0.000000000000,0;0;0
25,no_workspace_persistence,1.791759469228,0.168750000000,1.159184247946,-0.731250000000,1.000000000000,0.557500000000,1.000000000000,320;320;320;320;320;320;480,entity:160;160;160;160;160;160;0|value:160;160;160;160;160;160;0|filler:0;0;0;0;0;0;0|query_marker:0;0;0;0;0;0;160|query_entity:0;0;0;0;0;0;160|context:0;0;0;0;0;0;160,kv_annealed_retention,0.833333333333,0.002083333333,0.166666666667,0.166666666667,0.641902668825,-0.001121820687,-0.732237254245,-0.643185396018,160;0;0,1338;0;0,0.000000000000,1.024036860134,0.000000000000,0.696875000000,0.303125000000,0.000000000000,0.000000000000,0.000000000000,0.000000000000,0.000000000000,0;0;0
25,no_mechanism_output,1.791759469228,0.168750000000,1.159184247946,-0.731250000000,1.000000000000,0.520833333333,1.000000000000,320;320;320;320;320;320;480,entity:160;160;160;160;160;160;0|value:160;160;160;160;160;160;0|filler:0;0;0;0;0;0;0|query_marker:0;0;0;0;0;0;160|query_entity:0;0;0;0;0;0;160|context:0;0;0;0;0;0;160,kv_annealed_retention,0.833333333333,0.002083333333,0.166666666667,0.166666666667,0.641902668825,-0.001121820687,-0.732237254245,-0.643185396018,51;59;50,434;418;398,0.000000000000,0.566149542942,0.000000000000,0.651041666667,0.348958333333,0.151041666667,0.047916666667,0.900000000000,0.900000000000,2.281250000000,57;49;39
26,intact,0.003956094741,1.000000000000,0.000000000000,0.000000000000,1.000000000000,0.570000000000,1.000000000000,320;320;320;320;320;320;480,entity:160;160;160;160;160;160;0|value:160;160;160;160;160;160;0|filler:0;0;0;0;0;0;0|query_marker:0;0;0;0;0;0;160|query_entity:0;0;0;0;0;0;160|context:0;0;0;0;0;0;160,kv_annealed_retention,0.000018752421,0.003948264417,0.996051735583,0.996051735583,0.000000000000,0.000000000000,0.000000000000,0.000000000000,65;45;50,474;452;442,0.000000000000,0.458797604499,0.000000000000,0.712500000000,0.287500000000,0.212500000000,0.000000000000,1.000000000000,1.000000000000,2.412500000000,77;66;61
26,zero_query_context,3.308308583078,0.537500000000,3.304352488337,-0.462500000000,1.000000000000,0.400000000000,1.000000000000,320;320;320;320;320;320;480,entity:160;160;160;160;160;160;0|value:160;160;160;160;160;160;0|filler:0;0;0;0;0;0;0|query_marker:0;0;0;0;0;0;160|query_entity:0;0;0;0;0;0;160|context:0;0;0;0;0;0;160,kv_annealed_retention,0.920671773514,0.458569468454,0.996069468454,0.535742871574,0.920653021093,0.454621204037,0.000017732872,-0.460308864009,51;53;56,320;320;320,0.000000000000,0.982333318651,0.000000000000,0.500000000000,0.500000000000,0.000000000000,0.000000000000,0.481250000000,0.481250000000,4.000000000000,0;0;0
26,randomized_retention_actions,3.434384334814,0.343750000000,3.430428240073,-0.656250000000,1.000000000000,0.670833333333,1.000000000000,320;320;320;320;320;320;480,entity:160;160;160;160;160;160;0|value:160;160;160;160;160;160;0|filler:0;0;0;0;0;0;0|query_marker:0;0;0;0;0;0;160|query_entity:0;0;0;0;0;0;160|context:0;0;0;0;0;0;160,kv_annealed_retention,1.087061128219,0.432001433454,0.669501433454,0.290038956410,1.087042375798,0.428053169037,-0.326550302128,-0.706012779173,28;91;41,262;1184;164,0.000000000000,0.693399361244,0.000000000000,0.838541666667,0.161458333333,0.575000000000,0.292708333333,0.156250000000,0.156250000000,1.810276679842,38;450;64
26,force_fifo_retention,2.993486851433,0.581250000000,2.989530756692,-0.418750000000,1.000000000000,0.800000000000,1.000000000000,320;320;320;320;320;320;480,entity:160;160;160;160;160;160;0|value:160;160;160;160;160;160;0|filler:0;0;0;0;0;0;0|query_marker:0;0;0;0;0;0;160|query_entity:0;0;0;0;0;0;160|context:0;0;0;0;0;0;160,kv_annealed_retention,0.833552106693,0.414805067093,0.996055067093,0.579288372105,0.833533354272,0.410856802676,0.000003331511,-0.416763363477,58;53;49,640;640;640,0.000000000000,0.507786850676,0.000000000000,1.000000000000,0.000000000000,0.500000000000,0.234375000000,0.518750000000,0.518750000000,1.000000000000,160;160;160
26,force_relevant_eviction,4.494194188413,0.325000000000,4.490238093672,-0.675000000000,1.000000000000,0.743333333333,1.000000000000,320;320;320;320;320;320;480,entity:160;160;160;160;160;160;0|value:160;160;160;160;160;160;0|filler:0;0;0;0;0;0;0|query_marker:0;0;0;0;0;0;160|query_entity:0;0;0;0;0;0;160|context:0;0;0;0;0;0;160,kv_annealed_retention,1.296529514666,0.623706757247,0.882040090580,0.291074948650,1.296510762245,0.619758492829,-0.114011645003,-0.704976786933,29;40;91,588;642;554,0.000000000000,0.634072516538,0.000000000000,0.929166666667,0.070833333333,0.461458333333,0.416666666667,0.156250000000,0.156250000000,2.075723830735,134;162;147
26,permuted_context_labels,3.839525811718,0.462500000000,3.835569716977,-0.537500000000,1.000000000000,0.460833333333,1.000000000000,320;320;320;320;320;320;480,entity:160;160;160;160;160;160;0|value:160;160;160;160;160;160;0|filler:0;0;0;0;0;0;0|query_marker:0;0;0;0;0;0;160|query_entity:0;0;0;0;0;0;160|context:0;0;0;0;0;0;160,kv_annealed_retention,1.069934579588,0.533557245440,0.996057245440,0.461099304332,1.069915827167,0.529608981023,0.000005509858,-0.534952431250,50;54;56,372;368;366,0.000000000000,0.566573395128,0.000000000000,0.576041666667,0.423958333333,0.076041666667,0.040625000000,0.375000000000,0.375000000000,3.035416666667,26;24;23
26,disable_retention_skip,2.411861410273,0.662500000000,2.407905315532,-0.337500000000,1.000000000000,0.800000000000,1.000000000000,320;320;320;320;320;320;480,entity:160;160;160;160;160;160;0|value:160;160;160;160;160;160;0|filler:0;0;0;0;0;0;0|query_marker:0;0;0;0;0;0;160|query_entity:0;0;0;0;0;0;160|context:0;0;0;0;0;0;160,kv_annealed_retention,0.671822856002,0.333560080428,0.996060080428,0.660157987505,0.671804103581,0.329611816010,0.000008344845,-0.335893748078,60;45;55,772;636;512,0.000000000000,0.484440134397,0.000000000000,1.000000000000,0.000000000000,0.500000000000,0.173958333333,0.625000000000,0.625000000000,1.312500000000,226;158;96
26,no_workspace_writes,1.791759469228,0.281250000000,1.787803374487,-0.718750000000,1.000000000000,0.690833333333,1.000000000000,320;320;320;320;320;320;480,entity:160;160;160;160;160;160;0|value:160;160;160;160;160;160;0|filler:0;0;0;0;0;0;0|query_marker:0;0;0;0;0;0;160|query_entity:0;0;0;0;0;0;160|context:0;0;0;0;0;0;160,kv_annealed_retention,0.833333333333,0.114583333333,0.166666666667,0.166666666667,0.833314580912,0.110635068916,-0.829385068916,-0.829385068916,160;0;0,1658;0;0,0.000000000000,1.137024983303,0.000000000000,0.863541666667,0.136458333333,0.000000000000,0.000000000000,0.000000000000,0.000000000000,0.000000000000,0;0;0
26,no_workspace_persistence,1.791759469228,0.281250000000,1.787803374487,-0.718750000000,1.000000000000,0.690833333333,1.000000000000,320;320;320;320;320;320;480,entity:160;160;160;160;160;160;0|value:160;160;160;160;160;160;0|filler:0;0;0;0;0;0;0|query_marker:0;0;0;0;0;0;160|query_entity:0;0;0;0;0;0;160|context:0;0;0;0;0;0;160,kv_annealed_retention,0.833333333333,0.114583333333,0.166666666667,0.166666666667,0.833314580912,0.110635068916,-0.829385068916,-0.829385068916,160;0;0,1658;0;0,0.000000000000,1.137024983303,0.000000000000,0.863541666667,0.136458333333,0.000000000000,0.000000000000,0.000000000000,0.000000000000,0.000000000000,0;0;0
26,no_mechanism_output,1.791759469228,0.281250000000,1.787803374487,-0.718750000000,1.000000000000,0.570000000000,1.000000000000,320;320;320;320;320;320;480,entity:160;160;160;160;160;160;0|value:160;160;160;160;160;160;0|filler:0;0;0;0;0;0;0|query_marker:0;0;0;0;0;0;160|query_entity:0;0;0;0;0;0;160|context:0;0;0;0;0;0;160,kv_annealed_retention,0.833333333333,0.114583333333,0.166666666667,0.166666666667,0.833314580912,0.110635068916,-0.829385068916,-0.829385068916,65;45;50,474;452;442,0.000000000000,0.458797604499,0.000000000000,0.712500000000,0.287500000000,0.212500000000,0.000000000000,1.000000000000,1.000000000000,2.412500000000,77;66;61
27,intact,0.006330543239,1.000000000000,0.000000000000,0.000000000000,1.000000000000,0.509166666667,1.000000000000,320;320;320;320;320;320;480,entity:160;160;160;160;160;160;0|value:160;160;160;160;160;160;0|filler:0;0;0;0;0;0;0|query_marker:0;0;0;0;0;0;160|query_entity:0;0;0;0;0;0;160|context:0;0;0;0;0;0;160,kv_annealed_retention,0.000048816524,0.006310200392,0.993689799608,0.993689799608,0.000000000000,0.000000000000,0.000000000000,0.000000000000,52;57;51,398;410;414,0.000000000000,0.535493411122,0.000000000000,0.636458333333,0.363541666667,0.136458333333,0.000000000000,1.000000000000,1.000000000000,2.487500000000,39;45;47
27,zero_query_context,2.977350454884,0.556250000000,2.971019911645,-0.443750000000,1.000000000000,0.400000000000,1.000000000000,320;320;320;320;320;320;480,entity:160;160;160;160;160;160;0|value:160;160;160;160;160;160;0|filler:0;0;0;0;0;0;0|query_marker:0;0;0;0;0;0;160|query_entity:0;0;0;0;0;0;160|context:0;0;0;0;0;0;160,kv_annealed_retention,0.880952404237,0.437505334802,0.993755334802,0.553303007576,0.880903587713,0.431195134410,0.000065535194,-0.440386792032,63;46;51,320;320;320,0.000000000000,0.937979152078,0.000000000000,0.500000000000,0.500000000000,0.000000000000,0.000000000000,0.481250000000,0.481250000000,4.000000000000,0;0;0
27,randomized_retention_actions,3.176680827839,0.406250000000,3.170350284599,-0.593750000000,1.000000000000,0.665833333333,1.000000000000,320;320;320;320;320;320;480,entity:160;160;160;160;160;160;0|value:160;160;160;160;160;160;0|filler:0;0;0;0;0;0;0|query_marker:0;0;0;0;0;0;160|query_entity:0;0;0;0;0;0;160|context:0;0;0;0;0;0;160,kv_annealed_retention,1.023397096377,0.430930442764,0.766347109430,0.369248926896,1.023348279853,0.424620242371,-0.227342690177,-0.624440872711,21;88;51,528;804;266,0.000000000000,0.658314480817,0.000000000000,0.832291666667,0.167708333333,0.545833333333,0.241666666667,0.225000000000,0.225000000000,1.850909090909,149;278;97
27,force_fifo_retention,2.695253473288,0.600000000000,2.688922930048,-0.400000000000,1.000000000000,0.800000000000,1.000000000000,320;320;320;320;320;320;480,entity:160;160;160;160;160;160;0|value:160;160;160;160;160;160;0|filler:0;0;0;0;0;0;0|query_marker:0;0;0;0;0;0;160|query_entity:0;0;0;0;0;0;160|context:0;0;0;0;0;0;160,kv_annealed_retention,0.794249528935,0.393773893532,0.993773893532,0.596672863053,0.794200712411,0.387463693140,0.000084093924,-0.397016936555,58;48;54,640;640;640,0.000000000000,0.522544255850,0.000000000000,1.000000000000,0.000000000000,0.500000000000,0.238541666667,0.518750000000,0.518750000000,1.000000000000,160;160;160
27,force_relevant_eviction,3.603764981125,0.275000000000,3.597434437886,-0.725000000000,1.000000000000,0.687500000000,1.000000000000,320;320;320;320;320;320;480,entity:160;160;160;160;160;160;0|value:160;160;160;160;160;160;0|filler:0;0;0;0;0;0;0|query_marker:0;0;0;0;0;0;160|query_entity:0;0;0;0;0;0;160|context:0;0;0;0;0;0;160,kv_annealed_retention,1.137093565283,0.501741737771,0.776741737771,0.317586831535,1.137044748758,0.495431537378,-0.216948061837,-0.676102968073,15;51;94,694;640;316,0.000000000000,0.719216352632,0.000000000000,0.859375000000,0.140625000000,0.440625000000,0.409375000000,0.162500000000,0.162500000000,1.845771144279,187;168;68
27,permuted_context_labels,3.990333040619,0.406250000000,3.984002497380,-0.593750000000,1.000000000000,0.425000000000,1.000000000000,320;320;320;320;320;320;480,entity:160;160;160;160;160;160;0|value:160;160;160;160;160;160;0|filler:0;0;0;0;0;0;0|query_marker:0;0;0;0;0;0;160|query_entity:0;0;0;0;0;0;160|context:0;0;0;0;0;0;160,kv_annealed_retention,1.178790636394,0.587478071923,0.993728071923,0.404356817888,1.178741819870,0.581167871531,0.000038272316,-0.589332981719,66;56;38,342;354;324,0.000000000000,0.672661221723,0.000000000000,0.531250000000,0.468750000000,0.057291666667,0.057291666667,0.337500000000,0.337500000000,2.850549450549,11;18;26
27,disable_retention_skip,1.925809490545,0.712500000000,1.919478947306,-0.287500000000,1.000000000000,0.800000000000,1.000000000000,320;320;320;320;320;320;480,entity:160;160;160;160;160;160;0|value:160;160;160;160;160;160;0|filler:0;0;0;0;0;0;0|query_marker:0;0;0;0;0;0;160|query_entity:0;0;0;0;0;0;160|context:0;0;0;0;0;0;160,kv_annealed_retention,0.570826308591,0.281287759100,0.993787759100,0.708398254363,0.570777492067,0.274977558707,0.000097959492,-0.285291545245,54;55;51,786;610;524,0.000000000000,0.499645121912,0.000000000000,1.000000000000,0.000000000000,0.500000000000,0.180208333333,0.650000000000,0.650000000000,1.358333333333,233;145;102
27,no_workspace_writes,1.791759469228,0.187500000000,1.785428925989,-0.812500000000,1.000000000000,0.580000000000,1.000000000000,320;320;320;320;320;320;480,entity:160;160;160;160;160;160;0|value:160;160;160;160;160;160;0|filler:0;0;0;0;0;0;0|query_marker:0;0;0;0;0;0;160|query_entity:0;0;0;0;0;0;160|context:0;0;0;0;0;0;160,kv_annealed_retention,0.833333333333,0.020833333333,0.166666666667,0.166666666667,0.833284516809,0.014523132941,-0.827023132941,-0.827023132941,160;0;0,1392;0;0,0.000000000000,1.159217330824,0.000000000000,0.725000000000,0.275000000000,0.000000000000,0.000000000000,0.000000000000,0.000000000000,0.000000000000,0;0;0
27,no_workspace_persistence,1.791759469228,0.187500000000,1.785428925989,-0.812500000000,1.000000000000,0.580000000000,1.000000000000,320;320;320;320;320;320;480,entity:160;160;160;160;160;160;0|value:160;160;160;160;160;160;0|filler:0;0;0;0;0;0;0|query_marker:0;0;0;0;0;0;160|query_entity:0;0;0;0;0;0;160|context:0;0;0;0;0;0;160,kv_annealed_retention,0.833333333333,0.020833333333,0.166666666667,0.166666666667,0.833284516809,0.014523132941,-0.827023132941,-0.827023132941,160;0;0,1392;0;0,0.000000000000,1.159217330824,0.000000000000,0.725000000000,0.275000000000,0.000000000000,0.000000000000,0.000000000000,0.000000000000,0.000000000000,0;0;0
27,no_mechanism_output,1.791759469228,0.187500000000,1.785428925989,-0.812500000000,1.000000000000,0.509166666667,1.000000000000,320;320;320;320;320;320;480,entity:160;160;160;160;160;160;0|value:160;160;160;160;160;160;0|filler:0;0;0;0;0;0;0|query_marker:0;0;0;0;0;0;160|query_entity:0;0;0;0;0;0;160|context:0;0;0;0;0;0;160,kv_annealed_retention,0.833333333333,0.020833333333,0.166666666667,0.166666666667,0.833284516809,0.014523132941,-0.827023132941,-0.827023132941,52;57;51,398;410;414,0.000000000000,0.535493411122,0.000000000000,0.636458333333,0.363541666667,0.136458333333,0.000000000000,1.000000000000,1.000000000000,2.487500000000,39;45;47
28,intact,0.197844730779,0.968750000000,0.000000000000,0.000000000000,1.000000000000,0.527500000000,1.000000000000,320;320;320;320;320;320;480,entity:160;160;160;160;160;160;0|value:160;160;160;160;160;160;0|filler:0;0;0;0;0;0;0|query_marker:0;0;0;0;0;0;160|query_entity:0;0;0;0;0;0;160|context:0;0;0;0;0;0;160,kv_annealed_retention,0.061566799465,0.015006106153,0.983756106153,0.953140832529,0.000000000000,0.000000000000,0.000000000000,0.000000000000,58;57;45,418;430;418,0.000000000000,0.562969287061,0.000000000000,0.659375000000,0.340625000000,0.159375000000,0.009375000000,0.962500000000,0.962500000000,2.368750000000,49;55;49
28,zero_query_context,2.712314899855,0.537500000000,2.514470169075,-0.431250000000,1.000000000000,0.800000000000,1.000000000000,320;320;320;320;320;320;480,entity:160;160;160;160;160;160;0|value:160;160;160;160;160;160;0|filler:0;0;0;0;0;0;0|query_marker:0;0;0;0;0;0;160|query_entity:0;0;0;0;0;0;160|context:0;0;0;0;0;0;160,kv_annealed_retention,0.908566367591,0.446938743054,0.984438743054,0.530309135961,0.846999568126,0.431932636902,0.000682636902,-0.422831696568,54;51;55,640;640;640,0.000000000000,0.978049878425,0.000000000000,1.000000000000,0.000000000000,0.500000000000,0.239583333333,0.462500000000,0.462500000000,1.000000000000,160;160;160
28,randomized_retention_actions,3.193919282060,0.337500000000,2.996074551281,-0.631250000000,1.000000000000,0.695833333333,1.000000000000,320;320;320;320;320;320;480,entity:160;160;160;160;160;160;0|value:160;160;160;160;160;160;0|filler:0;0;0;0;0;0;0|query_marker:0;0;0;0;0;0;160|query_entity:0;0;0;0;0;0;160|context:0;0;0;0;0;0;160,kv_annealed_retention,1.127177340497,0.469898677152,0.805315343819,0.332997032463,1.065610541032,0.454892571000,-0.178440762334,-0.620143800066,23;88;49,550;814;306,0.000000000000,0.604272251228,0.000000000000,0.869791666667,0.130208333333,0.588541666667,0.263541666667,0.243750000000,0.243750000000,1.548148148148,165;292;108
28,force_fifo_retention,2.712314899855,0.537500000000,2.514470169075,-0.431250000000,1.000000000000,0.800000000000,1.000000000000,320;320;320;320;320;320;480,entity:160;160;160;160;160;160;0|value:160;160;160;160;160;160;0|filler:0;0;0;0;0;0;0|query_marker:0;0;0;0;0;0;160|query_entity:0;0;0;0;0;0;160|context:0;0;0;0;0;0;160,kv_annealed_retention,0.908566367591,0.446938743054,0.984438743054,0.530309135961,0.846999568126,0.431932636902,0.000682636902,-0.422831696568,54;51;55,640;640;640,0.000000000000,0.526395065240,0.000000000000,1.000000000000,0.000000000000,0.500000000000,0.239583333333,0.462500000000,0.462500000000,1.000000000000,160;160;160
28,force_relevant_eviction,3.569761481002,0.300000000000,3.371916750222,-0.668750000000,1.000000000000,0.685000000000,1.000000000000,320;320;320;320;320;320;480,entity:160;160;160;160;160;160;0|value:160;160;160;160;160;160;0|filler:0;0;0;0;0;0;0|query_marker:0;0;0;0;0;0;160|query_entity:0;0;0;0;0;0;160|context:0;0;0;0;0;0;160,kv_annealed_retention,1.251436260982,0.559376531207,0.780209864540,0.258769556326,1.189869461516,0.544370425054,-0.203546241612,-0.694371276203,25;60;75,714;598;332,0.000000000000,0.661696229919,0.000000000000,0.856250000000,0.143750000000,0.441666666667,0.411458333333,0.125000000000,0.125000000000,1.836683417085,197;153;74
28,permuted_context_labels,3.398917676407,0.418750000000,3.201072945628,-0.550000000000,1.000000000000,0.437500000000,1.000000000000,320;320;320;320;320;320;480,entity:160;160;160;160;160;160;0|value:160;160;160;160;160;160;0|filler:0;0;0;0;0;0;0|query_marker:0;0;0;0;0;0;160|query_entity:0;0;0;0;0;0;160|context:0;0;0;0;0;0;160,kv_annealed_retention,1.141073718068,0.565342614565,0.984092614565,0.413716401403,1.079506918603,0.550336508412,0.000336508412,-0.539424431126,64;60;36,404;374;272,0.000000000000,0.724524003080,0.000000000000,0.546875000000,0.453125000000,0.107291666667,0.071875000000,0.312500000000,0.312500000000,2.357819905213,42;32;29
28,disable_retention_skip,1.876736431631,0.681250000000,1.678891700852,-0.287500000000,1.000000000000,0.800000000000,1.000000000000,320;320;320;320;320;320;480,entity:160;160;160;160;160;160;0|value:160;160;160;160;160;160;0|filler:0;0;0;0;0;0;0|query_marker:0;0;0;0;0;0;160|query_entity:0;0;0;0;0;0;160|context:0;0;0;0;0;0;160,kv_annealed_retention,0.626396346970,0.303146981655,0.984396981655,0.671353779240,0.564829547505,0.288140875502,0.000640875502,-0.281787053289,53;50;57,756;642;522,0.000000000000,0.522922464622,0.000000000000,1.000000000000,0.000000000000,0.500000000000,0.168750000000,0.618750000000,0.618750000000,1.335416666667,218;161;101
28,no_workspace_writes,1.791759469228,0.262500000000,1.593914738449,-0.706250000000,1.000000000000,0.570833333333,1.000000000000,320;320;320;320;320;320;480,entity:160;160;160;160;160;160;0|value:160;160;160;160;160;160;0|filler:0;0;0;0;0;0;0|query_marker:0;0;0;0;0;0;160|query_entity:0;0;0;0;0;0;160|context:0;0;0;0;0;0;160,kv_annealed_retention,0.833333333333,0.095833333333,0.166666666667,0.166666666667,0.771766533868,0.080827227181,-0.817089439486,-0.786474165862,160;0;0,1370;0;0,0.000000000000,1.070393658319,0.000000000000,0.713541666667,0.286458333333,0.000000000000,0.000000000000,0.000000000000,0.000000000000,0.000000000000,0;0;0
28,no_workspace_persistence,1.791759469228,0.262500000000,1.593914738449,-0.706250000000,1.000000000000,0.570833333333,1.000000000000,320;320;320;320;320;320;480,entity:160;160;160;160;160;160;0|value:160;160;160;160;160;160;0|filler:0;0;0;0;0;0;0|query_marker:0;0;0;0;0;0;160|query_entity:0;0;0;0;0;0;160|context:0;0;0;0;0;0;160,kv_annealed_retention,0.833333333333,0.095833333333,0.166666666667,0.166666666667,0.771766533868,0.080827227181,-0.817089439486,-0.786474165862,160;0;0,1370;0;0,0.000000000000,1.070393658319,0.000000000000,0.713541666667,0.286458333333,0.000000000000,0.000000000000,0.000000000000,0.000000000000,0.000000000000,0;0;0
28,no_mechanism_output,1.791759469228,0.262500000000,1.593914738449,-0.706250000000,1.000000000000,0.527500000000,1.000000000000,320;320;320;320;320;320;480,entity:160;160;160;160;160;160;0|value:160;160;160;160;160;160;0|filler:0;0;0;0;0;0;0|query_marker:0;0;0;0;0;0;160|query_entity:0;0;0;0;0;0;160|context:0;0;0;0;0;0;160,kv_annealed_retention,0.833333333333,0.095833333333,0.166666666667,0.166666666667,0.771766533868,0.080827227181,-0.817089439486,-0.786474165862,58;57;45,418;430;418,0.000000000000,0.562969287061,0.000000000000,0.659375000000,0.340625000000,0.159375000000,0.009375000000,0.962500000000,0.962500000000,2.368750000000,49;55;49
29,intact,0.382674016143,0.943750000000,0.000000000000,0.000000000000,1.000000000000,0.519166666667,1.000000000000,320;320;320;320;320;320;480,entity:160;160;160;160;160;160;0|value:160;160;160;160;160;160;0|filler:0;0;0;0;0;0;0|query_marker:0;0;0;0;0;0;160|query_entity:0;0;0;0;0;0;160|context:0;0;0;0;0;0;160,kv_annealed_retention,0.112275325439,0.036584313656,0.907165686344,0.856934627708,0.000000000000,0.000000000000,0.000000000000,0.000000000000,56;47;57,424;430;392,0.000000000000,0.586203049792,0.000000000000,0.648958333333,0.351041666667,0.148958333333,0.038541666667,0.937500000000,0.937500000000,2.372916666667,52;55;36
29,zero_query_context,2.019593065610,0.543750000000,1.636919049467,-0.400000000000,1.000000000000,0.800000000000,1.000000000000,320;320;320;320;320;320;480,entity:160;160;160;160;160;160;0|value:160;160;160;160;160;160;0|filler:0;0;0;0;0;0;0|query_marker:0;0;0;0;0;0;160|query_entity:0;0;0;0;0;0;160|context:0;0;0;0;0;0;160,kv_annealed_retention,0.822790108374,0.365966983320,0.909716983320,0.504117817992,0.710514782935,0.329382669665,0.002551296976,-0.352816809715,52;52;56,640;640;640,0.000000000000,0.977519976661,0.000000000000,1.000000000000,0.000000000000,0.500000000000,0.253125000000,0.487500000000,0.487500000000,1.000000000000,160;160;160
29,randomized_retention_actions,2.358281833421,0.375000000000,1.975607817278,-0.568750000000,1.000000000000,0.701666666667,1.000000000000,320;320;320;320;320;320;480,entity:160;160;160;160;160;160;0|value:160;160;160;160;160;160;0|filler:0;0;0;0;0;0;0|query_marker:0;0;0;0;0;0;160|query_entity:0;0;0;0;0;0;160|context:0;0;0;0;0;0;160,kv_annealed_retention,1.004361313702,0.396656276507,0.744572943174,0.338320971375,0.892085988263,0.360071962851,-0.162592743170,-0.518613656332,22;85;53,574;798;312,0.000000000000,0.666714152993,0.000000000000,0.877083333333,0.122916666667,0.589583333333,0.262500000000,0.268750000000,0.268750000000,1.572463768116,171;285;110
29,force_fifo_retention,2.019593065610,0.543750000000,1.636919049467,-0.400000000000,1.000000000000,0.800000000000,1.000000000000,320;320;320;320;320;320;480,entity:160;160;160;160;160;160;0|value:160;160;160;160;160;160;0|filler:0;0;0;0;0;0;0|query_marker:0;0;0;0;0;0;160|query_entity:0;0;0;0;0;0;160|context:0;0;0;0;0;0;160,kv_annealed_retention,0.822790108374,0.365966983320,0.909716983320,0.504117817992,0.710514782935,0.329382669665,0.002551296976,-0.352816809715,52;52;56,640;640;640,0.000000000000,0.517164662340,0.000000000000,1.000000000000,0.000000000000,0.500000000000,0.253125000000,0.487500000000,0.487500000000,1.000000000000,160;160;160
29,force_relevant_eviction,2.636047962309,0.318750000000,2.253373946166,-0.625000000000,1.000000000000,0.676666666667,1.000000000000,320;320;320;320;320;320;480,entity:160;160;160;160;160;160;0|value:160;160;160;160;160;160;0|filler:0;0;0;0;0;0;0|query_marker:0;0;0;0;0;0;160|query_entity:0;0;0;0;0;0;160|context:0;0;0;0;0;0;160,kv_annealed_retention,1.070475696880,0.415838414420,0.684588414420,0.278659103614,0.958200371441,0.379254100764,-0.222577271925,-0.578275524093,25;58;77,750;594;280,0.000000000000,0.722414962474,0.000000000000,0.845833333333,0.154166666667,0.442708333333,0.412500000000,0.162500000000,0.162500000000,1.767441860465,215;151;59
29,permuted_context_labels,2.342274483916,0.475000000000,1.959600467774,-0.468750000000,1.000000000000,0.401666666667,1.000000000000,320;320;320;320;320;320;480,entity:160;160;160;160;160;160;0|value:160;160;160;160;160;160;0|filler:0;0;0;0;0;0;0|query_marker:0;0;0;0;0;0;160|query_entity:0;0;0;0;0;0;160|context:0;0;0;0;0;0;160,kv_annealed_retention,1.003601856047,0.504066954241,0.637400287574,0.290642469910,0.891326530608,0.467482640585,-0.269765398770,-0.566292157798,39;66;55,388;328;248,0.000000000000,0.716377495124,0.000000000000,0.502083333333,0.497916666667,0.108333333333,0.106250000000,0.118750000000,0.118750000000,2.563492063492,40;32;32
29,disable_retention_skip,1.423241608872,0.681250000000,1.040567592730,-0.262500000000,1.000000000000,0.800000000000,1.000000000000,320;320;320;320;320;320;480,entity:160;160;160;160;160;160;0|value:160;160;160;160;160;160;0|filler:0;0;0;0;0;0;0|query_marker:0;0;0;0;0;0;160|query_entity:0;0;0;0;0;0;160|context:0;0;0;0;0;0;160,kv_annealed_retention,0.578382010541,0.229300657233,0.910550657233,0.627079304920,0.466106685102,0.192716343577,0.003384970888,-0.229855322787,50;52;58,742;650;528,0.000000000000,0.518358430707,0.000000000000,1.000000000000,0.000000000000,0.500000000000,0.190625000000,0.643750000000,0.643750000000,1.258333333333,211;165;104
29,no_workspace_writes,1.791759469228,0.237500000000,1.409085453085,-0.706250000000,1.000000000000,0.560833333333,1.000000000000,320;320;320;320;320;320;480,entity:160;160;160;160;160;160;0|value:160;160;160;160;160;160;0|filler:0;0;0;0;0;0;0|query_marker:0;0;0;0;0;0;160|query_entity:0;0;0;0;0;0;160|context:0;0;0;0;0;0;160,kv_annealed_retention,0.833333333333,0.070833333333,0.166666666667,0.166666666667,0.721058007895,0.034249019678,-0.740499019678,-0.690267961041,160;0;0,1346;0;0,0.000000000000,1.147799546914,0.000000000000,0.701041666667,0.298958333333,0.000000000000,0.000000000000,0.000000000000,0.000000000000,0.000000000000,0;0;0
29,no_workspace_persistence,1.791759469228,0.237500000000,1.409085453085,-0.706250000000,1.000000000000,0.560833333333,1.000000000000,320;320;320;320;320;320;480,entity:160;160;160;160;160;160;0|value:160;160;160;160;160;160;0|filler:0;0;0;0;0;0;0|query_marker:0;0;0;0;0;0;160|query_entity:0;0;0;0;0;0;160|context:0;0;0;0;0;0;160,kv_annealed_retention,0.833333333333,0.070833333333,0.166666666667,0.166666666667,0.721058007895,0.034249019678,-0.740499019678,-0.690267961041,160;0;0,1346;0;0,0.000000000000,1.147799546914,0.000000000000,0.701041666667,0.298958333333,0.000000000000,0.000000000000,0.000000000000,0.000000000000,0.000000000000,0;0;0
29,no_mechanism_output,1.791759469228,0.237500000000,1.409085453085,-0.706250000000,1.000000000000,0.519166666667,1.000000000000,320;320;320;320;320;320;480,entity:160;160;160;160;160;160;0|value:160;160;160;160;160;160;0|filler:0;0;0;0;0;0;0|query_marker:0;0;0;0;0;0;160|query_entity:0;0;0;0;0;0;160|context:0;0;0;0;0;0;160,kv_annealed_retention,0.833333333333,0.070833333333,0.166666666667,0.166666666667,0.721058007895,0.034249019678,-0.740499019678,-0.690267961041,56;47;57,424;430;392,0.000000000000,0.586203049792,0.000000000000,0.648958333333,0.351041666667,0.148958333333,0.038541666667,0.937500000000,0.937500000000,2.372916666667,52;55;36
