preset,seed,steps,batch_size,parameters,train_count,holdout_count,sequence_length,chance_nll,initial_train_nll,initial_holdout_nll,final_train_nll,final_holdout_nll,final_train_accuracy,final_holdout_accuracy,mean_estimated_madds_per_token,mean_active_mechanisms_per_token,mean_writers_per_token,mean_recipients_per_token,first_window_loss,last_window_loss,mechanism_load,role_mechanism_load,condition,workspace_aux_initial_weight,workspace_aux_anneal_steps,first_primary_window_loss,last_primary_window_loss,last_workspace_aux_window_loss,anneal_boundary_primary_window_loss,final_workspace_aux_weight,final_weighted_workspace_aux_window_loss,training_stream_samples,output_logit_bound,initial_train_brier,initial_holdout_brier,final_train_brier,final_holdout_brier,initial_train_ece,initial_holdout_ece,final_train_ece,final_holdout_ece,final_train_max_confidence,final_holdout_max_confidence,final_train_true_class_probability,final_holdout_true_class_probability,read_slot_load,write_slot_load,mean_write_collision_rate,mean_routing_entropy,mean_routing_disagreement_rate,router_initial_temperature,router_final_temperature,router_anneal_steps,final_200_collision_rate,final_200_routing_entropy,final_200_disagreement_rate,retention_write_rate,retention_skip_rate,retention_eviction_rate,relevant_eviction_rate,queried_entity_retention_rate,query_read_hit_rate,mean_retained_age,eviction_slot_load,final_300_retention_write_rate,final_300_retention_skip_rate,final_300_retention_eviction_rate,final_300_relevant_eviction_rate,final_300_query_read_hit_rate
kv_full_capacity,0,1200,8,120,160,160,15,1.791759469228,0.057152243813,0.074003737883,0.003742745753,0.003762962325,1.000000000000,1.000000000000,96.000000000000,1.000000000000,0.800000000000,1.000000000000,0.032496614932,0.003762043713,320;320;320;320;320;320;480,entity:160;160;160;160;160;160;0|value:160;160;160;160;160;160;0|filler:0;0;0;0;0;0;0|query_marker:0;0;0;0;0;0;160|query_entity:0;0;0;0;0;0;160|context:0;0;0;0;0;0;160,kv_full_capacity,0.000000000000,0,0.032496614932,0.003762043713,0.000000000000,0.000000000000,0.000000000000,0.000000000000,9600,0.000000000000,0.012716123119,0.017292758791,0.000016772760,0.000016954966,0.053569614159,0.069141945984,0.003735743130,0.003755883674,0.996264256870,0.996244116326,0.996264256870,0.996244116326,23;28;22;33;29;25,320;320;320;320;320;320,0.000000000000,0.000000000000,0.000000000000,2.000000000000,0.100000000000,900,0.000000000000,0.000000000000,0.000000000000,1.000000000000,0.000000000000,0.000000000000,0.000000000000,1.000000000000,1.000000000000,2.500000000000,0;0;0;0;0;0,1.000000000000,0.000000000000,0.000000000000,0.000000000000,1.000000000000
kv_oracle_retention,0,1200,8,120,160,160,15,1.791759469228,0.057152243813,0.074003737883,0.003742745753,0.003762962325,1.000000000000,1.000000000000,72.000000000000,1.000000000000,0.400000000000,1.000000000000,0.032496614932,0.003762043713,320;320;320;320;320;320;480,entity:160;160;160;160;160;160;0|value:160;160;160;160;160;160;0|filler:0;0;0;0;0;0;0|query_marker:0;0;0;0;0;0;160|query_entity:0;0;0;0;0;0;160|context:0;0;0;0;0;0;160,kv_oracle_retention,0.000000000000,0,0.032496614932,0.003762043713,0.000000000000,0.000000000000,0.000000000000,0.000000000000,9600,0.000000000000,0.012716123119,0.017292758791,0.000016772760,0.000016954966,0.053569614159,0.069141945984,0.003735743130,0.003755883674,0.996264256870,0.996244116326,0.996264256870,0.996244116326,54;52;54,320;320;320,0.000000000000,0.000000000000,0.000000000000,2.000000000000,0.100000000000,900,0.000000000000,0.000000000000,0.000000000000,0.500000000000,0.500000000000,0.000000000000,0.000000000000,1.000000000000,1.000000000000,2.370833333333,0;0;0,0.500000000000,0.500000000000,0.000000000000,0.000000000000,1.000000000000
kv_fifo_eviction,0,1200,8,120,160,160,15,1.791759469228,2.781595169090,2.517625499733,1.364856469514,1.286382101064,0.581250000000,0.618750000000,72.000000000000,1.000000000000,0.800000000000,1.000000000000,2.870064583255,1.287934619850,320;320;320;320;320;320;480,entity:160;160;160;160;160;160;0|value:160;160;160;160;160;160;0|filler:0;0;0;0;0;0;0|query_marker:0;0;0;0;0;0;160|query_entity:0;0;0;0;0;0;160|context:0;0;0;0;0;0;160,kv_fifo_eviction,0.000000000000,0,2.870064583255,1.287934619850,0.000000000000,0.000000000000,0.000000000000,0.000000000000,9600,0.000000000000,0.806188637658,0.724315327279,0.630828226905,0.589483111817,0.365826101166,0.320337179299,0.047299663280,0.041505420148,0.580020698950,0.580547351524,0.371536703605,0.392418184201,63;53;44,640;640;640,0.000000000000,0.000000000000,0.000000000000,2.000000000000,0.100000000000,900,0.000000000000,0.000000000000,0.000000000000,1.000000000000,0.000000000000,0.500000000000,0.230208333333,0.543750000000,0.543750000000,1.000000000000,160;160;160,1.000000000000,0.000000000000,0.500000000000,0.251875000000,0.502916666667
kv_reservoir,0,1200,8,120,160,160,15,1.791759469228,3.465163787439,2.977447072123,1.543476829736,1.381210781384,0.481250000000,0.575000000000,72.000000000000,1.000000000000,0.631666666667,1.000000000000,3.284986675757,1.292397428114,320;320;320;320;320;320;480,entity:160;160;160;160;160;160;0|value:160;160;160;160;160;160;0|filler:0;0;0;0;0;0;0|query_marker:0;0;0;0;0;0;160|query_entity:0;0;0;0;0;0;160|context:0;0;0;0;0;0;160,kv_reservoir,0.000000000000,0,3.284986675757,1.292397428114,0.000000000000,0.000000000000,0.000000000000,0.000000000000,9600,0.000000000000,0.978020217789,0.816899612795,0.719332776285,0.636786306542,0.457820957070,0.366475486752,0.040018441235,0.072147946570,0.506175231694,0.502852053430,0.294237022150,0.334233088128,68;48;44,556;486;474,0.000000000000,0.000000000000,0.000000000000,2.000000000000,0.100000000000,900,0.000000000000,0.000000000000,0.000000000000,0.789583333333,0.210416666667,0.289583333333,0.143750000000,0.462500000000,0.462500000000,2.489583333333,118;83;77,0.820625000000,0.179375000000,0.320625000000,0.170555555556,0.437500000000
kv_hard_retention,0,1200,8,145,160,160,15,1.791759469228,1.482433183089,2.071722787348,0.887571992719,1.178104941005,0.787500000000,0.693750000000,107.000000000000,1.000000000000,0.637500000000,1.000000000000,1.952945161552,0.974733713093,320;320;320;320;320;320;480,entity:160;160;160;160;160;160;0|value:160;160;160;160;160;160;0|filler:0;0;0;0;0;0;0|query_marker:0;0;0;0;0;0;160|query_entity:0;0;0;0;0;0;160|context:0;0;0;0;0;0;160,kv_hard_retention,0.000000000000,0,1.952945161552,0.974733713093,0.000000000000,0.000000000000,0.000000000000,0.000000000000,9600,0.000000000000,0.418346179077,0.603803133167,0.389094351112,0.512601230288,0.186671391852,0.229062741171,0.100690828146,0.146733383614,0.686809171854,0.672883051401,0.552992516727,0.482591538475,61;46;53,488;522;520,0.000000000000,0.583811807380,0.000000000000,2.000000000000,0.100000000000,900,0.000000000000,0.585217729708,0.000000000000,0.796875000000,0.203125000000,0.296875000000,0.087500000000,0.643750000000,0.643750000000,2.462500000000,84;101;100,0.787916666667,0.212083333333,0.287916666667,0.098819444444,0.642500000000
kv_annealed_retention,0,1200,8,145,160,160,15,1.791759469228,1.482433183089,2.071722787348,0.666299225885,0.602871415671,0.837500000000,0.887500000000,107.000000000000,1.000000000000,0.507500000000,1.000000000000,1.771818167970,0.695540411749,320;320;320;320;320;320;480,entity:160;160;160;160;160;160;0|value:160;160;160;160;160;160;0|filler:0;0;0;0;0;0;0|query_marker:0;0;0;0;0;0;160|query_entity:0;0;0;0;0;0;160|context:0;0;0;0;0;0;160,kv_annealed_retention,0.000000000000,0,1.771818167970,0.695540411749,0.000000000000,0.000000000000,0.000000000000,0.000000000000,9600,0.000000000000,0.418346179077,0.603803133167,0.288639905244,0.214968201128,0.186671391852,0.229062741171,0.015789448275,0.045570868609,0.841889073564,0.841929131391,0.714421304652,0.751480685482,60;54;46,384;420;414,0.000000000000,0.567286113280,0.000000000000,2.000000000000,0.100000000000,900,0.000000000000,0.558946701243,0.000000000000,0.634375000000,0.365625000000,0.134375000000,0.047916666667,0.868750000000,0.868750000000,2.504166666667,32;50;47,0.645347222222,0.354652777778,0.145347222222,0.062986111111,0.824166666667
kv_full_capacity,1,1200,8,120,160,160,15,1.791759469228,0.073105016343,0.077032112325,0.003756075931,0.003783712476,1.000000000000,1.000000000000,96.000000000000,1.000000000000,0.800000000000,1.000000000000,0.045678585804,0.003730462485,320;320;320;320;320;320;480,entity:160;160;160;160;160;160;0|value:160;160;160;160;160;160;0|filler:0;0;0;0;0;0;0|query_marker:0;0;0;0;0;0;160|query_entity:0;0;0;0;0;0;160|context:0;0;0;0;0;0;160,kv_full_capacity,0.000000000000,0,0.045678585804,0.003730462485,0.000000000000,0.000000000000,0.000000000000,0.000000000000,9600,0.000000000000,0.016037438216,0.016506020046,0.000016943302,0.000017210945,0.068205184359,0.071793467330,0.003749005632,0.003776529597,0.996250994368,0.996223470403,0.996250994368,0.996223470403,26;20;28;28;29;29,320;320;320;320;320;320,0.000000000000,0.000000000000,0.000000000000,2.000000000000,0.100000000000,900,0.000000000000,0.000000000000,0.000000000000,1.000000000000,0.000000000000,0.000000000000,0.000000000000,1.000000000000,1.000000000000,2.500000000000,0;0;0;0;0;0,1.000000000000,0.000000000000,0.000000000000,0.000000000000,1.000000000000
kv_oracle_retention,1,1200,8,120,160,160,15,1.791759469228,0.073105016343,0.077032112325,0.003756075931,0.003783712476,1.000000000000,1.000000000000,72.000000000000,1.000000000000,0.400000000000,1.000000000000,0.045678585804,0.003730462485,320;320;320;320;320;320;480,entity:160;160;160;160;160;160;0|value:160;160;160;160;160;160;0|filler:0;0;0;0;0;0;0|query_marker:0;0;0;0;0;0;160|query_entity:0;0;0;0;0;0;160|context:0;0;0;0;0;0;160,kv_oracle_retention,0.000000000000,0,0.045678585804,0.003730462485,0.000000000000,0.000000000000,0.000000000000,0.000000000000,9600,0.000000000000,0.016037438216,0.016506020046,0.000016943302,0.000017210945,0.068205184359,0.071793467330,0.003749005632,0.003776529597,0.996250994368,0.996223470403,0.996250994368,0.996223470403,43;58;59,320;320;320,0.000000000000,0.000000000000,0.000000000000,2.000000000000,0.100000000000,900,0.000000000000,0.000000000000,0.000000000000,0.500000000000,0.500000000000,0.000000000000,0.000000000000,1.000000000000,1.000000000000,2.593750000000,0;0;0,0.500000000000,0.500000000000,0.000000000000,0.000000000000,1.000000000000
kv_fifo_eviction,1,1200,8,120,160,160,15,1.791759469228,2.838434822522,2.447628523105,1.418541026953,1.275522746796,0.562500000000,0.637500000000,72.000000000000,1.000000000000,0.800000000000,1.000000000000,3.375120773813,1.442151660688,320;320;320;320;320;320;480,entity:160;160;160;160;160;160;0|value:160;160;160;160;160;160;0|filler:0;0;0;0;0;0;0|query_marker:0;0;0;0;0;0;160|query_entity:0;0;0;0;0;0;160|context:0;0;0;0;0;0;160,kv_fifo_eviction,0.000000000000,0,3.375120773813,1.442151660688,0.000000000000,0.000000000000,0.000000000000,0.000000000000,9600,0.000000000000,0.815291394712,0.690989460237,0.651033294108,0.574549104863,0.365848176570,0.286064149452,0.038393101304,0.057703381545,0.600893101304,0.605193257055,0.371861676345,0.412422085066,50;53;57,640;640;640,0.000000000000,0.000000000000,0.000000000000,2.000000000000,0.100000000000,900,0.000000000000,0.000000000000,0.000000000000,1.000000000000,0.000000000000,0.500000000000,0.265625000000,0.537500000000,0.537500000000,1.000000000000,160;160;160,1.000000000000,0.000000000000,0.500000000000,0.246388888889,0.503333333333
kv_reservoir,1,1200,8,120,160,160,15,1.791759469228,2.703235485350,2.163200353288,1.359058030113,1.206169708047,0.587500000000,0.662500000000,72.000000000000,1.000000000000,0.634166666667,1.000000000000,2.046849163215,1.358746353586,320;320;320;320;320;320;480,entity:160;160;160;160;160;160;0|value:160;160;160;160;160;160;0|filler:0;0;0;0;0;0;0|query_marker:0;0;0;0;0;0;160|query_entity:0;0;0;0;0;0;160|context:0;0;0;0;0;0;160,kv_reservoir,0.000000000000,0,2.046849163215,1.358746353586,0.000000000000,0.000000000000,0.000000000000,0.000000000000,9600,0.000000000000,0.772028785245,0.628725034547,0.626244825793,0.550747684244,0.344139435395,0.264896519326,0.015358235835,0.092089634293,0.572141764165,0.570410365707,0.369808965803,0.406737971334,52;53;55,476;508;538,0.000000000000,0.000000000000,0.000000000000,2.000000000000,0.100000000000,900,0.000000000000,0.000000000000,0.000000000000,0.792708333333,0.207291666667,0.292708333333,0.142708333333,0.562500000000,0.562500000000,2.652083333333,78;94;109,0.801041666667,0.198958333333,0.301041666667,0.147152777778,0.518333333333
kv_hard_retention,1,1200,8,145,160,160,15,1.791759469228,2.215764702920,2.832455011082,1.163769730969,1.496258758151,0.668750000000,0.581250000000,107.000000000000,1.000000000000,0.577500000000,1.000000000000,2.035659399835,1.232339534111,320;320;320;320;320;320;480,entity:160;160;160;160;160;160;0|value:160;160;160;160;160;160;0|filler:0;0;0;0;0;0;0|query_marker:0;0;0;0;0;0;160|query_entity:0;0;0;0;0;0;160|context:0;0;0;0;0;0;160,kv_hard_retention,0.000000000000,0,2.035659399835,1.232339534111,0.000000000000,0.000000000000,0.000000000000,0.000000000000,9600,0.000000000000,0.617410968337,0.780163550261,0.530980322452,0.650946743559,0.263297491758,0.321464812605,0.014560671962,0.078436131477,0.683310671962,0.659686131477,0.480468859364,0.406028288554,51;52;57,472;464;450,0.000000000000,0.517995021395,0.000000000000,2.000000000000,0.100000000000,900,0.000000000000,0.513205407087,0.000000000000,0.721875000000,0.278125000000,0.221875000000,0.098958333333,0.531250000000,0.531250000000,2.512500000000,76;72;65,0.719236111111,0.280763888889,0.219236111111,0.091041666667,0.577500000000
kv_annealed_retention,1,1200,8,145,160,160,15,1.791759469228,2.215764702920,2.832455011082,0.008906359237,0.009029475679,1.000000000000,1.000000000000,107.000000000000,1.000000000000,0.526666666667,1.000000000000,1.766582549643,0.009185662703,320;320;320;320;320;320;480,entity:160;160;160;160;160;160;0|value:160;160;160;160;160;160;0|filler:0;0;0;0;0;0;0|query_marker:0;0;0;0;0;0;160|query_entity:0;0;0;0;0;0;160|context:0;0;0;0;0;0;160,kv_annealed_retention,0.000000000000,0,1.766582549643,0.009185662703,0.000000000000,0.000000000000,0.000000000000,0.000000000000,9600,0.000000000000,0.617410968337,0.780163550261,0.000095460120,0.000098193993,0.263297491758,0.321464812605,0.008866534917,0.008988494267,0.991133465083,0.991011505733,0.991133465083,0.991011505733,44;54;62,414;430;420,0.000000000000,0.382948301258,0.000000000000,2.000000000000,0.100000000000,900,0.000000000000,0.398101222094,0.000000000000,0.658333333333,0.341666666667,0.158333333333,0.000000000000,1.000000000000,1.000000000000,2.593750000000,47;55;50,0.666180555556,0.333819444444,0.166180555556,0.000000000000,1.000000000000
kv_full_capacity,2,1200,8,120,160,160,15,1.791759469228,0.053261545267,0.048379809058,0.003781269528,0.003700726314,1.000000000000,1.000000000000,96.000000000000,1.000000000000,0.800000000000,1.000000000000,0.031543418001,0.003797572280,320;320;320;320;320;320;480,entity:160;160;160;160;160;160;0|value:160;160;160;160;160;160;0|filler:0;0;0;0;0;0;0|query_marker:0;0;0;0;0;0;160|query_entity:0;0;0;0;0;0;160|context:0;0;0;0;0;0;160,kv_full_capacity,0.000000000000,0,0.031543418001,0.003797572280,0.000000000000,0.000000000000,0.000000000000,0.000000000000,9600,0.000000000000,0.004532980904,0.003718218489,0.000017183686,0.000016457819,0.051734075344,0.047146808929,0.003774101014,0.003693860943,0.996225898986,0.996306139057,0.996225898986,0.996306139057,23;31;28;27;29;22,320;320;320;320;320;320,0.000000000000,0.000000000000,0.000000000000,2.000000000000,0.100000000000,900,0.000000000000,0.000000000000,0.000000000000,1.000000000000,0.000000000000,0.000000000000,0.000000000000,1.000000000000,1.000000000000,2.500000000000,0;0;0;0;0;0,1.000000000000,0.000000000000,0.000000000000,0.000000000000,1.000000000000
kv_oracle_retention,2,1200,8,120,160,160,15,1.791759469228,0.053261545267,0.048379809058,0.003781269528,0.003700726314,1.000000000000,1.000000000000,72.000000000000,1.000000000000,0.400000000000,1.000000000000,0.031543418001,0.003797572280,320;320;320;320;320;320;480,entity:160;160;160;160;160;160;0|value:160;160;160;160;160;160;0|filler:0;0;0;0;0;0;0|query_marker:0;0;0;0;0;0;160|query_entity:0;0;0;0;0;0;160|context:0;0;0;0;0;0;160,kv_oracle_retention,0.000000000000,0,0.031543418001,0.003797572280,0.000000000000,0.000000000000,0.000000000000,0.000000000000,9600,0.000000000000,0.004532980904,0.003718218489,0.000017183686,0.000016457819,0.051734075344,0.047146808929,0.003774101014,0.003693860943,0.996225898986,0.996306139057,0.996225898986,0.996306139057,53;63;44,320;320;320,0.000000000000,0.000000000000,0.000000000000,2.000000000000,0.100000000000,900,0.000000000000,0.000000000000,0.000000000000,0.500000000000,0.500000000000,0.000000000000,0.000000000000,1.000000000000,1.000000000000,2.470833333333,0;0;0,0.500000000000,0.500000000000,0.000000000000,0.000000000000,1.000000000000
kv_fifo_eviction,2,1200,8,120,160,160,15,1.791759469228,3.060848116718,2.921377367939,1.378527999949,1.310914644005,0.581250000000,0.600000000000,72.000000000000,1.000000000000,0.800000000000,1.000000000000,3.019138042165,1.401544531824,320;320;320;320;320;320;480,entity:160;160;160;160;160;160;0|value:160;160;160;160;160;160;0|filler:0;0;0;0;0;0;0|query_marker:0;0;0;0;0;0;160|query_entity:0;0;0;0;0;0;160|context:0;0;0;0;0;0;160,kv_fifo_eviction,0.000000000000,0,3.019138042165,1.401544531824,0.000000000000,0.000000000000,0.000000000000,0.000000000000,9600,0.000000000000,0.790731284054,0.758961204892,0.633088263922,0.605941452882,0.367384717733,0.351221775953,0.030676239735,0.062470880214,0.581157477266,0.580508463475,0.371132373777,0.384410465806,54;52;54,640;640;640,0.000000000000,0.000000000000,0.000000000000,2.000000000000,0.100000000000,900,0.000000000000,0.000000000000,0.000000000000,1.000000000000,0.000000000000,0.500000000000,0.244791666667,0.487500000000,0.487500000000,1.000000000000,160;160;160,1.000000000000,0.000000000000,0.500000000000,0.255208333333,0.483750000000
kv_reservoir,2,1200,8,120,160,160,15,1.791759469228,2.612215145926,2.923884941360,1.273459200891,1.303696585531,0.625000000000,0.606250000000,72.000000000000,1.000000000000,0.668333333333,1.000000000000,2.886805194809,1.110414850944,320;320;320;320;320;320;480,entity:160;160;160;160;160;160;0|value:160;160;160;160;160;160;0|filler:0;0;0;0;0;0;0|query_marker:0;0;0;0;0;0;160|query_entity:0;0;0;0;0;0;160|context:0;0;0;0;0;0;160,kv_reservoir,0.000000000000,0,2.886805194809,1.110414850944,0.000000000000,0.000000000000,0.000000000000,0.000000000000,9600,0.000000000000,0.707965335088,0.744886739515,0.582151478456,0.603826916963,0.322198983646,0.345041050486,0.004837435229,0.119246312975,0.629070759294,0.627429014486,0.421425145044,0.409652655826,51;54;55,552;554;498,0.000000000000,0.000000000000,0.000000000000,2.000000000000,0.100000000000,900,0.000000000000,0.000000000000,0.000000000000,0.835416666667,0.164583333333,0.335416666667,0.148958333333,0.493750000000,0.493750000000,2.358333333333,116;117;89,0.836597222222,0.163402777778,0.336597222222,0.167500000000,0.529166666667
kv_hard_retention,2,1200,8,145,160,160,15,1.791759469228,2.683565381392,3.113634914741,1.359040716895,1.415820271386,0.581250000000,0.575000000000,107.000000000000,1.000000000000,0.658333333333,1.000000000000,2.205644657934,1.448332633055,320;320;320;320;320;320;480,entity:160;160;160;160;160;160;0|value:160;160;160;160;160;160;0|filler:0;0;0;0;0;0;0|query_marker:0;0;0;0;0;0;160|query_entity:0;0;0;0;0;0;160|context:0;0;0;0;0;0;160,kv_hard_retention,0.000000000000,0,2.205644657934,1.448332633055,0.000000000000,0.000000000000,0.000000000000,0.000000000000,9600,0.000000000000,0.789826205548,0.805461789901,0.630616449423,0.641159455036,0.367738380540,0.376281017863,0.043296720982,0.037099039180,0.537953279018,0.537900960820,0.353073315047,0.347845515186,48;63;49,514;536;530,0.000000000000,0.577976096484,0.000000000000,2.000000000000,0.100000000000,900,0.000000000000,0.586403520365,0.000000000000,0.822916666667,0.177083333333,0.322916666667,0.175000000000,0.456250000000,0.456250000000,2.395833333333,97;108;105,0.820000000000,0.180000000000,0.320000000000,0.183819444444,0.484583333333
kv_annealed_retention,2,1200,8,145,160,160,15,1.791759469228,2.683565381392,3.113634914741,0.009853963302,0.009795973292,1.000000000000,1.000000000000,107.000000000000,1.000000000000,0.548333333333,1.000000000000,2.399429887101,0.009936816385,320;320;320;320;320;320;480,entity:160;160;160;160;160;160;0|value:160;160;160;160;160;160;0|filler:0;0;0;0;0;0;0|query_marker:0;0;0;0;0;0;160|query_entity:0;0;0;0;0;0;160|context:0;0;0;0;0;0;160,kv_annealed_retention,0.000000000000,0,2.399429887101,0.009936816385,0.000000000000,0.000000000000,0.000000000000,0.000000000000,9600,0.000000000000,0.789826205548,0.805461789901,0.000116752794,0.000115390827,0.367738380540,0.376281017863,0.009805291196,0.009747901830,0.990194708804,0.990252098170,0.990194708804,0.990252098170,50;51;59,424;434;458,0.000000000000,0.495746304940,0.000000000000,2.000000000000,0.100000000000,900,0.000000000000,0.495754472667,0.000000000000,0.685416666667,0.314583333333,0.185416666667,0.000000000000,1.000000000000,1.000000000000,2.470833333333,52;57;69,0.653125000000,0.346875000000,0.153125000000,0.000000000000,1.000000000000
kv_full_capacity,3,1200,8,120,160,160,15,1.791759469228,0.135038865437,0.135976305907,0.003723200322,0.003728212514,1.000000000000,1.000000000000,96.000000000000,1.000000000000,0.800000000000,1.000000000000,0.085523595186,0.003737820321,320;320;320;320;320;320;480,entity:160;160;160;160;160;160;0|value:160;160;160;160;160;160;0|filler:0;0;0;0;0;0;0|query_marker:0;0;0;0;0;0;160|query_entity:0;0;0;0;0;0;160|context:0;0;0;0;0;0;160,kv_full_capacity,0.000000000000,0,0.085523595186,0.003737820321,0.000000000000,0.000000000000,0.000000000000,0.000000000000,9600,0.000000000000,0.027363795216,0.027768043196,0.000016588125,0.000016634639,0.125138401203,0.126095222935,0.003716272929,0.003721265705,0.996283727071,0.996278734295,0.996283727071,0.996278734295,23;45;25;19;28;20,320;320;320;320;320;320,0.000000000000,0.000000000000,0.000000000000,2.000000000000,0.100000000000,900,0.000000000000,0.000000000000,0.000000000000,1.000000000000,0.000000000000,0.000000000000,0.000000000000,1.000000000000,1.000000000000,2.500000000000,0;0;0;0;0;0,1.000000000000,0.000000000000,0.000000000000,0.000000000000,1.000000000000
kv_oracle_retention,3,1200,8,120,160,160,15,1.791759469228,0.135038865437,0.135976305907,0.003723200322,0.003728212514,1.000000000000,1.000000000000,72.000000000000,1.000000000000,0.400000000000,1.000000000000,0.085523595186,0.003737820321,320;320;320;320;320;320;480,entity:160;160;160;160;160;160;0|value:160;160;160;160;160;160;0|filler:0;0;0;0;0;0;0|query_marker:0;0;0;0;0;0;160|query_entity:0;0;0;0;0;0;160|context:0;0;0;0;0;0;160,kv_oracle_retention,0.000000000000,0,0.085523595186,0.003737820321,0.000000000000,0.000000000000,0.000000000000,0.000000000000,9600,0.000000000000,0.027363795216,0.027768043196,0.000016588125,0.000016634639,0.125138401203,0.126095222935,0.003716272929,0.003721265705,0.996283727071,0.996278734295,0.996283727071,0.996278734295,61;54;45,320;320;320,0.000000000000,0.000000000000,0.000000000000,2.000000000000,0.100000000000,900,0.000000000000,0.000000000000,0.000000000000,0.500000000000,0.500000000000,0.000000000000,0.000000000000,1.000000000000,1.000000000000,2.479166666667,0;0;0,0.500000000000,0.500000000000,0.000000000000,0.000000000000,1.000000000000
kv_fifo_eviction,3,1200,8,120,160,160,15,1.791759469228,2.019543786649,2.637613812649,1.311661585937,1.478384226383,0.612500000000,0.525000000000,72.000000000000,1.000000000000,0.800000000000,1.000000000000,2.482369251111,1.320456359315,320;320;320;320;320;320;480,entity:160;160;160;160;160;160;0|value:160;160;160;160;160;160;0|filler:0;0;0;0;0;0;0|query_marker:0;0;0;0;0;0;160|query_entity:0;0;0;0;0;0;160|context:0;0;0;0;0;0;160,kv_fifo_eviction,0.000000000000,0,2.482369251111,1.320456359315,0.000000000000,0.000000000000,0.000000000000,0.000000000000,9600,0.000000000000,0.681995552565,0.850240316809,0.602367980537,0.681330451254,0.257119925905,0.352985481601,0.060768250792,0.085312798193,0.556972693496,0.560520508786,0.375547850119,0.337673335261,56;54;50,640;640;640,0.000000000000,0.000000000000,0.000000000000,2.000000000000,0.100000000000,900,0.000000000000,0.000000000000,0.000000000000,1.000000000000,0.000000000000,0.500000000000,0.253125000000,0.418750000000,0.418750000000,1.000000000000,160;160;160,1.000000000000,0.000000000000,0.500000000000,0.246458333333,0.494583333333
kv_reservoir,3,1200,8,120,160,160,15,1.791759469228,2.360352574737,2.263141449079,1.404509065816,1.374412198906,0.562500000000,0.581250000000,72.000000000000,1.000000000000,0.620000000000,1.000000000000,1.665027439214,1.572860666854,320;320;320;320;320;320;480,entity:160;160;160;160;160;160;0|value:160;160;160;160;160;160;0|filler:0;0;0;0;0;0;0|query_marker:0;0;0;0;0;0;160|query_entity:0;0;0;0;0;0;160|context:0;0;0;0;0;0;160,kv_reservoir,0.000000000000,0,1.665027439214,1.572860666854,0.000000000000,0.000000000000,0.000000000000,0.000000000000,9600,0.000000000000,0.776222832628,0.747887497669,0.649399507463,0.634835753717,0.313017421905,0.295448771844,0.015703895945,0.063701430755,0.578203895945,0.575977082328,0.361301307990,0.367450297838,57;59;44,494;528;466,0.000000000000,0.000000000000,0.000000000000,2.000000000000,0.100000000000,900,0.000000000000,0.000000000000,0.000000000000,0.775000000000,0.225000000000,0.275000000000,0.143750000000,0.500000000000,0.500000000000,2.620833333333,87;104;73,0.778541666667,0.221458333333,0.278541666667,0.139166666667,0.485416666667
kv_hard_retention,3,1200,8,145,160,160,15,1.791759469228,2.776571218390,2.540939860859,1.539157685940,1.534464835987,0.481250000000,0.506250000000,107.000000000000,1.000000000000,0.610000000000,1.000000000000,2.819453027122,1.466616535963,320;320;320;320;320;320;480,entity:160;160;160;160;160;160;0|value:160;160;160;160;160;160;0|filler:0;0;0;0;0;0;0|query_marker:0;0;0;0;0;0;160|query_entity:0;0;0;0;0;0;160|context:0;0;0;0;0;0;160,kv_hard_retention,0.000000000000,0,2.819453027122,1.466616535963,0.000000000000,0.000000000000,0.000000000000,0.000000000000,9600,0.000000000000,0.915853473525,0.865414773380,0.714958193566,0.708255472004,0.396820011768,0.374150386238,0.037660339219,0.056264127005,0.492710476535,0.488779259839,0.292159846169,0.294184716046,50;59;51,490;502;472,0.000000000000,0.579251604206,0.000000000000,2.000000000000,0.100000000000,900,0.000000000000,0.575324818125,0.000000000000,0.762500000000,0.237500000000,0.262500000000,0.148958333333,0.356250000000,0.356250000000,2.504166666667,85;91;76,0.754166666667,0.245833333333,0.254166666667,0.138958333333,0.394583333333
kv_annealed_retention,3,1200,8,145,160,160,15,1.791759469228,2.776571218390,2.540939860859,0.010104755528,0.010026901946,1.000000000000,1.000000000000,107.000000000000,1.000000000000,0.530833333333,1.000000000000,2.579009791817,0.010322480379,320;320;320;320;320;320;480,entity:160;160;160;160;160;160;0|value:160;160;160;160;160;160;0|filler:0;0;0;0;0;0;0|query_marker:0;0;0;0;0;0;160|query_entity:0;0;0;0;0;0;160|context:0;0;0;0;0;0;160,kv_annealed_retention,0.000000000000,0,2.579009791817,0.010322480379,0.000000000000,0.000000000000,0.000000000000,0.000000000000,9600,0.000000000000,0.915853473525,0.865414773380,0.000123089837,0.000121127126,0.396820011768,0.374150386238,0.010053460470,0.009976425556,0.989946539530,0.990023574444,0.989946539530,0.990023574444,43;63;54,434;418;422,0.000000000000,0.426798952526,0.000000000000,2.000000000000,0.100000000000,900,0.000000000000,0.418427033980,0.000000000000,0.663541666667,0.336458333333,0.163541666667,0.000000000000,1.000000000000,1.000000000000,2.479166666667,57;49;51,0.660833333333,0.339166666667,0.160833333333,0.000000000000,1.000000000000
kv_full_capacity,4,1200,8,120,160,160,15,1.791759469228,0.039797663987,0.034589891182,0.003731074056,0.003749724809,1.000000000000,1.000000000000,96.000000000000,1.000000000000,0.800000000000,1.000000000000,0.021329801362,0.003745549830,320;320;320;320;320;320;480,entity:160;160;160;160;160;160;0|value:160;160;160;160;160;160;0|filler:0;0;0;0;0;0;0|query_marker:0;0;0;0;0;0;160|query_entity:0;0;0;0;0;0;160|context:0;0;0;0;0;0;160,kv_full_capacity,0.000000000000,0,0.021329801362,0.003745549830,0.000000000000,0.000000000000,0.000000000000,0.000000000000,9600,0.000000000000,0.003228030965,0.002487181424,0.000016674723,0.000016837277,0.038748473533,0.033778828696,0.003724111754,0.003742694596,0.996275888246,0.996257305404,0.996275888246,0.996257305404,24;30;33;23;27;23,320;320;320;320;320;320,0.000000000000,0.000000000000,0.000000000000,2.000000000000,0.100000000000,900,0.000000000000,0.000000000000,0.000000000000,1.000000000000,0.000000000000,0.000000000000,0.000000000000,1.000000000000,1.000000000000,2.500000000000,0;0;0;0;0;0,1.000000000000,0.000000000000,0.000000000000,0.000000000000,1.000000000000
kv_oracle_retention,4,1200,8,120,160,160,15,1.791759469228,0.039797663987,0.034589891182,0.003731074056,0.003749724809,1.000000000000,1.000000000000,72.000000000000,1.000000000000,0.400000000000,1.000000000000,0.021329801362,0.003745549830,320;320;320;320;320;320;480,entity:160;160;160;160;160;160;0|value:160;160;160;160;160;160;0|filler:0;0;0;0;0;0;0|query_marker:0;0;0;0;0;0;160|query_entity:0;0;0;0;0;0;160|context:0;0;0;0;0;0;160,kv_oracle_retention,0.000000000000,0,0.021329801362,0.003745549830,0.000000000000,0.000000000000,0.000000000000,0.000000000000,9600,0.000000000000,0.003228030965,0.002487181424,0.000016674723,0.000016837277,0.038748473533,0.033778828696,0.003724111754,0.003742694596,0.996275888246,0.996257305404,0.996275888246,0.996257305404,52;58;50,320;320;320,0.000000000000,0.000000000000,0.000000000000,2.000000000000,0.100000000000,900,0.000000000000,0.000000000000,0.000000000000,0.500000000000,0.500000000000,0.000000000000,0.000000000000,1.000000000000,1.000000000000,2.558333333333,0;0;0,0.500000000000,0.500000000000,0.000000000000,0.000000000000,1.000000000000
kv_fifo_eviction,4,1200,8,120,160,160,15,1.791759469228,2.217084892921,2.789164682020,1.256069925175,1.415401671089,0.631250000000,0.550000000000,72.000000000000,1.000000000000,0.800000000000,1.000000000000,2.492033847997,1.513847223204,320;320;320;320;320;320;480,entity:160;160;160;160;160;160;0|value:160;160;160;160;160;160;0|filler:0;0;0;0;0;0;0|query_marker:0;0;0;0;0;0;160|query_entity:0;0;0;0;0;0;160|context:0;0;0;0;0;0;160,kv_fifo_eviction,0.000000000000,0,2.492033847997,1.513847223204,0.000000000000,0.000000000000,0.000000000000,0.000000000000,9600,0.000000000000,0.708545747459,0.862919152853,0.574713783090,0.657709418348,0.332269292875,0.415515041375,0.028329131578,0.059429156841,0.602920868422,0.609429156841,0.411436986666,0.373355951068,56;54;50,640;640;640,0.000000000000,0.000000000000,0.000000000000,2.000000000000,0.100000000000,900,0.000000000000,0.000000000000,0.000000000000,1.000000000000,0.000000000000,0.500000000000,0.260416666667,0.456250000000,0.456250000000,1.000000000000,160;160;160,1.000000000000,0.000000000000,0.500000000000,0.251527777778,0.497500000000
kv_reservoir,4,1200,8,120,160,160,15,1.791759469228,2.068296221575,2.438914343482,1.259558993883,1.340423221230,0.625000000000,0.600000000000,72.000000000000,1.000000000000,0.611666666667,1.000000000000,3.029232662495,1.427845927300,320;320;320;320;320;320;480,entity:160;160;160;160;160;160;0|value:160;160;160;160;160;160;0|filler:0;0;0;0;0;0;0|query_marker:0;0;0;0;0;0;160|query_entity:0;0;0;0;0;0;160|context:0;0;0;0;0;0;160,kv_reservoir,0.000000000000,0,3.029232662495,1.427845927300,0.000000000000,0.000000000000,0.000000000000,0.000000000000,9600,0.000000000000,0.711000579377,0.761639152231,0.583663755896,0.607970485912,0.337011016510,0.361517720814,0.069445051834,0.063799666103,0.555554948166,0.552306798357,0.384151320858,0.370553357775,51;59;50,552;484;432,0.000000000000,0.000000000000,0.000000000000,2.000000000000,0.100000000000,900,0.000000000000,0.000000000000,0.000000000000,0.764583333333,0.235416666667,0.264583333333,0.145833333333,0.506250000000,0.506250000000,2.593750000000,116;82;56,0.765555555556,0.234444444444,0.265555555556,0.138750000000,0.490416666667
kv_hard_retention,4,1200,8,145,160,160,15,1.791759469228,2.515467969004,3.124339832819,1.386242097237,1.496842836767,0.587500000000,0.500000000000,107.000000000000,1.000000000000,0.607500000000,1.000000000000,3.125090268042,1.406096925166,320;320;320;320;320;320;480,entity:160;160;160;160;160;160;0|value:160;160;160;160;160;160;0|filler:0;0;0;0;0;0;0|query_marker:0;0;0;0;0;0;160|query_entity:0;0;0;0;0;0;160|context:0;0;0;0;0;0;160,kv_hard_retention,0.000000000000,0,3.125090268042,1.406096925166,0.000000000000,0.000000000000,0.000000000000,0.000000000000,9600,0.000000000000,0.787238752107,0.955251931271,0.636941005216,0.697300179938,0.371383632439,0.462770159557,0.085085062822,0.043065599670,0.502414937178,0.505627943713,0.334346387980,0.305622464270,48;55;57,518;466;474,0.000000000000,0.531319145755,0.000000000000,2.000000000000,0.100000000000,900,0.000000000000,0.537324773430,0.000000000000,0.759375000000,0.240625000000,0.259375000000,0.172916666667,0.425000000000,0.425000000000,2.489583333333,99;73;77,0.760069444444,0.239930555556,0.260069444444,0.174861111111,0.415000000000
kv_annealed_retention,4,1200,8,145,160,160,15,1.791759469228,2.515467969004,3.124339832819,0.010519038650,0.010543566521,1.000000000000,1.000000000000,107.000000000000,1.000000000000,0.494166666667,1.000000000000,3.132567422744,0.010731130622,320;320;320;320;320;320;480,entity:160;160;160;160;160;160;0|value:160;160;160;160;160;160;0|filler:0;0;0;0;0;0;0|query_marker:0;0;0;0;0;0;160|query_entity:0;0;0;0;0;0;160|context:0;0;0;0;0;0;160,kv_annealed_retention,0.000000000000,0,3.132567422744,0.010731130622,0.000000000000,0.000000000000,0.000000000000,0.000000000000,9600,0.000000000000,0.787238752107,0.955251931271,0.000135210346,0.000135547611,0.371383632439,0.462770159557,0.010462794802,0.010487154339,0.989537205198,0.989512845661,0.989537205198,0.989512845661,53;60;47,374;418;394,0.000000000000,0.489338621066,0.000000000000,2.000000000000,0.100000000000,900,0.000000000000,0.482581974676,0.000000000000,0.617708333333,0.382291666667,0.117708333333,0.000000000000,1.000000000000,1.000000000000,2.558333333333,27;49;37,0.643819444444,0.356180555556,0.143819444444,0.000000000000,1.000000000000
kv_full_capacity,5,1200,8,120,160,160,15,1.791759469228,0.091622404352,0.093685471479,0.003758271392,0.003777544820,1.000000000000,1.000000000000,96.000000000000,1.000000000000,0.800000000000,1.000000000000,0.058920278672,0.003742893248,320;320;320;320;320;320;480,entity:160;160;160;160;160;160;0|value:160;160;160;160;160;160;0|filler:0;0;0;0;0;0;0|query_marker:0;0;0;0;0;0;160|query_entity:0;0;0;0;0;0;160|context:0;0;0;0;0;0;160,kv_full_capacity,0.000000000000,0,0.058920278672,0.003742893248,0.000000000000,0.000000000000,0.000000000000,0.000000000000,9600,0.000000000000,0.024064624015,0.025199604567,0.000016928257,0.000017101034,0.083363733709,0.084957050244,0.003751205740,0.003770406942,0.996248794260,0.996229593058,0.996248794260,0.996229593058,27;22;24;31;29;27,320;320;320;320;320;320,0.000000000000,0.000000000000,0.000000000000,2.000000000000,0.100000000000,900,0.000000000000,0.000000000000,0.000000000000,1.000000000000,0.000000000000,0.000000000000,0.000000000000,1.000000000000,1.000000000000,2.500000000000,0;0;0;0;0;0,1.000000000000,0.000000000000,0.000000000000,0.000000000000,1.000000000000
kv_oracle_retention,5,1200,8,120,160,160,15,1.791759469228,0.091622404352,0.093685471479,0.003758271392,0.003777544820,1.000000000000,1.000000000000,72.000000000000,1.000000000000,0.400000000000,1.000000000000,0.058920278672,0.003742893248,320;320;320;320;320;320;480,entity:160;160;160;160;160;160;0|value:160;160;160;160;160;160;0|filler:0;0;0;0;0;0;0|query_marker:0;0;0;0;0;0;160|query_entity:0;0;0;0;0;0;160|context:0;0;0;0;0;0;160,kv_oracle_retention,0.000000000000,0,0.058920278672,0.003742893248,0.000000000000,0.000000000000,0.000000000000,0.000000000000,9600,0.000000000000,0.024064624015,0.025199604567,0.000016928257,0.000017101034,0.083363733709,0.084957050244,0.003751205740,0.003770406942,0.996248794260,0.996229593058,0.996248794260,0.996229593058,57;46;57,320;320;320,0.000000000000,0.000000000000,0.000000000000,2.000000000000,0.100000000000,900,0.000000000000,0.000000000000,0.000000000000,0.500000000000,0.500000000000,0.000000000000,0.000000000000,1.000000000000,1.000000000000,2.406250000000,0;0;0,0.500000000000,0.500000000000,0.000000000000,0.000000000000,1.000000000000
kv_fifo_eviction,5,1200,8,120,160,160,15,1.791759469228,2.595271997542,2.363259357572,1.346833732737,1.313980518394,0.600000000000,0.606250000000,72.000000000000,1.000000000000,0.800000000000,1.000000000000,2.210385978364,1.376724177282,320;320;320;320;320;320;480,entity:160;160;160;160;160;160;0|value:160;160;160;160;160;160;0|filler:0;0;0;0;0;0;0|query_marker:0;0;0;0;0;0;160|query_entity:0;0;0;0;0;0;160|context:0;0;0;0;0;0;160,kv_fifo_eviction,0.000000000000,0,2.210385978364,1.376724177282,0.000000000000,0.000000000000,0.000000000000,0.000000000000,9600,0.000000000000,0.745219384134,0.731702972403,0.615056361360,0.603521700354,0.314964513812,0.304375673348,0.044079385448,0.047187635608,0.555920614552,0.559062364392,0.368265156616,0.375638827227,54;53;53,640;640;640,0.000000000000,0.000000000000,0.000000000000,2.000000000000,0.100000000000,900,0.000000000000,0.000000000000,0.000000000000,1.000000000000,0.000000000000,0.500000000000,0.232291666667,0.543750000000,0.543750000000,1.000000000000,160;160;160,1.000000000000,0.000000000000,0.500000000000,0.251180555556,0.501250000000
kv_reservoir,5,1200,8,120,160,160,15,1.791759469228,2.753524234582,2.676231629966,1.424690677297,1.423777970571,0.556250000000,0.556250000000,72.000000000000,1.000000000000,0.647500000000,1.000000000000,2.419872177264,1.263670941350,320;320;320;320;320;320;480,entity:160;160;160;160;160;160;0|value:160;160;160;160;160;160;0|filler:0;0;0;0;0;0;0|query_marker:0;0;0;0;0;0;160|query_entity:0;0;0;0;0;0;160|context:0;0;0;0;0;0;160,kv_reservoir,0.000000000000,0,2.419872177264,1.263670941350,0.000000000000,0.000000000000,0.000000000000,0.000000000000,9600,0.000000000000,0.815266299681,0.803043965804,0.654907965675,0.651131433538,0.348590903529,0.351937204156,0.013870868360,0.011212925163,0.542379131640,0.545037074837,0.342292232084,0.345381940502,60;57;43,550;556;448,0.000000000000,0.000000000000,0.000000000000,2.000000000000,0.100000000000,900,0.000000000000,0.000000000000,0.000000000000,0.809375000000,0.190625000000,0.309375000000,0.147916666667,0.468750000000,0.468750000000,2.383333333333,115;118;64,0.812361111111,0.187638888889,0.312361111111,0.154166666667,0.479166666667
kv_hard_retention,5,1200,8,145,160,160,15,1.791759469228,3.377352123996,3.581420180613,1.597918435779,1.638617824808,0.443750000000,0.393750000000,107.000000000000,1.000000000000,0.599166666667,1.000000000000,3.090431758267,1.616454778896,320;320;320;320;320;320;480,entity:160;160;160;160;160;160;0|value:160;160;160;160;160;160;0|filler:0;0;0;0;0;0;0|query_marker:0;0;0;0;0;0;160|query_entity:0;0;0;0;0;0;160|context:0;0;0;0;0;0;160,kv_hard_retention,0.000000000000,0,3.090431758267,1.616454778896,0.000000000000,0.000000000000,0.000000000000,0.000000000000,9600,0.000000000000,1.003312706538,1.102551280203,0.748171628859,0.764944377892,0.465133679938,0.515194896939,0.068570199637,0.078884572336,0.376908529897,0.386669881615,0.237200014774,0.231232800095,48;62;50,482;460;496,0.000000000000,0.511187032132,0.000000000000,2.000000000000,0.100000000000,900,0.000000000000,0.516968705116,0.000000000000,0.748958333333,0.251041666667,0.248958333333,0.139583333333,0.337500000000,0.337500000000,2.658333333333,81;70;88,0.762916666667,0.237083333333,0.262916666667,0.161736111111,0.341666666667
kv_annealed_retention,5,1200,8,145,160,160,15,1.791759469228,3.377352123996,3.581420180613,0.630045469707,0.765025613022,0.868750000000,0.831250000000,107.000000000000,1.000000000000,0.557500000000,1.000000000000,3.059600776929,0.869686963382,320;320;320;320;320;320;480,entity:160;160;160;160;160;160;0|value:160;160;160;160;160;160;0|filler:0;0;0;0;0;0;0|query_marker:0;0;0;0;0;0;160|query_entity:0;0;0;0;0;0;160|context:0;0;0;0;0;0;160,kv_annealed_retention,0.000000000000,0,3.059600776929,0.869686963382,0.000000000000,0.000000000000,0.000000000000,0.000000000000,9600,0.000000000000,1.003312706538,1.102551280203,0.244621993269,0.304616826523,0.465133679938,0.515194896939,0.034776816364,0.000396920049,0.833973183636,0.830853079951,0.729042355495,0.696667691171,49;53;58,452;438;448,0.000000000000,0.628004199374,0.000000000000,2.000000000000,0.100000000000,900,0.000000000000,0.602507411998,0.000000000000,0.696875000000,0.303125000000,0.196875000000,0.087500000000,0.800000000000,0.800000000000,2.304166666667,66;59;64,0.674166666667,0.325833333333,0.174166666667,0.078819444444,0.838333333333
kv_full_capacity,6,1200,8,120,160,160,15,1.791759469228,0.055739528421,0.060857422454,0.003762726157,0.003743287847,1.000000000000,1.000000000000,96.000000000000,1.000000000000,0.800000000000,1.000000000000,0.031377131762,0.003749336374,320;320;320;320;320;320;480,entity:160;160;160;160;160;160;0|value:160;160;160;160;160;160;0|filler:0;0;0;0;0;0;0|query_marker:0;0;0;0;0;0;160|query_entity:0;0;0;0;0;0;160|context:0;0;0;0;0;0;160,kv_full_capacity,0.000000000000,0,0.031377131762,0.003749336374,0.000000000000,0.000000000000,0.000000000000,0.000000000000,9600,0.000000000000,0.007322196896,0.008765203088,0.000017076504,0.000016907355,0.053531515919,0.058263256895,0.003755605774,0.003736237846,0.996244394226,0.996263762154,0.996244394226,0.996263762154,23;20;27;27;31;32,320;320;320;320;320;320,0.000000000000,0.000000000000,0.000000000000,2.000000000000,0.100000000000,900,0.000000000000,0.000000000000,0.000000000000,1.000000000000,0.000000000000,0.000000000000,0.000000000000,1.000000000000,1.000000000000,2.500000000000,0;0;0;0;0;0,1.000000000000,0.000000000000,0.000000000000,0.000000000000,1.000000000000
kv_oracle_retention,6,1200,8,120,160,160,15,1.791759469228,0.055739528421,0.060857422454,0.003762726157,0.003743287847,1.000000000000,1.000000000000,72.000000000000,1.000000000000,0.400000000000,1.000000000000,0.031377131762,0.003749336374,320;320;320;320;320;320;480,entity:160;160;160;160;160;160;0|value:160;160;160;160;160;160;0|filler:0;0;0;0;0;0;0|query_marker:0;0;0;0;0;0;160|query_entity:0;0;0;0;0;0;160|context:0;0;0;0;0;0;160,kv_oracle_retention,0.000000000000,0,0.031377131762,0.003749336374,0.000000000000,0.000000000000,0.000000000000,0.000000000000,9600,0.000000000000,0.007322196896,0.008765203088,0.000017076504,0.000016907355,0.053531515919,0.058263256895,0.003755605774,0.003736237846,0.996244394226,0.996263762154,0.996244394226,0.996263762154,50;58;52,320;320;320,0.000000000000,0.000000000000,0.000000000000,2.000000000000,0.100000000000,900,0.000000000000,0.000000000000,0.000000000000,0.500000000000,0.500000000000,0.000000000000,0.000000000000,1.000000000000,1.000000000000,2.400000000000,0;0;0,0.500000000000,0.500000000000,0.000000000000,0.000000000000,1.000000000000
kv_fifo_eviction,6,1200,8,120,160,160,15,1.791759469228,2.811795253122,2.455513659603,1.350843400941,1.282333351624,0.581250000000,0.625000000000,72.000000000000,1.000000000000,0.800000000000,1.000000000000,2.706098480631,1.352508947734,320;320;320;320;320;320;480,entity:160;160;160;160;160;160;0|value:160;160;160;160;160;160;0|filler:0;0;0;0;0;0;0|query_marker:0;0;0;0;0;0;160|query_entity:0;0;0;0;0;0;160|context:0;0;0;0;0;0;160,kv_fifo_eviction,0.000000000000,0,2.706098480631,1.352508947734,0.000000000000,0.000000000000,0.000000000000,0.000000000000,9600,0.000000000000,0.797544914646,0.718374237354,0.623135827320,0.583139122305,0.371852826398,0.319965827294,0.047067646277,0.081278496645,0.583954002788,0.579847276213,0.377768721102,0.395879428310,53;53;54,640;640;640,0.000000000000,0.000000000000,0.000000000000,2.000000000000,0.100000000000,900,0.000000000000,0.000000000000,0.000000000000,1.000000000000,0.000000000000,0.500000000000,0.230208333333,0.562500000000,0.562500000000,1.000000000000,160;160;160,1.000000000000,0.000000000000,0.500000000000,0.246319444444,0.495833333333
kv_reservoir,6,1200,8,120,160,160,15,1.791759469228,2.624507429030,2.786289813160,1.292975731401,1.366920553910,0.618750000000,0.568750000000,72.000000000000,1.000000000000,0.633333333333,1.000000000000,3.272822007320,1.393083952213,320;320;320;320;320;320;480,entity:160;160;160;160;160;160;0|value:160;160;160;160;160;160;0|filler:0;0;0;0;0;0;0|query_marker:0;0;0;0;0;0;160|query_entity:0;0;0;0;0;0;160|context:0;0;0;0;0;0;160,kv_reservoir,0.000000000000,0,3.272822007320,1.393083952213,0.000000000000,0.000000000000,0.000000000000,0.000000000000,9600,0.000000000000,0.726662579590,0.821304408084,0.590411499734,0.633928791892,0.329243164086,0.380800413725,0.042080665982,0.045694988510,0.593642986819,0.601374824922,0.399205424569,0.381635981217,64;48;48,514;456;550,0.000000000000,0.000000000000,0.000000000000,2.000000000000,0.100000000000,900,0.000000000000,0.000000000000,0.000000000000,0.791666666667,0.208333333333,0.291666666667,0.136458333333,0.543750000000,0.543750000000,2.579166666667,97;68;115,0.792847222222,0.207152777778,0.292847222222,0.150347222222,0.506250000000
kv_hard_retention,6,1200,8,145,160,160,15,1.791759469228,1.725479360528,1.833306384222,1.020416636672,1.152599396232,0.731250000000,0.706250000000,107.000000000000,1.000000000000,0.610000000000,1.000000000000,2.818149300864,1.164935581326,320;320;320;320;320;320;480,entity:160;160;160;160;160;160;0|value:160;160;160;160;160;160;0|filler:0;0;0;0;0;0;0|query_marker:0;0;0;0;0;0;160|query_entity:0;0;0;0;0;0;160|context:0;0;0;0;0;0;160,kv_hard_retention,0.000000000000,0,2.818149300864,1.164935581326,0.000000000000,0.000000000000,0.000000000000,0.000000000000,9600,0.000000000000,0.511667255920,0.558210989992,0.452403911136,0.488374747117,0.215092749689,0.245102454321,0.028584621733,0.021293233492,0.704220378741,0.688940773664,0.532449484540,0.504430240008,48;52;60,450;498;516,0.000000000000,0.474081949765,0.000000000000,2.000000000000,0.100000000000,900,0.000000000000,0.466031525869,0.000000000000,0.762500000000,0.237500000000,0.262500000000,0.073958333333,0.656250000000,0.656250000000,2.516666666667,65;89;98,0.752013888889,0.247986111111,0.252013888889,0.085763888889,0.622916666667
kv_annealed_retention,6,1200,8,145,160,160,15,1.791759469228,1.725479360528,1.833306384222,0.007881601170,0.007941140960,1.000000000000,1.000000000000,107.000000000000,1.000000000000,0.511666666667,1.000000000000,2.895986830857,0.007978097682,320;320;320;320;320;320;480,entity:160;160;160;160;160;160;0|value:160;160;160;160;160;160;0|filler:0;0;0;0;0;0;0|query_marker:0;0;0;0;0;0;160|query_entity:0;0;0;0;0;0;160|context:0;0;0;0;0;0;160,kv_annealed_retention,0.000000000000,0,2.895986830857,0.007978097682,0.000000000000,0.000000000000,0.000000000000,0.000000000000,9600,0.000000000000,0.511667255920,0.558210989992,0.000074595945,0.000075722288,0.215092749689,0.245102454321,0.007850446353,0.007909508813,0.992149553647,0.992090491187,0.992149553647,0.992090491187,46;60;54,382;422;424,0.000000000000,0.571905439704,0.000000000000,2.000000000000,0.100000000000,900,0.000000000000,0.520323333955,0.000000000000,0.639583333333,0.360416666667,0.139583333333,0.000000000000,1.000000000000,1.000000000000,2.400000000000,31;51;52,0.648888888889,0.351111111111,0.148888888889,0.000000000000,1.000000000000
kv_full_capacity,7,1200,8,120,160,160,15,1.791759469228,0.050764598355,0.050573541488,0.003748221365,0.003706098674,1.000000000000,1.000000000000,96.000000000000,1.000000000000,0.800000000000,1.000000000000,0.028997064311,0.003785571318,320;320;320;320;320;320;480,entity:160;160;160;160;160;160;0|value:160;160;160;160;160;160;0|filler:0;0;0;0;0;0;0|query_marker:0;0;0;0;0;0;160|query_entity:0;0;0;0;0;0;160|context:0;0;0;0;0;0;160,kv_full_capacity,0.000000000000,0,0.028997064311,0.003785571318,0.000000000000,0.000000000000,0.000000000000,0.000000000000,9600,0.000000000000,0.004266214300,0.004180572248,0.000016860706,0.000016475483,0.049332035299,0.049193377937,0.003741186099,0.003699223201,0.996258813901,0.996300776799,0.996258813901,0.996300776799,23;28;32;22;31;24,320;320;320;320;320;320,0.000000000000,0.000000000000,0.000000000000,2.000000000000,0.100000000000,900,0.000000000000,0.000000000000,0.000000000000,1.000000000000,0.000000000000,0.000000000000,0.000000000000,1.000000000000,1.000000000000,2.500000000000,0;0;0;0;0;0,1.000000000000,0.000000000000,0.000000000000,0.000000000000,1.000000000000
kv_oracle_retention,7,1200,8,120,160,160,15,1.791759469228,0.050764598355,0.050573541488,0.003748221365,0.003706098674,1.000000000000,1.000000000000,72.000000000000,1.000000000000,0.400000000000,1.000000000000,0.028997064311,0.003785571318,320;320;320;320;320;320;480,entity:160;160;160;160;160;160;0|value:160;160;160;160;160;160;0|filler:0;0;0;0;0;0;0|query_marker:0;0;0;0;0;0;160|query_entity:0;0;0;0;0;0;160|context:0;0;0;0;0;0;160,kv_oracle_retention,0.000000000000,0,0.028997064311,0.003785571318,0.000000000000,0.000000000000,0.000000000000,0.000000000000,9600,0.000000000000,0.004266214300,0.004180572248,0.000016860706,0.000016475483,0.049332035299,0.049193377937,0.003741186099,0.003699223201,0.996258813901,0.996300776799,0.996258813901,0.996300776799,48;61;51,320;320;320,0.000000000000,0.000000000000,0.000000000000,2.000000000000,0.100000000000,900,0.000000000000,0.000000000000,0.000000000000,0.500000000000,0.500000000000,0.000000000000,0.000000000000,1.000000000000,1.000000000000,2.545833333333,0;0;0,0.500000000000,0.500000000000,0.000000000000,0.000000000000,1.000000000000
kv_fifo_eviction,7,1200,8,120,160,160,15,1.791759469228,2.555409246667,2.526302804393,1.394380680940,1.362296867546,0.575000000000,0.581250000000,72.000000000000,1.000000000000,0.800000000000,1.000000000000,2.552031461395,1.369393648493,320;320;320;320;320;320;480,entity:160;160;160;160;160;160;0|value:160;160;160;160;160;160;0|filler:0;0;0;0;0;0;0|query_marker:0;0;0;0;0;0;160|query_entity:0;0;0;0;0;0;160|context:0;0;0;0;0;0;160,kv_fifo_eviction,0.000000000000,0,2.552031461395,1.369393648493,0.000000000000,0.000000000000,0.000000000000,0.000000000000,9600,0.000000000000,0.806582892256,0.791852306079,0.637902493991,0.631289729203,0.377516096438,0.368171432412,0.026514905593,0.056145265542,0.576310177787,0.573147639247,0.366576548738,0.368213085767,43;65;52,640;640;640,0.000000000000,0.000000000000,0.000000000000,2.000000000000,0.100000000000,900,0.000000000000,0.000000000000,0.000000000000,1.000000000000,0.000000000000,0.500000000000,0.259375000000,0.481250000000,0.481250000000,1.000000000000,160;160;160,1.000000000000,0.000000000000,0.500000000000,0.248888888889,0.502500000000
kv_reservoir,7,1200,8,120,160,160,15,1.791759469228,2.761741293076,2.174682098670,1.425437572506,1.282371828325,0.550000000000,0.631250000000,72.000000000000,1.000000000000,0.665000000000,1.000000000000,2.843275183241,1.381499692186,320;320;320;320;320;320;480,entity:160;160;160;160;160;160;0|value:160;160;160;160;160;160;0|filler:0;0;0;0;0;0;0|query_marker:0;0;0;0;0;0;160|query_entity:0;0;0;0;0;0;160|context:0;0;0;0;0;0;160,kv_reservoir,0.000000000000,0,2.843275183241,1.381499692186,0.000000000000,0.000000000000,0.000000000000,0.000000000000,9600,0.000000000000,0.851282058946,0.697134752509,0.658768401566,0.579349588475,0.400509597662,0.318945731578,0.030406953451,0.048011259902,0.580406953451,0.583238740098,0.357705812928,0.398828469136,51;48;61,574;488;534,0.000000000000,0.000000000000,0.000000000000,2.000000000000,0.100000000000,900,0.000000000000,0.000000000000,0.000000000000,0.831250000000,0.168750000000,0.331250000000,0.170833333333,0.531250000000,0.531250000000,2.391666666667,127;84;107,0.827569444444,0.172430555556,0.327569444444,0.162430555556,0.509583333333
kv_hard_retention,7,1200,8,145,160,160,15,1.791759469228,2.781475266889,2.236889402988,1.395668187368,1.276950541573,0.562500000000,0.637500000000,107.000000000000,1.000000000000,0.590000000000,1.000000000000,2.890016113935,1.503859527626,320;320;320;320;320;320;480,entity:160;160;160;160;160;160;0|value:160;160;160;160;160;160;0|filler:0;0;0;0;0;0;0|query_marker:0;0;0;0;0;0;160|query_entity:0;0;0;0;0;0;160|context:0;0;0;0;0;0;160,kv_hard_retention,0.000000000000,0,2.890016113935,1.503859527626,0.000000000000,0.000000000000,0.000000000000,0.000000000000,9600,0.000000000000,0.829480668611,0.687580722759,0.648681091171,0.589286950819,0.387438644874,0.313325015453,0.032654214749,0.123353802831,0.560826389268,0.543133266514,0.354358245904,0.376036908017,56;52;52,474;486;456,0.000000000000,0.524709054575,0.000000000000,2.000000000000,0.100000000000,900,0.000000000000,0.521338900252,0.000000000000,0.737500000000,0.262500000000,0.237500000000,0.126041666667,0.506250000000,0.506250000000,2.610416666667,77;83;68,0.745833333333,0.254166666667,0.245833333333,0.126597222222,0.470833333333
kv_annealed_retention,7,1200,8,145,160,160,15,1.791759469228,2.781475266889,2.236889402988,0.010340822378,0.010216270898,1.000000000000,1.000000000000,107.000000000000,1.000000000000,0.526666666667,1.000000000000,2.410310320861,0.010521968870,320;320;320;320;320;320;480,entity:160;160;160;160;160;160;0|value:160;160;160;160;160;160;0|filler:0;0;0;0;0;0;0|query_marker:0;0;0;0;0;0;160|query_entity:0;0;0;0;0;0;160|context:0;0;0;0;0;0;160,kv_annealed_retention,0.000000000000,0,2.410310320861,0.010521968870,0.000000000000,0.000000000000,0.000000000000,0.000000000000,9600,0.000000000000,0.829480668611,0.687580722759,0.000128006654,0.000124997263,0.387438644874,0.313325015453,0.010287396380,0.010164135013,0.989712603620,0.989835864987,0.989712603620,0.989835864987,51;53;56,420;436;408,0.000000000000,0.442757334887,0.000000000000,2.000000000000,0.100000000000,900,0.000000000000,0.455227497800,0.000000000000,0.658333333333,0.341666666667,0.158333333333,0.000000000000,1.000000000000,1.000000000000,2.545833333333,50;58;44,0.667847222222,0.332152777778,0.167847222222,0.000000000000,1.000000000000
kv_full_capacity,8,1200,8,120,160,160,15,1.791759469228,0.203743138993,0.173287989575,0.003753295275,0.003742334902,1.000000000000,1.000000000000,96.000000000000,1.000000000000,0.800000000000,1.000000000000,0.121250846773,0.003728395550,320;320;320;320;320;320;480,entity:160;160;160;160;160;160;0|value:160;160;160;160;160;160;0|filler:0;0;0;0;0;0;0|query_marker:0;0;0;0;0;0;160|query_entity:0;0;0;0;0;0;160|context:0;0;0;0;0;0;160,kv_full_capacity,0.000000000000,0,0.121250846773,0.003728395550,0.000000000000,0.000000000000,0.000000000000,0.000000000000,9600,0.000000000000,0.072012483493,0.055420351930,0.000016916619,0.000016832052,0.174147534935,0.150542514817,0.003746238774,0.003735314541,0.996253761226,0.996264685459,0.996253761226,0.996264685459,23;29;25;30;22;31,320;320;320;320;320;320,0.000000000000,0.000000000000,0.000000000000,2.000000000000,0.100000000000,900,0.000000000000,0.000000000000,0.000000000000,1.000000000000,0.000000000000,0.000000000000,0.000000000000,1.000000000000,1.000000000000,2.500000000000,0;0;0;0;0;0,1.000000000000,0.000000000000,0.000000000000,0.000000000000,1.000000000000
kv_oracle_retention,8,1200,8,120,160,160,15,1.791759469228,0.203743138993,0.173287989575,0.003753295275,0.003742334902,1.000000000000,1.000000000000,72.000000000000,1.000000000000,0.400000000000,1.000000000000,0.121250846773,0.003728395550,320;320;320;320;320;320;480,entity:160;160;160;160;160;160;0|value:160;160;160;160;160;160;0|filler:0;0;0;0;0;0;0|query_marker:0;0;0;0;0;0;160|query_entity:0;0;0;0;0;0;160|context:0;0;0;0;0;0;160,kv_oracle_retention,0.000000000000,0,0.121250846773,0.003728395550,0.000000000000,0.000000000000,0.000000000000,0.000000000000,9600,0.000000000000,0.072012483493,0.055420351930,0.000016916619,0.000016832052,0.174147534935,0.150542514817,0.003746238774,0.003735314541,0.996253761226,0.996264685459,0.996253761226,0.996264685459,47;51;62,320;320;320,0.000000000000,0.000000000000,0.000000000000,2.000000000000,0.100000000000,900,0.000000000000,0.000000000000,0.000000000000,0.500000000000,0.500000000000,0.000000000000,0.000000000000,1.000000000000,1.000000000000,2.510416666667,0;0;0,0.500000000000,0.500000000000,0.000000000000,0.000000000000,1.000000000000
kv_fifo_eviction,8,1200,8,120,160,160,15,1.791759469228,2.149913168603,2.323912266134,1.399147569239,1.399639993818,0.568750000000,0.575000000000,72.000000000000,1.000000000000,0.800000000000,1.000000000000,2.083805151272,1.329153662004,320;320;320;320;320;320;480,entity:160;160;160;160;160;160;0|value:160;160;160;160;160;160;0|filler:0;0;0;0;0;0;0|query_marker:0;0;0;0;0;0;160|query_entity:0;0;0;0;0;0;160|context:0;0;0;0;0;0;160,kv_fifo_eviction,0.000000000000,0,2.083805151272,1.329153662004,0.000000000000,0.000000000000,0.000000000000,0.000000000000,9600,0.000000000000,0.740828694787,0.732727029557,0.646890842955,0.647066115666,0.253305079911,0.251184174184,0.078518393882,0.087910989964,0.579678599009,0.580322910562,0.364567074218,0.364781035348,58;50;52,640;640;640,0.000000000000,0.000000000000,0.000000000000,2.000000000000,0.100000000000,900,0.000000000000,0.000000000000,0.000000000000,1.000000000000,0.000000000000,0.500000000000,0.252083333333,0.518750000000,0.518750000000,1.000000000000,160;160;160,1.000000000000,0.000000000000,0.500000000000,0.252152777778,0.495833333333
kv_reservoir,8,1200,8,120,160,160,15,1.791759469228,1.861279232545,2.322546891834,1.280890646012,1.441551153868,0.631250000000,0.562500000000,72.000000000000,1.000000000000,0.621666666667,1.000000000000,2.074745424611,1.265029856084,320;320;320;320;320;320;480,entity:160;160;160;160;160;160;0|value:160;160;160;160;160;160;0|filler:0;0;0;0;0;0;0|query_marker:0;0;0;0;0;0;160|query_entity:0;0;0;0;0;0;160|context:0;0;0;0;0;0;160,kv_reservoir,0.000000000000,0,2.074745424611,1.265029856084,0.000000000000,0.000000000000,0.000000000000,0.000000000000,9600,0.000000000000,0.640225937731,0.736739747861,0.580573987618,0.660801830596,0.183973718358,0.255002655796,0.035515228644,0.062663563472,0.595734771356,0.587814173006,0.405145897306,0.360970703026,39;56;65,482;484;526,0.000000000000,0.000000000000,0.000000000000,2.000000000000,0.100000000000,900,0.000000000000,0.000000000000,0.000000000000,0.777083333333,0.222916666667,0.277083333333,0.144791666667,0.475000000000,0.475000000000,2.660416666667,81;82;103,0.779097222222,0.220902777778,0.279097222222,0.136944444444,0.525000000000
kv_hard_retention,8,1200,8,145,160,160,15,1.791759469228,2.127089382970,2.439429887285,1.402134063274,1.371690740460,0.568750000000,0.575000000000,107.000000000000,1.000000000000,0.574166666667,1.000000000000,1.733286697783,1.369175431046,320;320;320;320;320;320;480,entity:160;160;160;160;160;160;0|value:160;160;160;160;160;160;0|filler:0;0;0;0;0;0;0|query_marker:0;0;0;0;0;0;160|query_entity:0;0;0;0;0;0;160|context:0;0;0;0;0;0;160,kv_hard_retention,0.000000000000,0,1.733286697783,1.369175431046,0.000000000000,0.000000000000,0.000000000000,0.000000000000,9600,0.000000000000,0.736573012954,0.776432091728,0.645622185763,0.634025538217,0.263310389364,0.248149499042,0.036948482362,0.015255649571,0.594687432891,0.590255649571,0.372087000807,0.375935619751,53;56;51,470;464;444,0.000000000000,0.569931515448,0.000000000000,2.000000000000,0.100000000000,900,0.000000000000,0.577469221045,0.000000000000,0.717708333333,0.282291666667,0.217708333333,0.097916666667,0.506250000000,0.506250000000,2.670833333333,75;72;62,0.741944444444,0.258055555556,0.241944444444,0.110277777778,0.520416666667
kv_annealed_retention,8,1200,8,145,160,160,15,1.791759469228,2.127089382970,2.439429887285,0.005222730649,0.005206580445,1.000000000000,1.000000000000,107.000000000000,1.000000000000,0.485833333333,1.000000000000,1.662494665800,0.005248248397,320;320;320;320;320;320;480,entity:160;160;160;160;160;160;0|value:160;160;160;160;160;160;0|filler:0;0;0;0;0;0;0|query_marker:0;0;0;0;0;0;160|query_entity:0;0;0;0;0;0;160|context:0;0;0;0;0;0;160,kv_annealed_retention,0.000000000000,0,1.662494665800,0.005248248397,0.000000000000,0.000000000000,0.000000000000,0.000000000000,9600,0.000000000000,0.736573012954,0.776432091728,0.000032670027,0.000032471844,0.263310389364,0.248149499042,0.005209106075,0.005193040622,0.994790893925,0.994806959378,0.994790893925,0.994806959378,44;50;66,380;392;394,0.000000000000,0.541373605809,0.000000000000,2.000000000000,0.100000000000,900,0.000000000000,0.548265401160,0.000000000000,0.607291666667,0.392708333333,0.107291666667,0.000000000000,1.000000000000,1.000000000000,2.510416666667,30;36;37,0.604513888889,0.395486111111,0.104513888889,0.000000000000,1.000000000000
kv_full_capacity,9,1200,8,120,160,160,15,1.791759469228,0.027422226304,0.032766229298,0.003734646436,0.003786239636,1.000000000000,1.000000000000,96.000000000000,1.000000000000,0.800000000000,1.000000000000,0.016502833587,0.003735034907,320;320;320;320;320;320;480,entity:160;160;160;160;160;160;0|value:160;160;160;160;160;160;0|filler:0;0;0;0;0;0;0|query_marker:0;0;0;0;0;0;160|query_entity:0;0;0;0;0;0;160|context:0;0;0;0;0;0;160,kv_full_capacity,0.000000000000,0,0.016502833587,0.003735034907,0.000000000000,0.000000000000,0.000000000000,0.000000000000,9600,0.000000000000,0.001439757401,0.001953188217,0.000016717254,0.000017174067,0.026954932413,0.032138422529,0.003727667511,0.003779070358,0.996272332489,0.996220929642,0.996272332489,0.996220929642,23;23;32;22;26;34,320;320;320;320;320;320,0.000000000000,0.000000000000,0.000000000000,2.000000000000,0.100000000000,900,0.000000000000,0.000000000000,0.000000000000,1.000000000000,0.000000000000,0.000000000000,0.000000000000,1.000000000000,1.000000000000,2.500000000000,0;0;0;0;0;0,1.000000000000,0.000000000000,0.000000000000,0.000000000000,1.000000000000
kv_oracle_retention,9,1200,8,120,160,160,15,1.791759469228,0.027422226304,0.032766229298,0.003734646436,0.003786239636,1.000000000000,1.000000000000,72.000000000000,1.000000000000,0.400000000000,1.000000000000,0.016502833587,0.003735034907,320;320;320;320;320;320;480,entity:160;160;160;160;160;160;0|value:160;160;160;160;160;160;0|filler:0;0;0;0;0;0;0|query_marker:0;0;0;0;0;0;160|query_entity:0;0;0;0;0;0;160|context:0;0;0;0;0;0;160,kv_oracle_retention,0.000000000000,0,0.016502833587,0.003735034907,0.000000000000,0.000000000000,0.000000000000,0.000000000000,9600,0.000000000000,0.001439757401,0.001953188217,0.000016717254,0.000017174067,0.026954932413,0.032138422529,0.003727667511,0.003779070358,0.996272332489,0.996220929642,0.996272332489,0.996220929642,49;51;60,320;320;320,0.000000000000,0.000000000000,0.000000000000,2.000000000000,0.100000000000,900,0.000000000000,0.000000000000,0.000000000000,0.500000000000,0.500000000000,0.000000000000,0.000000000000,1.000000000000,1.000000000000,2.404166666667,0;0;0,0.500000000000,0.500000000000,0.000000000000,0.000000000000,1.000000000000
kv_fifo_eviction,9,1200,8,120,160,160,15,1.791759469228,2.638711669349,2.697313423220,1.288282433939,1.342542803479,0.618750000000,0.612500000000,72.000000000000,1.000000000000,0.800000000000,1.000000000000,2.908159944341,1.463144249837,320;320;320;320;320;320;480,entity:160;160;160;160;160;160;0|value:160;160;160;160;160;160;0|filler:0;0;0;0;0;0;0|query_marker:0;0;0;0;0;0;160|query_entity:0;0;0;0;0;0;160|context:0;0;0;0;0;0;160,kv_fifo_eviction,0.000000000000,0,2.908159944341,1.463144249837,0.000000000000,0.000000000000,0.000000000000,0.000000000000,9600,0.000000000000,0.740080063014,0.751428512047,0.593655490758,0.604227610112,0.354182837047,0.357879185033,0.052527081365,0.045515377275,0.566222918635,0.566984622725,0.384152393648,0.379193950223,51;48;61,640;640;640,0.000000000000,0.000000000000,0.000000000000,2.000000000000,0.100000000000,900,0.000000000000,0.000000000000,0.000000000000,1.000000000000,0.000000000000,0.500000000000,0.244791666667,0.512500000000,0.512500000000,1.000000000000,160;160;160,1.000000000000,0.000000000000,0.500000000000,0.247708333333,0.494166666667
kv_reservoir,9,1200,8,120,160,160,15,1.791759469228,2.848965344961,2.457239599356,1.389049460328,1.297396925960,0.581250000000,0.618750000000,72.000000000000,1.000000000000,0.609166666667,1.000000000000,2.901757329817,1.412396672155,320;320;320;320;320;320;480,entity:160;160;160;160;160;160;0|value:160;160;160;160;160;160;0|filler:0;0;0;0;0;0;0|query_marker:0;0;0;0;0;0;160|query_entity:0;0;0;0;0;0;160|context:0;0;0;0;0;0;160,kv_reservoir,0.000000000000,0,2.901757329817,1.412396672155,0.000000000000,0.000000000000,0.000000000000,0.000000000000,9600,0.000000000000,0.809938634300,0.737313765413,0.634892198463,0.593994024988,0.390856135391,0.349540803922,0.042694740744,0.105978382343,0.596498206691,0.596202403872,0.378315294582,0.398449063123,56;45;59,502;446;514,0.000000000000,0.000000000000,0.000000000000,2.000000000000,0.100000000000,900,0.000000000000,0.000000000000,0.000000000000,0.761458333333,0.238541666667,0.261458333333,0.134375000000,0.518750000000,0.518750000000,2.714583333333,91;63;97,0.789791666667,0.210208333333,0.289791666667,0.147847222222,0.532500000000
kv_hard_retention,9,1200,8,145,160,160,15,1.791759469228,2.578151322709,2.561879850673,1.284082921932,1.401204358088,0.612500000000,0.581250000000,107.000000000000,1.000000000000,0.645000000000,1.000000000000,2.640880205100,1.420872369374,320;320;320;320;320;320;480,entity:160;160;160;160;160;160;0|value:160;160;160;160;160;160;0|filler:0;0;0;0;0;0;0|query_marker:0;0;0;0;0;0;160|query_entity:0;0;0;0;0;0;160|context:0;0;0;0;0;0;160,kv_hard_retention,0.000000000000,0,2.640880205100,1.420872369374,0.000000000000,0.000000000000,0.000000000000,0.000000000000,9600,0.000000000000,0.749735867712,0.809575312956,0.591191074981,0.635074532405,0.359723778427,0.389048978206,0.010209480448,0.053887841247,0.622342854130,0.623876922696,0.413550345388,0.392297081146,54;41;65,528;508;512,0.000000000000,0.533588993925,0.000000000000,2.000000000000,0.100000000000,900,0.000000000000,0.526483054554,0.000000000000,0.806250000000,0.193750000000,0.306250000000,0.141666666667,0.443750000000,0.443750000000,2.391666666667,104;94;96,0.798472222222,0.201527777778,0.298472222222,0.136319444444,0.529583333333
kv_annealed_retention,9,1200,8,145,160,160,15,1.791759469228,2.578151322709,2.561879850673,0.010876291231,0.011261046572,1.000000000000,1.000000000000,107.000000000000,1.000000000000,0.569166666667,1.000000000000,2.729392337649,0.010791904974,320;320;320;320;320;320;480,entity:160;160;160;160;160;160;0|value:160;160;160;160;160;160;0|filler:0;0;0;0;0;0;0|query_marker:0;0;0;0;0;0;160|query_entity:0;0;0;0;0;0;160|context:0;0;0;0;0;0;160,kv_annealed_retention,0.000000000000,0,2.729392337649,0.010791904974,0.000000000000,0.000000000000,0.000000000000,0.000000000000,9600,0.000000000000,0.749735867712,0.809575312956,0.000142391846,0.000152053672,0.359723778427,0.389048978206,0.010816827938,0.011197494974,0.989183172062,0.988802505026,0.989183172062,0.988802505026,57;48;55,478;440;448,0.000000000000,0.420088926593,0.000000000000,2.000000000000,0.100000000000,900,0.000000000000,0.407535188919,0.000000000000,0.711458333333,0.288541666667,0.211458333333,0.000000000000,1.000000000000,1.000000000000,2.404166666667,79;60;64,0.695694444444,0.304305555556,0.195694444444,0.000486111111,0.999166666667
kv_full_capacity,10,1200,8,120,160,160,15,1.791759469228,0.048109019111,0.052944071544,0.003739568040,0.003740622251,1.000000000000,1.000000000000,96.000000000000,1.000000000000,0.800000000000,1.000000000000,0.020150003283,0.003730076590,320;320;320;320;320;320;480,entity:160;160;160;160;160;160;0|value:160;160;160;160;160;160;0|filler:0;0;0;0;0;0;0|query_marker:0;0;0;0;0;0;160|query_entity:0;0;0;0;0;0;160|context:0;0;0;0;0;0;160,kv_full_capacity,0.000000000000,0,0.020150003283,0.003730076590,0.000000000000,0.000000000000,0.000000000000,0.000000000000,9600,0.000000000000,0.005656528066,0.006490177745,0.000016767192,0.000016777756,0.046175239253,0.050739646094,0.003732568656,0.003733618316,0.996267431344,0.996266381684,0.996267431344,0.996266381684,22;24;25;24;39;26,320;320;320;320;320;320,0.000000000000,0.000000000000,0.000000000000,2.000000000000,0.100000000000,900,0.000000000000,0.000000000000,0.000000000000,1.000000000000,0.000000000000,0.000000000000,0.000000000000,1.000000000000,1.000000000000,2.500000000000,0;0;0;0;0;0,1.000000000000,0.000000000000,0.000000000000,0.000000000000,1.000000000000
kv_oracle_retention,10,1200,8,120,160,160,15,1.791759469228,0.048109019111,0.052944071544,0.003739568040,0.003740622251,1.000000000000,1.000000000000,72.000000000000,1.000000000000,0.400000000000,1.000000000000,0.020150003283,0.003730076590,320;320;320;320;320;320;480,entity:160;160;160;160;160;160;0|value:160;160;160;160;160;160;0|filler:0;0;0;0;0;0;0|query_marker:0;0;0;0;0;0;160|query_entity:0;0;0;0;0;0;160|context:0;0;0;0;0;0;160,kv_oracle_retention,0.000000000000,0,0.020150003283,0.003730076590,0.000000000000,0.000000000000,0.000000000000,0.000000000000,9600,0.000000000000,0.005656528066,0.006490177745,0.000016767192,0.000016777756,0.046175239253,0.050739646094,0.003732568656,0.003733618316,0.996267431344,0.996266381684,0.996267431344,0.996266381684,48;55;57,320;320;320,0.000000000000,0.000000000000,0.000000000000,2.000000000000,0.100000000000,900,0.000000000000,0.000000000000,0.000000000000,0.500000000000,0.500000000000,0.000000000000,0.000000000000,1.000000000000,1.000000000000,2.437500000000,0;0;0,0.500000000000,0.500000000000,0.000000000000,0.000000000000,1.000000000000
kv_fifo_eviction,10,1200,8,120,160,160,15,1.791759469228,3.029845456071,2.261383960405,1.492526798611,1.236012816897,0.512500000000,0.637500000000,72.000000000000,1.000000000000,0.800000000000,1.000000000000,2.253620745352,1.180841934370,320;320;320;320;320;320;480,entity:160;160;160;160;160;160;0|value:160;160;160;160;160;160;0|filler:0;0;0;0;0;0;0|query_marker:0;0;0;0;0;0;160|query_entity:0;0;0;0;0;0;160|context:0;0;0;0;0;0;160,kv_fifo_eviction,0.000000000000,0,2.253620745352,1.180841934370,0.000000000000,0.000000000000,0.000000000000,0.000000000000,9600,0.000000000000,0.926855816422,0.694100046241,0.702891616806,0.569148787752,0.443472522280,0.315163454340,0.090674111341,0.040758344537,0.603174111341,0.596741655463,0.347455968351,0.410866130694,47;63;50,640;640;640,0.000000000000,0.000000000000,0.000000000000,2.000000000000,0.100000000000,900,0.000000000000,0.000000000000,0.000000000000,1.000000000000,0.000000000000,0.500000000000,0.239583333333,0.556250000000,0.556250000000,1.000000000000,160;160;160,1.000000000000,0.000000000000,0.500000000000,0.250416666667,0.484166666667
kv_reservoir,10,1200,8,120,160,160,15,1.791759469228,2.351789802771,2.104178046436,1.296041639890,1.224022181248,0.618750000000,0.650000000000,72.000000000000,1.000000000000,0.680833333333,1.000000000000,2.462910436412,1.381901270894,320;320;320;320;320;320;480,entity:160;160;160;160;160;160;0|value:160;160;160;160;160;160;0|filler:0;0;0;0;0;0;0|query_marker:0;0;0;0;0;0;160|query_entity:0;0;0;0;0;0;160|context:0;0;0;0;0;0;160,kv_reservoir,0.000000000000,0,2.462910436412,1.381901270894,0.000000000000,0.000000000000,0.000000000000,0.000000000000,9600,0.000000000000,0.726998346670,0.666871843574,0.596809437399,0.560891966845,0.337289770584,0.306881612119,0.100912864188,0.049520567445,0.608956934602,0.601682737394,0.403773885368,0.417692468886,44;57;59,508;578;548,0.000000000000,0.000000000000,0.000000000000,2.000000000000,0.100000000000,900,0.000000000000,0.000000000000,0.000000000000,0.851041666667,0.148958333333,0.351041666667,0.160416666667,0.562500000000,0.562500000000,2.329166666667,94;129;114,0.851736111111,0.148263888889,0.351736111111,0.172569444444,0.488750000000
kv_hard_retention,10,1200,8,145,160,160,15,1.791759469228,2.618995652120,2.144029481605,1.334696284900,1.234810120008,0.600000000000,0.668750000000,107.000000000000,1.000000000000,0.572500000000,1.000000000000,2.564805673520,1.430397824479,320;320;320;320;320;320;480,entity:160;160;160;160;160;160;0|value:160;160;160;160;160;160;0|filler:0;0;0;0;0;0;0|query_marker:0;0;0;0;0;0;160|query_entity:0;0;0;0;0;0;160|context:0;0;0;0;0;0;160,kv_hard_retention,0.000000000000,0,2.564805673520,1.430397824479,0.000000000000,0.000000000000,0.000000000000,0.000000000000,9600,0.000000000000,0.766067412078,0.633571325888,0.611776914365,0.550068855020,0.353933606055,0.280371786389,0.048371598595,0.103920415485,0.571078981277,0.571780164387,0.377011046867,0.408201871794,62;47;51,452;462;460,0.000000000000,0.546023137537,0.000000000000,2.000000000000,0.100000000000,900,0.000000000000,0.566966817082,0.000000000000,0.715625000000,0.284375000000,0.215625000000,0.093750000000,0.587500000000,0.587500000000,2.787500000000,66;71;70,0.722916666667,0.277083333333,0.222916666667,0.107847222222,0.525000000000
kv_annealed_retention,10,1200,8,145,160,160,15,1.791759469228,2.618995652120,2.144029481605,0.011113038756,0.011019462801,1.000000000000,1.000000000000,107.000000000000,1.000000000000,0.559166666667,1.000000000000,2.316943580243,0.011254735558,320;320;320;320;320;320;480,entity:160;160;160;160;160;160;0|value:160;160;160;160;160;160;0|filler:0;0;0;0;0;0;0|query_marker:0;0;0;0;0;0;160|query_entity:0;0;0;0;0;0;160|context:0;0;0;0;0;0;160,kv_annealed_retention,0.000000000000,0,2.316943580243,0.011254735558,0.000000000000,0.000000000000,0.000000000000,0.000000000000,9600,0.000000000000,0.766067412078,0.633571325888,0.000147713767,0.000145393201,0.353933606055,0.280371786389,0.011051199927,0.010958593799,0.988948800073,0.989041406201,0.988948800073,0.989041406201,50;57;53,442;452;448,0.000000000000,0.432061577848,0.000000000000,2.000000000000,0.100000000000,900,0.000000000000,0.442607372428,0.000000000000,0.698958333333,0.301041666667,0.198958333333,0.000000000000,1.000000000000,1.000000000000,2.437500000000,61;66;64,0.702361111111,0.297638888889,0.202361111111,0.000138888889,0.999583333333
kv_full_capacity,11,1200,8,120,160,160,15,1.791759469228,0.095859069022,0.099774503825,0.003767384613,0.003809553662,1.000000000000,1.000000000000,96.000000000000,1.000000000000,0.800000000000,1.000000000000,0.047990769629,0.003775183601,320;320;320;320;320;320;480,entity:160;160;160;160;160;160;0|value:160;160;160;160;160;160;0|filler:0;0;0;0;0;0;0|query_marker:0;0;0;0;0;0;160|query_entity:0;0;0;0;0;0;160|context:0;0;0;0;0;0;160,kv_full_capacity,0.000000000000,0,0.047990769629,0.003775183601,0.000000000000,0.000000000000,0.000000000000,0.000000000000,9600,0.000000000000,0.018996166891,0.019551924836,0.000017086326,0.000017449986,0.089843856734,0.093508958770,0.003760258523,0.003802274740,0.996239741477,0.996197725260,0.996239741477,0.996197725260,20;30;21;32;19;38,320;320;320;320;320;320,0.000000000000,0.000000000000,0.000000000000,2.000000000000,0.100000000000,900,0.000000000000,0.000000000000,0.000000000000,1.000000000000,0.000000000000,0.000000000000,0.000000000000,1.000000000000,1.000000000000,2.500000000000,0;0;0;0;0;0,1.000000000000,0.000000000000,0.000000000000,0.000000000000,1.000000000000
kv_oracle_retention,11,1200,8,120,160,160,15,1.791759469228,0.095859069022,0.099774503825,0.003767384613,0.003809553662,1.000000000000,1.000000000000,72.000000000000,1.000000000000,0.400000000000,1.000000000000,0.047990769629,0.003775183601,320;320;320;320;320;320;480,entity:160;160;160;160;160;160;0|value:160;160;160;160;160;160;0|filler:0;0;0;0;0;0;0|query_marker:0;0;0;0;0;0;160|query_entity:0;0;0;0;0;0;160|context:0;0;0;0;0;0;160,kv_oracle_retention,0.000000000000,0,0.047990769629,0.003775183601,0.000000000000,0.000000000000,0.000000000000,0.000000000000,9600,0.000000000000,0.018996166891,0.019551924836,0.000017086326,0.000017449986,0.089843856734,0.093508958770,0.003760258523,0.003802274740,0.996239741477,0.996197725260,0.996239741477,0.996197725260,45;49;66,320;320;320,0.000000000000,0.000000000000,0.000000000000,2.000000000000,0.100000000000,900,0.000000000000,0.000000000000,0.000000000000,0.500000000000,0.500000000000,0.000000000000,0.000000000000,1.000000000000,1.000000000000,2.468750000000,0;0;0,0.500000000000,0.500000000000,0.000000000000,0.000000000000,1.000000000000
kv_fifo_eviction,11,1200,8,120,160,160,15,1.791759469228,3.271576481019,2.142479434374,1.518392311847,1.210743327462,0.493750000000,0.668750000000,72.000000000000,1.000000000000,0.800000000000,1.000000000000,3.004966264838,1.130975443861,320;320;320;320;320;320;480,entity:160;160;160;160;160;160;0|value:160;160;160;160;160;160;0|filler:0;0;0;0;0;0;0|query_marker:0;0;0;0;0;0;160|query_entity:0;0;0;0;0;0;160|context:0;0;0;0;0;0;160,kv_fifo_eviction,0.000000000000,0,3.004966264838,1.130975443861,0.000000000000,0.000000000000,0.000000000000,0.000000000000,9600,0.000000000000,0.925980003124,0.613298844617,0.708453338936,0.549763699555,0.420910459450,0.240867346609,0.059169720541,0.117790650401,0.552919720541,0.550959349599,0.319898489999,0.398333855605,49;43;68,640;640;640,0.000000000000,0.000000000000,0.000000000000,2.000000000000,0.100000000000,900,0.000000000000,0.000000000000,0.000000000000,1.000000000000,0.000000000000,0.500000000000,0.238541666667,0.556250000000,0.556250000000,1.000000000000,160;160;160,1.000000000000,0.000000000000,0.500000000000,0.247847222222,0.515416666667
kv_reservoir,11,1200,8,120,160,160,15,1.791759469228,2.591822102905,2.629771225852,1.350496343116,1.361410538911,0.600000000000,0.587500000000,72.000000000000,1.000000000000,0.648333333333,1.000000000000,2.685789404973,1.414942337596,320;320;320;320;320;320;480,entity:160;160;160;160;160;160;0|value:160;160;160;160;160;160;0|filler:0;0;0;0;0;0;0|query_marker:0;0;0;0;0;0;160|query_entity:0;0;0;0;0;0;160|context:0;0;0;0;0;0;160,kv_reservoir,0.000000000000,0,2.685789404973,1.414942337596,0.000000000000,0.000000000000,0.000000000000,0.000000000000,9600,0.000000000000,0.733368662145,0.761413548425,0.619398930050,0.628966858294,0.310740937389,0.324936631452,0.066846325153,0.056414069217,0.533153674847,0.531085930783,0.355303135762,0.349587103351,61;52;47,556;468;532,0.000000000000,0.000000000000,0.000000000000,2.000000000000,0.100000000000,900,0.000000000000,0.000000000000,0.000000000000,0.810416666667,0.189583333333,0.310416666667,0.156250000000,0.487500000000,0.487500000000,2.477083333333,118;74;106,0.813888888889,0.186111111111,0.313888888889,0.153819444444,0.504166666667
kv_hard_retention,11,1200,8,145,160,160,15,1.791759469228,2.214401645712,2.387320150852,1.180753219543,1.345500420247,0.681250000000,0.625000000000,107.000000000000,1.000000000000,0.575000000000,1.000000000000,2.109725773599,1.095030394667,320;320;320;320;320;320;480,entity:160;160;160;160;160;160;0|value:160;160;160;160;160;160;0|filler:0;0;0;0;0;0;0|query_marker:0;0;0;0;0;0;160|query_entity:0;0;0;0;0;0;160|context:0;0;0;0;0;0;160,kv_hard_retention,0.000000000000,0,2.109725773599,1.095030394667,0.000000000000,0.000000000000,0.000000000000,0.000000000000,9600,0.000000000000,0.602339836173,0.690755989637,0.528359272471,0.600237458991,0.234544112848,0.279094396019,0.052985676122,0.111076014623,0.628264323878,0.617892630231,0.449802988988,0.408409275275,56;56;48,444;480;456,0.000000000000,0.524148579622,0.000000000000,2.000000000000,0.100000000000,900,0.000000000000,0.533325782704,0.000000000000,0.718750000000,0.281250000000,0.218750000000,0.122916666667,0.562500000000,0.562500000000,2.556250000000,62;80;68,0.722708333333,0.277291666667,0.222708333333,0.113472222222,0.578333333333
kv_annealed_retention,11,1200,8,145,160,160,15,1.791759469228,2.214401645712,2.387320150852,0.911149379671,1.100561109540,0.775000000000,0.737500000000,107.000000000000,1.000000000000,0.575833333333,1.000000000000,1.841252093685,1.158435364469,320;320;320;320;320;320;480,entity:160;160;160;160;160;160;0|value:160;160;160;160;160;160;0|filler:0;0;0;0;0;0;0|query_marker:0;0;0;0;0;0;160|query_entity:0;0;0;0;0;0;160|context:0;0;0;0;0;0;160,kv_annealed_retention,0.000000000000,0,1.841252093685,1.158435364469,0.000000000000,0.000000000000,0.000000000000,0.000000000000,9600,0.000000000000,0.602339836173,0.690755989637,0.393323699013,0.456315166063,0.234544112848,0.279094396019,0.040505710863,0.035824950520,0.734494289137,0.717121649700,0.581644305991,0.538522822780,52;58;50,466;480;436,0.000000000000,0.493687887589,0.000000000000,2.000000000000,0.100000000000,900,0.000000000000,0.491122020670,0.000000000000,0.719791666667,0.280208333333,0.219791666667,0.091666666667,0.668750000000,0.668750000000,2.377083333333,73;80;58,0.711527777778,0.288472222222,0.211527777778,0.088750000000,0.721250000000
kv_full_capacity,12,1200,8,120,160,160,15,1.791759469228,0.063588435500,0.055879796185,0.003737305456,0.003774272614,1.000000000000,1.000000000000,96.000000000000,1.000000000000,0.800000000000,1.000000000000,0.039182645847,0.003737818431,320;320;320;320;320;320;480,entity:160;160;160;160;160;160;0|value:160;160;160;160;160;160;0|filler:0;0;0;0;0;0;0|query_marker:0;0;0;0;0;0;160|query_entity:0;0;0;0;0;0;160|context:0;0;0;0;0;0;160,kv_full_capacity,0.000000000000,0,0.039182645847,0.003737818431,0.000000000000,0.000000000000,0.000000000000,0.000000000000,9600,0.000000000000,0.007474506837,0.006369029709,0.000016729041,0.000017063332,0.060875026658,0.053597824557,0.003730321159,0.003767147914,0.996269678841,0.996232852086,0.996269678841,0.996232852086,25;25;34;18;34;24,320;320;320;320;320;320,0.000000000000,0.000000000000,0.000000000000,2.000000000000,0.100000000000,900,0.000000000000,0.000000000000,0.000000000000,1.000000000000,0.000000000000,0.000000000000,0.000000000000,1.000000000000,1.000000000000,2.500000000000,0;0;0;0;0;0,1.000000000000,0.000000000000,0.000000000000,0.000000000000,1.000000000000
kv_oracle_retention,12,1200,8,120,160,160,15,1.791759469228,0.063588435500,0.055879796185,0.003737305456,0.003774272614,1.000000000000,1.000000000000,72.000000000000,1.000000000000,0.400000000000,1.000000000000,0.039182645847,0.003737818431,320;320;320;320;320;320;480,entity:160;160;160;160;160;160;0|value:160;160;160;160;160;160;0|filler:0;0;0;0;0;0;0|query_marker:0;0;0;0;0;0;160|query_entity:0;0;0;0;0;0;160|context:0;0;0;0;0;0;160,kv_oracle_retention,0.000000000000,0,0.039182645847,0.003737818431,0.000000000000,0.000000000000,0.000000000000,0.000000000000,9600,0.000000000000,0.007474506837,0.006369029709,0.000016729041,0.000017063332,0.060875026658,0.053597824557,0.003730321159,0.003767147914,0.996269678841,0.996232852086,0.996269678841,0.996232852086,57;49;54,320;320;320,0.000000000000,0.000000000000,0.000000000000,2.000000000000,0.100000000000,900,0.000000000000,0.000000000000,0.000000000000,0.500000000000,0.500000000000,0.000000000000,0.000000000000,1.000000000000,1.000000000000,2.452083333333,0;0;0,0.500000000000,0.500000000000,0.000000000000,0.000000000000,1.000000000000
kv_fifo_eviction,12,1200,8,120,160,160,15,1.791759469228,2.659181789586,2.458743888676,1.463589105243,1.411446271841,0.525000000000,0.556250000000,72.000000000000,1.000000000000,0.800000000000,1.000000000000,2.103918547967,1.010102833692,320;320;320;320;320;320;480,entity:160;160;160;160;160;160;0|value:160;160;160;160;160;160;0|filler:0;0;0;0;0;0;0|query_marker:0;0;0;0;0;0;160|query_entity:0;0;0;0;0;0;160|context:0;0;0;0;0;0;160,kv_fifo_eviction,0.000000000000,0,2.103918547967,1.010102833692,0.000000000000,0.000000000000,0.000000000000,0.000000000000,9600,0.000000000000,0.885686475234,0.826028494216,0.688271486993,0.656496838601,0.412039838032,0.386129162156,0.100990364299,0.070717132671,0.625990364299,0.626967132671,0.366441510291,0.382843027011,45;65;50,640;640;640,0.000000000000,0.000000000000,0.000000000000,2.000000000000,0.100000000000,900,0.000000000000,0.000000000000,0.000000000000,1.000000000000,0.000000000000,0.500000000000,0.253125000000,0.475000000000,0.475000000000,1.000000000000,160;160;160,1.000000000000,0.000000000000,0.500000000000,0.254791666667,0.487916666667
kv_reservoir,12,1200,8,120,160,160,15,1.791759469228,2.335860246422,2.268396413581,1.378679170243,1.340375255821,0.593750000000,0.600000000000,72.000000000000,1.000000000000,0.616666666667,1.000000000000,2.231975821476,1.215901796297,320;320;320;320;320;320;480,entity:160;160;160;160;160;160;0|value:160;160;160;160;160;160;0|filler:0;0;0;0;0;0;0|query_marker:0;0;0;0;0;0;160|query_entity:0;0;0;0;0;0;160|context:0;0;0;0;0;0;160,kv_reservoir,0.000000000000,0,2.231975821476,1.215901796297,0.000000000000,0.000000000000,0.000000000000,0.000000000000,9600,0.000000000000,0.762855125346,0.742289384010,0.626138216360,0.615319038514,0.343864505348,0.340749566990,0.072627284377,0.038429572500,0.561658886673,0.561570427500,0.366205500752,0.371822914550,52;61;47,482;494;504,0.000000000000,0.000000000000,0.000000000000,2.000000000000,0.100000000000,900,0.000000000000,0.000000000000,0.000000000000,0.770833333333,0.229166666667,0.270833333333,0.125000000000,0.562500000000,0.562500000000,2.718750000000,81;87;92,0.765208333333,0.234791666667,0.265208333333,0.138958333333,0.505416666667
kv_hard_retention,12,1200,8,145,160,160,15,1.791759469228,2.342503539390,2.282184599141,1.369293874731,1.323644660592,0.575000000000,0.631250000000,107.000000000000,1.000000000000,0.554166666667,1.000000000000,3.214401744010,1.267204731908,320;320;320;320;320;320;480,entity:160;160;160;160;160;160;0|value:160;160;160;160;160;160;0|filler:0;0;0;0;0;0;0|query_marker:0;0;0;0;0;0;160|query_entity:0;0;0;0;0;0;160|context:0;0;0;0;0;0;160,kv_hard_retention,0.000000000000,0,3.214401744010,1.267204731908,0.000000000000,0.000000000000,0.000000000000,0.000000000000,9600,0.000000000000,0.792114553657,0.687498037929,0.635041859829,0.588465131315,0.362090328235,0.306153982848,0.033156717137,0.076433082453,0.559116888974,0.554816917547,0.361229902465,0.382518112241,63;56;41,426;456;448,0.000000000000,0.498776891672,0.000000000000,2.000000000000,0.100000000000,900,0.000000000000,0.492131172144,0.000000000000,0.692708333333,0.307291666667,0.192708333333,0.122916666667,0.506250000000,0.506250000000,2.697916666667,53;68;64,0.703750000000,0.296250000000,0.203750000000,0.132152777778,0.486666666667
kv_annealed_retention,12,1200,8,145,160,160,15,1.791759469228,2.342503539390,2.282184599141,0.011490872693,0.011310787141,1.000000000000,1.000000000000,107.000000000000,1.000000000000,0.528333333333,1.000000000000,2.796204232851,0.011636034669,320;320;320;320;320;320;480,entity:160;160;160;160;160;160;0|value:160;160;160;160;160;160;0|filler:0;0;0;0;0;0;0|query_marker:0;0;0;0;0;0;160|query_entity:0;0;0;0;0;0;160|context:0;0;0;0;0;0;160,kv_annealed_retention,0.000000000000,0,2.796204232851,0.011636034669,0.000000000000,0.000000000000,0.000000000000,0.000000000000,9600,0.000000000000,0.792114553657,0.687498037929,0.000158775609,0.000153872612,0.362090328235,0.306153982848,0.011424822225,0.011246776026,0.988575177775,0.988753223974,0.988575177775,0.988753223974,55;54;51,430;410;428,0.000000000000,0.454385992578,0.000000000000,2.000000000000,0.100000000000,900,0.000000000000,0.450969777313,0.000000000000,0.660416666667,0.339583333333,0.160416666667,0.000000000000,1.000000000000,1.000000000000,2.452083333333,55;45;54,0.668750000000,0.331250000000,0.168750000000,0.000000000000,1.000000000000
kv_full_capacity,13,1200,8,120,160,160,15,1.791759469228,0.026560115042,0.030969100909,0.003757509383,0.003814256511,1.000000000000,1.000000000000,96.000000000000,1.000000000000,0.800000000000,1.000000000000,0.017249883857,0.003757186645,320;320;320;320;320;320;480,entity:160;160;160;160;160;160;0|value:160;160;160;160;160;160;0|filler:0;0;0;0;0;0;0|query_marker:0;0;0;0;0;0;160|query_entity:0;0;0;0;0;0;160|context:0;0;0;0;0;0;160,kv_full_capacity,0.000000000000,0,0.017249883857,0.003757186645,0.000000000000,0.000000000000,0.000000000000,0.000000000000,9600,0.000000000000,0.001134922664,0.001451338131,0.000017061148,0.000017565967,0.026128583213,0.030413583414,0.003750399647,0.003806935856,0.996249600353,0.996193064144,0.996249600353,0.996193064144,26;31;27;22;26;28,320;320;320;320;320;320,0.000000000000,0.000000000000,0.000000000000,2.000000000000,0.100000000000,900,0.000000000000,0.000000000000,0.000000000000,1.000000000000,0.000000000000,0.000000000000,0.000000000000,1.000000000000,1.000000000000,2.500000000000,0;0;0;0;0;0,1.000000000000,0.000000000000,0.000000000000,0.000000000000,1.000000000000
kv_oracle_retention,13,1200,8,120,160,160,15,1.791759469228,0.026560115042,0.030969100909,0.003757509383,0.003814256511,1.000000000000,1.000000000000,72.000000000000,1.000000000000,0.400000000000,1.000000000000,0.017249883857,0.003757186645,320;320;320;320;320;320;480,entity:160;160;160;160;160;160;0|value:160;160;160;160;160;160;0|filler:0;0;0;0;0;0;0|query_marker:0;0;0;0;0;0;160|query_entity:0;0;0;0;0;0;160|context:0;0;0;0;0;0;160,kv_oracle_retention,0.000000000000,0,0.017249883857,0.003757186645,0.000000000000,0.000000000000,0.000000000000,0.000000000000,9600,0.000000000000,0.001134922664,0.001451338131,0.000017061148,0.000017565967,0.026128583213,0.030413583414,0.003750399647,0.003806935856,0.996249600353,0.996193064144,0.996249600353,0.996193064144,53;55;52,320;320;320,0.000000000000,0.000000000000,0.000000000000,2.000000000000,0.100000000000,900,0.000000000000,0.000000000000,0.000000000000,0.500000000000,0.500000000000,0.000000000000,0.000000000000,1.000000000000,1.000000000000,2.485416666667,0;0;0,0.500000000000,0.500000000000,0.000000000000,0.000000000000,1.000000000000
kv_fifo_eviction,13,1200,8,120,160,160,15,1.791759469228,2.312009415333,2.455588377471,1.298312716592,1.353058077086,0.618750000000,0.587500000000,72.000000000000,1.000000000000,0.800000000000,1.000000000000,2.712633779025,1.419648639569,320;320;320;320;320;320;480,entity:160;160;160;160;160;160;0|value:160;160;160;160;160;160;0|filler:0;0;0;0;0;0;0|query_marker:0;0;0;0;0;0;160|query_entity:0;0;0;0;0;0;160|context:0;0;0;0;0;0;160,kv_fifo_eviction,0.000000000000,0,2.712633779025,1.419648639569,0.000000000000,0.000000000000,0.000000000000,0.000000000000,9600,0.000000000000,0.736818230448,0.800908369380,0.592138693701,0.625356653892,0.355234865050,0.384969664797,0.033855991245,0.120597864502,0.584894008755,0.590907410754,0.393807802198,0.380258932043,54;53;53,640;640;640,0.000000000000,0.000000000000,0.000000000000,2.000000000000,0.100000000000,900,0.000000000000,0.000000000000,0.000000000000,1.000000000000,0.000000000000,0.500000000000,0.247916666667,0.475000000000,0.475000000000,1.000000000000,160;160;160,1.000000000000,0.000000000000,0.500000000000,0.248611111111,0.504166666667
kv_reservoir,13,1200,8,120,160,160,15,1.791759469228,2.825712660216,2.300995651047,1.451195105734,1.268349072679,0.537500000000,0.637500000000,72.000000000000,1.000000000000,0.670000000000,1.000000000000,3.091539517978,1.376767142336,320;320;320;320;320;320;480,entity:160;160;160;160;160;160;0|value:160;160;160;160;160;160;0|filler:0;0;0;0;0;0;0|query_marker:0;0;0;0;0;0;160|query_entity:0;0;0;0;0;0;160|context:0;0;0;0;0;0;160,kv_reservoir,0.000000000000,0,3.091539517978,1.376767142336,0.000000000000,0.000000000000,0.000000000000,0.000000000000,9600,0.000000000000,0.893282818837,0.703779667157,0.673033470660,0.578551385979,0.434619519044,0.332451077688,0.041172150811,0.115578702031,0.578672150811,0.576215573924,0.349914608142,0.395948118277,64;50;46,540;498;570,0.000000000000,0.000000000000,0.000000000000,2.000000000000,0.100000000000,900,0.000000000000,0.000000000000,0.000000000000,0.837500000000,0.162500000000,0.337500000000,0.172916666667,0.525000000000,0.525000000000,2.466666666667,110;89;125,0.834236111111,0.165763888889,0.334236111111,0.165277777778,0.483750000000
kv_hard_retention,13,1200,8,145,160,160,15,1.791759469228,2.839289473209,3.010484103034,1.441561644221,1.516950226689,0.537500000000,0.518750000000,107.000000000000,1.000000000000,0.573333333333,1.000000000000,3.469402426635,1.599466490453,320;320;320;320;320;320;480,entity:160;160;160;160;160;160;0|value:160;160;160;160;160;160;0|filler:0;0;0;0;0;0;0|query_marker:0;0;0;0;0;0;160|query_entity:0;0;0;0;0;0;160|context:0;0;0;0;0;0;160,kv_hard_retention,0.000000000000,0,3.469402426635,1.599466490453,0.000000000000,0.000000000000,0.000000000000,0.000000000000,9600,0.000000000000,0.896733274575,0.932621011061,0.674654362305,0.699789482887,0.436199651753,0.451941568349,0.064142299832,0.033657069800,0.519582221318,0.506432323811,0.323054421813,0.304799257889,53;50;57,450;474;452,0.000000000000,0.555915459112,0.000000000000,2.000000000000,0.100000000000,900,0.000000000000,0.568797105960,0.000000000000,0.716666666667,0.283333333333,0.216666666667,0.141666666667,0.412500000000,0.412500000000,2.529166666667,65;77;66,0.710763888889,0.289236111111,0.210763888889,0.136041666667,0.442500000000
kv_annealed_retention,13,1200,8,145,160,160,15,1.791759469228,2.839289473209,3.010484103034,0.972764649341,1.007616444486,0.737500000000,0.750000000000,107.000000000000,1.000000000000,0.513333333333,1.000000000000,2.717096837767,0.949413790001,320;320;320;320;320;320;480,entity:160;160;160;160;160;160;0|value:160;160;160;160;160;160;0|filler:0;0;0;0;0;0;0|query_marker:0;0;0;0;0;0;160|query_entity:0;0;0;0;0;0;160|context:0;0;0;0;0;0;160,kv_annealed_retention,0.000000000000,0,2.717096837767,0.949413790001,0.000000000000,0.000000000000,0.000000000000,0.000000000000,9600,0.000000000000,0.896733274575,0.932621011061,0.438579708867,0.429564854973,0.436199651753,0.451941568349,0.023705558338,0.009615601422,0.761205558338,0.759615601422,0.576910573839,0.580281044948,42;57;61,410;406;416,0.000000000000,0.556529103686,0.000000000000,2.000000000000,0.100000000000,900,0.000000000000,0.551083747356,0.000000000000,0.641666666667,0.358333333333,0.141666666667,0.095833333333,0.700000000000,0.700000000000,2.502083333333,45;43;48,0.652708333333,0.347291666667,0.152708333333,0.098125000000,0.721250000000
kv_full_capacity,14,1200,8,120,160,160,15,1.791759469228,0.087216284308,0.086652795431,0.003717277727,0.003728704040,1.000000000000,1.000000000000,96.000000000000,1.000000000000,0.800000000000,1.000000000000,0.048349848380,0.003755239453,320;320;320;320;320;320;480,entity:160;160;160;160;160;160;0|value:160;160;160;160;160;160;0|filler:0;0;0;0;0;0;0|query_marker:0;0;0;0;0;0;160|query_entity:0;0;0;0;0;0;160|context:0;0;0;0;0;0;160,kv_full_capacity,0.000000000000,0,0.048349848380,0.003755239453,0.000000000000,0.000000000000,0.000000000000,0.000000000000,9600,0.000000000000,0.012833127699,0.012354979474,0.000016553816,0.000016661779,0.082787615935,0.082434079970,0.003710366306,0.003721747824,0.996289633694,0.996278252176,0.996289633694,0.996278252176,33;39;25;20;21;22,320;320;320;320;320;320,0.000000000000,0.000000000000,0.000000000000,2.000000000000,0.100000000000,900,0.000000000000,0.000000000000,0.000000000000,1.000000000000,0.000000000000,0.000000000000,0.000000000000,1.000000000000,1.000000000000,2.500000000000,0;0;0;0;0;0,1.000000000000,0.000000000000,0.000000000000,0.000000000000,1.000000000000
kv_oracle_retention,14,1200,8,120,160,160,15,1.791759469228,0.087216284308,0.086652795431,0.003717277727,0.003728704040,1.000000000000,1.000000000000,72.000000000000,1.000000000000,0.400000000000,1.000000000000,0.048349848380,0.003755239453,320;320;320;320;320;320;480,entity:160;160;160;160;160;160;0|value:160;160;160;160;160;160;0|filler:0;0;0;0;0;0;0|query_marker:0;0;0;0;0;0;160|query_entity:0;0;0;0;0;0;160|context:0;0;0;0;0;0;160,kv_oracle_retention,0.000000000000,0,0.048349848380,0.003755239453,0.000000000000,0.000000000000,0.000000000000,0.000000000000,9600,0.000000000000,0.012833127699,0.012354979474,0.000016553816,0.000016661779,0.082787615935,0.082434079970,0.003710366306,0.003721747824,0.996289633694,0.996278252176,0.996289633694,0.996278252176,60;55;45,320;320;320,0.000000000000,0.000000000000,0.000000000000,2.000000000000,0.100000000000,900,0.000000000000,0.000000000000,0.000000000000,0.500000000000,0.500000000000,0.000000000000,0.000000000000,1.000000000000,1.000000000000,2.683333333333,0;0;0,0.500000000000,0.500000000000,0.000000000000,0.000000000000,1.000000000000
kv_fifo_eviction,14,1200,8,120,160,160,15,1.791759469228,2.409483921557,2.667016013560,1.373302392574,1.563034035974,0.575000000000,0.481250000000,72.000000000000,1.000000000000,0.800000000000,1.000000000000,2.088807547627,1.489753802671,320;320;320;320;320;320;480,entity:160;160;160;160;160;160;0|value:160;160;160;160;160;160;0|filler:0;0;0;0;0;0;0|query_marker:0;0;0;0;0;0;160|query_entity:0;0;0;0;0;0;160|context:0;0;0;0;0;0;160,kv_fifo_eviction,0.000000000000,0,2.088807547627,1.489753802671,0.000000000000,0.000000000000,0.000000000000,0.000000000000,9600,0.000000000000,0.786136173110,0.950253931524,0.634344036594,0.735219950100,0.345629010737,0.439658581525,0.024738479074,0.117524364242,0.599738479074,0.598774364242,0.379522958181,0.328578068636,53;50;57,640;640;640,0.000000000000,0.000000000000,0.000000000000,2.000000000000,0.100000000000,900,0.000000000000,0.000000000000,0.000000000000,1.000000000000,0.000000000000,0.500000000000,0.275000000000,0.393750000000,0.393750000000,1.000000000000,160;160;160,1.000000000000,0.000000000000,0.500000000000,0.248402777778,0.516250000000
kv_reservoir,14,1200,8,120,160,160,15,1.791759469228,2.232350336293,1.925859830120,1.365618830306,1.278255910288,0.593750000000,0.637500000000,72.000000000000,1.000000000000,0.638333333333,1.000000000000,2.402618835269,1.019507090283,320;320;320;320;320;320;480,entity:160;160;160;160;160;160;0|value:160;160;160;160;160;160;0|filler:0;0;0;0;0;0;0|query_marker:0;0;0;0;0;0;160|query_entity:0;0;0;0;0;0;160|context:0;0;0;0;0;0;160,kv_reservoir,0.000000000000,0,2.402618835269,1.019507090283,0.000000000000,0.000000000000,0.000000000000,0.000000000000,9600,0.000000000000,0.755442151853,0.667215768247,0.624287620371,0.573869941663,0.329176144191,0.281352917447,0.065956878940,0.035087800037,0.659706878940,0.661556829315,0.419050438978,0.445362292850,50;56;54,526;496;510,0.000000000000,0.000000000000,0.000000000000,2.000000000000,0.100000000000,900,0.000000000000,0.000000000000,0.000000000000,0.797916666667,0.202083333333,0.297916666667,0.152083333333,0.550000000000,0.550000000000,2.487500000000,103;88;95,0.814305555556,0.185694444444,0.314305555556,0.152638888889,0.558750000000
kv_hard_retention,14,1200,8,145,160,160,15,1.791759469228,1.858410133626,1.808050597583,1.202522077411,1.286382296311,0.656250000000,0.643750000000,107.000000000000,1.000000000000,0.557500000000,1.000000000000,2.199558366580,1.289872110736,320;320;320;320;320;320;480,entity:160;160;160;160;160;160;0|value:160;160;160;160;160;160;0|filler:0;0;0;0;0;0;0|query_marker:0;0;0;0;0;0;160|query_entity:0;0;0;0;0;0;160|context:0;0;0;0;0;0;160,kv_hard_retention,0.000000000000,0,2.199558366580,1.289872110736,0.000000000000,0.000000000000,0.000000000000,0.000000000000,9600,0.000000000000,0.636827231750,0.646181865427,0.553767855417,0.576701515266,0.262896610612,0.272149443812,0.074898557114,0.097340249531,0.581351442886,0.577106858765,0.411237220802,0.397683479003,59;59;42,444;448;446,0.000000000000,0.488472443544,0.000000000000,2.000000000000,0.100000000000,900,0.000000000000,0.486861838548,0.000000000000,0.696875000000,0.303125000000,0.196875000000,0.094791666667,0.562500000000,0.562500000000,2.497916666667,62;64;63,0.703958333333,0.296041666667,0.203958333333,0.089236111111,0.507916666667
kv_annealed_retention,14,1200,8,145,160,160,15,1.791759469228,1.858410133626,1.808050597583,0.007900154999,0.007867256814,1.000000000000,1.000000000000,107.000000000000,1.000000000000,0.495833333333,1.000000000000,2.193493644215,0.008042840691,320;320;320;320;320;320;480,entity:160;160;160;160;160;160;0|value:160;160;160;160;160;160;0|filler:0;0;0;0;0;0;0|query_marker:0;0;0;0;0;0;160|query_entity:0;0;0;0;0;0;160|context:0;0;0;0;0;0;160,kv_annealed_retention,0.000000000000,0,2.193493644215,0.008042840691,0.000000000000,0.000000000000,0.000000000000,0.000000000000,9600,0.000000000000,0.636827231750,0.646181865427,0.000074915464,0.000074347327,0.262896610612,0.272149443812,0.007868946546,0.007836301759,0.992131053454,0.992163698241,0.992131053454,0.992163698241,59;54;47,384;400;406,0.000000000000,0.525228688477,0.000000000000,2.000000000000,0.100000000000,900,0.000000000000,0.569497865099,0.000000000000,0.619791666667,0.380208333333,0.119791666667,0.000000000000,1.000000000000,1.000000000000,2.683333333333,32;40;43,0.611458333333,0.388541666667,0.111458333333,0.000000000000,1.000000000000
kv_full_capacity,15,1200,8,120,160,160,15,1.791759469228,0.071406841431,0.077867415248,0.003795202569,0.003775028474,1.000000000000,1.000000000000,96.000000000000,1.000000000000,0.800000000000,1.000000000000,0.042344636751,0.003723138743,320;320;320;320;320;320;480,entity:160;160;160;160;160;160;0|value:160;160;160;160;160;160;0|filler:0;0;0;0;0;0;0|query_marker:0;0;0;0;0;0;160|query_entity:0;0;0;0;0;0;160|context:0;0;0;0;0;0;160,kv_full_capacity,0.000000000000,0,0.042344636751,0.003723138743,0.000000000000,0.000000000000,0.000000000000,0.000000000000,9600,0.000000000000,0.008043475390,0.009153128784,0.000017335104,0.000017146758,0.068385106304,0.074407331012,0.003787972644,0.003767876307,0.996212027356,0.996232123693,0.996212027356,0.996232123693,29;19;27;27;29;29,320;320;320;320;320;320,0.000000000000,0.000000000000,0.000000000000,2.000000000000,0.100000000000,900,0.000000000000,0.000000000000,0.000000000000,1.000000000000,0.000000000000,0.000000000000,0.000000000000,1.000000000000,1.000000000000,2.500000000000,0;0;0;0;0;0,1.000000000000,0.000000000000,0.000000000000,0.000000000000,1.000000000000
kv_oracle_retention,15,1200,8,120,160,160,15,1.791759469228,0.071406841431,0.077867415248,0.003795202569,0.003775028474,1.000000000000,1.000000000000,72.000000000000,1.000000000000,0.400000000000,1.000000000000,0.042344636751,0.003723138743,320;320;320;320;320;320;480,entity:160;160;160;160;160;160;0|value:160;160;160;160;160;160;0|filler:0;0;0;0;0;0;0|query_marker:0;0;0;0;0;0;160|query_entity:0;0;0;0;0;0;160|context:0;0;0;0;0;0;160,kv_oracle_retention,0.000000000000,0,0.042344636751,0.003723138743,0.000000000000,0.000000000000,0.000000000000,0.000000000000,9600,0.000000000000,0.008043475390,0.009153128784,0.000017335104,0.000017146758,0.068385106304,0.074407331012,0.003787972644,0.003767876307,0.996212027356,0.996232123693,0.996212027356,0.996232123693,50;53;57,320;320;320,0.000000000000,0.000000000000,0.000000000000,2.000000000000,0.100000000000,900,0.000000000000,0.000000000000,0.000000000000,0.500000000000,0.500000000000,0.000000000000,0.000000000000,1.000000000000,1.000000000000,2.462500000000,0;0;0,0.500000000000,0.500000000000,0.000000000000,0.000000000000,1.000000000000
kv_fifo_eviction,15,1200,8,120,160,160,15,1.791759469228,2.310060883326,2.358002197279,1.272774282949,1.304582190617,0.618750000000,0.600000000000,72.000000000000,1.000000000000,0.800000000000,1.000000000000,1.936946847146,1.257414069179,320;320;320;320;320;320;480,entity:160;160;160;160;160;160;0|value:160;160;160;160;160;160;0|filler:0;0;0;0;0;0;0|query_marker:0;0;0;0;0;0;160|query_entity:0;0;0;0;0;0;160|context:0;0;0;0;0;0;160,kv_fifo_eviction,0.000000000000,0,1.936946847146,1.257414069179,0.000000000000,0.000000000000,0.000000000000,0.000000000000,9600,0.000000000000,0.715315320712,0.749885870388,0.586687329926,0.605124569154,0.314473721281,0.330213795197,0.036839228645,0.015170354162,0.581910771355,0.589678014350,0.394576377482,0.389344620649,51;57;52,640;640;640,0.000000000000,0.000000000000,0.000000000000,2.000000000000,0.100000000000,900,0.000000000000,0.000000000000,0.000000000000,1.000000000000,0.000000000000,0.500000000000,0.246875000000,0.531250000000,0.531250000000,1.000000000000,160;160;160,1.000000000000,0.000000000000,0.500000000000,0.247847222222,0.497500000000
kv_reservoir,15,1200,8,120,160,160,15,1.791759469228,2.472627198385,2.009428791373,1.369051388547,1.255013738999,0.568750000000,0.650000000000,72.000000000000,1.000000000000,0.633333333333,1.000000000000,2.223966163290,1.264431623082,320;320;320;320;320;320;480,entity:160;160;160;160;160;160;0|value:160;160;160;160;160;160;0|filler:0;0;0;0;0;0;0|query_marker:0;0;0;0;0;0;160|query_entity:0;0;0;0;0;0;160|context:0;0;0;0;0;0;160,kv_reservoir,0.000000000000,0,2.223966163290,1.264431623082,0.000000000000,0.000000000000,0.000000000000,0.000000000000,9600,0.000000000000,0.805227481471,0.651925718204,0.635974959798,0.559565768248,0.364168448574,0.281610283794,0.066009514641,0.062296990711,0.604728918267,0.606892441588,0.381771135799,0.421072123247,58;36;66,524;420;576,0.000000000000,0.000000000000,0.000000000000,2.000000000000,0.100000000000,900,0.000000000000,0.000000000000,0.000000000000,0.791666666667,0.208333333333,0.291666666667,0.142708333333,0.593750000000,0.593750000000,2.614583333333,102;50;128,0.820000000000,0.180000000000,0.320000000000,0.167638888889,0.522916666667
kv_hard_retention,15,1200,8,145,160,160,15,1.791759469228,1.854734140096,1.651806103652,1.117631605699,1.132649050784,0.693750000000,0.712500000000,107.000000000000,1.000000000000,0.580000000000,1.000000000000,2.025099980742,1.273887821096,320;320;320;320;320;320;480,entity:160;160;160;160;160;160;0|value:160;160;160;160;160;160;0|filler:0;0;0;0;0;0;0|query_marker:0;0;0;0;0;0;160|query_entity:0;0;0;0;0;0;160|context:0;0;0;0;0;0;160,kv_hard_retention,0.000000000000,0,2.025099980742,1.273887821096,0.000000000000,0.000000000000,0.000000000000,0.000000000000,9600,0.000000000000,0.571850734078,0.536193139574,0.504825647996,0.486237128025,0.238759398026,0.217182072888,0.033212602381,0.051083986929,0.662042296015,0.661416013071,0.480046315016,0.488837176477,49;45;66,458;458;476,0.000000000000,0.529743855026,0.000000000000,2.000000000000,0.100000000000,900,0.000000000000,0.513904996119,0.000000000000,0.725000000000,0.275000000000,0.225000000000,0.097916666667,0.650000000000,0.650000000000,2.487500000000,69;69;78,0.720763888889,0.279236111111,0.220763888889,0.093680555556,0.614583333333
kv_annealed_retention,15,1200,8,145,160,160,15,1.791759469228,1.854734140096,1.651806103652,0.367810840850,0.276052686620,0.931250000000,0.956250000000,107.000000000000,1.000000000000,0.515833333333,1.000000000000,1.932522156994,0.268026034105,320;320;320;320;320;320;480,entity:160;160;160;160;160;160;0|value:160;160;160;160;160;160;0|filler:0;0;0;0;0;0;0|query_marker:0;0;0;0;0;0;160|query_entity:0;0;0;0;0;0;160|context:0;0;0;0;0;0;160,kv_annealed_retention,0.000000000000,0,1.932522156994,0.268026034105,0.000000000000,0.000000000000,0.000000000000,0.000000000000,9600,0.000000000000,0.571850734078,0.536193139574,0.132329460174,0.085352065502,0.238759398026,0.217182072888,0.021067883014,0.005160987595,0.952317883014,0.951089012405,0.887570959857,0.909900131961,48;52;60,414;410;414,0.000000000000,0.564041346939,0.000000000000,2.000000000000,0.100000000000,900,0.000000000000,0.554336091282,0.000000000000,0.644791666667,0.355208333333,0.144791666667,0.023958333333,0.943750000000,0.943750000000,2.368750000000,47;45;47,0.646111111111,0.353888888889,0.146111111111,0.030000000000,0.938333333333
kv_full_capacity,16,1200,8,120,160,160,15,1.791759469228,0.024405398801,0.028442807886,0.003741446523,0.003751400003,1.000000000000,1.000000000000,96.000000000000,1.000000000000,0.800000000000,1.000000000000,0.018404638787,0.003784080355,320;320;320;320;320;320;480,entity:160;160;160;160;160;160;0|value:160;160;160;160;160;160;0|filler:0;0;0;0;0;0;0|query_marker:0;0;0;0;0;0;160|query_entity:0;0;0;0;0;0;160|context:0;0;0;0;0;0;160,kv_full_capacity,0.000000000000,0,0.018404638787,0.003784080355,0.000000000000,0.000000000000,0.000000000000,0.000000000000,9600,0.000000000000,0.001631390248,0.002036145450,0.000016940273,0.000016976355,0.023904221822,0.027805319204,0.003734388039,0.003744329012,0.996265611961,0.996255670988,0.996265611961,0.996255670988,34;30;22;24;29;21,320;320;320;320;320;320,0.000000000000,0.000000000000,0.000000000000,2.000000000000,0.100000000000,900,0.000000000000,0.000000000000,0.000000000000,1.000000000000,0.000000000000,0.000000000000,0.000000000000,1.000000000000,1.000000000000,2.500000000000,0;0;0;0;0;0,1.000000000000,0.000000000000,0.000000000000,0.000000000000,1.000000000000
kv_oracle_retention,16,1200,8,120,160,160,15,1.791759469228,0.024405398801,0.028442807886,0.003741446523,0.003751400003,1.000000000000,1.000000000000,72.000000000000,1.000000000000,0.400000000000,1.000000000000,0.018404638787,0.003784080355,320;320;320;320;320;320;480,entity:160;160;160;160;160;160;0|value:160;160;160;160;160;160;0|filler:0;0;0;0;0;0;0|query_marker:0;0;0;0;0;0;160|query_entity:0;0;0;0;0;0;160|context:0;0;0;0;0;0;160,kv_oracle_retention,0.000000000000,0,0.018404638787,0.003784080355,0.000000000000,0.000000000000,0.000000000000,0.000000000000,9600,0.000000000000,0.001631390248,0.002036145450,0.000016940273,0.000016976355,0.023904221822,0.027805319204,0.003734388039,0.003744329012,0.996265611961,0.996255670988,0.996265611961,0.996255670988,60;55;45,320;320;320,0.000000000000,0.000000000000,0.000000000000,2.000000000000,0.100000000000,900,0.000000000000,0.000000000000,0.000000000000,0.500000000000,0.500000000000,0.000000000000,0.000000000000,1.000000000000,1.000000000000,2.522916666667,0;0;0,0.500000000000,0.500000000000,0.000000000000,0.000000000000,1.000000000000
kv_fifo_eviction,16,1200,8,120,160,160,15,1.791759469228,2.929961904712,2.857062093924,1.408118690944,1.383659222815,0.568750000000,0.587500000000,72.000000000000,1.000000000000,0.800000000000,1.000000000000,2.604958541016,1.208262667981,320;320;320;320;320;320;480,entity:160;160;160;160;160;160;0|value:160;160;160;160;160;160;0|filler:0;0;0;0;0;0;0|query_marker:0;0;0;0;0;0;160|query_entity:0;0;0;0;0;0;160|context:0;0;0;0;0;0;160,kv_fifo_eviction,0.000000000000,0,2.604958541016,1.208262667981,0.000000000000,0.000000000000,0.000000000000,0.000000000000,9600,0.000000000000,0.833710769215,0.798659390124,0.648245034516,0.627568712178,0.404453387448,0.385802635825,0.067939143138,0.020795713283,0.603608127207,0.608295713283,0.375655530558,0.388533419143,55;50;55,640;640;640,0.000000000000,0.000000000000,0.000000000000,2.000000000000,0.100000000000,900,0.000000000000,0.000000000000,0.000000000000,1.000000000000,0.000000000000,0.500000000000,0.253125000000,0.462500000000,0.462500000000,1.000000000000,160;160;160,1.000000000000,0.000000000000,0.500000000000,0.253402777778,0.496666666667
kv_reservoir,16,1200,8,120,160,160,15,1.791759469228,3.056628069474,2.692185747217,1.429217259024,1.371478723534,0.556250000000,0.593750000000,72.000000000000,1.000000000000,0.635000000000,1.000000000000,2.060173363417,1.465648065356,320;320;320;320;320;320;480,entity:160;160;160;160;160;160;0|value:160;160;160;160;160;160;0|filler:0;0;0;0;0;0;0|query_marker:0;0;0;0;0;0;160|query_entity:0;0;0;0;0;0;160|context:0;0;0;0;0;0;160,kv_reservoir,0.000000000000,0,2.060173363417,1.465648065356,0.000000000000,0.000000000000,0.000000000000,0.000000000000,9600,0.000000000000,0.856906128653,0.784029049658,0.657185691563,0.623876744428,0.416225097261,0.378417775197,0.037170639597,0.075448992082,0.519079360403,0.521080259311,0.330881859507,0.348396345807,51;56;53,562;470;492,0.000000000000,0.000000000000,0.000000000000,2.000000000000,0.100000000000,900,0.000000000000,0.000000000000,0.000000000000,0.793750000000,0.206250000000,0.293750000000,0.144791666667,0.512500000000,0.512500000000,2.531250000000,121;75;86,0.806597222222,0.193402777778,0.306597222222,0.159513888889,0.481250000000
kv_hard_retention,16,1200,8,145,160,160,15,1.791759469228,3.976719943019,3.280863867461,1.619660882172,1.531565383164,0.437500000000,0.512500000000,107.000000000000,1.000000000000,0.595000000000,1.000000000000,2.568960483733,1.484630412698,320;320;320;320;320;320;480,entity:160;160;160;160;160;160;0|value:160;160;160;160;160;160;0|filler:0;0;0;0;0;0;0|query_marker:0;0;0;0;0;0;160|query_entity:0;0;0;0;0;0;160|context:0;0;0;0;0;0;160,kv_hard_retention,0.000000000000,0,2.568960483733,1.484630412698,0.000000000000,0.000000000000,0.000000000000,0.000000000000,9600,0.000000000000,1.087327530931,0.942425969781,0.755844119397,0.699886656962,0.533359559701,0.460029591885,0.069952273227,0.048028202712,0.507452273227,0.512298236434,0.277622202295,0.307313127901,60;48;52,480;466;482,0.000000000000,0.455941033609,0.000000000000,2.000000000000,0.100000000000,900,0.000000000000,0.458685188746,0.000000000000,0.743750000000,0.256250000000,0.243750000000,0.144791666667,0.381250000000,0.381250000000,2.468750000000,80;73;81,0.742083333333,0.257916666667,0.242083333333,0.144722222222,0.424583333333
kv_annealed_retention,16,1200,8,145,160,160,15,1.791759469228,3.976719943019,3.280863867461,0.450792342425,0.592827641126,0.912500000000,0.887500000000,107.000000000000,1.000000000000,0.525000000000,1.000000000000,2.831995466518,0.490898948690,320;320;320;320;320;320;480,entity:160;160;160;160;160;160;0|value:160;160;160;160;160;160;0|filler:0;0;0;0;0;0;0|query_marker:0;0;0;0;0;0;160|query_entity:0;0;0;0;0;0;160|context:0;0;0;0;0;0;160,kv_annealed_retention,0.000000000000,0,2.831995466518,0.490898948690,0.000000000000,0.000000000000,0.000000000000,0.000000000000,9600,0.000000000000,1.087327530931,0.942425969781,0.165365242514,0.212334272783,0.533359559701,0.460029591885,0.016003638545,0.044914280114,0.919284746438,0.913546962349,0.840939544568,0.812248818228,54;56;50,420;426;414,0.000000000000,0.579082076696,0.000000000000,2.000000000000,0.100000000000,900,0.000000000000,0.599152419587,0.000000000000,0.656250000000,0.343750000000,0.156250000000,0.041666666667,0.887500000000,0.887500000000,2.435416666667,50;53;47,0.659791666667,0.340208333333,0.159791666667,0.052847222222,0.882916666667
kv_full_capacity,17,1200,8,120,160,160,15,1.791759469228,0.040603455169,0.034376206987,0.003735239605,0.003749413371,1.000000000000,1.000000000000,96.000000000000,1.000000000000,0.800000000000,1.000000000000,0.021998266608,0.003760302601,320;320;320;320;320;320;480,entity:160;160;160;160;160;160;0|value:160;160;160;160;160;160;0|filler:0;0;0;0;0;0;0|query_marker:0;0;0;0;0;0;160|query_entity:0;0;0;0;0;0;160|context:0;0;0;0;0;0;160,kv_full_capacity,0.000000000000,0,0.021998266608,0.003760302601,0.000000000000,0.000000000000,0.000000000000,0.000000000000,9600,0.000000000000,0.004110000521,0.003146546843,0.000016728863,0.000016866035,0.039208976542,0.033313168068,0.003728256946,0.003742373201,0.996271743054,0.996257626799,0.996271743054,0.996257626799,28;23;30;27;33;19,320;320;320;320;320;320,0.000000000000,0.000000000000,0.000000000000,2.000000000000,0.100000000000,900,0.000000000000,0.000000000000,0.000000000000,1.000000000000,0.000000000000,0.000000000000,0.000000000000,1.000000000000,1.000000000000,2.500000000000,0;0;0;0;0;0,1.000000000000,0.000000000000,0.000000000000,0.000000000000,1.000000000000
kv_oracle_retention,17,1200,8,120,160,160,15,1.791759469228,0.040603455169,0.034376206987,0.003735239605,0.003749413371,1.000000000000,1.000000000000,72.000000000000,1.000000000000,0.400000000000,1.000000000000,0.021998266608,0.003760302601,320;320;320;320;320;320;480,entity:160;160;160;160;160;160;0|value:160;160;160;160;160;160;0|filler:0;0;0;0;0;0;0|query_marker:0;0;0;0;0;0;160|query_entity:0;0;0;0;0;0;160|context:0;0;0;0;0;0;160,kv_oracle_retention,0.000000000000,0,0.021998266608,0.003760302601,0.000000000000,0.000000000000,0.000000000000,0.000000000000,9600,0.000000000000,0.004110000521,0.003146546843,0.000016728863,0.000016866035,0.039208976542,0.033313168068,0.003728256946,0.003742373201,0.996271743054,0.996257626799,0.996271743054,0.996257626799,52;58;50,320;320;320,0.000000000000,0.000000000000,0.000000000000,2.000000000000,0.100000000000,900,0.000000000000,0.000000000000,0.000000000000,0.500000000000,0.500000000000,0.000000000000,0.000000000000,1.000000000000,1.000000000000,2.506250000000,0;0;0,0.500000000000,0.500000000000,0.000000000000,0.000000000000,1.000000000000
kv_fifo_eviction,17,1200,8,120,160,160,15,1.791759469228,2.317306679435,2.797738288018,1.279042057890,1.381903419429,0.625000000000,0.581250000000,72.000000000000,1.000000000000,0.800000000000,1.000000000000,2.949764924667,1.217667621513,320;320;320;320;320;320;480,entity:160;160;160;160;160;160;0|value:160;160;160;160;160;160;0|filler:0;0;0;0;0;0;0|query_marker:0;0;0;0;0;0;160|query_entity:0;0;0;0;0;0;160|context:0;0;0;0;0;0;160,kv_fifo_eviction,0.000000000000,0,2.949764924667,1.217667621513,0.000000000000,0.000000000000,0.000000000000,0.000000000000,9600,0.000000000000,0.720763627253,0.803324332754,0.588992298302,0.629088101095,0.335970612991,0.380747615695,0.084805728982,0.046526486692,0.599486844171,0.598876033642,0.402588380556,0.382245870947,57;58;45,640;640;640,0.000000000000,0.000000000000,0.000000000000,2.000000000000,0.100000000000,900,0.000000000000,0.000000000000,0.000000000000,1.000000000000,0.000000000000,0.500000000000,0.247916666667,0.493750000000,0.493750000000,1.000000000000,160;160;160,1.000000000000,0.000000000000,0.500000000000,0.248263888889,0.507916666667
kv_reservoir,17,1200,8,120,160,160,15,1.791759469228,2.182102795271,2.828317929243,1.277709900719,1.438171164761,0.631250000000,0.556250000000,72.000000000000,1.000000000000,0.671666666667,1.000000000000,2.467949503920,1.549720640604,320;320;320;320;320;320;480,entity:160;160;160;160;160;160;0|value:160;160;160;160;160;160;0|filler:0;0;0;0;0;0;0|query_marker:0;0;0;0;0;0;160|query_entity:0;0;0;0;0;0;160|context:0;0;0;0;0;0;160,kv_reservoir,0.000000000000,0,2.467949503920,1.549720640604,0.000000000000,0.000000000000,0.000000000000,0.000000000000,9600,0.000000000000,0.705080767554,0.850723222587,0.591495314930,0.659886615892,0.329403376670,0.408426951036,0.120106079453,0.045508941224,0.511143920547,0.510741058776,0.359669488457,0.325279640623,65;46;49,592;544;476,0.000000000000,0.000000000000,0.000000000000,2.000000000000,0.100000000000,900,0.000000000000,0.000000000000,0.000000000000,0.839583333333,0.160416666667,0.339583333333,0.163541666667,0.475000000000,0.475000000000,2.364583333333,136;112;78,0.846527777778,0.153472222222,0.346527777778,0.166111111111,0.460833333333
kv_hard_retention,17,1200,8,145,160,160,15,1.791759469228,3.398334352260,3.508762547488,1.570390890240,1.568014709352,0.481250000000,0.481250000000,107.000000000000,1.000000000000,0.632500000000,1.000000000000,3.153246945228,1.474954811735,320;320;320;320;320;320;480,entity:160;160;160;160;160;160;0|value:160;160;160;160;160;160;0|filler:0;0;0;0;0;0;0|query_marker:0;0;0;0;0;0;160|query_entity:0;0;0;0;0;0;160|context:0;0;0;0;0;0;160,kv_hard_retention,0.000000000000,0,3.153246945228,1.474954811735,0.000000000000,0.000000000000,0.000000000000,0.000000000000,9600,0.000000000000,0.996631958987,0.997259574811,0.726201875201,0.723507599424,0.479129958977,0.478012088295,0.025348491317,0.047765126436,0.487646333515,0.490110443875,0.284684611673,0.287012495677,42;60;58,528;482;508,0.000000000000,0.542795161337,0.000000000000,2.000000000000,0.100000000000,900,0.000000000000,0.540961188470,0.000000000000,0.790625000000,0.209375000000,0.290625000000,0.180208333333,0.425000000000,0.425000000000,2.497916666667,104;81;94,0.788472222222,0.211527777778,0.288472222222,0.172222222222,0.407083333333
kv_annealed_retention,17,1200,8,145,160,160,15,1.791759469228,3.398334352260,3.508762547488,0.008641681295,0.008724209729,1.000000000000,1.000000000000,107.000000000000,1.000000000000,0.485000000000,1.000000000000,2.130242807709,0.008593662187,320;320;320;320;320;320;480,entity:160;160;160;160;160;160;0|value:160;160;160;160;160;160;0|filler:0;0;0;0;0;0;0|query_marker:0;0;0;0;0;0;160|query_entity:0;0;0;0;0;0;160|context:0;0;0;0;0;0;160,kv_annealed_retention,0.000000000000,0,2.130242807709,0.008593662187,0.000000000000,0.000000000000,0.000000000000,0.000000000000,9600,0.000000000000,0.996631958987,0.997259574811,0.000089613922,0.000091206575,0.479129958977,0.478012088295,0.008604262326,0.008686128945,0.991395737674,0.991313871055,0.991395737674,0.991313871055,53;53;54,382;394;388,0.000000000000,0.558902245850,0.000000000000,2.000000000000,0.100000000000,900,0.000000000000,0.540791250415,0.000000000000,0.606250000000,0.393750000000,0.106250000000,0.000000000000,1.000000000000,1.000000000000,2.506250000000,31;37;34,0.630625000000,0.369375000000,0.130625000000,0.000000000000,1.000000000000
kv_full_capacity,18,1200,8,120,160,160,15,1.791759469228,0.023798987957,0.030145983108,0.003730440681,0.003733154492,1.000000000000,1.000000000000,96.000000000000,1.000000000000,0.800000000000,1.000000000000,0.013959137979,0.003772716806,320;320;320;320;320;320;480,entity:160;160;160;160;160;160;0|value:160;160;160;160;160;160;0|filler:0;0;0;0;0;0;0|query_marker:0;0;0;0;0;0;160|query_entity:0;0;0;0;0;0;160|context:0;0;0;0;0;0;160,kv_full_capacity,0.000000000000,0,0.013959137979,0.003772716806,0.000000000000,0.000000000000,0.000000000000,0.000000000000,9600,0.000000000000,0.001205740733,0.001750688138,0.000016703795,0.000016726140,0.023404160707,0.029561954216,0.003723471337,0.003726176516,0.996276528663,0.996273823484,0.996276528663,0.996273823484,28;30;23;26;27;26,320;320;320;320;320;320,0.000000000000,0.000000000000,0.000000000000,2.000000000000,0.100000000000,900,0.000000000000,0.000000000000,0.000000000000,1.000000000000,0.000000000000,0.000000000000,0.000000000000,1.000000000000,1.000000000000,2.500000000000,0;0;0;0;0;0,1.000000000000,0.000000000000,0.000000000000,0.000000000000,1.000000000000
kv_oracle_retention,18,1200,8,120,160,160,15,1.791759469228,0.023798987957,0.030145983108,0.003730440681,0.003733154492,1.000000000000,1.000000000000,72.000000000000,1.000000000000,0.400000000000,1.000000000000,0.013959137979,0.003772716806,320;320;320;320;320;320;480,entity:160;160;160;160;160;160;0|value:160;160;160;160;160;160;0|filler:0;0;0;0;0;0;0|query_marker:0;0;0;0;0;0;160|query_entity:0;0;0;0;0;0;160|context:0;0;0;0;0;0;160,kv_oracle_retention,0.000000000000,0,0.013959137979,0.003772716806,0.000000000000,0.000000000000,0.000000000000,0.000000000000,9600,0.000000000000,0.001205740733,0.001750688138,0.000016703795,0.000016726140,0.023404160707,0.029561954216,0.003723471337,0.003726176516,0.996276528663,0.996273823484,0.996276528663,0.996273823484,62;48;50,320;320;320,0.000000000000,0.000000000000,0.000000000000,2.000000000000,0.100000000000,900,0.000000000000,0.000000000000,0.000000000000,0.500000000000,0.500000000000,0.000000000000,0.000000000000,1.000000000000,1.000000000000,2.472916666667,0;0;0,0.500000000000,0.500000000000,0.000000000000,0.000000000000,1.000000000000
kv_fifo_eviction,18,1200,8,120,160,160,15,1.791759469228,2.728801861050,2.899374128016,1.387901130396,1.408948861060,0.562500000000,0.556250000000,72.000000000000,1.000000000000,0.800000000000,1.000000000000,1.954589378514,1.308844038656,320;320;320;320;320;320;480,entity:160;160;160;160;160;160;0|value:160;160;160;160;160;160;0|filler:0;0;0;0;0;0;0|query_marker:0;0;0;0;0;0;160|query_entity:0;0;0;0;0;0;160|context:0;0;0;0;0;0;160,kv_fifo_eviction,0.000000000000,0,1.954589378514,1.308844038656,0.000000000000,0.000000000000,0.000000000000,0.000000000000,9600,0.000000000000,0.847570286149,0.861507259190,0.646094865589,0.651688019255,0.412052348477,0.415602028162,0.017690514717,0.025041925107,0.580190514717,0.581291925107,0.363215656521,0.361000938721,54;56;50,640;640;640,0.000000000000,0.000000000000,0.000000000000,2.000000000000,0.100000000000,900,0.000000000000,0.000000000000,0.000000000000,1.000000000000,0.000000000000,0.500000000000,0.250000000000,0.493750000000,0.493750000000,1.000000000000,160;160;160,1.000000000000,0.000000000000,0.500000000000,0.248402777778,0.488333333333
kv_reservoir,18,1200,8,120,160,160,15,1.791759469228,2.250837351487,2.907587576937,1.224856421508,1.424488271586,0.650000000000,0.562500000000,72.000000000000,1.000000000000,0.621666666667,1.000000000000,2.318428140604,1.497245128318,320;320;320;320;320;320;480,entity:160;160;160;160;160;160;0|value:160;160;160;160;160;160;0|filler:0;0;0;0;0;0;0|query_marker:0;0;0;0;0;0;160|query_entity:0;0;0;0;0;0;160|context:0;0;0;0;0;0;160,kv_reservoir,0.000000000000,0,2.318428140604,1.497245128318,0.000000000000,0.000000000000,0.000000000000,0.000000000000,9600,0.000000000000,0.680515512751,0.849249077452,0.561703222758,0.650302324437,0.327170254395,0.408947057774,0.071850283080,0.048884195503,0.578149716920,0.574968425179,0.405197057405,0.359282379991,55;59;46,428;474;590,0.000000000000,0.000000000000,0.000000000000,2.000000000000,0.100000000000,900,0.000000000000,0.000000000000,0.000000000000,0.777083333333,0.222916666667,0.277083333333,0.137500000000,0.493750000000,0.493750000000,2.714583333333,54;77;135,0.781180555556,0.218819444444,0.281180555556,0.137569444444,0.526250000000
kv_hard_retention,18,1200,8,145,160,160,15,1.791759469228,1.544334653570,1.444641468700,0.957167718410,0.967698148972,0.762500000000,0.793750000000,107.000000000000,1.000000000000,0.668333333333,1.000000000000,1.144184310854,0.661158320408,320;320;320;320;320;320;480,entity:160;160;160;160;160;160;0|value:160;160;160;160;160;160;0|filler:0;0;0;0;0;0;0|query_marker:0;0;0;0;0;0;160|query_entity:0;0;0;0;0;0;160|context:0;0;0;0;0;0;160,kv_hard_retention,0.000000000000,0,1.144184310854,0.661158320408,0.000000000000,0.000000000000,0.000000000000,0.000000000000,9600,0.000000000000,0.462491704336,0.402777401166,0.412941531255,0.372400415009,0.213290113340,0.175925596444,0.072920362036,0.024092022953,0.823127648146,0.814288596083,0.637171296380,0.650414239796,55;55;50,572;492;540,0.000000000000,0.550762074986,0.000000000000,2.000000000000,0.100000000000,900,0.000000000000,0.547987622191,0.000000000000,0.835416666667,0.164583333333,0.335416666667,0.090625000000,0.768750000000,0.768750000000,2.377083333333,126;86;110,0.832152777778,0.167847222222,0.332152777778,0.093125000000,0.750833333333
kv_annealed_retention,18,1200,8,145,160,160,15,1.791759469228,1.544334653570,1.444641468700,0.120570390000,0.055933019597,0.981250000000,0.993750000000,107.000000000000,1.000000000000,0.531666666667,1.000000000000,0.916389941563,0.021186447767,320;320;320;320;320;320;480,entity:160;160;160;160;160;160;0|value:160;160;160;160;160;160;0|filler:0;0;0;0;0;0;0|query_marker:0;0;0;0;0;0;160|query_entity:0;0;0;0;0;0;160|context:0;0;0;0;0;0;160,kv_annealed_retention,0.000000000000,0,0.916389941563,0.021186447767,0.000000000000,0.000000000000,0.000000000000,0.000000000000,9600,0.000000000000,0.462491704336,0.402777401166,0.037054774533,0.012687189582,0.213290113340,0.175925596444,0.002061919531,0.014068401121,0.979188080469,0.979681598879,0.960976485704,0.973656631461,56;48;56,448;416;412,0.000000000000,0.544434369394,0.000000000000,2.000000000000,0.100000000000,900,0.000000000000,0.536829736016,0.000000000000,0.664583333333,0.335416666667,0.164583333333,0.009375000000,0.987500000000,0.987500000000,2.414583333333,64;48;46,0.658541666667,0.341458333333,0.158541666667,0.008125000000,0.983750000000
kv_full_capacity,19,1200,8,120,160,160,15,1.791759469228,0.016239332103,0.018257860966,0.003756533859,0.003750666094,1.000000000000,1.000000000000,96.000000000000,1.000000000000,0.800000000000,1.000000000000,0.010091645428,0.003764477508,320;320;320;320;320;320;480,entity:160;160;160;160;160;160;0|value:160;160;160;160;160;160;0|filler:0;0;0;0;0;0;0|query_marker:0;0;0;0;0;0;160|query_entity:0;0;0;0;0;0;160|context:0;0;0;0;0;0;160,kv_full_capacity,0.000000000000,0,0.010091645428,0.003764477508,0.000000000000,0.000000000000,0.000000000000,0.000000000000,9600,0.000000000000,0.000473002862,0.000607103321,0.000016939671,0.000016902778,0.016086636681,0.018072678527,0.003749465242,0.003743611953,0.996250534758,0.996256388047,0.996250534758,0.996256388047,24;25;23;28;35;25,320;320;320;320;320;320,0.000000000000,0.000000000000,0.000000000000,2.000000000000,0.100000000000,900,0.000000000000,0.000000000000,0.000000000000,1.000000000000,0.000000000000,0.000000000000,0.000000000000,1.000000000000,1.000000000000,2.500000000000,0;0;0;0;0;0,1.000000000000,0.000000000000,0.000000000000,0.000000000000,1.000000000000
kv_oracle_retention,19,1200,8,120,160,160,15,1.791759469228,0.016239332103,0.018257860966,0.003756533859,0.003750666094,1.000000000000,1.000000000000,72.000000000000,1.000000000000,0.400000000000,1.000000000000,0.010091645428,0.003764477508,320;320;320;320;320;320;480,entity:160;160;160;160;160;160;0|value:160;160;160;160;160;160;0|filler:0;0;0;0;0;0;0|query_marker:0;0;0;0;0;0;160|query_entity:0;0;0;0;0;0;160|context:0;0;0;0;0;0;160,kv_oracle_retention,0.000000000000,0,0.010091645428,0.003764477508,0.000000000000,0.000000000000,0.000000000000,0.000000000000,9600,0.000000000000,0.000473002862,0.000607103321,0.000016939671,0.000016902778,0.016086636681,0.018072678527,0.003749465242,0.003743611953,0.996250534758,0.996256388047,0.996250534758,0.996256388047,46;57;57,320;320;320,0.000000000000,0.000000000000,0.000000000000,2.000000000000,0.100000000000,900,0.000000000000,0.000000000000,0.000000000000,0.500000000000,0.500000000000,0.000000000000,0.000000000000,1.000000000000,1.000000000000,2.506250000000,0;0;0,0.500000000000,0.500000000000,0.000000000000,0.000000000000,1.000000000000
kv_fifo_eviction,19,1200,8,120,160,160,15,1.791759469228,2.960274710984,2.411695213244,1.379893747367,1.239696365746,0.568750000000,0.656250000000,72.000000000000,1.000000000000,0.800000000000,1.000000000000,2.226913950656,1.435068953175,320;320;320;320;320;320;480,entity:160;160;160;160;160;160;0|value:160;160;160;160;160;160;0|filler:0;0;0;0;0;0;0|query_marker:0;0;0;0;0;0;160|query_entity:0;0;0;0;0;0;160|context:0;0;0;0;0;0;160,kv_fifo_eviction,0.000000000000,0,2.226913950656,1.435068953175,0.000000000000,0.000000000000,0.000000000000,0.000000000000,9600,0.000000000000,0.845679090625,0.673103926515,0.640354384533,0.559024179329,0.414147633769,0.325575594378,0.013349407975,0.081529601720,0.575399459640,0.574720398280,0.364473956728,0.404950799235,52;57;51,640;640;640,0.000000000000,0.000000000000,0.000000000000,2.000000000000,0.100000000000,900,0.000000000000,0.000000000000,0.000000000000,1.000000000000,0.000000000000,0.500000000000,0.245833333333,0.550000000000,0.550000000000,1.000000000000,160;160;160,1.000000000000,0.000000000000,0.500000000000,0.248611111111,0.500000000000
kv_reservoir,19,1200,8,120,160,160,15,1.791759469228,2.421538648201,2.794055114752,1.233080485423,1.356318525167,0.650000000000,0.587500000000,72.000000000000,1.000000000000,0.661666666667,1.000000000000,2.592328706252,1.296123460477,320;320;320;320;320;320;480,entity:160;160;160;160;160;160;0|value:160;160;160;160;160;160;0|filler:0;0;0;0;0;0;0|query_marker:0;0;0;0;0;0;160|query_entity:0;0;0;0;0;0;160|context:0;0;0;0;0;0;160,kv_reservoir,0.000000000000,0,2.592328706252,1.296123460477,0.000000000000,0.000000000000,0.000000000000,0.000000000000,9600,0.000000000000,0.686508899408,0.807290420086,0.559248376212,0.621534795066,0.332832534248,0.395320185789,0.044094435255,0.058008180650,0.614430085073,0.615498380353,0.424946003361,0.394391655492,53;60;47,494;562;532,0.000000000000,0.000000000000,0.000000000000,2.000000000000,0.100000000000,900,0.000000000000,0.000000000000,0.000000000000,0.827083333333,0.172916666667,0.327083333333,0.169791666667,0.506250000000,0.506250000000,2.425000000000,87;121;106,0.829375000000,0.170625000000,0.329375000000,0.161458333333,0.541250000000
kv_hard_retention,19,1200,8,145,160,160,15,1.791759469228,2.724021188424,2.217593714014,1.274871460470,1.238141144642,0.625000000000,0.693750000000,107.000000000000,1.000000000000,0.598333333333,1.000000000000,2.036646389953,1.426390116234,320;320;320;320;320;320;480,entity:160;160;160;160;160;160;0|value:160;160;160;160;160;160;0|filler:0;0;0;0;0;0;0|query_marker:0;0;0;0;0;0;160|query_entity:0;0;0;0;0;0;160|context:0;0;0;0;0;0;160,kv_hard_retention,0.000000000000,0,2.036646389953,1.426390116234,0.000000000000,0.000000000000,0.000000000000,0.000000000000,9600,0.000000000000,0.735197808066,0.600808326857,0.588434105465,0.543688218678,0.358230255151,0.287199108308,0.100251400997,0.138556840400,0.563021085252,0.555193159600,0.385729724266,0.404405298337,47;49;64,474;480;482,0.000000000000,0.508283692588,0.000000000000,2.000000000000,0.100000000000,900,0.000000000000,0.505719651164,0.000000000000,0.747916666667,0.252083333333,0.247916666667,0.125000000000,0.600000000000,0.600000000000,2.552083333333,77;80;81,0.744305555556,0.255694444444,0.244305555556,0.119097222222,0.570000000000
kv_annealed_retention,19,1200,8,145,160,160,15,1.791759469228,2.724021188424,2.217593714014,0.052014855147,0.164961310433,0.993750000000,0.975000000000,107.000000000000,1.000000000000,0.535000000000,1.000000000000,2.141101151564,0.146720546376,320;320;320;320;320;320;480,entity:160;160;160;160;160;160;0|value:160;160;160;160;160;160;0|filler:0;0;0;0;0;0;0|query_marker:0;0;0;0;0;0;160|query_entity:0;0;0;0;0;0;160|context:0;0;0;0;0;0;160,kv_annealed_retention,0.000000000000,0,2.141101151564,0.146720546376,0.000000000000,0.000000000000,0.000000000000,0.000000000000,9600,0.000000000000,0.735197808066,0.600808326857,0.012555086966,0.049211052199,0.358230255151,0.287199108308,0.010866404681,0.006877542057,0.982883595319,0.981877542057,0.976802815625,0.957497830244,50;52;58,434;418;432,0.000000000000,0.500087258360,0.000000000000,2.000000000000,0.100000000000,900,0.000000000000,0.489896846948,0.000000000000,0.668750000000,0.331250000000,0.168750000000,0.010416666667,0.968750000000,0.968750000000,2.418750000000,57;49;56,0.665486111111,0.334513888889,0.165486111111,0.006805555556,0.986250000000
kv_full_capacity,20,1200,8,120,160,160,15,1.791759469228,0.013353187504,0.016253693288,0.003724567712,0.003847283227,1.000000000000,1.000000000000,96.000000000000,1.000000000000,0.800000000000,1.000000000000,0.007960275031,0.003751769389,320;320;320;320;320;320;480,entity:160;160;160;160;160;160;0|value:160;160;160;160;160;160;0|filler:0;0;0;0;0;0;0|query_marker:0;0;0;0;0;0;160|query_entity:0;0;0;0;0;0;160|context:0;0;0;0;0;0;160,kv_full_capacity,0.000000000000,0,0.007960275031,0.003751769389,0.000000000000,0.000000000000,0.000000000000,0.000000000000,9600,0.000000000000,0.000316256164,0.000427061612,0.000016702985,0.000017806494,0.013241566539,0.016103929645,0.003717601421,0.003839857573,0.996282398579,0.996160142427,0.996282398579,0.996160142427,20;27;21;30;33;29,320;320;320;320;320;320,0.000000000000,0.000000000000,0.000000000000,2.000000000000,0.100000000000,900,0.000000000000,0.000000000000,0.000000000000,1.000000000000,0.000000000000,0.000000000000,0.000000000000,1.000000000000,1.000000000000,2.500000000000,0;0;0;0;0;0,1.000000000000,0.000000000000,0.000000000000,0.000000000000,1.000000000000
kv_oracle_retention,20,1200,8,120,160,160,15,1.791759469228,0.013353187504,0.016253693288,0.003724567712,0.003847283227,1.000000000000,1.000000000000,72.000000000000,1.000000000000,0.400000000000,1.000000000000,0.007960275031,0.003751769389,320;320;320;320;320;320;480,entity:160;160;160;160;160;160;0|value:160;160;160;160;160;160;0|filler:0;0;0;0;0;0;0|query_marker:0;0;0;0;0;0;160|query_entity:0;0;0;0;0;0;160|context:0;0;0;0;0;0;160,kv_oracle_retention,0.000000000000,0,0.007960275031,0.003751769389,0.000000000000,0.000000000000,0.000000000000,0.000000000000,9600,0.000000000000,0.000316256164,0.000427061612,0.000016702985,0.000017806494,0.013241566539,0.016103929645,0.003717601421,0.003839857573,0.996282398579,0.996160142427,0.996282398579,0.996160142427,49;57;54,320;320;320,0.000000000000,0.000000000000,0.000000000000,2.000000000000,0.100000000000,900,0.000000000000,0.000000000000,0.000000000000,0.500000000000,0.500000000000,0.000000000000,0.000000000000,1.000000000000,1.000000000000,2.387500000000,0;0;0,0.500000000000,0.500000000000,0.000000000000,0.000000000000,1.000000000000
kv_fifo_eviction,20,1200,8,120,160,160,15,1.791759469228,2.881577791484,2.307354689751,1.381486620073,1.243656206306,0.581250000000,0.650000000000,72.000000000000,1.000000000000,0.800000000000,1.000000000000,2.898420762417,1.334114900010,320;320;320;320;320;320;480,entity:160;160;160;160;160;160;0|value:160;160;160;160;160;160;0|filler:0;0;0;0;0;0;0|query_marker:0;0;0;0;0;0;160|query_entity:0;0;0;0;0;0;160|context:0;0;0;0;0;0;160,kv_fifo_eviction,0.000000000000,0,2.898420762417,1.334114900010,0.000000000000,0.000000000000,0.000000000000,0.000000000000,9600,0.000000000000,0.825688026069,0.689634967044,0.631977630978,0.570364673473,0.405769723521,0.335406062113,0.001453569976,0.105046538067,0.579796430024,0.575933907907,0.371758721825,0.400986281588,53;53;54,640;640;640,0.000000000000,0.000000000000,0.000000000000,2.000000000000,0.100000000000,900,0.000000000000,0.000000000000,0.000000000000,1.000000000000,0.000000000000,0.500000000000,0.233333333333,0.575000000000,0.575000000000,1.000000000000,160;160;160,1.000000000000,0.000000000000,0.500000000000,0.248958333333,0.500000000000
kv_reservoir,20,1200,8,120,160,160,15,1.791759469228,2.767519564967,2.246571533027,1.347040157432,1.192207988151,0.587500000000,0.668750000000,72.000000000000,1.000000000000,0.645000000000,1.000000000000,1.920390013088,1.204782251302,320;320;320;320;320;320;480,entity:160;160;160;160;160;160;0|value:160;160;160;160;160;160;0|filler:0;0;0;0;0;0;0|query_marker:0;0;0;0;0;0;160|query_entity:0;0;0;0;0;0;160|context:0;0;0;0;0;0;160,kv_reservoir,0.000000000000,0,1.920390013088,1.204782251302,0.000000000000,0.000000000000,0.000000000000,0.000000000000,9600,0.000000000000,0.813030579872,0.653230085975,0.622161775205,0.534585457924,0.399346905624,0.316810645244,0.033649138482,0.045155909244,0.621149138482,0.623594090756,0.397212018361,0.442371077361,54;43;63,506;562;480,0.000000000000,0.000000000000,0.000000000000,2.000000000000,0.100000000000,900,0.000000000000,0.000000000000,0.000000000000,0.806250000000,0.193750000000,0.306250000000,0.138541666667,0.568750000000,0.568750000000,2.435416666667,93;121;80,0.810416666667,0.189583333333,0.310416666667,0.149513888889,0.563333333333
kv_hard_retention,20,1200,8,145,160,160,15,1.791759469228,3.170662621892,3.225827325556,1.438819859954,1.461266484994,0.537500000000,0.531250000000,107.000000000000,1.000000000000,0.600000000000,1.000000000000,3.088463442795,1.431882092765,320;320;320;320;320;320;480,entity:160;160;160;160;160;160;0|value:160;160;160;160;160;160;0|filler:0;0;0;0;0;0;0|query_marker:0;0;0;0;0;0;160|query_entity:0;0;0;0;0;0;160|context:0;0;0;0;0;0;160,kv_hard_retention,0.000000000000,0,3.088463442795,1.431882092765,0.000000000000,0.000000000000,0.000000000000,0.000000000000,9600,0.000000000000,0.910067778690,0.923021451135,0.670082520017,0.678731555332,0.449493340389,0.452555873380,0.016616605430,0.019829868009,0.520883394570,0.516689755510,0.324472504021,0.318314096170,52;57;51,472;508;460,0.000000000000,0.544405947551,0.000000000000,2.000000000000,0.100000000000,900,0.000000000000,0.537884891009,0.000000000000,0.750000000000,0.250000000000,0.250000000000,0.115625000000,0.431250000000,0.431250000000,2.447916666667,76;94;70,0.747361111111,0.252638888889,0.247361111111,0.114791666667,0.437500000000
kv_annealed_retention,20,1200,8,145,160,160,15,1.791759469228,3.170662621892,3.225827325556,0.087504726580,0.199032165800,0.987500000000,0.968750000000,107.000000000000,1.000000000000,0.521666666667,1.000000000000,2.611639905919,0.019182100298,320;320;320;320;320;320;480,entity:160;160;160;160;160;160;0|value:160;160;160;160;160;160;0|filler:0;0;0;0;0;0;0|query_marker:0;0;0;0;0;0;160|query_entity:0;0;0;0;0;0;160|context:0;0;0;0;0;0;160,kv_annealed_retention,0.000000000000,0,2.611639905919,0.019182100298,0.000000000000,0.000000000000,0.000000000000,0.000000000000,9600,0.000000000000,0.910067778690,0.923021451135,0.024916915558,0.061307746718,0.449493340389,0.452555873380,0.007180227774,0.011307745291,0.980319772226,0.980057745291,0.968122455490,0.949676714030,51;44;65,410;432;410,0.000000000000,0.583776202352,0.000000000000,2.000000000000,0.100000000000,900,0.000000000000,0.576948608226,0.000000000000,0.652083333333,0.347916666667,0.152083333333,0.009375000000,0.968750000000,0.968750000000,2.329166666667,45;56;45,0.636805555556,0.363194444444,0.136805555556,0.008472222222,0.980833333333
kv_full_capacity,21,1200,8,120,160,160,15,1.791759469228,0.167953283896,0.209166448718,0.003729479607,0.003766213158,1.000000000000,1.000000000000,96.000000000000,1.000000000000,0.800000000000,1.000000000000,0.092740786526,0.003742051894,320;320;320;320;320;320;480,entity:160;160;160;160;160;160;0|value:160;160;160;160;160;160;0|filler:0;0;0;0;0;0;0|query_marker:0;0;0;0;0;0;160|query_entity:0;0;0;0;0;0;160|context:0;0;0;0;0;0;160,kv_full_capacity,0.000000000000,0,0.092740786526,0.003742051894,0.000000000000,0.000000000000,0.000000000000,0.000000000000,9600,0.000000000000,0.055535411606,0.078240897127,0.000016647626,0.000016976441,0.150524585015,0.184927404163,0.003722527860,0.003759124070,0.996277472140,0.996240875930,0.996277472140,0.996240875930,16;33;30;28;23;30,320;320;320;320;320;320,0.000000000000,0.000000000000,0.000000000000,2.000000000000,0.100000000000,900,0.000000000000,0.000000000000,0.000000000000,1.000000000000,0.000000000000,0.000000000000,0.000000000000,1.000000000000,1.000000000000,2.500000000000,0;0;0;0;0;0,1.000000000000,0.000000000000,0.000000000000,0.000000000000,1.000000000000
kv_oracle_retention,21,1200,8,120,160,160,15,1.791759469228,0.167953283896,0.209166448718,0.003729479607,0.003766213158,1.000000000000,1.000000000000,72.000000000000,1.000000000000,0.400000000000,1.000000000000,0.092740786526,0.003742051894,320;320;320;320;320;320;480,entity:160;160;160;160;160;160;0|value:160;160;160;160;160;160;0|filler:0;0;0;0;0;0;0|query_marker:0;0;0;0;0;0;160|query_entity:0;0;0;0;0;0;160|context:0;0;0;0;0;0;160,kv_oracle_retention,0.000000000000,0,0.092740786526,0.003742051894,0.000000000000,0.000000000000,0.000000000000,0.000000000000,9600,0.000000000000,0.055535411606,0.078240897127,0.000016647626,0.000016976441,0.150524585015,0.184927404163,0.003722527860,0.003759124070,0.996277472140,0.996240875930,0.996277472140,0.996240875930,45;57;58,320;320;320,0.000000000000,0.000000000000,0.000000000000,2.000000000000,0.100000000000,900,0.000000000000,0.000000000000,0.000000000000,0.500000000000,0.500000000000,0.000000000000,0.000000000000,1.000000000000,1.000000000000,2.493750000000,0;0;0,0.500000000000,0.500000000000,0.000000000000,0.000000000000,1.000000000000
kv_fifo_eviction,21,1200,8,120,160,160,15,1.791759469228,2.188179075498,2.870007881382,1.251314799431,1.443923744737,0.631250000000,0.550000000000,72.000000000000,1.000000000000,0.800000000000,1.000000000000,2.789954494095,1.291711994146,320;320;320;320;320;320;480,entity:160;160;160;160;160;160;0|value:160;160;160;160;160;160;0|filler:0;0;0;0;0;0;0|query_marker:0;0;0;0;0;0;160|query_entity:0;0;0;0;0;0;160|context:0;0;0;0;0;0;160,kv_fifo_eviction,0.000000000000,0,2.789954494095,1.291711994146,0.000000000000,0.000000000000,0.000000000000,0.000000000000,9600,0.000000000000,0.659874561723,0.801278304272,0.573176049483,0.671582019001,0.215877830713,0.279780347789,0.011742036595,0.100171701747,0.619507963405,0.622075869849,0.420943912814,0.373137875404,56;54;50,640;640;640,0.000000000000,0.000000000000,0.000000000000,2.000000000000,0.100000000000,900,0.000000000000,0.000000000000,0.000000000000,1.000000000000,0.000000000000,0.500000000000,0.251041666667,0.506250000000,0.506250000000,1.000000000000,160;160;160,1.000000000000,0.000000000000,0.500000000000,0.248263888889,0.501666666667
kv_reservoir,21,1200,8,120,160,160,15,1.791759469228,2.582470255555,2.551418611873,1.357407275597,1.342355187062,0.581250000000,0.593750000000,72.000000000000,1.000000000000,0.629166666667,1.000000000000,2.193410683658,1.321429965202,320;320;320;320;320;320;480,entity:160;160;160;160;160;160;0|value:160;160;160;160;160;160;0|filler:0;0;0;0;0;0;0|query_marker:0;0;0;0;0;0;160|query_entity:0;0;0;0;0;0;160|context:0;0;0;0;0;0;160,kv_reservoir,0.000000000000,0,2.193410683658,1.321429965202,0.000000000000,0.000000000000,0.000000000000,0.000000000000,9600,0.000000000000,0.735747936761,0.731451866466,0.627630582626,0.613286404450,0.271566360561,0.239305279110,0.022428999607,0.105155346371,0.603678999607,0.604770511561,0.385294589779,0.392984810205,43;42;75,362;530;618,0.000000000000,0.000000000000,0.000000000000,2.000000000000,0.100000000000,900,0.000000000000,0.000000000000,0.000000000000,0.786458333333,0.213541666667,0.286458333333,0.152083333333,0.512500000000,0.512500000000,2.835416666667,21;105;149,0.771250000000,0.228750000000,0.271250000000,0.138680555556,0.484166666667
kv_hard_retention,21,1200,8,145,160,160,15,1.791759469228,2.664250195334,3.164303272422,1.417859273417,1.558995568511,0.543750000000,0.475000000000,107.000000000000,1.000000000000,0.606666666667,1.000000000000,2.812794239005,1.429262157528,320;320;320;320;320;320;480,entity:160;160;160;160;160;160;0|value:160;160;160;160;160;160;0|filler:0;0;0;0;0;0;0|query_marker:0;0;0;0;0;0;160|query_entity:0;0;0;0;0;0;160|context:0;0;0;0;0;0;160,kv_hard_retention,0.000000000000,0,2.812794239005,1.429262157528,0.000000000000,0.000000000000,0.000000000000,0.000000000000,9600,0.000000000000,0.801502555099,0.921454511445,0.663130293292,0.721847887931,0.308643561788,0.352363642234,0.001493764638,0.069127804081,0.545243764638,0.544127804081,0.338993624182,0.309284001540,52;50;58,504;478;474,0.000000000000,0.514562598009,0.000000000000,2.000000000000,0.100000000000,900,0.000000000000,0.507409041152,0.000000000000,0.758333333333,0.241666666667,0.258333333333,0.144791666667,0.418750000000,0.418750000000,2.425000000000,92;79;77,0.749791666667,0.250208333333,0.249791666667,0.153541666667,0.406666666667
kv_annealed_retention,21,1200,8,145,160,160,15,1.791759469228,2.664250195334,3.164303272422,0.291035190497,0.303320128936,0.943750000000,0.962500000000,107.000000000000,1.000000000000,0.517500000000,1.000000000000,3.047276905612,0.215705335043,320;320;320;320;320;320;480,entity:160;160;160;160;160;160;0|value:160;160;160;160;160;160;0|filler:0;0;0;0;0;0;0|query_marker:0;0;0;0;0;0;160|query_entity:0;0;0;0;0;0;160|context:0;0;0;0;0;0;160,kv_annealed_retention,0.000000000000,0,3.047276905612,0.215705335043,0.000000000000,0.000000000000,0.000000000000,0.000000000000,9600,0.000000000000,0.801502555099,0.921454511445,0.107398433917,0.074412479804,0.308643561788,0.352363642234,0.004380898014,0.015533017217,0.948130898014,0.946966982783,0.896478176194,0.911895821025,47;50;63,422;408;412,0.000000000000,0.560573585579,0.000000000000,2.000000000000,0.100000000000,900,0.000000000000,0.552285237053,0.000000000000,0.646875000000,0.353125000000,0.146875000000,0.018750000000,0.962500000000,0.962500000000,2.418750000000,51;44;46,0.672222222222,0.327777777778,0.172222222222,0.026250000000,0.947500000000
kv_full_capacity,22,1200,8,120,160,160,15,1.791759469228,0.125358661345,0.131828288849,0.003724816244,0.003755425492,1.000000000000,1.000000000000,96.000000000000,1.000000000000,0.800000000000,1.000000000000,0.056507050178,0.003764003318,320;320;320;320;320;320;480,entity:160;160;160;160;160;160;0|value:160;160;160;160;160;160;0|filler:0;0;0;0;0;0;0|query_marker:0;0;0;0;0;0;160|query_entity:0;0;0;0;0;0;160|context:0;0;0;0;0;0;160,kv_full_capacity,0.000000000000,0,0.056507050178,0.003764003318,0.000000000000,0.000000000000,0.000000000000,0.000000000000,9600,0.000000000000,0.037491676613,0.040087963081,0.000016611575,0.000016879126,0.113676579766,0.119392375512,0.003717880656,0.003748378236,0.996282119344,0.996251621764,0.996282119344,0.996251621764,30;32;12;32;29;25,320;320;320;320;320;320,0.000000000000,0.000000000000,0.000000000000,2.000000000000,0.100000000000,900,0.000000000000,0.000000000000,0.000000000000,1.000000000000,0.000000000000,0.000000000000,0.000000000000,1.000000000000,1.000000000000,2.500000000000,0;0;0;0;0;0,1.000000000000,0.000000000000,0.000000000000,0.000000000000,1.000000000000
kv_oracle_retention,22,1200,8,120,160,160,15,1.791759469228,0.125358661345,0.131828288849,0.003724816244,0.003755425492,1.000000000000,1.000000000000,72.000000000000,1.000000000000,0.400000000000,1.000000000000,0.056507050178,0.003764003318,320;320;320;320;320;320;480,entity:160;160;160;160;160;160;0|value:160;160;160;160;160;160;0|filler:0;0;0;0;0;0;0|query_marker:0;0;0;0;0;0;160|query_entity:0;0;0;0;0;0;160|context:0;0;0;0;0;0;160,kv_oracle_retention,0.000000000000,0,0.056507050178,0.003764003318,0.000000000000,0.000000000000,0.000000000000,0.000000000000,9600,0.000000000000,0.037491676613,0.040087963081,0.000016611575,0.000016879126,0.113676579766,0.119392375512,0.003717880656,0.003748378236,0.996282119344,0.996251621764,0.996282119344,0.996251621764,52;43;65,320;320;320,0.000000000000,0.000000000000,0.000000000000,2.000000000000,0.100000000000,900,0.000000000000,0.000000000000,0.000000000000,0.500000000000,0.500000000000,0.000000000000,0.000000000000,1.000000000000,1.000000000000,2.622916666667,0;0;0,0.500000000000,0.500000000000,0.000000000000,0.000000000000,1.000000000000
kv_fifo_eviction,22,1200,8,120,160,160,15,1.791759469228,2.623502001397,2.458676348407,1.295707549195,1.296633013677,0.618750000000,0.612500000000,72.000000000000,1.000000000000,0.800000000000,1.000000000000,2.293262719826,1.369529720948,320;320;320;320;320;320;480,entity:160;160;160;160;160;160;0|value:160;160;160;160;160;160;0|filler:0;0;0;0;0;0;0|query_marker:0;0;0;0;0;0;160|query_entity:0;0;0;0;0;0;160|context:0;0;0;0;0;0;160,kv_fifo_eviction,0.000000000000,0,2.293262719826,1.369529720948,0.000000000000,0.000000000000,0.000000000000,0.000000000000,9600,0.000000000000,0.691801106584,0.686661553254,0.591272548596,0.594429848772,0.269517186349,0.267887910028,0.044983590524,0.043338262835,0.573766409476,0.569161737165,0.389002595439,0.385152523447,56;55;49,640;640;640,0.000000000000,0.000000000000,0.000000000000,2.000000000000,0.100000000000,900,0.000000000000,0.000000000000,0.000000000000,1.000000000000,0.000000000000,0.500000000000,0.262500000000,0.537500000000,0.537500000000,1.000000000000,160;160;160,1.000000000000,0.000000000000,0.500000000000,0.242847222222,0.505833333333
kv_reservoir,22,1200,8,120,160,160,15,1.791759469228,2.638623354228,2.490590554788,1.319893720330,1.252490195838,0.612500000000,0.625000000000,72.000000000000,1.000000000000,0.683333333333,1.000000000000,1.912318153729,1.171765689604,320;320;320;320;320;320;480,entity:160;160;160;160;160;160;0|value:160;160;160;160;160;160;0|filler:0;0;0;0;0;0;0|query_marker:0;0;0;0;0;0;160|query_entity:0;0;0;0;0;0;160|context:0;0;0;0;0;0;160,kv_reservoir,0.000000000000,0,1.912318153729,1.171765689604,0.000000000000,0.000000000000,0.000000000000,0.000000000000,9600,0.000000000000,0.707101124262,0.701256667004,0.597046583490,0.578681466434,0.274625729530,0.267019016991,0.008013488788,0.039108000396,0.608846959892,0.603391345843,0.404029044498,0.410393553965,60;59;41,570;542;528,0.000000000000,0.000000000000,0.000000000000,2.000000000000,0.100000000000,900,0.000000000000,0.000000000000,0.000000000000,0.854166666667,0.145833333333,0.354166666667,0.186458333333,0.531250000000,0.531250000000,2.362500000000,125;111;104,0.860694444444,0.139305555556,0.360694444444,0.175486111111,0.516666666667
kv_hard_retention,22,1200,8,145,160,160,15,1.791759469228,2.123641670474,2.243296481069,1.232650456893,1.268061368930,0.650000000000,0.625000000000,107.000000000000,1.000000000000,0.584166666667,1.000000000000,2.539221435538,1.333884251615,320;320;320;320;320;320;480,entity:160;160;160;160;160;160;0|value:160;160;160;160;160;160;0|filler:0;0;0;0;0;0;0|query_marker:0;0;0;0;0;0;160|query_entity:0;0;0;0;0;0;160|context:0;0;0;0;0;0;160,kv_hard_retention,0.000000000000,0,2.539221435538,1.333884251615,0.000000000000,0.000000000000,0.000000000000,0.000000000000,9600,0.000000000000,0.629504877369,0.673077531300,0.558627715015,0.581496989835,0.233082589445,0.268636797685,0.061791732513,0.036122725655,0.588208267487,0.588877274345,0.412183860064,0.401168070181,51;57;52,474;458;470,0.000000000000,0.503623167413,0.000000000000,2.000000000000,0.100000000000,900,0.000000000000,0.511462585707,0.000000000000,0.730208333333,0.269791666667,0.230208333333,0.117708333333,0.512500000000,0.512500000000,2.641666666667,77;69;75,0.735972222222,0.264027777778,0.235972222222,0.117361111111,0.524166666667
kv_annealed_retention,22,1200,8,145,160,160,15,1.791759469228,2.123641670474,2.243296481069,0.605850958822,0.885766782396,0.868750000000,0.818750000000,107.000000000000,1.000000000000,0.579166666667,1.000000000000,2.454624866842,0.348229223371,320;320;320;320;320;320;480,entity:160;160;160;160;160;160;0|value:160;160;160;160;160;160;0|filler:0;0;0;0;0;0;0|query_marker:0;0;0;0;0;0;160|query_entity:0;0;0;0;0;0;160|context:0;0;0;0;0;0;160,kv_annealed_retention,0.000000000000,0,2.454624866842,0.348229223371,0.000000000000,0.000000000000,0.000000000000,0.000000000000,9600,0.000000000000,0.629504877369,0.673077531300,0.241577349901,0.334456400579,0.233082589445,0.268636797685,0.007983950131,0.029128609734,0.860766049869,0.847878609734,0.753538362742,0.696563260080,57;53;50,440;474;476,0.000000000000,0.506605297925,0.000000000000,2.000000000000,0.100000000000,900,0.000000000000,0.496814909131,0.000000000000,0.723958333333,0.276041666667,0.223958333333,0.086458333333,0.806250000000,0.806250000000,2.393750000000,60;77;78,0.718333333333,0.281666666667,0.218333333333,0.080138888889,0.834166666667
kv_full_capacity,23,1200,8,120,160,160,15,1.791759469228,0.030407314558,0.033700120646,0.003744210492,0.003766252905,1.000000000000,1.000000000000,96.000000000000,1.000000000000,0.800000000000,1.000000000000,0.020133023566,0.003719292548,320;320;320;320;320;320;480,entity:160;160;160;160;160;160;0|value:160;160;160;160;160;160;0|filler:0;0;0;0;0;0;0|query_marker:0;0;0;0;0;0;160|query_entity:0;0;0;0;0;0;160|context:0;0;0;0;0;0;160,kv_full_capacity,0.000000000000,0,0.020133023566,0.003719292548,0.000000000000,0.000000000000,0.000000000000,0.000000000000,9600,0.000000000000,0.001693587155,0.002024305058,0.000016827383,0.000017020959,0.029808459624,0.033000692747,0.003737187314,0.003759149341,0.996262812686,0.996240850659,0.996262812686,0.996240850659,15;26;25;29;37;28,320;320;320;320;320;320,0.000000000000,0.000000000000,0.000000000000,2.000000000000,0.100000000000,900,0.000000000000,0.000000000000,0.000000000000,1.000000000000,0.000000000000,0.000000000000,0.000000000000,1.000000000000,1.000000000000,2.500000000000,0;0;0;0;0;0,1.000000000000,0.000000000000,0.000000000000,0.000000000000,1.000000000000
kv_oracle_retention,23,1200,8,120,160,160,15,1.791759469228,0.030407314558,0.033700120646,0.003744210492,0.003766252905,1.000000000000,1.000000000000,72.000000000000,1.000000000000,0.400000000000,1.000000000000,0.020133023566,0.003719292548,320;320;320;320;320;320;480,entity:160;160;160;160;160;160;0|value:160;160;160;160;160;160;0|filler:0;0;0;0;0;0;0|query_marker:0;0;0;0;0;0;160|query_entity:0;0;0;0;0;0;160|context:0;0;0;0;0;0;160,kv_oracle_retention,0.000000000000,0,0.020133023566,0.003719292548,0.000000000000,0.000000000000,0.000000000000,0.000000000000,9600,0.000000000000,0.001693587155,0.002024305058,0.000016827383,0.000017020959,0.029808459624,0.033000692747,0.003737187314,0.003759149341,0.996262812686,0.996240850659,0.996262812686,0.996240850659,33;64;63,320;320;320,0.000000000000,0.000000000000,0.000000000000,2.000000000000,0.100000000000,900,0.000000000000,0.000000000000,0.000000000000,0.500000000000,0.500000000000,0.000000000000,0.000000000000,1.000000000000,1.000000000000,2.450000000000,0;0;0,0.500000000000,0.500000000000,0.000000000000,0.000000000000,1.000000000000
kv_fifo_eviction,23,1200,8,120,160,160,15,1.791759469228,2.836777005026,2.458136938310,1.400337285534,1.300333307386,0.568750000000,0.618750000000,72.000000000000,1.000000000000,0.800000000000,1.000000000000,2.193250046818,1.435006672253,320;320;320;320;320;320;480,entity:160;160;160;160;160;160;0|value:160;160;160;160;160;160;0|filler:0;0;0;0;0;0;0|query_marker:0;0;0;0;0;0;160|query_entity:0;0;0;0;0;0;160|context:0;0;0;0;0;0;160,kv_fifo_eviction,0.000000000000,0,2.193250046818,1.435006672253,0.000000000000,0.000000000000,0.000000000000,0.000000000000,9600,0.000000000000,0.834437629251,0.739616377568,0.645812515111,0.591591598434,0.402284777837,0.350601871537,0.007200958557,0.050775009821,0.561549041443,0.567974990179,0.354959033870,0.385195124209,47;57;56,640;640;640,0.000000000000,0.000000000000,0.000000000000,2.000000000000,0.100000000000,900,0.000000000000,0.000000000000,0.000000000000,1.000000000000,0.000000000000,0.500000000000,0.250000000000,0.587500000000,0.587500000000,1.000000000000,160;160;160,1.000000000000,0.000000000000,0.500000000000,0.249722222222,0.507083333333
kv_reservoir,23,1200,8,120,160,160,15,1.791759469228,2.707151490763,2.864384905349,1.334717749917,1.488272208685,0.593750000000,0.531250000000,72.000000000000,1.000000000000,0.641666666667,1.000000000000,2.316608549703,1.185059781639,320;320;320;320;320;320;480,entity:160;160;160;160;160;160;0|value:160;160;160;160;160;160;0|filler:0;0;0;0;0;0;0|query_marker:0;0;0;0;0;0;160|query_entity:0;0;0;0;0;0;160|context:0;0;0;0;0;0;160,kv_reservoir,0.000000000000,0,2.316608549703,1.185059781639,0.000000000000,0.000000000000,0.000000000000,0.000000000000,9600,0.000000000000,0.788278444245,0.907095069724,0.617735803994,0.685420187275,0.376644171040,0.439208532812,0.031808316722,0.081929163220,0.608462734206,0.613179163220,0.392741547855,0.361541852607,46;56;58,514;522;504,0.000000000000,0.000000000000,0.000000000000,2.000000000000,0.100000000000,900,0.000000000000,0.000000000000,0.000000000000,0.802083333333,0.197916666667,0.302083333333,0.150000000000,0.468750000000,0.468750000000,2.612500000000,97;101;92,0.815763888889,0.184236111111,0.315763888889,0.162500000000,0.501250000000
kv_hard_retention,23,1200,8,145,160,160,15,1.791759469228,2.471463513708,2.944995431764,1.314478575998,1.520360503079,0.600000000000,0.543750000000,107.000000000000,1.000000000000,0.582500000000,1.000000000000,2.486874034428,1.134844421473,320;320;320;320;320;320;480,entity:160;160;160;160;160;160;0|value:160;160;160;160;160;160;0|filler:0;0;0;0;0;0;0|query_marker:0;0;0;0;0;0;160|query_entity:0;0;0;0;0;0;160|context:0;0;0;0;0;0;160,kv_hard_retention,0.000000000000,0,2.486874034428,1.134844421473,0.000000000000,0.000000000000,0.000000000000,0.000000000000,9600,0.000000000000,0.770108144706,0.882203683200,0.605460601503,0.692868915904,0.369049207014,0.427404575404,0.038956003976,0.104219016684,0.638956003976,0.632354359607,0.416206553797,0.368864154960,55;53;52,468;486;444,0.000000000000,0.576238070163,0.000000000000,2.000000000000,0.100000000000,900,0.000000000000,0.566682866419,0.000000000000,0.728125000000,0.271875000000,0.228125000000,0.089583333333,0.518750000000,0.518750000000,2.477083333333,74;83;62,0.732083333333,0.267916666667,0.232083333333,0.088680555556,0.532500000000
kv_annealed_retention,23,1200,8,145,160,160,15,1.791759469228,2.471463513708,2.944995431764,0.628961385867,0.771412761848,0.856250000000,0.868750000000,107.000000000000,1.000000000000,0.556666666667,1.000000000000,1.991588920723,0.663653401276,320;320;320;320;320;320;480,entity:160;160;160;160;160;160;0|value:160;160;160;160;160;160;0|filler:0;0;0;0;0;0;0|query_marker:0;0;0;0;0;0;160|query_entity:0;0;0;0;0;0;160|context:0;0;0;0;0;0;160,kv_annealed_retention,0.000000000000,0,1.991588920723,0.663653401276,0.000000000000,0.000000000000,0.000000000000,0.000000000000,9600,0.000000000000,0.770108144706,0.882203683200,0.260745802306,0.252128384962,0.369049207014,0.427404575404,0.037942205403,0.057483383645,0.839751074632,0.828925663843,0.727854700059,0.724471304997,44;60;56,478;442;416,0.000000000000,0.538169763331,0.000000000000,2.000000000000,0.100000000000,900,0.000000000000,0.506642157546,0.000000000000,0.695833333333,0.304166666667,0.195833333333,0.066666666667,0.850000000000,0.850000000000,2.202083333333,79;61;48,0.685555555556,0.314444444444,0.185555555556,0.064027777778,0.820833333333
kv_full_capacity,24,1200,8,120,160,160,15,1.791759469228,0.056311344411,0.053821308732,0.003722622370,0.003711712036,1.000000000000,1.000000000000,96.000000000000,1.000000000000,0.800000000000,1.000000000000,0.033780950370,0.003743994530,320;320;320;320;320;320;480,entity:160;160;160;160;160;160;0|value:160;160;160;160;160;160;0|filler:0;0;0;0;0;0;0|query_marker:0;0;0;0;0;0;160|query_entity:0;0;0;0;0;0;160|context:0;0;0;0;0;0;160,kv_full_capacity,0.000000000000,0,0.033780950370,0.003743994530,0.000000000000,0.000000000000,0.000000000000,0.000000000000,9600,0.000000000000,0.005348520770,0.005043784119,0.000016616379,0.000016507236,0.054503137941,0.052067287089,0.003715685837,0.003704821413,0.996284314163,0.996295178587,0.996284314163,0.996295178587,34;22;28;25;24;27,320;320;320;320;320;320,0.000000000000,0.000000000000,0.000000000000,2.000000000000,0.100000000000,900,0.000000000000,0.000000000000,0.000000000000,1.000000000000,0.000000000000,0.000000000000,0.000000000000,1.000000000000,1.000000000000,2.500000000000,0;0;0;0;0;0,1.000000000000,0.000000000000,0.000000000000,0.000000000000,1.000000000000
kv_oracle_retention,24,1200,8,120,160,160,15,1.791759469228,0.056311344411,0.053821308732,0.003722622370,0.003711712036,1.000000000000,1.000000000000,72.000000000000,1.000000000000,0.400000000000,1.000000000000,0.033780950370,0.003743994530,320;320;320;320;320;320;480,entity:160;160;160;160;160;160;0|value:160;160;160;160;160;160;0|filler:0;0;0;0;0;0;0|query_marker:0;0;0;0;0;0;160|query_entity:0;0;0;0;0;0;160|context:0;0;0;0;0;0;160,kv_oracle_retention,0.000000000000,0,0.033780950370,0.003743994530,0.000000000000,0.000000000000,0.000000000000,0.000000000000,9600,0.000000000000,0.005348520770,0.005043784119,0.000016616379,0.000016507236,0.054503137941,0.052067287089,0.003715685837,0.003704821413,0.996284314163,0.996295178587,0.996284314163,0.996295178587,58;52;50,320;320;320,0.000000000000,0.000000000000,0.000000000000,2.000000000000,0.100000000000,900,0.000000000000,0.000000000000,0.000000000000,0.500000000000,0.500000000000,0.000000000000,0.000000000000,1.000000000000,1.000000000000,2.472916666667,0;0;0,0.500000000000,0.500000000000,0.000000000000,0.000000000000,1.000000000000
kv_fifo_eviction,24,1200,8,120,160,160,15,1.791759469228,2.147280272231,3.070322901224,1.265857772475,1.470810789542,0.631250000000,0.531250000000,72.000000000000,1.000000000000,0.800000000000,1.000000000000,2.841507153007,1.351927563812,320;320;320;320;320;320;480,entity:160;160;160;160;160;160;0|value:160;160;160;160;160;160;0|filler:0;0;0;0;0;0;0|query_marker:0;0;0;0;0;0;160|query_entity:0;0;0;0;0;0;160|context:0;0;0;0;0;0;160,kv_fifo_eviction,0.000000000000,0,2.841507153007,1.351927563812,0.000000000000,0.000000000000,0.000000000000,0.000000000000,9600,0.000000000000,0.690875829394,0.877928303766,0.579308267885,0.672245456189,0.313902549856,0.411883780601,0.060227474921,0.039665444955,0.571022525079,0.570915444955,0.394332198194,0.347779760865,51;52;57,640;640;640,0.000000000000,0.000000000000,0.000000000000,2.000000000000,0.100000000000,900,0.000000000000,0.000000000000,0.000000000000,1.000000000000,0.000000000000,0.500000000000,0.244791666667,0.475000000000,0.475000000000,1.000000000000,160;160;160,1.000000000000,0.000000000000,0.500000000000,0.253472222222,0.473333333333
kv_reservoir,24,1200,8,120,160,160,15,1.791759469228,2.276816091908,2.566250262825,1.261461703575,1.340228674240,0.637500000000,0.587500000000,72.000000000000,1.000000000000,0.645000000000,1.000000000000,2.538486607492,1.388436915388,320;320;320;320;320;320;480,entity:160;160;160;160;160;160;0|value:160;160;160;160;160;160;0|filler:0;0;0;0;0;0;0|query_marker:0;0;0;0;0;0;160|query_entity:0;0;0;0;0;0;160|context:0;0;0;0;0;0;160,kv_reservoir,0.000000000000,0,2.538486607492,1.388436915388,0.000000000000,0.000000000000,0.000000000000,0.000000000000,9600,0.000000000000,0.680759246749,0.771297442964,0.578507813928,0.618935132837,0.307133123671,0.355452127691,0.080115385022,0.024600608922,0.561645225544,0.562899391078,0.388960727642,0.369296689976,60;58;42,538;558;452,0.000000000000,0.000000000000,0.000000000000,2.000000000000,0.100000000000,900,0.000000000000,0.000000000000,0.000000000000,0.806250000000,0.193750000000,0.306250000000,0.148958333333,0.493750000000,0.493750000000,2.402083333333,109;119;66,0.809236111111,0.190763888889,0.309236111111,0.146597222222,0.509166666667
kv_hard_retention,24,1200,8,145,160,160,15,1.791759469228,2.078227385506,2.719455974706,1.195534217166,1.425685556011,0.675000000000,0.587500000000,107.000000000000,1.000000000000,0.587500000000,1.000000000000,2.248956170961,1.112520522499,320;320;320;320;320;320;480,entity:160;160;160;160;160;160;0|value:160;160;160;160;160;160;0|filler:0;0;0;0;0;0;0|query_marker:0;0;0;0;0;0;160|query_entity:0;0;0;0;0;0;160|context:0;0;0;0;0;0;160,kv_hard_retention,0.000000000000,0,2.248956170961,1.112520522499,0.000000000000,0.000000000000,0.000000000000,0.000000000000,9600,0.000000000000,0.610847403102,0.771997421505,0.537775245174,0.639706460341,0.268881748027,0.355161924720,0.075794451976,0.127339596249,0.624665255022,0.615227674382,0.442480250943,0.386652929086,50;51;59,484;464;462,0.000000000000,0.554280892606,0.000000000000,2.000000000000,0.100000000000,900,0.000000000000,0.549776266696,0.000000000000,0.734375000000,0.265625000000,0.234375000000,0.117708333333,0.537500000000,0.537500000000,2.533333333333,82;72;71,0.732500000000,0.267500000000,0.232500000000,0.118611111111,0.575416666667
kv_annealed_retention,24,1200,8,145,160,160,15,1.791759469228,2.078227385506,2.719455974706,0.126965735568,0.014969933088,0.981250000000,1.000000000000,107.000000000000,1.000000000000,0.542500000000,1.000000000000,1.924151682868,0.015717354045,320;320;320;320;320;320;480,entity:160;160;160;160;160;160;0|value:160;160;160;160;160;160;0|filler:0;0;0;0;0;0;0|query_marker:0;0;0;0;0;0;160|query_entity:0;0;0;0;0;0;160|context:0;0;0;0;0;0;160,kv_annealed_retention,0.000000000000,0,1.924151682868,0.015717354045,0.000000000000,0.000000000000,0.000000000000,0.000000000000,9600,0.000000000000,0.610847403102,0.771997421505,0.037043954102,0.000274578779,0.268881748027,0.355161924720,0.003285625955,0.014856939235,0.984535625955,0.985143060765,0.966163007424,0.985143060765,65;43;52,428;436;438,0.000000000000,0.546803689891,0.000000000000,2.000000000000,0.100000000000,900,0.000000000000,0.529546488060,0.000000000000,0.678125000000,0.321875000000,0.178125000000,0.006250000000,1.000000000000,1.000000000000,2.420833333333,54;58;59,0.663402777778,0.336597222222,0.163402777778,0.007638888889,0.985416666667
kv_full_capacity,25,1200,8,120,160,160,15,1.791759469228,0.037105579516,0.038848201444,0.003723932063,0.003755781645,1.000000000000,1.000000000000,96.000000000000,1.000000000000,0.800000000000,1.000000000000,0.023076876220,0.003757627431,320;320;320;320;320;320;480,entity:160;160;160;160;160;160;0|value:160;160;160;160;160;160;0|filler:0;0;0;0;0;0;0|query_marker:0;0;0;0;0;0;160|query_entity:0;0;0;0;0;0;160|context:0;0;0;0;0;0;160,kv_full_capacity,0.000000000000,0,0.023076876220,0.003757627431,0.000000000000,0.000000000000,0.000000000000,0.000000000000,9600,0.000000000000,0.002077154079,0.002263263050,0.000016617759,0.000016908656,0.036313752293,0.037981754379,0.003716994609,0.003748722421,0.996283005391,0.996251277579,0.996283005391,0.996251277579,28;37;23;29;23;20,320;320;320;320;320;320,0.000000000000,0.000000000000,0.000000000000,2.000000000000,0.100000000000,900,0.000000000000,0.000000000000,0.000000000000,1.000000000000,0.000000000000,0.000000000000,0.000000000000,1.000000000000,1.000000000000,2.500000000000,0;0;0;0;0;0,1.000000000000,0.000000000000,0.000000000000,0.000000000000,1.000000000000
kv_oracle_retention,25,1200,8,120,160,160,15,1.791759469228,0.037105579516,0.038848201444,0.003723932063,0.003755781645,1.000000000000,1.000000000000,72.000000000000,1.000000000000,0.400000000000,1.000000000000,0.023076876220,0.003757627431,320;320;320;320;320;320;480,entity:160;160;160;160;160;160;0|value:160;160;160;160;160;160;0|filler:0;0;0;0;0;0;0|query_marker:0;0;0;0;0;0;160|query_entity:0;0;0;0;0;0;160|context:0;0;0;0;0;0;160,kv_oracle_retention,0.000000000000,0,0.023076876220,0.003757627431,0.000000000000,0.000000000000,0.000000000000,0.000000000000,9600,0.000000000000,0.002077154079,0.002263263050,0.000016617759,0.000016908656,0.036313752293,0.037981754379,0.003716994609,0.003748722421,0.996283005391,0.996251277579,0.996283005391,0.996251277579,62;51;47,320;320;320,0.000000000000,0.000000000000,0.000000000000,2.000000000000,0.100000000000,900,0.000000000000,0.000000000000,0.000000000000,0.500000000000,0.500000000000,0.000000000000,0.000000000000,1.000000000000,1.000000000000,2.508333333333,0;0;0,0.500000000000,0.500000000000,0.000000000000,0.000000000000,1.000000000000
kv_fifo_eviction,25,1200,8,120,160,160,15,1.791759469228,2.531298598376,2.641095670938,1.443743979173,1.494890602105,0.543750000000,0.531250000000,72.000000000000,1.000000000000,0.800000000000,1.000000000000,2.063746064210,1.199995799203,320;320;320;320;320;320;480,entity:160;160;160;160;160;160;0|value:160;160;160;160;160;160;0|filler:0;0;0;0;0;0;0|query_marker:0;0;0;0;0;0;160|query_entity:0;0;0;0;0;0;160|context:0;0;0;0;0;0;160,kv_fifo_eviction,0.000000000000,0,2.063746064210,1.199995799203,0.000000000000,0.000000000000,0.000000000000,0.000000000000,9600,0.000000000000,0.874308216372,0.897499668097,0.671565436338,0.685722772442,0.419570623685,0.430317567990,0.073060486298,0.075461924489,0.613210670670,0.606711924489,0.368695283661,0.358253403883,51;57;52,640;640;640,0.000000000000,0.000000000000,0.000000000000,2.000000000000,0.100000000000,900,0.000000000000,0.000000000000,0.000000000000,1.000000000000,0.000000000000,0.500000000000,0.246875000000,0.450000000000,0.450000000000,1.000000000000,160;160;160,1.000000000000,0.000000000000,0.500000000000,0.250208333333,0.505000000000
kv_reservoir,25,1200,8,120,160,160,15,1.791759469228,2.369513714391,1.921638522372,1.369000253845,1.222191939602,0.587500000000,0.656250000000,72.000000000000,1.000000000000,0.629166666667,1.000000000000,1.443823961502,1.295518198293,320;320;320;320;320;320;480,entity:160;160;160;160;160;160;0|value:160;160;160;160;160;160;0|filler:0;0;0;0;0;0;0|query_marker:0;0;0;0;0;0;160|query_entity:0;0;0;0;0;0;160|context:0;0;0;0;0;0;160,kv_reservoir,0.000000000000,0,1.443823961502,1.295518198293,0.000000000000,0.000000000000,0.000000000000,0.000000000000,9600,0.000000000000,0.789268911483,0.659525812003,0.627727909770,0.547989356124,0.374349247444,0.305491043493,0.058984663392,0.036040437322,0.606815395045,0.620209562678,0.388053596716,0.435210594267,49;65;46,522;518;470,0.000000000000,0.000000000000,0.000000000000,2.000000000000,0.100000000000,900,0.000000000000,0.000000000000,0.000000000000,0.786458333333,0.213541666667,0.286458333333,0.139583333333,0.575000000000,0.575000000000,2.522916666667,101;99;75,0.777291666667,0.222708333333,0.277291666667,0.134791666667,0.533750000000
kv_hard_retention,25,1200,8,145,160,160,15,1.791759469228,2.719778545252,2.247864094193,1.471628424771,1.347575002179,0.525000000000,0.600000000000,107.000000000000,1.000000000000,0.539166666667,1.000000000000,2.515485188506,1.201809399124,320;320;320;320;320;320;480,entity:160;160;160;160;160;160;0|value:160;160;160;160;160;160;0|filler:0;0;0;0;0;0;0|query_marker:0;0;0;0;0;0;160|query_entity:0;0;0;0;0;0;160|context:0;0;0;0;0;0;160,kv_hard_retention,0.000000000000,0,2.515485188506,1.201809399124,0.000000000000,0.000000000000,0.000000000000,0.000000000000,9600,0.000000000000,0.909713550671,0.769417964446,0.689583791707,0.615066702255,0.436515333305,0.367028579992,0.099448206222,0.038342539803,0.624448206222,0.621501443403,0.365327886152,0.400798119708,60;51;49,430;444;420,0.000000000000,0.559463328378,0.000000000000,2.000000000000,0.100000000000,900,0.000000000000,0.553722662278,0.000000000000,0.673958333333,0.326041666667,0.173958333333,0.096875000000,0.475000000000,0.475000000000,2.604166666667,55;62;50,0.680208333333,0.319791666667,0.180208333333,0.095555555556,0.533750000000
kv_annealed_retention,25,1200,8,145,160,160,15,1.791759469228,2.719778545252,2.247864094193,0.366860460770,0.632575221282,0.925000000000,0.900000000000,107.000000000000,1.000000000000,0.520833333333,1.000000000000,2.928621242679,0.416178152350,320;320;320;320;320;320;480,entity:160;160;160;160;160;160;0|value:160;160;160;160;160;160;0|filler:0;0;0;0;0;0;0|query_marker:0;0;0;0;0;0;160|query_entity:0;0;0;0;0;0;160|context:0;0;0;0;0;0;160,kv_annealed_retention,0.000000000000,0,2.928621242679,0.416178152350,0.000000000000,0.000000000000,0.000000000000,0.000000000000,9600,0.000000000000,0.909713550671,0.769417964446,0.141985890886,0.191430664508,0.436515333305,0.367028579992,0.023254828436,0.003205154020,0.909374865676,0.898903920912,0.844099662034,0.809852062684,51;59;50,434;418;398,0.000000000000,0.566149542942,0.000000000000,2.000000000000,0.100000000000,900,0.000000000000,0.565183370130,0.000000000000,0.651041666667,0.348958333333,0.151041666667,0.047916666667,0.900000000000,0.900000000000,2.281250000000,57;49;39,0.670902777778,0.329097222222,0.170902777778,0.056597222222,0.896666666667
kv_full_capacity,26,1200,8,120,160,160,15,1.791759469228,0.022416970597,0.026380364577,0.003720845131,0.003740017184,1.000000000000,1.000000000000,96.000000000000,1.000000000000,0.800000000000,1.000000000000,0.015045530246,0.003757149073,320;320;320;320;320;320;480,entity:160;160;160;160;160;160;0|value:160;160;160;160;160;160;0|filler:0;0;0;0;0;0;0|query_marker:0;0;0;0;0;0;160|query_entity:0;0;0;0;0;0;160|context:0;0;0;0;0;0;160,kv_full_capacity,0.000000000000,0,0.015045530246,0.003757149073,0.000000000000,0.000000000000,0.000000000000,0.000000000000,9600,0.000000000000,0.001019241477,0.001356865346,0.000016561744,0.000016732028,0.022087949121,0.025927957664,0.003713928251,0.003733029224,0.996286071749,0.996266970776,0.996286071749,0.996266970776,29;22;26;30;28;25,320;320;320;320;320;320,0.000000000000,0.000000000000,0.000000000000,2.000000000000,0.100000000000,900,0.000000000000,0.000000000000,0.000000000000,1.000000000000,0.000000000000,0.000000000000,0.000000000000,1.000000000000,1.000000000000,2.500000000000,0;0;0;0;0;0,1.000000000000,0.000000000000,0.000000000000,0.000000000000,1.000000000000
kv_oracle_retention,26,1200,8,120,160,160,15,1.791759469228,0.022416970597,0.026380364577,0.003720845131,0.003740017184,1.000000000000,1.000000000000,72.000000000000,1.000000000000,0.400000000000,1.000000000000,0.015045530246,0.003757149073,320;320;320;320;320;320;480,entity:160;160;160;160;160;160;0|value:160;160;160;160;160;160;0|filler:0;0;0;0;0;0;0|query_marker:0;0;0;0;0;0;160|query_entity:0;0;0;0;0;0;160|context:0;0;0;0;0;0;160,kv_oracle_retention,0.000000000000,0,0.015045530246,0.003757149073,0.000000000000,0.000000000000,0.000000000000,0.000000000000,9600,0.000000000000,0.001019241477,0.001356865346,0.000016561744,0.000016732028,0.022087949121,0.025927957664,0.003713928251,0.003733029224,0.996286071749,0.996266970776,0.996286071749,0.996266970776,56;53;51,320;320;320,0.000000000000,0.000000000000,0.000000000000,2.000000000000,0.100000000000,900,0.000000000000,0.000000000000,0.000000000000,0.500000000000,0.500000000000,0.000000000000,0.000000000000,1.000000000000,1.000000000000,2.412500000000,0;0;0,0.500000000000,0.500000000000,0.000000000000,0.000000000000,1.000000000000
kv_fifo_eviction,26,1200,8,120,160,160,15,1.791759469228,2.838355339961,2.861214739673,1.320336713129,1.397167860975,0.606250000000,0.581250000000,72.000000000000,1.000000000000,0.800000000000,1.000000000000,3.218482252370,1.461074248552,320;320;320;320;320;320;480,entity:160;160;160;160;160;160;0|value:160;160;160;160;160;160;0|filler:0;0;0;0;0;0;0|query_marker:0;0;0;0;0;0;160|query_entity:0;0;0;0;0;0;160|context:0;0;0;0;0;0;160,kv_fifo_eviction,0.000000000000,0,3.218482252370,1.461074248552,0.000000000000,0.000000000000,0.000000000000,0.000000000000,9600,0.000000000000,0.769836438622,0.811450235263,0.606487793814,0.631270960112,0.372403295395,0.392686837640,0.020531928342,0.026690706220,0.588732448158,0.597474202991,0.388983156619,0.380965786954,59;47;54,640;640;640,0.000000000000,0.000000000000,0.000000000000,2.000000000000,0.100000000000,900,0.000000000000,0.000000000000,0.000000000000,1.000000000000,0.000000000000,0.500000000000,0.234375000000,0.518750000000,0.518750000000,1.000000000000,160;160;160,1.000000000000,0.000000000000,0.500000000000,0.250486111111,0.494583333333
kv_reservoir,26,1200,8,120,160,160,15,1.791759469228,2.850381408931,2.894275301537,1.316007241041,1.413978036486,0.600000000000,0.581250000000,72.000000000000,1.000000000000,0.638333333333,1.000000000000,2.558305316319,1.451748072511,320;320;320;320;320;320;480,entity:160;160;160;160;160;160;0|value:160;160;160;160;160;160;0|filler:0;0;0;0;0;0;0|query_marker:0;0;0;0;0;0;160|query_entity:0;0;0;0;0;0;160|context:0;0;0;0;0;0;160,kv_reservoir,0.000000000000,0,2.558305316319,1.451748072511,0.000000000000,0.000000000000,0.000000000000,0.000000000000,9600,0.000000000000,0.781330832179,0.816773593483,0.608208421566,0.635809657711,0.377166992190,0.393362710638,0.021432552095,0.036892301594,0.621432552095,0.618142301594,0.404986735046,0.389516361483,64;55;41,586;498;448,0.000000000000,0.000000000000,0.000000000000,2.000000000000,0.100000000000,900,0.000000000000,0.000000000000,0.000000000000,0.797916666667,0.202083333333,0.297916666667,0.137500000000,0.537500000000,0.537500000000,2.497916666667,133;89;64,0.793611111111,0.206388888889,0.293611111111,0.143055555556,0.542083333333
kv_hard_retention,26,1200,8,145,160,160,15,1.791759469228,2.114131790846,1.597021276233,1.102864397113,1.066176245006,0.700000000000,0.743750000000,107.000000000000,1.000000000000,0.594166666667,1.000000000000,1.209165998292,0.795950666546,320;320;320;320;320;320;480,entity:160;160;160;160;160;160;0|value:160;160;160;160;160;160;0|filler:0;0;0;0;0;0;0|query_marker:0;0;0;0;0;0;160|query_entity:0;0;0;0;0;0;160|context:0;0;0;0;0;0;160,kv_hard_retention,0.000000000000,0,1.209165998292,0.795950666546,0.000000000000,0.000000000000,0.000000000000,0.000000000000,9600,0.000000000000,0.583618639663,0.500932951749,0.498090688824,0.442578756669,0.276766645894,0.231176661460,0.087913661421,0.014688209122,0.787913661421,0.758438209122,0.567302523323,0.573490867577,58;51;51,470;472;484,0.000000000000,0.481264183850,0.000000000000,2.000000000000,0.100000000000,900,0.000000000000,0.484747493079,0.000000000000,0.742708333333,0.257291666667,0.242708333333,0.085416666667,0.687500000000,0.687500000000,2.506250000000,75;76;82,0.743194444444,0.256805555556,0.243194444444,0.088680555556,0.696666666667
kv_annealed_retention,26,1200,8,145,160,160,15,1.791759469228,2.114131790846,1.597021276233,0.003898587640,0.003956094741,1.000000000000,1.000000000000,107.000000000000,1.000000000000,0.570000000000,1.000000000000,1.326915433937,0.003913279297,320;320;320;320;320;320;480,entity:160;160;160;160;160;160;0|value:160;160;160;160;160;160;0|filler:0;0;0;0;0;0;0|query_marker:0;0;0;0;0;0;160|query_entity:0;0;0;0;0;0;160|context:0;0;0;0;0;0;160,kv_annealed_retention,0.000000000000,0,1.326915433937,0.003913279297,0.000000000000,0.000000000000,0.000000000000,0.000000000000,9600,0.000000000000,0.583618639663,0.500932951749,0.000018202527,0.000018752421,0.276766645894,0.231176661460,0.003890987799,0.003948264417,0.996109012201,0.996051735583,0.996109012201,0.996051735583,65;45;50,474;452;442,0.000000000000,0.458797604499,0.000000000000,2.000000000000,0.100000000000,900,0.000000000000,0.451973564029,0.000000000000,0.712500000000,0.287500000000,0.212500000000,0.000000000000,1.000000000000,1.000000000000,2.412500000000,77;66;61,0.701041666667,0.298958333333,0.201041666667,0.000000000000,1.000000000000
kv_full_capacity,27,1200,8,120,160,160,15,1.791759469228,0.036021313249,0.028284414816,0.003760855602,0.003755555504,1.000000000000,1.000000000000,96.000000000000,1.000000000000,0.800000000000,1.000000000000,0.021688077048,0.003759372835,320;320;320;320;320;320;480,entity:160;160;160;160;160;160;0|value:160;160;160;160;160;160;0|filler:0;0;0;0;0;0;0|query_marker:0;0;0;0;0;0;160|query_entity:0;0;0;0;0;0;160|context:0;0;0;0;0;0;160,kv_full_capacity,0.000000000000,0,0.021688077048,0.003759372835,0.000000000000,0.000000000000,0.000000000000,0.000000000000,9600,0.000000000000,0.002404303530,0.001709449108,0.000016991151,0.000016937176,0.035147241866,0.027674187706,0.003753765875,0.003748488572,0.996246234125,0.996251511428,0.996246234125,0.996251511428,26;28;23;32;25;26,320;320;320;320;320;320,0.000000000000,0.000000000000,0.000000000000,2.000000000000,0.100000000000,900,0.000000000000,0.000000000000,0.000000000000,1.000000000000,0.000000000000,0.000000000000,0.000000000000,1.000000000000,1.000000000000,2.500000000000,0;0;0;0;0;0,1.000000000000,0.000000000000,0.000000000000,0.000000000000,1.000000000000
kv_oracle_retention,27,1200,8,120,160,160,15,1.791759469228,0.036021313249,0.028284414816,0.003760855602,0.003755555504,1.000000000000,1.000000000000,72.000000000000,1.000000000000,0.400000000000,1.000000000000,0.021688077048,0.003759372835,320;320;320;320;320;320;480,entity:160;160;160;160;160;160;0|value:160;160;160;160;160;160;0|filler:0;0;0;0;0;0;0|query_marker:0;0;0;0;0;0;160|query_entity:0;0;0;0;0;0;160|context:0;0;0;0;0;0;160,kv_oracle_retention,0.000000000000,0,0.021688077048,0.003759372835,0.000000000000,0.000000000000,0.000000000000,0.000000000000,9600,0.000000000000,0.002404303530,0.001709449108,0.000016991151,0.000016937176,0.035147241866,0.027674187706,0.003753765875,0.003748488572,0.996246234125,0.996251511428,0.996246234125,0.996251511428,52;52;56,320;320;320,0.000000000000,0.000000000000,0.000000000000,2.000000000000,0.100000000000,900,0.000000000000,0.000000000000,0.000000000000,0.500000000000,0.500000000000,0.000000000000,0.000000000000,1.000000000000,1.000000000000,2.487500000000,0;0;0,0.500000000000,0.500000000000,0.000000000000,0.000000000000,1.000000000000
kv_fifo_eviction,27,1200,8,120,160,160,15,1.791759469228,2.914905035593,2.902151393761,1.383122226239,1.400512049586,0.575000000000,0.568750000000,72.000000000000,1.000000000000,0.800000000000,1.000000000000,2.538710495742,1.425233751010,320;320;320;320;320;320;480,entity:160;160;160;160;160;160;0|value:160;160;160;160;160;160;0|filler:0;0;0;0;0;0;0|query_marker:0;0;0;0;0;0;160|query_entity:0;0;0;0;0;0;160|context:0;0;0;0;0;0;160,kv_fifo_eviction,0.000000000000,0,2.538710495742,1.425233751010,0.000000000000,0.000000000000,0.000000000000,0.000000000000,9600,0.000000000000,0.818444350547,0.822970982133,0.639806848671,0.636246648724,0.391326707315,0.397631174873,0.059085840645,0.075178670580,0.563595572752,0.563317064733,0.360361457962,0.362065315508,63;46;51,640;640;640,0.000000000000,0.000000000000,0.000000000000,2.000000000000,0.100000000000,900,0.000000000000,0.000000000000,0.000000000000,1.000000000000,0.000000000000,0.500000000000,0.238541666667,0.518750000000,0.518750000000,1.000000000000,160;160;160,1.000000000000,0.000000000000,0.500000000000,0.255347222222,0.485000000000
kv_reservoir,27,1200,8,120,160,160,15,1.791759469228,2.668261449849,3.233699692544,1.313898971354,1.513164724781,0.606250000000,0.506250000000,72.000000000000,1.000000000000,0.623333333333,1.000000000000,3.038466164587,1.243293780436,320;320;320;320;320;320;480,entity:160;160;160;160;160;160;0|value:160;160;160;160;160;160;0|filler:0;0;0;0;0;0;0|query_marker:0;0;0;0;0;0;160|query_entity:0;0;0;0;0;0;160|context:0;0;0;0;0;0;160,kv_reservoir,0.000000000000,0,3.038466164587,1.243293780436,0.000000000000,0.000000000000,0.000000000000,0.000000000000,9600,0.000000000000,0.752872409246,0.942882137027,0.604324980061,0.707593101802,0.354983506869,0.460150846499,0.018283915188,0.104577313360,0.587966084812,0.587619558576,0.388526658473,0.336636889521,59;47;54,454;560;482,0.000000000000,0.000000000000,0.000000000000,2.000000000000,0.100000000000,900,0.000000000000,0.000000000000,0.000000000000,0.779166666667,0.220833333333,0.279166666667,0.123958333333,0.443750000000,0.443750000000,2.625000000000,67;120;81,0.782916666667,0.217083333333,0.282916666667,0.146805555556,0.487916666667
kv_hard_retention,27,1200,8,145,160,160,15,1.791759469228,3.232112132746,3.531842836465,1.517647540328,1.578584260599,0.481250000000,0.462500000000,107.000000000000,1.000000000000,0.608333333333,1.000000000000,3.101201323359,1.472651413840,320;320;320;320;320;320;480,entity:160;160;160;160;160;160;0|value:160;160;160;160;160;160;0|filler:0;0;0;0;0;0;0|query_marker:0;0;0;0;0;0;160|query_entity:0;0;0;0;0;0;160|context:0;0;0;0;0;0;160,kv_hard_retention,0.000000000000,0,3.101201323359,1.472651413840,0.000000000000,0.000000000000,0.000000000000,0.000000000000,9600,0.000000000000,0.993171309583,1.029117937903,0.714757236305,0.738181513343,0.482579970930,0.505325799992,0.022369289277,0.099942092968,0.482710512992,0.479962543705,0.286938559788,0.274031397524,56;49;55,490;476;494,0.000000000000,0.536172932251,0.000000000000,2.000000000000,0.100000000000,900,0.000000000000,0.532877769739,0.000000000000,0.760416666667,0.239583333333,0.260416666667,0.153125000000,0.387500000000,0.387500000000,2.516666666667,85;78;87,0.745069444444,0.254930555556,0.245069444444,0.145416666667,0.410833333333
kv_annealed_retention,27,1200,8,145,160,160,15,1.791759469228,3.232112132746,3.531842836465,0.006213023871,0.006330543239,1.000000000000,1.000000000000,107.000000000000,1.000000000000,0.509166666667,1.000000000000,3.151911074597,0.006156862201,320;320;320;320;320;320;480,entity:160;160;160;160;160;160;0|value:160;160;160;160;160;160;0|filler:0;0;0;0;0;0;0|query_marker:0;0;0;0;0;0;160|query_entity:0;0;0;0;0;0;160|context:0;0;0;0;0;0;160,kv_annealed_retention,0.000000000000,0,3.151911074597,0.006156862201,0.000000000000,0.000000000000,0.000000000000,0.000000000000,9600,0.000000000000,0.993171309583,1.029117937903,0.000046909943,0.000048816524,0.482579970930,0.505325799992,0.006193481136,0.006310200392,0.993806518864,0.993689799608,0.993806518864,0.993689799608,52;57;51,398;410;414,0.000000000000,0.535493411122,0.000000000000,2.000000000000,0.100000000000,900,0.000000000000,0.509251572825,0.000000000000,0.636458333333,0.363541666667,0.136458333333,0.000000000000,1.000000000000,1.000000000000,2.487500000000,39;45;47,0.641875000000,0.358125000000,0.141875000000,0.000000000000,1.000000000000
kv_full_capacity,28,1200,8,120,160,160,15,1.791759469228,0.070131290792,0.086365246893,0.003758427336,0.003838089230,1.000000000000,1.000000000000,96.000000000000,1.000000000000,0.800000000000,1.000000000000,0.036689416832,0.003725703607,320;320;320;320;320;320;480,entity:160;160;160;160;160;160;0|value:160;160;160;160;160;160;0|filler:0;0;0;0;0;0;0|query_marker:0;0;0;0;0;0;160|query_entity:0;0;0;0;0;0;160|context:0;0;0;0;0;0;160,kv_full_capacity,0.000000000000,0,0.036689416832,0.003725703607,0.000000000000,0.000000000000,0.000000000000,0.000000000000,9600,0.000000000000,0.008701424155,0.011349106674,0.000016987125,0.000017695880,0.066883240160,0.082006189823,0.003751340559,0.003830707242,0.996248659441,0.996169292758,0.996248659441,0.996169292758,31;28;27;26;28;20,320;320;320;320;320;320,0.000000000000,0.000000000000,0.000000000000,2.000000000000,0.100000000000,900,0.000000000000,0.000000000000,0.000000000000,1.000000000000,0.000000000000,0.000000000000,0.000000000000,1.000000000000,1.000000000000,2.500000000000,0;0;0;0;0;0,1.000000000000,0.000000000000,0.000000000000,0.000000000000,1.000000000000
kv_oracle_retention,28,1200,8,120,160,160,15,1.791759469228,0.070131290792,0.086365246893,0.003758427336,0.003838089230,1.000000000000,1.000000000000,72.000000000000,1.000000000000,0.400000000000,1.000000000000,0.036689416832,0.003725703607,320;320;320;320;320;320;480,entity:160;160;160;160;160;160;0|value:160;160;160;160;160;160;0|filler:0;0;0;0;0;0;0|query_marker:0;0;0;0;0;0;160|query_entity:0;0;0;0;0;0;160|context:0;0;0;0;0;0;160,kv_oracle_retention,0.000000000000,0,0.036689416832,0.003725703607,0.000000000000,0.000000000000,0.000000000000,0.000000000000,9600,0.000000000000,0.008701424155,0.011349106674,0.000016987125,0.000017695880,0.066883240160,0.082006189823,0.003751340559,0.003830707242,0.996248659441,0.996169292758,0.996248659441,0.996169292758,68;48;44,320;320;320,0.000000000000,0.000000000000,0.000000000000,2.000000000000,0.100000000000,900,0.000000000000,0.000000000000,0.000000000000,0.500000000000,0.500000000000,0.000000000000,0.000000000000,1.000000000000,1.000000000000,2.437500000000,0;0;0,0.500000000000,0.500000000000,0.000000000000,0.000000000000,1.000000000000
kv_fifo_eviction,28,1200,8,120,160,160,15,1.791759469228,2.320050937375,2.677634155501,1.292776056698,1.393776933986,0.612500000000,0.575000000000,72.000000000000,1.000000000000,0.800000000000,1.000000000000,2.686360494788,1.365486355226,320;320;320;320;320;320;480,entity:160;160;160;160;160;160;0|value:160;160;160;160;160;160;0|filler:0;0;0;0;0;0;0|query_marker:0;0;0;0;0;0;160|query_entity:0;0;0;0;0;0;160|context:0;0;0;0;0;0;160,kv_fifo_eviction,0.000000000000,0,2.686360494788,1.365486355226,0.000000000000,0.000000000000,0.000000000000,0.000000000000,9600,0.000000000000,0.718114298272,0.791985744342,0.597026670355,0.635187194485,0.319102270396,0.350189984773,0.052932545987,0.002474809611,0.572597296025,0.572525190389,0.385983845156,0.367066308127,50;66;44,640;640;640,0.000000000000,0.000000000000,0.000000000000,2.000000000000,0.100000000000,900,0.000000000000,0.000000000000,0.000000000000,1.000000000000,0.000000000000,0.500000000000,0.239583333333,0.462500000000,0.462500000000,1.000000000000,160;160;160,1.000000000000,0.000000000000,0.500000000000,0.253750000000,0.487500000000
kv_reservoir,28,1200,8,120,160,160,15,1.791759469228,2.319932547845,2.291322489267,1.330913078116,1.357139999398,0.606250000000,0.593750000000,72.000000000000,1.000000000000,0.650833333333,1.000000000000,2.844842076862,0.997893316874,320;320;320;320;320;320;480,entity:160;160;160;160;160;160;0|value:160;160;160;160;160;160;0|filler:0;0;0;0;0;0;0|query_marker:0;0;0;0;0;0;160|query_entity:0;0;0;0;0;0;160|context:0;0;0;0;0;0;160,kv_reservoir,0.000000000000,0,2.844842076862,0.997893316874,0.000000000000,0.000000000000,0.000000000000,0.000000000000,9600,0.000000000000,0.724576371934,0.751236716008,0.608999474896,0.621704380970,0.323628425825,0.331517714391,0.036017414253,0.017922643478,0.593466870529,0.593466040571,0.390281092156,0.383822377841,50;58;52,524;448;590,0.000000000000,0.000000000000,0.000000000000,2.000000000000,0.100000000000,900,0.000000000000,0.000000000000,0.000000000000,0.813541666667,0.186458333333,0.313541666667,0.159375000000,0.525000000000,0.525000000000,2.562500000000,102;64;135,0.825486111111,0.174513888889,0.325486111111,0.164097222222,0.490833333333
kv_hard_retention,28,1200,8,145,160,160,15,1.791759469228,2.543336868158,2.643576623361,1.358033834004,1.536684260908,0.575000000000,0.512500000000,107.000000000000,1.000000000000,0.656666666667,1.000000000000,3.088927636371,1.415591952381,320;320;320;320;320;320;480,entity:160;160;160;160;160;160;0|value:160;160;160;160;160;160;0|filler:0;0;0;0;0;0;0|query_marker:0;0;0;0;0;0;160|query_entity:0;0;0;0;0;0;160|context:0;0;0;0;0;0;160,kv_hard_retention,0.000000000000,0,3.088927636371,1.415591952381,0.000000000000,0.000000000000,0.000000000000,0.000000000000,9600,0.000000000000,0.785731825950,0.899309955472,0.631934266982,0.709586808498,0.353211132234,0.419263763083,0.056712051249,0.194398997562,0.526777227164,0.512729410587,0.346326743196,0.301385257450,58;45;57,500;542;534,0.000000000000,0.595447962526,0.000000000000,2.000000000000,0.100000000000,900,0.000000000000,0.569756762018,0.000000000000,0.820833333333,0.179166666667,0.320833333333,0.193750000000,0.425000000000,0.425000000000,2.289583333333,90;111;107,0.802222222222,0.197777777778,0.302222222222,0.194722222222,0.433750000000
kv_annealed_retention,28,1200,8,145,160,160,15,1.791759469228,2.543336868158,2.643576623361,0.119400958701,0.197844730779,0.981250000000,0.968750000000,107.000000000000,1.000000000000,0.527500000000,1.000000000000,3.122414551301,0.015201096428,320;320;320;320;320;320;480,entity:160;160;160;160;160;160;0|value:160;160;160;160;160;160;0|filler:0;0;0;0;0;0;0|query_marker:0;0;0;0;0;0;160|query_entity:0;0;0;0;0;0;160|context:0;0;0;0;0;0;160,kv_annealed_retention,0.000000000000,0,3.122414551301,0.015201096428,0.000000000000,0.000000000000,0.000000000000,0.000000000000,9600,0.000000000000,0.785731825950,0.899309955472,0.036966158738,0.061566799465,0.353211132234,0.419263763083,0.003179942949,0.015006106153,0.984429942949,0.983756106153,0.966100425068,0.953140832529,58;57;45,418;430;418,0.000000000000,0.562969287061,0.000000000000,2.000000000000,0.100000000000,900,0.000000000000,0.554932280410,0.000000000000,0.659375000000,0.340625000000,0.159375000000,0.009375000000,0.962500000000,0.962500000000,2.368750000000,49;55;49,0.656111111111,0.343888888889,0.156111111111,0.006875000000,0.989166666667
kv_full_capacity,29,1200,8,120,160,160,15,1.791759469228,0.050628120619,0.048267809592,0.003761376331,0.003797946794,1.000000000000,1.000000000000,96.000000000000,1.000000000000,0.800000000000,1.000000000000,0.025098563834,0.003710425714,320;320;320;320;320;320;480,entity:160;160;160;160;160;160;0|value:160;160;160;160;160;160;0|filler:0;0;0;0;0;0;0|query_marker:0;0;0;0;0;0;160|query_entity:0;0;0;0;0;0;160|context:0;0;0;0;0;0;160,kv_full_capacity,0.000000000000,0,0.025098563834,0.003710425714,0.000000000000,0.000000000000,0.000000000000,0.000000000000,9600,0.000000000000,0.006336826781,0.006176199066,0.000016995280,0.000017317676,0.048534558911,0.046225416365,0.003754284404,0.003790720427,0.996245715596,0.996209279573,0.996245715596,0.996209279573,26;33;23;26;26;26,320;320;320;320;320;320,0.000000000000,0.000000000000,0.000000000000,2.000000000000,0.100000000000,900,0.000000000000,0.000000000000,0.000000000000,1.000000000000,0.000000000000,0.000000000000,0.000000000000,1.000000000000,1.000000000000,2.500000000000,0;0;0;0;0;0,1.000000000000,0.000000000000,0.000000000000,0.000000000000,1.000000000000
kv_oracle_retention,29,1200,8,120,160,160,15,1.791759469228,0.050628120619,0.048267809592,0.003761376331,0.003797946794,1.000000000000,1.000000000000,72.000000000000,1.000000000000,0.400000000000,1.000000000000,0.025098563834,0.003710425714,320;320;320;320;320;320;480,entity:160;160;160;160;160;160;0|value:160;160;160;160;160;160;0|filler:0;0;0;0;0;0;0|query_marker:0;0;0;0;0;0;160|query_entity:0;0;0;0;0;0;160|context:0;0;0;0;0;0;160,kv_oracle_retention,0.000000000000,0,0.025098563834,0.003710425714,0.000000000000,0.000000000000,0.000000000000,0.000000000000,9600,0.000000000000,0.006336826781,0.006176199066,0.000016995280,0.000017317676,0.048534558911,0.046225416365,0.003754284404,0.003790720427,0.996245715596,0.996209279573,0.996245715596,0.996209279573,64;46;50,320;320;320,0.000000000000,0.000000000000,0.000000000000,2.000000000000,0.100000000000,900,0.000000000000,0.000000000000,0.000000000000,0.500000000000,0.500000000000,0.000000000000,0.000000000000,1.000000000000,1.000000000000,2.483333333333,0;0;0,0.500000000000,0.500000000000,0.000000000000,0.000000000000,1.000000000000
kv_fifo_eviction,29,1200,8,120,160,160,15,1.791759469228,2.173014811287,2.312539694004,1.300000050782,1.308781899323,0.618750000000,0.606250000000,72.000000000000,1.000000000000,0.800000000000,1.000000000000,2.483129122539,1.474617284708,320;320;320;320;320;320;480,entity:160;160;160;160;160;160;0|value:160;160;160;160;160;160;0|filler:0;0;0;0;0;0;0|query_marker:0;0;0;0;0;0;160|query_entity:0;0;0;0;0;0;160|context:0;0;0;0;0;0;160,kv_fifo_eviction,0.000000000000,0,2.483129122539,1.474617284708,0.000000000000,0.000000000000,0.000000000000,0.000000000000,9600,0.000000000000,0.720563368854,0.757720767885,0.596416428890,0.602652298057,0.327047933184,0.348617986552,0.070236070803,0.052002929003,0.566569968492,0.565914318151,0.382096267988,0.378738204057,53;44;63,640;640;640,0.000000000000,0.000000000000,0.000000000000,2.000000000000,0.100000000000,900,0.000000000000,0.000000000000,0.000000000000,1.000000000000,0.000000000000,0.500000000000,0.253125000000,0.487500000000,0.487500000000,1.000000000000,160;160;160,1.000000000000,0.000000000000,0.500000000000,0.254236111111,0.494166666667
kv_reservoir,29,1200,8,120,160,160,15,1.791759469228,2.386320025980,2.080432765305,1.329885161602,1.232213958364,0.593750000000,0.650000000000,72.000000000000,1.000000000000,0.705000000000,1.000000000000,2.284820058872,1.431168289548,320;320;320;320;320;320;480,entity:160;160;160;160;160;160;0|value:160;160;160;160;160;160;0|filler:0;0;0;0;0;0;0|query_marker:0;0;0;0;0;0;160|query_entity:0;0;0;0;0;0;160|context:0;0;0;0;0;0;160,kv_reservoir,0.000000000000,0,2.284820058872,1.431168289548,0.000000000000,0.000000000000,0.000000000000,0.000000000000,9600,0.000000000000,0.782266703686,0.669997497407,0.612265370776,0.560863172668,0.356577790237,0.304486031820,0.013658952077,0.063274295946,0.580091047923,0.586725704054,0.380889316570,0.409796653934,58;64;38,454;622;616,0.000000000000,0.000000000000,0.000000000000,2.000000000000,0.100000000000,900,0.000000000000,0.000000000000,0.000000000000,0.881250000000,0.118750000000,0.381250000000,0.195833333333,0.556250000000,0.556250000000,2.293750000000,67;151;148,0.860069444444,0.139930555556,0.360069444444,0.182291666667,0.528750000000
kv_hard_retention,29,1200,8,145,160,160,15,1.791759469228,1.783745005886,1.734786703142,1.131016049418,1.114180773276,0.687500000000,0.700000000000,107.000000000000,1.000000000000,0.585833333333,1.000000000000,1.576904337722,1.434914385705,320;320;320;320;320;320;480,entity:160;160;160;160;160;160;0|value:160;160;160;160;160;160;0|filler:0;0;0;0;0;0;0|query_marker:0;0;0;0;0;0;160|query_entity:0;0;0;0;0;0;160|context:0;0;0;0;0;0;160,kv_hard_retention,0.000000000000,0,1.576904337722,1.434914385705,0.000000000000,0.000000000000,0.000000000000,0.000000000000,9600,0.000000000000,0.591747495692,0.566924459809,0.509802040729,0.495866836206,0.260373590893,0.251523575943,0.047932999839,0.058040147580,0.639567000161,0.641959852420,0.463510130092,0.471789037732,50;58;52,478;460;468,0.000000000000,0.539078290517,0.000000000000,2.000000000000,0.100000000000,900,0.000000000000,0.546036775018,0.000000000000,0.732291666667,0.267708333333,0.232291666667,0.105208333333,0.618750000000,0.618750000000,2.531250000000,79;70;74,0.728472222222,0.271527777778,0.228472222222,0.100208333333,0.643750000000
kv_annealed_retention,29,1200,8,145,160,160,15,1.791759469228,1.783745005886,1.734786703142,0.348932562419,0.382674016143,0.931250000000,0.943750000000,107.000000000000,1.000000000000,0.519166666667,1.000000000000,1.597558815697,0.488387951379,320;320;320;320;320;320;480,entity:160;160;160;160;160;160;0|value:160;160;160;160;160;160;0|filler:0;0;0;0;0;0;0|query_marker:0;0;0;0;0;0;160|query_entity:0;0;0;0;0;0;160|context:0;0;0;0;0;0;160,kv_annealed_retention,0.000000000000,0,1.597558815697,0.488387951379,0.000000000000,0.000000000000,0.000000000000,0.000000000000,9600,0.000000000000,0.591747495692,0.566924459809,0.131924976055,0.112275325439,0.260373590893,0.251523575943,0.022987704537,0.036584313656,0.908262295463,0.907165686344,0.848310719671,0.856934627708,56;47;57,424;430;392,0.000000000000,0.586203049792,0.000000000000,2.000000000000,0.100000000000,900,0.000000000000,0.601193509592,0.000000000000,0.648958333333,0.351041666667,0.148958333333,0.038541666667,0.937500000000,0.937500000000,2.372916666667,52;55;36,0.667847222222,0.332152777778,0.167847222222,0.052847222222,0.890416666667
