seed,intervention,holdout_nll,holdout_accuracy,nll_delta_vs_intact,accuracy_delta_vs_intact,mean_active_mechanisms_per_token,mean_writers_per_token,mean_recipients_per_token,mechanism_load,role_mechanism_load,condition,holdout_brier,holdout_ece,holdout_max_confidence,holdout_true_class_probability,brier_delta_vs_intact,ece_delta_vs_intact,max_confidence_delta_vs_intact,true_class_probability_delta_vs_intact,read_slot_load,write_slot_load,mean_write_collision_rate,mean_routing_entropy,mean_routing_disagreement_rate,retention_write_rate,retention_skip_rate,retention_eviction_rate,relevant_eviction_rate,queried_entity_retention_rate,query_read_hit_rate,mean_retained_age,eviction_slot_load,mean_source_query_distance,delay_binding_count,distractor_write_rate,distractor_eviction_rate,relevant_survival_rate
0,intact,0.915445069533,0.775000000000,0.000000000000,0.000000000000,1.000000000000,0.340441176471,1.000000000000,1280;1280;1280;1280;1280;1280;480,entity:640;640;640;640;640;640;0|value:640;640;640;640;640;640;0|filler:0;0;0;0;0;0;0|query_marker:0;0;0;0;0;0;160|query_entity:0;0;0;0;0;0;160|context:0;0;0;0;0;0;160,kv_delayed_annealed_curriculum,0.391967300390,0.068024195788,0.706975804212,0.564353273003,0.000000000000,0.000000000000,0.000000000000,0.000000000000,65;52;43,938;832;1008,0.000000000000,0.374680982679,0.000000000000,0.361718750000,0.638281250000,0.236718750000,0.030468750000,0.725000000000,0.725000000000,15.639583333333,309;256;344,42.675000000000,18.000000000000,0.275000000000,0.275000000000,0.725000000000
0,zero_query_context,2.490174540134,0.168750000000,1.574729470600,-0.606250000000,1.000000000000,0.941176470588,1.000000000000,1280;1280;1280;1280;1280;1280;480,entity:640;640;640;640;640;640;0|value:640;640;640;640;640;640;0|filler:0;0;0;0;0;0;0|query_marker:0;0;0;0;0;0;160|query_entity:0;0;0;0;0;0;160|context:0;0;0;0;0;0;160,kv_delayed_annealed_curriculum,1.173072869227,0.528840664799,0.697590664799,0.167590512271,0.781105568837,0.460816469011,-0.009385139414,-0.396762760732,83;45;32,2560;2560;2560,0.000000000000,1.286347713358,0.000000000000,1.000000000000,0.000000000000,0.875000000000,0.125000000000,0.000000000000,0.000000000000,1.000000000000,1120;1120;1120,42.675000000000,18.000000000000,1.000000000000,1.000000000000,0.000000000000
0,randomized_retention_actions,2.017325573643,0.412500000000,1.101880504110,-0.362500000000,1.000000000000,0.917156862745,1.000000000000,1280;1280;1280;1280;1280;1280;480,entity:640;640;640;640;640;640;0|value:640;640;640;640;640;640;0|filler:0;0;0;0;0;0;0|query_marker:0;0;0;0;0;0;160|query_entity:0;0;0;0;0;0;160|context:0;0;0;0;0;0;160,kv_delayed_annealed_curriculum,0.952533533634,0.436885456229,0.553552122895,0.232329584177,0.560566233244,0.368861260441,-0.153423681317,-0.332023688826,44;63;53,4872;2294;318,0.000000000000,0.391183476599,0.000000000000,0.974479166667,0.025520833333,0.902604166667,0.069270833333,0.175000000000,0.175000000000,8.713768115942,2320;1040;106,42.675000000000,18.000000000000,1.000000000000,1.000000000000,0.241666666667
0,force_fifo_retention,2.490174540134,0.168750000000,1.574729470600,-0.606250000000,1.000000000000,0.941176470588,1.000000000000,1280;1280;1280;1280;1280;1280;480,entity:640;640;640;640;640;640;0|value:640;640;640;640;640;640;0|filler:0;0;0;0;0;0;0|query_marker:0;0;0;0;0;0;160|query_entity:0;0;0;0;0;0;160|context:0;0;0;0;0;0;160,kv_delayed_annealed_curriculum,1.173072869227,0.528840664799,0.697590664799,0.167590512271,0.781105568837,0.460816469011,-0.009385139414,-0.396762760732,83;45;32,2560;2560;2560,0.000000000000,0.384035180368,0.000000000000,1.000000000000,0.000000000000,0.875000000000,0.125000000000,0.000000000000,0.000000000000,1.000000000000,1120;1120;1120,42.675000000000,18.000000000000,1.000000000000,1.000000000000,0.000000000000
0,force_relevant_eviction,2.075617251802,0.087500000000,1.160172182269,-0.687500000000,1.000000000000,0.400000000000,1.000000000000,1280;1280;1280;1280;1280;1280;480,entity:640;640;640;640;640;640;0|value:640;640;640;640;640;640;0|filler:0;0;0;0;0;0;0|query_marker:0;0;0;0;0;0;160|query_entity:0;0;0;0;0;0;160|context:0;0;0;0;0;0;160,kv_delayed_annealed_curriculum,0.976974389116,0.325454309004,0.412954309004,0.173299615439,0.585007088726,0.257430113216,-0.294021495209,-0.391053657564,49;42;69,1314;1080;870,0.000000000000,0.521232673672,0.000000000000,0.425000000000,0.575000000000,0.327343750000,0.121093750000,0.000000000000,0.000000000000,13.480000000000,497;400;360,42.675000000000,18.000000000000,0.295486111111,0.295486111111,0.000000000000
0,permuted_context_labels,2.306435094632,0.218750000000,1.390990025098,-0.556250000000,1.000000000000,0.513725490196,1.000000000000,1280;1280;1280;1280;1280;1280;480,entity:640;640;640;640;640;640;0|value:640;640;640;640;640;640;0|filler:0;0;0;0;0;0;0|query_marker:0;0;0;0;0;0;160|query_entity:0;0;0;0;0;0;160|context:0;0;0;0;0;0;160,kv_delayed_annealed_curriculum,1.092561713016,0.463296331968,0.673712998635,0.201052869025,0.700594412626,0.395272136180,-0.033262805578,-0.363300403977,130;20;10,1456;1370;1366,0.000000000000,0.736924065271,0.000000000000,0.545833333333,0.454166666667,0.426562500000,0.041145833333,0.000000000000,0.000000000000,3.864628820961,575;532;531,42.675000000000,18.000000000000,0.568055555556,0.520138888889,0.002083333333
0,disable_retention_skip,2.574468967018,0.137500000000,1.659023897485,-0.637500000000,1.000000000000,0.941176470588,1.000000000000,1280;1280;1280;1280;1280;1280;480,entity:640;640;640;640;640;640;0|value:640;640;640;640;640;640;0|filler:0;0;0;0;0;0;0|query_marker:0;0;0;0;0;0;160|query_entity:0;0;0;0;0;0;160|context:0;0;0;0;0;0;160,kv_delayed_annealed_curriculum,1.213359883045,0.558073461725,0.695573461725,0.146161813152,0.821392582655,0.490049265938,-0.011402342487,-0.418191459851,90;40;30,2662;2450;2568,0.000000000000,0.389020309275,0.000000000000,1.000000000000,0.000000000000,0.875000000000,0.125000000000,0.000000000000,0.000000000000,1.481250000000,1171;1065;1124,42.675000000000,18.000000000000,1.000000000000,1.000000000000,0.000000000000
0,no_workspace_writes,1.791759469228,0.193750000000,0.876314399695,-0.581250000000,1.000000000000,0.344117647059,1.000000000000,1280;1280;1280;1280;1280;1280;480,entity:640;640;640;640;640;640;0|value:640;640;640;640;640;640;0|filler:0;0;0;0;0;0;0|query_marker:0;0;0;0;0;0;160|query_entity:0;0;0;0;0;0;160|context:0;0;0;0;0;0;160,kv_delayed_annealed_curriculum,0.833333333333,0.027083333333,0.166666666667,0.166666666667,0.441366032943,-0.040940862454,-0.540309137546,-0.397686606336,160;0;0,2808;0;0,0.000000000000,0.761329013001,0.000000000000,0.365625000000,0.634375000000,0.000000000000,0.000000000000,0.000000000000,0.000000000000,0.000000000000,0;0;0,42.675000000000,18.000000000000,0.275000000000,0.000000000000,0.000000000000
0,no_workspace_persistence,1.791759469228,0.193750000000,0.876314399695,-0.581250000000,1.000000000000,0.344117647059,1.000000000000,1280;1280;1280;1280;1280;1280;480,entity:640;640;640;640;640;640;0|value:640;640;640;640;640;640;0|filler:0;0;0;0;0;0;0|query_marker:0;0;0;0;0;0;160|query_entity:0;0;0;0;0;0;160|context:0;0;0;0;0;0;160,kv_delayed_annealed_curriculum,0.833333333333,0.027083333333,0.166666666667,0.166666666667,0.441366032943,-0.040940862454,-0.540309137546,-0.397686606336,160;0;0,2808;0;0,0.000000000000,0.761329013001,0.000000000000,0.365625000000,0.634375000000,0.000000000000,0.000000000000,0.000000000000,0.000000000000,0.000000000000,0;0;0,42.675000000000,18.000000000000,0.275000000000,0.000000000000,0.000000000000
0,no_mechanism_output,1.791759469228,0.193750000000,0.876314399695,-0.581250000000,1.000000000000,0.340441176471,1.000000000000,1280;1280;1280;1280;1280;1280;480,entity:640;640;640;640;640;640;0|value:640;640;640;640;640;640;0|filler:0;0;0;0;0;0;0|query_marker:0;0;0;0;0;0;160|query_entity:0;0;0;0;0;0;160|context:0;0;0;0;0;0;160,kv_delayed_annealed_curriculum,0.833333333333,0.027083333333,0.166666666667,0.166666666667,0.441366032943,-0.040940862454,-0.540309137546,-0.397686606336,65;52;43,938;832;1008,0.000000000000,0.374680982679,0.000000000000,0.361718750000,0.638281250000,0.236718750000,0.030468750000,0.725000000000,0.725000000000,15.639583333333,309;256;344,42.675000000000,18.000000000000,0.275000000000,0.275000000000,0.725000000000
0,remove_delay_distractors,0.844772898043,0.800000000000,-0.070672171490,0.025000000000,1.000000000000,0.146323529412,1.000000000000,1280;1280;1280;1280;1280;1280;480,entity:640;640;640;640;640;640;0|value:640;640;640;640;640;640;0|filler:0;0;0;0;0;0;0|query_marker:0;0;0;0;0;0;160|query_entity:0;0;0;0;0;0;160|context:0;0;0;0;0;0;160,kv_delayed_annealed_curriculum,0.354020204052,0.095333173398,0.704666826602,0.581893760799,-0.037947096338,0.027308977611,-0.002308977611,0.017540487796,49;55;56,412;384;398,0.000000000000,0.353349543486,0.000000000000,0.155468750000,0.844531250000,0.030468750000,0.027604166667,0.750000000000,0.750000000000,20.441666666667,46;32;39,42.675000000000,18.000000000000,0.000000000000,0.000000000000,0.747916666667
0,relevant_looking_delay_distractors,1.443045349775,0.575000000000,0.527600280242,-0.200000000000,1.000000000000,0.737745098039,1.000000000000,1280;1280;1280;1280;1280;1280;480,entity:640;640;640;640;640;640;0|value:640;640;640;640;640;640;0|filler:0;0;0;0;0;0;0|query_marker:0;0;0;0;0;0;160|query_entity:0;0;0;0;0;0;160|context:0;0;0;0;0;0;160,kv_delayed_annealed_curriculum,0.652571888468,0.124458614549,0.699458614549,0.429148111117,0.260604588078,0.056434418761,-0.007517189663,-0.135205161886,57;54;49,2318;1958;1744,0.000000000000,0.438515378311,0.000000000000,0.783854166667,0.216145833333,0.658854166667,0.060677083333,0.518750000000,0.518750000000,11.745833333333,999;819;712,42.675000000000,18.000000000000,0.837847222222,0.837847222222,0.483333333333
0,reverse_delay_block,0.915793846263,0.775000000000,0.000348776730,0.000000000000,1.000000000000,0.340441176471,1.000000000000,1280;1280;1280;1280;1280;1280;480,entity:640;640;640;640;640;640;0|value:640;640;640;640;640;640;0|filler:0;0;0;0;0;0;0|query_marker:0;0;0;0;0;0;160|query_entity:0;0;0;0;0;0;160|context:0;0;0;0;0;0;160,kv_delayed_annealed_curriculum,0.389968216570,0.068013969889,0.706986030111,0.565380048219,-0.001999083820,-0.000010225898,0.000010225898,0.001026775216,67;50;43,864;1004;910,0.000000000000,0.374695275111,0.000000000000,0.361718750000,0.638281250000,0.236718750000,0.030468750000,0.725000000000,0.725000000000,15.581250000000,272;342;295,42.675000000000,18.000000000000,0.275000000000,0.275000000000,0.725000000000
1,intact,1.240772229630,0.693750000000,0.000000000000,0.000000000000,1.000000000000,0.386764705882,1.000000000000,1280;1280;1280;1280;1280;1280;480,entity:640;640;640;640;640;640;0|value:640;640;640;640;640;640;0|filler:0;0;0;0;0;0;0|query_marker:0;0;0;0;0;0;160|query_entity:0;0;0;0;0;0;160|context:0;0;0;0;0;0;160,kv_delayed_annealed_curriculum,0.519524763260,0.140774573701,0.682038721529,0.484176324854,0.000000000000,0.000000000000,0.000000000000,0.000000000000,72;48;40,1044;1040;1072,0.000000000000,0.467064383380,0.000000000000,0.410937500000,0.589062500000,0.285937500000,0.037239583333,0.612500000000,0.612500000000,13.675000000000,362;360;376,42.575000000000,18.000000000000,0.331597222222,0.331597222222,0.612500000000
1,zero_query_context,2.312265143940,0.218750000000,1.071492914310,-0.475000000000,1.000000000000,0.941176470588,1.000000000000,1280;1280;1280;1280;1280;1280;480,entity:640;640;640;640;640;640;0|value:640;640;640;640;640;640;0|filler:0;0;0;0;0;0;0|query_marker:0;0;0;0;0;0;160|query_entity:0;0;0;0;0;0;160|context:0;0;0;0;0;0;160,kv_delayed_annealed_curriculum,1.101164181137,0.476657746563,0.695407746563,0.201994402140,0.581639417878,0.335883172862,0.013369025034,-0.282181922714,84;49;27,2560;2560;2560,0.000000000000,1.285589442580,0.000000000000,1.000000000000,0.000000000000,0.875000000000,0.125000000000,0.000000000000,0.000000000000,1.000000000000,1120;1120;1120,42.575000000000,18.000000000000,1.000000000000,1.000000000000,0.000000000000
1,randomized_retention_actions,1.725998956481,0.275000000000,0.485226726851,-0.418750000000,1.000000000000,0.925245098039,1.000000000000,1280;1280;1280;1280;1280;1280;480,entity:640;640;640;640;640;640;0|value:640;640;640;640;640;640;0|filler:0;0;0;0;0;0;0|query_marker:0;0;0;0;0;0;160|query_entity:0;0;0;0;0;0;160|context:0;0;0;0;0;0;160,kv_delayed_annealed_curriculum,0.831738605292,0.245612410165,0.490905398403,0.271415709650,0.312213842033,0.104837836465,-0.191133323126,-0.212760615204,62;47;51,4116;3128;306,0.000000000000,0.446082240405,0.000000000000,0.983072916667,0.016927083333,0.915885416667,0.082552083333,0.231250000000,0.231250000000,7.717054263566,1960;1455;102,42.575000000000,18.000000000000,1.000000000000,1.000000000000,0.204166666667
1,force_fifo_retention,2.312265143940,0.218750000000,1.071492914310,-0.475000000000,1.000000000000,0.941176470588,1.000000000000,1280;1280;1280;1280;1280;1280;480,entity:640;640;640;640;640;640;0|value:640;640;640;640;640;640;0|filler:0;0;0;0;0;0;0|query_marker:0;0;0;0;0;0;160|query_entity:0;0;0;0;0;0;160|context:0;0;0;0;0;0;160,kv_delayed_annealed_curriculum,1.101164181137,0.476657746563,0.695407746563,0.201994402140,0.581639417878,0.335883172862,0.013369025034,-0.282181922714,84;49;27,2560;2560;2560,0.000000000000,0.442873068962,0.000000000000,1.000000000000,0.000000000000,0.875000000000,0.125000000000,0.000000000000,0.000000000000,1.000000000000,1120;1120;1120,42.575000000000,18.000000000000,1.000000000000,1.000000000000,0.000000000000
1,force_relevant_eviction,2.103001134245,0.318750000000,0.862228904615,-0.375000000000,1.000000000000,0.440686274510,1.000000000000,1280;1280;1280;1280;1280;1280;480,entity:640;640;640;640;640;640;0|value:640;640;640;640;640;640;0|filler:0;0;0;0;0;0;0|query_marker:0;0;0;0;0;0;160|query_entity:0;0;0;0;0;0;160|context:0;0;0;0;0;0;160,kv_delayed_annealed_curriculum,0.965516375854,0.361694815103,0.426278148436,0.184273780042,0.445991612595,0.220920241402,-0.255760573093,-0.299902544812,50;41;69,1384;1240;972,0.000000000000,0.595366107777,0.000000000000,0.468229166667,0.531770833333,0.369531250000,0.120833333333,0.000000000000,0.000000000000,11.203166226913,532;479;408,42.575000000000,18.000000000000,0.349652777778,0.349652777778,0.000000000000
1,permuted_context_labels,2.426276731508,0.187500000000,1.185504501878,-0.506250000000,1.000000000000,0.437254901961,1.000000000000,1280;1280;1280;1280;1280;1280;480,entity:640;640;640;640;640;640;0|value:640;640;640;640;640;640;0|filler:0;0;0;0;0;0;0|query_marker:0;0;0;0;0;0;160|query_entity:0;0;0;0;0;0;160|context:0;0;0;0;0;0;160,kv_delayed_annealed_curriculum,1.161783590281,0.524832390365,0.687332390365,0.172929907569,0.642258827021,0.384057816665,0.005293668836,-0.311246417285,124;22;14,1254;1178;1136,0.000000000000,0.660685263004,0.000000000000,0.464583333333,0.535416666667,0.344270833333,0.033593750000,0.043750000000,0.043750000000,4.621212121212,473;435;414,42.575000000000,18.000000000000,0.472569444444,0.418750000000,0.031250000000
1,disable_retention_skip,2.420236511467,0.181250000000,1.179464281837,-0.512500000000,1.000000000000,0.941176470588,1.000000000000,1280;1280;1280;1280;1280;1280;480,entity:640;640;640;640;640;640;0|value:640;640;640;640;640;640;0|filler:0;0;0;0;0;0;0|query_marker:0;0;0;0;0;0;160|query_entity:0;0;0;0;0;0;160|context:0;0;0;0;0;0;160,kv_delayed_annealed_curriculum,1.153590065470,0.514562182275,0.695812182275,0.176001402143,0.634065302210,0.373787608574,0.013773460746,-0.308174922712,97;42;21,2674;2556;2450,0.000000000000,0.460966581535,0.000000000000,1.000000000000,0.000000000000,0.875000000000,0.125000000000,0.000000000000,0.000000000000,1.591666666667,1177;1118;1065,42.575000000000,18.000000000000,1.000000000000,1.000000000000,0.000000000000
1,no_workspace_writes,1.791759469228,0.237500000000,0.550987239598,-0.456250000000,1.000000000000,0.436764705882,1.000000000000,1280;1280;1280;1280;1280;1280;480,entity:640;640;640;640;640;640;0|value:640;640;640;640;640;640;0|filler:0;0;0;0;0;0;0|query_marker:0;0;0;0;0;0;160|query_entity:0;0;0;0;0;0;160|context:0;0;0;0;0;0;160,kv_delayed_annealed_curriculum,0.833333333333,0.070833333333,0.166666666667,0.166666666667,0.313808570074,-0.069941240367,-0.515372054862,-0.317509658188,160;0;0,3564;0;0,0.000000000000,0.823368366465,0.000000000000,0.464062500000,0.535937500000,0.000000000000,0.000000000000,0.000000000000,0.000000000000,0.000000000000,0;0;0,42.575000000000,18.000000000000,0.387500000000,0.000000000000,0.000000000000
1,no_workspace_persistence,1.791759469228,0.237500000000,0.550987239598,-0.456250000000,1.000000000000,0.436764705882,1.000000000000,1280;1280;1280;1280;1280;1280;480,entity:640;640;640;640;640;640;0|value:640;640;640;640;640;640;0|filler:0;0;0;0;0;0;0|query_marker:0;0;0;0;0;0;160|query_entity:0;0;0;0;0;0;160|context:0;0;0;0;0;0;160,kv_delayed_annealed_curriculum,0.833333333333,0.070833333333,0.166666666667,0.166666666667,0.313808570074,-0.069941240367,-0.515372054862,-0.317509658188,160;0;0,3564;0;0,0.000000000000,0.823368366465,0.000000000000,0.464062500000,0.535937500000,0.000000000000,0.000000000000,0.000000000000,0.000000000000,0.000000000000,0;0;0,42.575000000000,18.000000000000,0.387500000000,0.000000000000,0.000000000000
1,no_mechanism_output,1.791759469228,0.237500000000,0.550987239598,-0.456250000000,1.000000000000,0.386764705882,1.000000000000,1280;1280;1280;1280;1280;1280;480,entity:640;640;640;640;640;640;0|value:640;640;640;640;640;640;0|filler:0;0;0;0;0;0;0|query_marker:0;0;0;0;0;0;160|query_entity:0;0;0;0;0;0;160|context:0;0;0;0;0;0;160,kv_delayed_annealed_curriculum,0.833333333333,0.070833333333,0.166666666667,0.166666666667,0.313808570074,-0.069941240367,-0.515372054862,-0.317509658188,72;48;40,1044;1040;1072,0.000000000000,0.467064383380,0.000000000000,0.410937500000,0.589062500000,0.285937500000,0.037239583333,0.612500000000,0.612500000000,13.675000000000,362;360;376,42.575000000000,18.000000000000,0.331597222222,0.331597222222,0.612500000000
1,remove_delay_distractors,1.070606911470,0.750000000000,-0.170165318160,0.056250000000,1.000000000000,0.152696078431,1.000000000000,1280;1280;1280;1280;1280;1280;480,entity:640;640;640;640;640;640;0|value:640;640;640;640;640;640;0|filler:0;0;0;0;0;0;0|query_marker:0;0;0;0;0;0;160|query_entity:0;0;0;0;0;0;160|context:0;0;0;0;0;0;160,kv_delayed_annealed_curriculum,0.442466090618,0.105440857391,0.686071731659,0.525411256982,-0.077058672642,-0.035333716310,0.004033010130,0.041234932128,48;49;63,420;398;428,0.000000000000,0.422063998059,0.000000000000,0.162239583333,0.837760416667,0.037239583333,0.026822916667,0.712500000000,0.712500000000,20.385416666667,50;39;54,42.575000000000,18.000000000000,0.000000000000,0.000000000000,0.695833333333
1,relevant_looking_delay_distractors,1.582241230036,0.543750000000,0.341469000406,-0.150000000000,1.000000000000,0.673284313725,1.000000000000,1280;1280;1280;1280;1280;1280;480,entity:640;640;640;640;640;640;0|value:640;640;640;640;640;640;0|filler:0;0;0;0;0;0;0|query_marker:0;0;0;0;0;0;160|query_entity:0;0;0;0;0;0;160|context:0;0;0;0;0;0;160,kv_delayed_annealed_curriculum,0.707692881354,0.145049451530,0.688799451530,0.394483618986,0.188168118095,0.004274877830,0.006760730001,-0.089692705868,72;36;52,2070;2310;1114,0.000000000000,0.503847609370,0.000000000000,0.715364583333,0.284635416667,0.590364583333,0.062760416667,0.450000000000,0.450000000000,11.100000000000,875;995;397,42.575000000000,18.000000000000,0.737500000000,0.737500000000,0.408333333333
1,reverse_delay_block,1.235932324093,0.700000000000,-0.004839905537,0.006250000000,1.000000000000,0.385539215686,1.000000000000,1280;1280;1280;1280;1280;1280;480,entity:640;640;640;640;640;640;0|value:640;640;640;640;640;640;0|filler:0;0;0;0;0;0;0|query_marker:0;0;0;0;0;0;160|query_entity:0;0;0;0;0;0;160|context:0;0;0;0;0;0;160,kv_delayed_annealed_curriculum,0.512382876042,0.100949729759,0.682566829624,0.488117715278,-0.007141887218,-0.039824843941,0.000528108095,0.003941390424,73;46;41,1040;1030;1076,0.000000000000,0.468349805697,0.000000000000,0.409635416667,0.590364583333,0.284635416667,0.037239583333,0.612500000000,0.612500000000,13.679166666667,360;355;378,42.575000000000,18.000000000000,0.329861111111,0.329861111111,0.612500000000
2,intact,0.004188031237,1.000000000000,0.000000000000,0.000000000000,1.000000000000,0.155637254902,1.000000000000,1280;1280;1280;1280;1280;1280;480,entity:640;640;640;640;640;640;0|value:640;640;640;640;640;640;0|filler:0;0;0;0;0;0;0|query_marker:0;0;0;0;0;0;160|query_entity:0;0;0;0;0;0;160|context:0;0;0;0;0;0;160,kv_delayed_annealed_curriculum,0.000021016086,0.004179261128,0.995820738872,0.995820738872,0.000000000000,0.000000000000,0.000000000000,0.000000000000,41;57;62,408;428;434,0.000000000000,0.112680334116,0.000000000000,0.165364583333,0.834635416667,0.040364583333,0.000000000000,1.000000000000,1.000000000000,20.427083333333,44;54;57,42.625000000000,18.000000000000,0.000000000000,0.000000000000,1.000000000000
2,zero_query_context,3.060684883643,0.568750000000,3.056496852406,-0.431250000000,1.000000000000,0.117647058824,1.000000000000,1280;1280;1280;1280;1280;1280;480,entity:640;640;640;640;640;640;0|value:640;640;640;640;640;640;0|filler:0;0;0;0;0;0;0|query_marker:0;0;0;0;0;0;160|query_entity:0;0;0;0;0;0;160|context:0;0;0;0;0;0;160,kv_delayed_annealed_curriculum,0.858260113900,0.427103404089,0.995853404089,0.566733693226,0.858239097814,0.422924142961,0.000032665217,-0.429087045646,50;55;55,320;320;320,0.000000000000,0.332400229335,0.000000000000,0.125000000000,0.875000000000,0.000000000000,0.000000000000,0.506250000000,0.506250000000,22.000000000000,0;0;0,42.625000000000,18.000000000000,0.000000000000,0.000000000000,0.485416666667
2,randomized_retention_actions,3.594038059044,0.312500000000,3.589850027807,-0.687500000000,1.000000000000,0.812009803922,1.000000000000,1280;1280;1280;1280;1280;1280;480,entity:640;640;640;640;640;640;0|value:640;640;640;640;640;640;0|filler:0;0;0;0;0;0;0|query_marker:0;0;0;0;0;0;160|query_entity:0;0;0;0;0;0;160|context:0;0;0;0;0;0;160,kv_delayed_annealed_curriculum,1.108260292129,0.434635805535,0.747135805535,0.318012713503,1.108239276043,0.430456544408,-0.248684933337,-0.677808025369,42;84;34,2994;3186;446,0.000000000000,0.570004807572,0.000000000000,0.862760416667,0.137239583333,0.795312500000,0.079947916667,0.168750000000,0.168750000000,7.602316602317,1398;1469;187,42.625000000000,18.000000000000,0.860069444444,0.860069444444,0.170833333333
2,force_fifo_retention,5.498231493912,0.225000000000,5.494043462675,-0.775000000000,1.000000000000,0.941176470588,1.000000000000,1280;1280;1280;1280;1280;1280;480,entity:640;640;640;640;640;640;0|value:640;640;640;640;640;640;0|filler:0;0;0;0;0;0;0|query_marker:0;0;0;0;0;0;160|query_entity:0;0;0;0;0;0;160|context:0;0;0;0;0;0;160,kv_delayed_annealed_curriculum,1.542334535963,0.770861945184,0.995861945184,0.224704982652,1.542313519877,0.766682684056,0.000041206312,-0.771115756220,83;51;26,2560;2560;2560,0.000000000000,0.238809737447,0.000000000000,1.000000000000,0.000000000000,0.875000000000,0.125000000000,0.000000000000,0.000000000000,1.000000000000,1120;1120;1120,42.625000000000,18.000000000000,1.000000000000,1.000000000000,0.000000000000
2,force_relevant_eviction,4.370615902081,0.187500000000,4.366427870844,-0.812500000000,1.000000000000,0.236764705882,1.000000000000,1280;1280;1280;1280;1280;1280;480,entity:640;640;640;640;640;640;0|value:640;640;640;640;640;640;0|filler:0;0;0;0;0;0;0|query_marker:0;0;0;0;0;0;160|query_entity:0;0;0;0;0;0;160|context:0;0;0;0;0;0;160,kv_delayed_annealed_curriculum,1.313344724322,0.590701943569,0.778201943569,0.230912161494,1.313323708236,0.586522682442,-0.217618795303,-0.764908577378,51;56;53,700;618;614,0.000000000000,0.213687159207,0.000000000000,0.251562500000,0.748437500000,0.139062500000,0.125000000000,0.000000000000,0.000000000000,19.696759259259,190;155;189,42.625000000000,18.000000000000,0.036111111111,0.033680555556,0.000000000000
2,permuted_context_labels,5.734423576728,0.187500000000,5.730235545491,-0.812500000000,1.000000000000,0.470343137255,1.000000000000,1280;1280;1280;1280;1280;1280;480,entity:640;640;640;640;640;640;0|value:640;640;640;640;640;640;0|filler:0;0;0;0;0;0;0|query_marker:0;0;0;0;0;0;160|query_entity:0;0;0;0;0;0;160|context:0;0;0;0;0;0;160,kv_delayed_annealed_curriculum,1.609725963334,0.803184073703,0.990684073703,0.188435475031,1.609704947249,0.799004812575,-0.005136665170,-0.807385263841,116;32;12,1164;882;1792,0.000000000000,0.239602127862,0.000000000000,0.499739583333,0.500260416667,0.375520833333,0.042968750000,0.025000000000,0.025000000000,13.563941299790,423;282;737,42.625000000000,18.000000000000,0.500694444444,0.475694444444,0.018750000000
2,disable_retention_skip,5.230053060982,0.262500000000,5.225865029745,-0.737500000000,1.000000000000,0.941176470588,1.000000000000,1280;1280;1280;1280;1280;1280;480,entity:640;640;640;640;640;640;0|value:640;640;640;640;640;640;0|filler:0;0;0;0;0;0;0|query_marker:0;0;0;0;0;0;160|query_entity:0;0;0;0;0;0;160|context:0;0;0;0;0;0;160,kv_delayed_annealed_curriculum,1.467692453842,0.733354963944,0.995854963944,0.262019075910,1.467671437757,0.729175702816,0.000034225072,-0.733801662962,92;50;18,2712;2546;2422,0.000000000000,0.229312890360,0.000000000000,1.000000000000,0.000000000000,0.875000000000,0.125000000000,0.000000000000,0.000000000000,1.020833333333,1196;1113;1051,42.625000000000,18.000000000000,1.000000000000,1.000000000000,0.000000000000
2,no_workspace_writes,1.791759469228,0.206250000000,1.787571437991,-0.793750000000,1.000000000000,0.574264705882,1.000000000000,1280;1280;1280;1280;1280;1280;480,entity:640;640;640;640;640;640;0|value:640;640;640;640;640;640;0|filler:0;0;0;0;0;0;0|query_marker:0;0;0;0;0;0;160|query_entity:0;0;0;0;0;0;160|context:0;0;0;0;0;0;160,kv_delayed_annealed_curriculum,0.833333333333,0.039583333333,0.166666666667,0.166666666667,0.833312317248,0.035404072206,-0.829154072206,-0.829154072206,160;0;0,4686;0;0,0.000000000000,0.997175268083,0.000000000000,0.610156250000,0.389843750000,0.000000000000,0.000000000000,0.000000000000,0.000000000000,0.000000000000,0;0;0,42.625000000000,18.000000000000,0.555208333333,0.000000000000,0.000000000000
2,no_workspace_persistence,1.791759469228,0.206250000000,1.787571437991,-0.793750000000,1.000000000000,0.574264705882,1.000000000000,1280;1280;1280;1280;1280;1280;480,entity:640;640;640;640;640;640;0|value:640;640;640;640;640;640;0|filler:0;0;0;0;0;0;0|query_marker:0;0;0;0;0;0;160|query_entity:0;0;0;0;0;0;160|context:0;0;0;0;0;0;160,kv_delayed_annealed_curriculum,0.833333333333,0.039583333333,0.166666666667,0.166666666667,0.833312317248,0.035404072206,-0.829154072206,-0.829154072206,160;0;0,4686;0;0,0.000000000000,0.997175268083,0.000000000000,0.610156250000,0.389843750000,0.000000000000,0.000000000000,0.000000000000,0.000000000000,0.000000000000,0;0;0,42.625000000000,18.000000000000,0.555208333333,0.000000000000,0.000000000000
2,no_mechanism_output,1.791759469228,0.206250000000,1.787571437991,-0.793750000000,1.000000000000,0.155637254902,1.000000000000,1280;1280;1280;1280;1280;1280;480,entity:640;640;640;640;640;640;0|value:640;640;640;640;640;640;0|filler:0;0;0;0;0;0;0|query_marker:0;0;0;0;0;0;160|query_entity:0;0;0;0;0;0;160|context:0;0;0;0;0;0;160,kv_delayed_annealed_curriculum,0.833333333333,0.039583333333,0.166666666667,0.166666666667,0.833312317248,0.035404072206,-0.829154072206,-0.829154072206,41;57;62,408;428;434,0.000000000000,0.112680334116,0.000000000000,0.165364583333,0.834635416667,0.040364583333,0.000000000000,1.000000000000,1.000000000000,20.427083333333,44;54;57,42.625000000000,18.000000000000,0.000000000000,0.000000000000,1.000000000000
2,remove_delay_distractors,0.004188031237,1.000000000000,0.000000000000,0.000000000000,1.000000000000,0.155637254902,1.000000000000,1280;1280;1280;1280;1280;1280;480,entity:640;640;640;640;640;640;0|value:640;640;640;640;640;640;0|filler:0;0;0;0;0;0;0|query_marker:0;0;0;0;0;0;160|query_entity:0;0;0;0;0;0;160|context:0;0;0;0;0;0;160,kv_delayed_annealed_curriculum,0.000021016086,0.004179261128,0.995820738872,0.995820738872,0.000000000000,0.000000000000,0.000000000000,0.000000000000,41;57;62,408;428;434,0.000000000000,0.112680334116,0.000000000000,0.165364583333,0.834635416667,0.040364583333,0.000000000000,1.000000000000,1.000000000000,20.427083333333,44;54;57,42.625000000000,18.000000000000,0.000000000000,0.000000000000,1.000000000000
2,relevant_looking_delay_distractors,2.084834798245,0.706250000000,2.080646767008,-0.293750000000,1.000000000000,0.861519607843,1.000000000000,1280;1280;1280;1280;1280;1280;480,entity:640;640;640;640;640;640;0|value:640;640;640;640;640;640;0|filler:0;0;0;0;0;0;0|query_marker:0;0;0;0;0;0;160|query_entity:0;0;0;0;0;0;160|context:0;0;0;0;0;0;160,kv_delayed_annealed_curriculum,0.584609944135,0.289582704914,0.995832704914,0.703538181019,0.584588928049,0.285403443786,0.000011966042,-0.292282557853,67;61;32,1452;1688;3890,0.000000000000,0.146547927955,0.000000000000,0.915364583333,0.084635416667,0.790364583333,0.041666666667,0.600000000000,0.600000000000,14.141666666667,566;684;1785,42.625000000000,18.000000000000,1.000000000000,1.000000000000,0.666666666667
2,reverse_delay_block,0.004188031237,1.000000000000,0.000000000000,0.000000000000,1.000000000000,0.155637254902,1.000000000000,1280;1280;1280;1280;1280;1280;480,entity:640;640;640;640;640;640;0|value:640;640;640;640;640;640;0|filler:0;0;0;0;0;0;0|query_marker:0;0;0;0;0;0;160|query_entity:0;0;0;0;0;0;160|context:0;0;0;0;0;0;160,kv_delayed_annealed_curriculum,0.000021016086,0.004179261128,0.995820738872,0.995820738872,0.000000000000,0.000000000000,0.000000000000,0.000000000000,41;57;62,408;428;434,0.000000000000,0.112680319257,0.000000000000,0.165364583333,0.834635416667,0.040364583333,0.000000000000,1.000000000000,1.000000000000,20.427083333333,44;54;57,42.625000000000,18.000000000000,0.000000000000,0.000000000000,1.000000000000
3,intact,1.038945827401,0.750000000000,0.000000000000,0.000000000000,1.000000000000,0.350490196078,1.000000000000,1280;1280;1280;1280;1280;1280;480,entity:640;640;640;640;640;640;0|value:640;640;640;640;640;640;0|filler:0;0;0;0;0;0;0|query_marker:0;0;0;0;0;0;160|query_entity:0;0;0;0;0;0;160|context:0;0;0;0;0;0;160,kv_delayed_annealed_curriculum,0.434707490864,0.045205818137,0.704794181863,0.540533856611,0.000000000000,0.000000000000,0.000000000000,0.000000000000,67;53;40,838;1056;966,0.000000000000,0.380676940192,0.000000000000,0.372395833333,0.627604166667,0.247395833333,0.036458333333,0.706250000000,0.706250000000,15.437500000000,259;368;323,43.162500000000,18.000000000000,0.281250000000,0.281250000000,0.706250000000
3,zero_query_context,2.301637666472,0.225000000000,1.262691839070,-0.525000000000,1.000000000000,0.941176470588,1.000000000000,1280;1280;1280;1280;1280;1280;480,entity:640;640;640;640;640;640;0|value:640;640;640;640;640;640;0|filler:0;0;0;0;0;0;0|query_marker:0;0;0;0;0;0;160|query_entity:0;0;0;0;0;0;160|context:0;0;0;0;0;0;160,kv_delayed_annealed_curriculum,1.109973744130,0.485718620856,0.710718620856,0.207019845437,0.675266253266,0.440512802719,0.005924438993,-0.333514011174,82;49;29,2560;2560;2560,0.000000000000,1.287751229290,0.000000000000,1.000000000000,0.000000000000,0.875000000000,0.125000000000,0.000000000000,0.000000000000,1.000000000000,1120;1120;1120,43.162500000000,18.000000000000,1.000000000000,1.000000000000,0.000000000000
3,randomized_retention_actions,1.845386217347,0.281250000000,0.806440389946,-0.468750000000,1.000000000000,0.921078431373,1.000000000000,1280;1280;1280;1280;1280;1280;480,entity:640;640;640;640;640;640;0|value:640;640;640;640;640;640;0|filler:0;0;0;0;0;0;0|query_marker:0;0;0;0;0;0;160|query_entity:0;0;0;0;0;0;160|context:0;0;0;0;0;0;160,kv_delayed_annealed_curriculum,0.873144853836,0.268184656991,0.549434656991,0.271903547603,0.438437362972,0.222978838854,-0.155359524872,-0.268630309008,47;55;58,4746;2422;348,0.000000000000,0.422840708144,0.000000000000,0.978645833333,0.021354166667,0.907552083333,0.074218750000,0.200000000000,0.200000000000,8.468864468864,2260;1109;116,43.162500000000,18.000000000000,1.000000000000,1.000000000000,0.235416666667
3,force_fifo_retention,2.301637666472,0.225000000000,1.262691839070,-0.525000000000,1.000000000000,0.941176470588,1.000000000000,1280;1280;1280;1280;1280;1280;480,entity:640;640;640;640;640;640;0|value:640;640;640;640;640;640;0|filler:0;0;0;0;0;0;0|query_marker:0;0;0;0;0;0;160|query_entity:0;0;0;0;0;0;160|context:0;0;0;0;0;0;160,kv_delayed_annealed_curriculum,1.109973744130,0.485718620856,0.710718620856,0.207019845437,0.675266253266,0.440512802719,0.005924438993,-0.333514011174,82;49;29,2560;2560;2560,0.000000000000,0.388697795773,0.000000000000,1.000000000000,0.000000000000,0.875000000000,0.125000000000,0.000000000000,0.000000000000,1.000000000000,1120;1120;1120,43.162500000000,18.000000000000,1.000000000000,1.000000000000,0.000000000000
3,force_relevant_eviction,2.147088442790,0.287500000000,1.108142615389,-0.462500000000,1.000000000000,0.404901960784,1.000000000000,1280;1280;1280;1280;1280;1280;480,entity:640;640;640;640;640;640;0|value:640;640;640;640;640;640;0|filler:0;0;0;0;0;0;0|query_marker:0;0;0;0;0;0;160|query_entity:0;0;0;0;0;0;160|context:0;0;0;0;0;0;160,kv_delayed_annealed_curriculum,1.000170287122,0.375248028368,0.393998028368,0.157823078301,0.565462796258,0.330042210231,-0.310796153495,-0.382710778310,41;38;81,1310;1230;764,0.000000000000,0.536310627477,0.000000000000,0.430208333333,0.569791666667,0.335677083333,0.124739583333,0.000000000000,0.000000000000,13.038567493113,495;479;315,43.162500000000,18.000000000000,0.299305555556,0.299305555556,0.000000000000
3,permuted_context_labels,1.798139493170,0.412500000000,0.759193665768,-0.337500000000,1.000000000000,0.596813725490,1.000000000000,1280;1280;1280;1280;1280;1280;480,entity:640;640;640;640;640;640;0|value:640;640;640;640;640;640;0|filler:0;0;0;0;0;0;0|query_marker:0;0;0;0;0;0;160|query_entity:0;0;0;0;0;0;160|context:0;0;0;0;0;0;160,kv_delayed_annealed_curriculum,0.839817196287,0.270160076133,0.682660076133,0.333555555398,0.405109705423,0.224954257996,-0.022134105730,-0.206978301213,95;34;31,1742;1416;1712,0.000000000000,0.722217821504,0.000000000000,0.634114583333,0.365885416667,0.515625000000,0.015885416667,0.256250000000,0.256250000000,7.837362637363,719;556;705,43.162500000000,18.000000000000,0.668402777778,0.625694444444,0.254166666667
3,disable_retention_skip,2.410980140822,0.187500000000,1.372034313420,-0.562500000000,1.000000000000,0.941176470588,1.000000000000,1280;1280;1280;1280;1280;1280;480,entity:640;640;640;640;640;640;0|value:640;640;640;640;640;640;0|filler:0;0;0;0;0;0;0|query_marker:0;0;0;0;0;0;160|query_entity:0;0;0;0;0;0;160|context:0;0;0;0;0;0;160,kv_delayed_annealed_curriculum,1.157667482918,0.518947417373,0.706447417373,0.180318614143,0.722959992054,0.473741599236,0.001653235510,-0.360215242468,80;51;29,2536;2656;2488,0.000000000000,0.385064499559,0.000000000000,1.000000000000,0.000000000000,0.875000000000,0.125000000000,0.000000000000,0.000000000000,1.614583333333,1108;1168;1084,43.162500000000,18.000000000000,1.000000000000,1.000000000000,0.000000000000
3,no_workspace_writes,1.791759469228,0.256250000000,0.752813641827,-0.493750000000,1.000000000000,0.359558823529,1.000000000000,1280;1280;1280;1280;1280;1280;480,entity:640;640;640;640;640;640;0|value:640;640;640;640;640;640;0|filler:0;0;0;0;0;0;0|query_marker:0;0;0;0;0;0;160|query_entity:0;0;0;0;0;0;160|context:0;0;0;0;0;0;160,kv_delayed_annealed_curriculum,0.833333333333,0.089583333333,0.166666666667,0.166666666667,0.398625842469,0.044377515196,-0.538127515196,-0.373867189944,160;0;0,2934;0;0,0.000000000000,0.828058312997,0.000000000000,0.382031250000,0.617968750000,0.000000000000,0.000000000000,0.000000000000,0.000000000000,0.000000000000,0;0;0,43.162500000000,18.000000000000,0.293750000000,0.000000000000,0.000000000000
3,no_workspace_persistence,1.791759469228,0.256250000000,0.752813641827,-0.493750000000,1.000000000000,0.359558823529,1.000000000000,1280;1280;1280;1280;1280;1280;480,entity:640;640;640;640;640;640;0|value:640;640;640;640;640;640;0|filler:0;0;0;0;0;0;0|query_marker:0;0;0;0;0;0;160|query_entity:0;0;0;0;0;0;160|context:0;0;0;0;0;0;160,kv_delayed_annealed_curriculum,0.833333333333,0.089583333333,0.166666666667,0.166666666667,0.398625842469,0.044377515196,-0.538127515196,-0.373867189944,160;0;0,2934;0;0,0.000000000000,0.828058312997,0.000000000000,0.382031250000,0.617968750000,0.000000000000,0.000000000000,0.000000000000,0.000000000000,0.000000000000,0;0;0,43.162500000000,18.000000000000,0.293750000000,0.000000000000,0.000000000000
3,no_mechanism_output,1.791759469228,0.256250000000,0.752813641827,-0.493750000000,1.000000000000,0.350490196078,1.000000000000,1280;1280;1280;1280;1280;1280;480,entity:640;640;640;640;640;640;0|value:640;640;640;640;640;640;0|filler:0;0;0;0;0;0;0|query_marker:0;0;0;0;0;0;160|query_entity:0;0;0;0;0;0;160|context:0;0;0;0;0;0;160,kv_delayed_annealed_curriculum,0.833333333333,0.089583333333,0.166666666667,0.166666666667,0.398625842469,0.044377515196,-0.538127515196,-0.373867189944,67;53;40,838;1056;966,0.000000000000,0.380676940192,0.000000000000,0.372395833333,0.627604166667,0.247395833333,0.036458333333,0.706250000000,0.706250000000,15.437500000000,259;368;323,43.162500000000,18.000000000000,0.281250000000,0.281250000000,0.706250000000
3,remove_delay_distractors,0.852825002739,0.812500000000,-0.186120824663,0.062500000000,1.000000000000,0.151960784314,1.000000000000,1280;1280;1280;1280;1280;1280;480,entity:640;640;640;640;640;640;0|value:640;640;640;640;640;640;0|filler:0;0;0;0;0;0;0|query_marker:0;0;0;0;0;0;160|query_entity:0;0;0;0;0;0;160|context:0;0;0;0;0;0;160,kv_delayed_annealed_curriculum,0.349725243664,0.105300645831,0.707199354169,0.584603952836,-0.084982247200,0.060094827694,0.002405172306,0.044070096226,53;55;52,406;408;426,0.000000000000,0.353315358840,0.000000000000,0.161458333333,0.838541666667,0.036458333333,0.029427083333,0.768750000000,0.768750000000,20.343750000000,43;44;53,43.162500000000,18.000000000000,0.000000000000,0.000000000000,0.762500000000
3,relevant_looking_delay_distractors,1.586522346389,0.531250000000,0.547576518987,-0.218750000000,1.000000000000,0.757843137255,1.000000000000,1280;1280;1280;1280;1280;1280;480,entity:640;640;640;640;640;640;0|value:640;640;640;640;640;640;0|filler:0;0;0;0;0;0;0|query_marker:0;0;0;0;0;0;160|query_entity:0;0;0;0;0;0;160|context:0;0;0;0;0;0;160,kv_delayed_annealed_curriculum,0.720289115476,0.173950530608,0.705200530608,0.398263322541,0.285581624612,0.128744712471,0.000406348745,-0.142270534070,78;47;35,1578;2100;2506,0.000000000000,0.445658535044,0.000000000000,0.805208333333,0.194791666667,0.680208333333,0.065885416667,0.443750000000,0.443750000000,13.033333333333,629;890;1093,43.162500000000,18.000000000000,0.858333333333,0.858333333333,0.470833333333
3,reverse_delay_block,1.080781631887,0.737500000000,0.041835804486,-0.012500000000,1.000000000000,0.355147058824,1.000000000000,1280;1280;1280;1280;1280;1280;480,entity:640;640;640;640;640;640;0|value:640;640;640;640;640;640;0|filler:0;0;0;0;0;0;0|query_marker:0;0;0;0;0;0;160|query_entity:0;0;0;0;0;0;160|context:0;0;0;0;0;0;160,kv_delayed_annealed_curriculum,0.451419983800,0.033274503418,0.704225496582,0.531777621934,0.016712492936,-0.011931314719,-0.000568685281,-0.008756234676,69;55;36,958;980;960,0.000000000000,0.378207258438,0.000000000000,0.377343750000,0.622656250000,0.252343750000,0.036458333333,0.706250000000,0.706250000000,15.385416666667,319;330;320,43.162500000000,18.000000000000,0.287847222222,0.287847222222,0.706250000000
4,intact,1.223178480317,0.700000000000,0.000000000000,0.000000000000,1.000000000000,0.364705882353,1.000000000000,1280;1280;1280;1280;1280;1280;480,entity:640;640;640;640;640;640;0|value:640;640;640;640;640;640;0|filler:0;0;0;0;0;0;0|query_marker:0;0;0;0;0;0;160|query_entity:0;0;0;0;0;0;160|context:0;0;0;0;0;0;160,kv_delayed_annealed_curriculum,0.514694008989,0.113941466098,0.696997911821,0.496985244035,0.000000000000,0.000000000000,0.000000000000,0.000000000000,77;39;44,954;952;1070,0.000000000000,0.437141244041,0.000000000000,0.387500000000,0.612500000000,0.262500000000,0.045572916667,0.631250000000,0.631250000000,14.387500000000,317;316;375,42.787500000000,18.000000000000,0.290277777778,0.290277777778,0.631250000000
4,zero_query_context,2.321234018684,0.225000000000,1.098055538367,-0.475000000000,1.000000000000,0.941176470588,1.000000000000,1280;1280;1280;1280;1280;1280;480,entity:640;640;640;640;640;640;0|value:640;640;640;640;640;640;0|filler:0;0;0;0;0;0;0|query_marker:0;0;0;0;0;0;160|query_entity:0;0;0;0;0;0;160|context:0;0;0;0;0;0;160,kv_delayed_annealed_curriculum,1.113023481026,0.489238784593,0.714238784593,0.208906204136,0.598329472037,0.375297318495,0.017240872772,-0.288079039899,89;39;32,2560;2560;2560,0.000000000000,1.287703974071,0.000000000000,1.000000000000,0.000000000000,0.875000000000,0.125000000000,0.000000000000,0.000000000000,1.000000000000,1120;1120;1120,42.787500000000,18.000000000000,1.000000000000,1.000000000000,0.000000000000
4,randomized_retention_actions,1.742219359336,0.275000000000,0.519040879020,-0.425000000000,1.000000000000,0.921323529412,1.000000000000,1280;1280;1280;1280;1280;1280;480,entity:640;640;640;640;640;640;0|value:640;640;640;640;640;640;0|filler:0;0;0;0;0;0;0|query_marker:0;0;0;0;0;0;160|query_entity:0;0;0;0;0;0;160|context:0;0;0;0;0;0;160,kv_delayed_annealed_curriculum,0.843441863411,0.234685838202,0.509685838202,0.274826107213,0.328747854422,0.120744372104,-0.187312073619,-0.222159136822,59;52;49,4242;2982;294,0.000000000000,0.449109989613,0.000000000000,0.978906250000,0.021093750000,0.910937500000,0.077604166667,0.187500000000,0.187500000000,7.969348659004,2020;1380;98,42.787500000000,18.000000000000,1.000000000000,1.000000000000,0.210416666667
4,force_fifo_retention,2.321234018684,0.225000000000,1.098055538367,-0.475000000000,1.000000000000,0.941176470588,1.000000000000,1280;1280;1280;1280;1280;1280;480,entity:640;640;640;640;640;640;0|value:640;640;640;640;640;640;0|filler:0;0;0;0;0;0;0|query_marker:0;0;0;0;0;0;160|query_entity:0;0;0;0;0;0;160|context:0;0;0;0;0;0;160,kv_delayed_annealed_curriculum,1.113023481026,0.489238784593,0.714238784593,0.208906204136,0.598329472037,0.375297318495,0.017240872772,-0.288079039899,89;39;32,2560;2560;2560,0.000000000000,0.427311994746,0.000000000000,1.000000000000,0.000000000000,0.875000000000,0.125000000000,0.000000000000,0.000000000000,1.000000000000,1120;1120;1120,42.787500000000,18.000000000000,1.000000000000,1.000000000000,0.000000000000
4,force_relevant_eviction,2.091553140722,0.287500000000,0.868374660405,-0.412500000000,1.000000000000,0.419607843137,1.000000000000,1280;1280;1280;1280;1280;1280;480,entity:640;640;640;640;640;640;0|value:640;640;640;640;640;640;0|filler:0;0;0;0;0;0;0|query_marker:0;0;0;0;0;0;160|query_entity:0;0;0;0;0;0;160|context:0;0;0;0;0;0;160,kv_delayed_annealed_curriculum,0.961486141083,0.313594781001,0.442761447668,0.195244400853,0.446792132093,0.199653314903,-0.254236464154,-0.301740843181,51;35;74,1258;1278;888,0.000000000000,0.564431233133,0.000000000000,0.445833333333,0.554166666667,0.345833333333,0.124479166667,0.000000000000,0.000000000000,12.205729166667,469;495;364,42.787500000000,18.000000000000,0.311458333333,0.311458333333,0.000000000000
4,permuted_context_labels,1.953539134295,0.375000000000,0.730360653978,-0.325000000000,1.000000000000,0.475735294118,1.000000000000,1280;1280;1280;1280;1280;1280;480,entity:640;640;640;640;640;640;0|value:640;640;640;640;640;640;0|filler:0;0;0;0;0;0;0|query_marker:0;0;0;0;0;0;160|query_entity:0;0;0;0;0;0;160|context:0;0;0;0;0;0;160,kv_delayed_annealed_curriculum,0.919906378756,0.323615176024,0.698615176024,0.301640516936,0.405212369766,0.209673709926,0.001617264203,-0.195344727098,111;29;20,1202;1430;1250,0.000000000000,0.686057505595,0.000000000000,0.505468750000,0.494531250000,0.385156250000,0.010677083333,0.212500000000,0.212500000000,7.179653679654,447;561;471,42.787500000000,18.000000000000,0.529166666667,0.475694444444,0.208333333333
4,disable_retention_skip,2.410432163315,0.193750000000,1.187253682998,-0.506250000000,1.000000000000,0.941176470588,1.000000000000,1280;1280;1280;1280;1280;1280;480,entity:640;640;640;640;640;640;0|value:640;640;640;640;640;640;0|filler:0;0;0;0;0;0;0|query_marker:0;0;0;0;0;0;160|query_entity:0;0;0;0;0;0;160|context:0;0;0;0;0;0;160,kv_delayed_annealed_curriculum,1.151001125919,0.513563652765,0.707313652765,0.185448061740,0.636307116930,0.399622186667,0.010315740944,-0.311537182295,85;39;36,2626;2520;2534,0.000000000000,0.431060652869,0.000000000000,1.000000000000,0.000000000000,0.875000000000,0.125000000000,0.000000000000,0.000000000000,1.500000000000,1153;1100;1107,42.787500000000,18.000000000000,1.000000000000,1.000000000000,0.000000000000
4,no_workspace_writes,1.791759469228,0.218750000000,0.568580988911,-0.481250000000,1.000000000000,0.421323529412,1.000000000000,1280;1280;1280;1280;1280;1280;480,entity:640;640;640;640;640;640;0|value:640;640;640;640;640;640;0|filler:0;0;0;0;0;0;0|query_marker:0;0;0;0;0;0;160|query_entity:0;0;0;0;0;0;160|context:0;0;0;0;0;0;160,kv_delayed_annealed_curriculum,0.833333333333,0.052083333333,0.166666666667,0.166666666667,0.318639324344,-0.061858132765,-0.530331245154,-0.330318577368,160;0;0,3438;0;0,0.000000000000,0.850139423499,0.000000000000,0.447656250000,0.552343750000,0.000000000000,0.000000000000,0.000000000000,0.000000000000,0.000000000000,0;0;0,42.787500000000,18.000000000000,0.368750000000,0.000000000000,0.000000000000
4,no_workspace_persistence,1.791759469228,0.218750000000,0.568580988911,-0.481250000000,1.000000000000,0.421323529412,1.000000000000,1280;1280;1280;1280;1280;1280;480,entity:640;640;640;640;640;640;0|value:640;640;640;640;640;640;0|filler:0;0;0;0;0;0;0|query_marker:0;0;0;0;0;0;160|query_entity:0;0;0;0;0;0;160|context:0;0;0;0;0;0;160,kv_delayed_annealed_curriculum,0.833333333333,0.052083333333,0.166666666667,0.166666666667,0.318639324344,-0.061858132765,-0.530331245154,-0.330318577368,160;0;0,3438;0;0,0.000000000000,0.850139423499,0.000000000000,0.447656250000,0.552343750000,0.000000000000,0.000000000000,0.000000000000,0.000000000000,0.000000000000,0;0;0,42.787500000000,18.000000000000,0.368750000000,0.000000000000,0.000000000000
4,no_mechanism_output,1.791759469228,0.218750000000,0.568580988911,-0.481250000000,1.000000000000,0.364705882353,1.000000000000,1280;1280;1280;1280;1280;1280;480,entity:640;640;640;640;640;640;0|value:640;640;640;640;640;640;0|filler:0;0;0;0;0;0;0|query_marker:0;0;0;0;0;0;160|query_entity:0;0;0;0;0;0;160|context:0;0;0;0;0;0;160,kv_delayed_annealed_curriculum,0.833333333333,0.052083333333,0.166666666667,0.166666666667,0.318639324344,-0.061858132765,-0.530331245154,-0.330318577368,77;39;44,954;952;1070,0.000000000000,0.437141244041,0.000000000000,0.387500000000,0.612500000000,0.262500000000,0.045572916667,0.631250000000,0.631250000000,14.387500000000,317;316;375,42.787500000000,18.000000000000,0.290277777778,0.290277777778,0.631250000000
4,remove_delay_distractors,1.044791329834,0.762500000000,-0.178387150483,0.062500000000,1.000000000000,0.159803921569,1.000000000000,1280;1280;1280;1280;1280;1280;480,entity:640;640;640;640;640;640;0|value:640;640;640;640;640;640;0|filler:0;0;0;0;0;0;0|query_marker:0;0;0;0;0;0;160|query_entity:0;0;0;0;0;0;160|context:0;0;0;0;0;0;160,kv_delayed_annealed_curriculum,0.429964489043,0.060867045292,0.701632954708,0.542304810195,-0.084729519946,-0.053074420806,0.004635042887,0.045319566160,54;51;55,422;430;452,0.000000000000,0.382186730192,0.000000000000,0.169791666667,0.830208333333,0.044791666667,0.034635416667,0.737500000000,0.737500000000,20.364583333333,51;55;66,42.787500000000,18.000000000000,0.000000000000,0.000000000000,0.718750000000
4,relevant_looking_delay_distractors,1.564661348939,0.556250000000,0.341482868623,-0.143750000000,1.000000000000,0.665686274510,1.000000000000,1280;1280;1280;1280;1280;1280;480,entity:640;640;640;640;640;640;0|value:640;640;640;640;640;640;0|filler:0;0;0;0;0;0;0|query_marker:0;0;0;0;0;0;160|query_entity:0;0;0;0;0;0;160|context:0;0;0;0;0;0;160,kv_delayed_annealed_curriculum,0.701526161890,0.153582877877,0.707741250240,0.410346896631,0.186832152901,0.039641411779,0.010743338419,-0.086638347404,71;42;47,2228;1654;1550,0.000000000000,0.508184698004,0.000000000000,0.707291666667,0.292708333333,0.582291666667,0.071875000000,0.450000000000,0.450000000000,14.675000000000,954;667;615,42.787500000000,18.000000000000,0.716666666667,0.716666666667,0.420833333333
4,reverse_delay_block,1.276526311409,0.681250000000,0.053347831093,-0.018750000000,1.000000000000,0.364460784314,1.000000000000,1280;1280;1280;1280;1280;1280;480,entity:640;640;640;640;640;640;0|value:640;640;640;640;640;640;0|filler:0;0;0;0;0;0;0|query_marker:0;0;0;0;0;0;160|query_entity:0;0;0;0;0;0;160|context:0;0;0;0;0;0;160,kv_delayed_annealed_curriculum,0.536949472622,0.044372008732,0.692886323553,0.483245646600,0.022255463633,-0.069569457366,-0.004111588268,-0.013739597434,79;39;42,980;942;1052,0.000000000000,0.437216297168,0.000000000000,0.387239583333,0.612760416667,0.262239583333,0.045572916667,0.631250000000,0.631250000000,14.331250000000,330;311;366,42.787500000000,18.000000000000,0.289930555556,0.289930555556,0.631250000000
5,intact,0.933742982209,0.781250000000,0.000000000000,0.000000000000,1.000000000000,0.369362745098,1.000000000000,1280;1280;1280;1280;1280;1280;480,entity:640;640;640;640;640;640;0|value:640;640;640;640;640;640;0|filler:0;0;0;0;0;0;0|query_marker:0;0;0;0;0;0;160|query_entity:0;0;0;0;0;0;160|context:0;0;0;0;0;0;160,kv_delayed_annealed_curriculum,0.393550760337,0.091741486307,0.689508513693,0.554174745191,0.000000000000,0.000000000000,0.000000000000,0.000000000000,71;43;46,1022;1020;972,0.000000000000,0.398695158195,0.000000000000,0.392447916667,0.607552083333,0.267447916667,0.039062500000,0.687500000000,0.687500000000,14.968750000000,351;350;326,42.975000000000,18.000000000000,0.304513888889,0.304513888889,0.687500000000
5,zero_query_context,2.406108501629,0.181250000000,1.472365519420,-0.600000000000,1.000000000000,0.941176470588,1.000000000000,1280;1280;1280;1280;1280;1280;480,entity:640;640;640;640;640;640;0|value:640;640;640;640;640;640;0|filler:0;0;0;0;0;0;0|query_marker:0;0;0;0;0;0;160|query_entity:0;0;0;0;0;0;160|context:0;0;0;0;0;0;160,kv_delayed_annealed_curriculum,1.144215077472,0.511081466165,0.692331466165,0.180095887596,0.750664317134,0.419339979858,0.002822952473,-0.374078857596,89;45;26,2560;2560;2560,0.000000000000,1.287020764900,0.000000000000,1.000000000000,0.000000000000,0.875000000000,0.125000000000,0.000000000000,0.000000000000,1.000000000000,1120;1120;1120,42.975000000000,18.000000000000,1.000000000000,1.000000000000,0.000000000000
5,randomized_retention_actions,1.808958558191,0.300000000000,0.875215575982,-0.481250000000,1.000000000000,0.915196078431,1.000000000000,1280;1280;1280;1280;1280;1280;480,entity:640;640;640;640;640;640;0|value:640;640;640;640;640;640;0|filler:0;0;0;0;0;0;0|query_marker:0;0;0;0;0;0;160|query_entity:0;0;0;0;0;0;160|context:0;0;0;0;0;0;160,kv_delayed_annealed_curriculum,0.839452334036,0.229982631459,0.529982631459,0.280985378277,0.445901573699,0.138241145151,-0.159525882234,-0.273189366915,50;63;47,4620;2566;282,0.000000000000,0.402883666729,0.000000000000,0.972395833333,0.027604166667,0.902083333333,0.068750000000,0.256250000000,0.256250000000,8.514814814815,2200;1170;94,42.975000000000,18.000000000000,1.000000000000,1.000000000000,0.229166666667
5,force_fifo_retention,2.406108501629,0.181250000000,1.472365519420,-0.600000000000,1.000000000000,0.941176470588,1.000000000000,1280;1280;1280;1280;1280;1280;480,entity:640;640;640;640;640;640;0|value:640;640;640;640;640;640;0|filler:0;0;0;0;0;0;0|query_marker:0;0;0;0;0;0;160|query_entity:0;0;0;0;0;0;160|context:0;0;0;0;0;0;160,kv_delayed_annealed_curriculum,1.144215077472,0.511081466165,0.692331466165,0.180095887596,0.750664317134,0.419339979858,0.002822952473,-0.374078857596,89;45;26,2560;2560;2560,0.000000000000,0.406320233052,0.000000000000,1.000000000000,0.000000000000,0.875000000000,0.125000000000,0.000000000000,0.000000000000,1.000000000000,1120;1120;1120,42.975000000000,18.000000000000,1.000000000000,1.000000000000,0.000000000000
5,force_relevant_eviction,2.040560714947,0.293750000000,1.106817732738,-0.487500000000,1.000000000000,0.427205882353,1.000000000000,1280;1280;1280;1280;1280;1280;480,entity:640;640;640;640;640;640;0|value:640;640;640;640;640;640;0|filler:0;0;0;0;0;0;0|query_marker:0;0;0;0;0;0;160|query_entity:0;0;0;0;0;0;160|context:0;0;0;0;0;0;160,kv_delayed_annealed_curriculum,0.951285505856,0.318089170216,0.420172503549,0.188098391203,0.557734745519,0.226347683908,-0.269336010143,-0.366076353989,41;38;81,1376;1200;910,0.000000000000,0.517182111259,0.000000000000,0.453906250000,0.546093750000,0.353385416667,0.125000000000,0.000000000000,0.000000000000,12.914507772021,528;452;377,42.975000000000,18.000000000000,0.324305555556,0.324305555556,0.000000000000
5,permuted_context_labels,2.340130874789,0.206250000000,1.406387892580,-0.575000000000,1.000000000000,0.588480392157,1.000000000000,1280;1280;1280;1280;1280;1280;480,entity:640;640;640;640;640;640;0|value:640;640;640;640;640;640;0|filler:0;0;0;0;0;0;0|query_marker:0;0;0;0;0;0;160|query_entity:0;0;0;0;0;0;160|context:0;0;0;0;0;0;160,kv_delayed_annealed_curriculum,1.117165503654,0.492042460108,0.681625793441,0.190440495555,0.723614743317,0.400300973801,-0.007882720251,-0.363734249636,124;24;12,1752;1546;1504,0.000000000000,0.771611680735,0.000000000000,0.625260416667,0.374739583333,0.503385416667,0.046614583333,0.000000000000,0.000000000000,3.681623931624,720;617;596,42.975000000000,18.000000000000,0.652083333333,0.608680555556,0.002083333333
5,disable_retention_skip,2.426396782675,0.168750000000,1.492653800466,-0.612500000000,1.000000000000,0.941176470588,1.000000000000,1280;1280;1280;1280;1280;1280;480,entity:640;640;640;640;640;640;0|value:640;640;640;640;640;640;0|filler:0;0;0;0;0;0;0|query_marker:0;0;0;0;0;0;160|query_entity:0;0;0;0;0;0;160|context:0;0;0;0;0;0;160,kv_delayed_annealed_curriculum,1.154588764014,0.521705409414,0.690455409414,0.173600927491,0.761038003677,0.429963923106,0.000946895721,-0.380573817700,96;50;14,2670;2568;2442,0.000000000000,0.407061670099,0.000000000000,1.000000000000,0.000000000000,0.875000000000,0.125000000000,0.000000000000,0.000000000000,1.512500000000,1175;1124;1061,42.975000000000,18.000000000000,1.000000000000,1.000000000000,0.000000000000
5,no_workspace_writes,1.791759469228,0.237500000000,0.858016487019,-0.543750000000,1.000000000000,0.375000000000,1.000000000000,1280;1280;1280;1280;1280;1280;480,entity:640;640;640;640;640;640;0|value:640;640;640;640;640;640;0|filler:0;0;0;0;0;0;0|query_marker:0;0;0;0;0;0;160|query_entity:0;0;0;0;0;0;160|context:0;0;0;0;0;0;160,kv_delayed_annealed_curriculum,0.833333333333,0.070833333333,0.166666666667,0.166666666667,0.439782572996,-0.020908152974,-0.522841847026,-0.387508078525,160;0;0,3060;0;0,0.000000000000,0.776661094505,0.000000000000,0.398437500000,0.601562500000,0.000000000000,0.000000000000,0.000000000000,0.000000000000,0.000000000000,0;0;0,42.975000000000,18.000000000000,0.312500000000,0.000000000000,0.000000000000
5,no_workspace_persistence,1.791759469228,0.237500000000,0.858016487019,-0.543750000000,1.000000000000,0.375000000000,1.000000000000,1280;1280;1280;1280;1280;1280;480,entity:640;640;640;640;640;640;0|value:640;640;640;640;640;640;0|filler:0;0;0;0;0;0;0|query_marker:0;0;0;0;0;0;160|query_entity:0;0;0;0;0;0;160|context:0;0;0;0;0;0;160,kv_delayed_annealed_curriculum,0.833333333333,0.070833333333,0.166666666667,0.166666666667,0.439782572996,-0.020908152974,-0.522841847026,-0.387508078525,160;0;0,3060;0;0,0.000000000000,0.776661094505,0.000000000000,0.398437500000,0.601562500000,0.000000000000,0.000000000000,0.000000000000,0.000000000000,0.000000000000,0;0;0,42.975000000000,18.000000000000,0.312500000000,0.000000000000,0.000000000000
5,no_mechanism_output,1.791759469228,0.237500000000,0.858016487019,-0.543750000000,1.000000000000,0.369362745098,1.000000000000,1280;1280;1280;1280;1280;1280;480,entity:640;640;640;640;640;640;0|value:640;640;640;640;640;640;0|filler:0;0;0;0;0;0;0|query_marker:0;0;0;0;0;0;160|query_entity:0;0;0;0;0;0;160|context:0;0;0;0;0;0;160,kv_delayed_annealed_curriculum,0.833333333333,0.070833333333,0.166666666667,0.166666666667,0.439782572996,-0.020908152974,-0.522841847026,-0.387508078525,71;43;46,1022;1020;972,0.000000000000,0.398695158195,0.000000000000,0.392447916667,0.607552083333,0.267447916667,0.039062500000,0.687500000000,0.687500000000,14.968750000000,351;350;326,42.975000000000,18.000000000000,0.304513888889,0.304513888889,0.687500000000
5,remove_delay_distractors,0.828505099280,0.825000000000,-0.105237882929,0.043750000000,1.000000000000,0.154411764706,1.000000000000,1280;1280;1280;1280;1280;1280;480,entity:640;640;640;640;640;640;0|value:640;640;640;640;640;640;0|filler:0;0;0;0;0;0;0|query_marker:0;0;0;0;0;0;160|query_entity:0;0;0;0;0;0;160|context:0;0;0;0;0;0;160,kv_delayed_annealed_curriculum,0.340073061387,0.132303532461,0.692696467539,0.582958350741,-0.053477698950,0.040562046153,0.003187953847,0.028783605549,57;48;55,430;428;402,0.000000000000,0.362028403854,0.000000000000,0.164062500000,0.835937500000,0.039062500000,0.031770833333,0.762500000000,0.762500000000,20.314583333333,55;54;41,42.975000000000,18.000000000000,0.000000000000,0.000000000000,0.745833333333
5,relevant_looking_delay_distractors,1.510468779529,0.568750000000,0.576725797320,-0.212500000000,1.000000000000,0.767401960784,1.000000000000,1280;1280;1280;1280;1280;1280;480,entity:640;640;640;640;640;640;0|value:640;640;640;640;640;640;0|filler:0;0;0;0;0;0;0|query_marker:0;0;0;0;0;0;160|query_entity:0;0;0;0;0;0;160|context:0;0;0;0;0;0;160,kv_delayed_annealed_curriculum,0.670693349380,0.117447210187,0.686197210187,0.413143999328,0.277142589043,0.025705723879,-0.003311303506,-0.141030745863,48;41;71,3434;1982;846,0.000000000000,0.474276955736,0.000000000000,0.815364583333,0.184635416667,0.690364583333,0.067708333333,0.456250000000,0.456250000000,11.506250000000,1557;831;263,42.975000000000,18.000000000000,0.868402777778,0.868402777778,0.458333333333
5,reverse_delay_block,0.974969626649,0.768750000000,0.041226644440,-0.012500000000,1.000000000000,0.370098039216,1.000000000000,1280;1280;1280;1280;1280;1280;480,entity:640;640;640;640;640;640;0|value:640;640;640;640;640;640;0|filler:0;0;0;0;0;0;0|query_marker:0;0;0;0;0;0;160|query_entity:0;0;0;0;0;0;160|context:0;0;0;0;0;0;160,kv_delayed_annealed_curriculum,0.411433770645,0.079238810817,0.689511189183,0.545271870691,0.017883010307,-0.012502675490,0.000002675490,-0.008902874500,73;39;48,1034;1004;982,0.000000000000,0.398083920361,0.000000000000,0.393229166667,0.606770833333,0.268229166667,0.039062500000,0.687500000000,0.687500000000,14.983333333333,357;342;331,42.975000000000,18.000000000000,0.305555555556,0.305555555556,0.687500000000
6,intact,1.259735912395,0.712500000000,0.000000000000,0.000000000000,1.000000000000,0.397794117647,1.000000000000,1280;1280;1280;1280;1280;1280;480,entity:640;640;640;640;640;640;0|value:640;640;640;640;640;640;0|filler:0;0;0;0;0;0;0|query_marker:0;0;0;0;0;0;160|query_entity:0;0;0;0;0;0;160|context:0;0;0;0;0;0;160,kv_delayed_annealed_curriculum,0.506097194356,0.148105172623,0.672693317800,0.486142704098,0.000000000000,0.000000000000,0.000000000000,0.000000000000,74;44;42,1034;1150;1062,0.000000000000,0.440073290338,0.000000000000,0.422656250000,0.577343750000,0.297656250000,0.025781250000,0.637500000000,0.637500000000,13.910416666667,357;415;371,42.375000000000,18.000000000000,0.362500000000,0.362500000000,0.637500000000
6,zero_query_context,2.365822413245,0.200000000000,1.106086500850,-0.512500000000,1.000000000000,0.941176470588,1.000000000000,1280;1280;1280;1280;1280;1280;480,entity:640;640;640;640;640;640;0|value:640;640;640;640;640;640;0|filler:0;0;0;0;0;0;0|query_marker:0;0;0;0;0;0;160|query_entity:0;0;0;0;0;0;160|context:0;0;0;0;0;0;160,kv_delayed_annealed_curriculum,1.107650080706,0.475337315028,0.675337315028,0.187274709009,0.601552886349,0.327232142406,0.002643997229,-0.298867995089,86;49;25,2560;2560;2560,0.000000000000,1.287677852026,0.000000000000,1.000000000000,0.000000000000,0.875000000000,0.125000000000,0.000000000000,0.000000000000,1.000000000000,1120;1120;1120,42.375000000000,18.000000000000,1.000000000000,1.000000000000,0.000000000000
6,randomized_retention_actions,1.860070123596,0.231250000000,0.600334211201,-0.481250000000,1.000000000000,0.920588235294,1.000000000000,1280;1280;1280;1280;1280;1280;480,entity:640;640;640;640;640;640;0|value:640;640;640;640;640;640;0|filler:0;0;0;0;0;0;0|query_marker:0;0;0;0;0;0;160|query_entity:0;0;0;0;0;0;160|context:0;0;0;0;0;0;160,kv_delayed_annealed_curriculum,0.886027304070,0.258646391382,0.489896391382,0.240200728218,0.379930109713,0.110541218759,-0.182796926418,-0.245941975880,58;53;49,4284;2934;294,0.000000000000,0.438144487599,0.000000000000,0.978125000000,0.021875000000,0.909895833333,0.076562500000,0.181250000000,0.181250000000,8.019083969466,2040;1356;98,42.375000000000,18.000000000000,1.000000000000,1.000000000000,0.212500000000
6,force_fifo_retention,2.365822413245,0.200000000000,1.106086500850,-0.512500000000,1.000000000000,0.941176470588,1.000000000000,1280;1280;1280;1280;1280;1280;480,entity:640;640;640;640;640;640;0|value:640;640;640;640;640;640;0|filler:0;0;0;0;0;0;0|query_marker:0;0;0;0;0;0;160|query_entity:0;0;0;0;0;0;160|context:0;0;0;0;0;0;160,kv_delayed_annealed_curriculum,1.107650080706,0.475337315028,0.675337315028,0.187274709009,0.601552886349,0.327232142406,0.002643997229,-0.298867995089,86;49;25,2560;2560;2560,0.000000000000,0.431926818001,0.000000000000,1.000000000000,0.000000000000,0.875000000000,0.125000000000,0.000000000000,0.000000000000,1.000000000000,1120;1120;1120,42.375000000000,18.000000000000,1.000000000000,1.000000000000,0.000000000000
6,force_relevant_eviction,2.077050425801,0.337500000000,0.817314513406,-0.375000000000,1.000000000000,0.456372549020,1.000000000000,1280;1280;1280;1280;1280;1280;480,entity:640;640;640;640;640;640;0|value:640;640;640;640;640;640;0|filler:0;0;0;0;0;0;0|query_marker:0;0;0;0;0;0;160|query_entity:0;0;0;0;0;0;160|context:0;0;0;0;0;0;160,kv_delayed_annealed_curriculum,0.926974830381,0.308242333157,0.418658999824,0.200228783456,0.420877636025,0.160137160534,-0.254034317976,-0.285913920641,55;33;72,1466;1330;928,0.000000000000,0.573343891810,0.000000000000,0.484895833333,0.515104166667,0.386197916667,0.114322916667,0.000000000000,0.000000000000,11.514511873351,573;523;387,42.375000000000,18.000000000000,0.383333333333,0.383333333333,0.000000000000
6,permuted_context_labels,2.151700376572,0.281250000000,0.891964464177,-0.431250000000,1.000000000000,0.453921568627,1.000000000000,1280;1280;1280;1280;1280;1280;480,entity:640;640;640;640;640;640;0|value:640;640;640;640;640;640;0|filler:0;0;0;0;0;0;0|query_marker:0;0;0;0;0;0;160|query_entity:0;0;0;0;0;0;160|context:0;0;0;0;0;0;160,kv_delayed_annealed_curriculum,0.994394072122,0.374892101731,0.656142101731,0.239803914551,0.488296877765,0.226786929108,-0.016551216069,-0.246338789547,123;23;14,1286;1216;1202,0.000000000000,0.662587006712,0.000000000000,0.482291666667,0.517708333333,0.363541666667,0.033072916667,0.043750000000,0.043750000000,4.912280701754,491;456;449,42.375000000000,18.000000000000,0.492013888889,0.444097222222,0.054166666667
6,disable_retention_skip,2.352353823847,0.212500000000,1.092617911453,-0.500000000000,1.000000000000,0.941176470588,1.000000000000,1280;1280;1280;1280;1280;1280;480,entity:640;640;640;640;640;640;0|value:640;640;640;640;640;640;0|filler:0;0;0;0;0;0;0|query_marker:0;0;0;0;0;0;160|query_entity:0;0;0;0;0;0;160|context:0;0;0;0;0;0;160,kv_delayed_annealed_curriculum,1.096719740236,0.469563790878,0.682063790878,0.196901658948,0.590622545879,0.321458618255,0.009370473078,-0.289241045150,84;52;24,2660;2596;2424,0.000000000000,0.445870087501,0.000000000000,1.000000000000,0.000000000000,0.875000000000,0.125000000000,0.000000000000,0.000000000000,1.539583333333,1170;1138;1052,42.375000000000,18.000000000000,1.000000000000,1.000000000000,0.000000000000
6,no_workspace_writes,1.791759469228,0.237500000000,0.532023556833,-0.475000000000,1.000000000000,0.416176470588,1.000000000000,1280;1280;1280;1280;1280;1280;480,entity:640;640;640;640;640;640;0|value:640;640;640;640;640;640;0|filler:0;0;0;0;0;0;0|query_marker:0;0;0;0;0;0;160|query_entity:0;0;0;0;0;0;160|context:0;0;0;0;0;0;160,kv_delayed_annealed_curriculum,0.833333333333,0.070833333333,0.166666666667,0.166666666667,0.327236138977,-0.077271839290,-0.506026651133,-0.319476037431,160;0;0,3396;0;0,0.000000000000,0.823634157785,0.000000000000,0.442187500000,0.557812500000,0.000000000000,0.000000000000,0.000000000000,0.000000000000,0.000000000000,0;0;0,42.375000000000,18.000000000000,0.362500000000,0.000000000000,0.000000000000
6,no_workspace_persistence,1.791759469228,0.237500000000,0.532023556833,-0.475000000000,1.000000000000,0.416176470588,1.000000000000,1280;1280;1280;1280;1280;1280;480,entity:640;640;640;640;640;640;0|value:640;640;640;640;640;640;0|filler:0;0;0;0;0;0;0|query_marker:0;0;0;0;0;0;160|query_entity:0;0;0;0;0;0;160|context:0;0;0;0;0;0;160,kv_delayed_annealed_curriculum,0.833333333333,0.070833333333,0.166666666667,0.166666666667,0.327236138977,-0.077271839290,-0.506026651133,-0.319476037431,160;0;0,3396;0;0,0.000000000000,0.823634157785,0.000000000000,0.442187500000,0.557812500000,0.000000000000,0.000000000000,0.000000000000,0.000000000000,0.000000000000,0;0;0,42.375000000000,18.000000000000,0.362500000000,0.000000000000,0.000000000000
6,no_mechanism_output,1.791759469228,0.237500000000,0.532023556833,-0.475000000000,1.000000000000,0.397794117647,1.000000000000,1280;1280;1280;1280;1280;1280;480,entity:640;640;640;640;640;640;0|value:640;640;640;640;640;640;0|filler:0;0;0;0;0;0;0|query_marker:0;0;0;0;0;0;160|query_entity:0;0;0;0;0;0;160|context:0;0;0;0;0;0;160,kv_delayed_annealed_curriculum,0.833333333333,0.070833333333,0.166666666667,0.166666666667,0.327236138977,-0.077271839290,-0.506026651133,-0.319476037431,74;44;42,1034;1150;1062,0.000000000000,0.440073290338,0.000000000000,0.422656250000,0.577343750000,0.297656250000,0.025781250000,0.637500000000,0.637500000000,13.910416666667,357;415;371,42.375000000000,18.000000000000,0.362500000000,0.362500000000,0.637500000000
6,remove_delay_distractors,1.235511258223,0.712500000000,-0.024224654172,0.000000000000,1.000000000000,0.141911764706,1.000000000000,1280;1280;1280;1280;1280;1280;480,entity:640;640;640;640;640;640;0|value:640;640;640;640;640;640;0|filler:0;0;0;0;0;0;0|query_marker:0;0;0;0;0;0;160|query_entity:0;0;0;0;0;0;160|context:0;0;0;0;0;0;160,kv_delayed_annealed_curriculum,0.500137137954,0.115086884326,0.668853362295,0.486777575933,-0.005960056403,-0.033018288297,-0.003839955505,0.000634871836,49;51;60,384;374;400,0.000000000000,0.408952086051,0.000000000000,0.150781250000,0.849218750000,0.025781250000,0.025781250000,0.637500000000,0.637500000000,20.479166666667,32;27;40,42.375000000000,18.000000000000,0.000000000000,0.000000000000,0.637500000000
6,relevant_looking_delay_distractors,1.585518808007,0.568750000000,0.325782895612,-0.143750000000,1.000000000000,0.591911764706,1.000000000000,1280;1280;1280;1280;1280;1280;480,entity:640;640;640;640;640;640;0|value:640;640;640;640;640;640;0|filler:0;0;0;0;0;0;0|query_marker:0;0;0;0;0;0;160|query_entity:0;0;0;0;0;0;160|context:0;0;0;0;0;0;160,kv_delayed_annealed_curriculum,0.678095023704,0.102346377379,0.671096377379,0.399338453599,0.171997829348,-0.045758795244,-0.001596940421,-0.086804250499,53;41;66,1788;1814;1228,0.000000000000,0.370906682305,0.000000000000,0.628906250000,0.371093750000,0.503906250000,0.052343750000,0.462500000000,0.462500000000,16.079166666667,734;747;454,42.375000000000,18.000000000000,0.637500000000,0.637500000000,0.425000000000
6,reverse_delay_block,1.174739861800,0.731250000000,-0.084996050595,0.018750000000,1.000000000000,0.397794117647,1.000000000000,1280;1280;1280;1280;1280;1280;480,entity:640;640;640;640;640;640;0|value:640;640;640;640;640;640;0|filler:0;0;0;0;0;0;0|query_marker:0;0;0;0;0;0;160|query_entity:0;0;0;0;0;0;160|context:0;0;0;0;0;0;160,kv_delayed_annealed_curriculum,0.478708600707,0.119424088809,0.673191752805,0.500094382244,-0.027388593649,-0.028681083814,0.000498435006,0.013951678147,70;47;43,1084;1138;1024,0.000000000000,0.440154289732,0.000000000000,0.422656250000,0.577343750000,0.297656250000,0.025781250000,0.637500000000,0.637500000000,13.947916666667,382;409;352,42.375000000000,18.000000000000,0.362500000000,0.362500000000,0.637500000000
7,intact,1.144635486744,0.712500000000,0.000000000000,0.000000000000,1.000000000000,0.386029411765,1.000000000000,1280;1280;1280;1280;1280;1280;480,entity:640;640;640;640;640;640;0|value:640;640;640;640;640;640;0|filler:0;0;0;0;0;0;0|query_marker:0;0;0;0;0;0;160|query_entity:0;0;0;0;0;0;160|context:0;0;0;0;0;0;160,kv_delayed_annealed_curriculum,0.484942859086,0.048496400642,0.711486921989,0.519853859442,0.000000000000,0.000000000000,0.000000000000,0.000000000000,72;51;37,1060;1084;1006,0.000000000000,0.476242821524,0.000000000000,0.410156250000,0.589843750000,0.285156250000,0.038020833333,0.631250000000,0.631250000000,14.047916666667,370;382;343,42.837500000000,18.000000000000,0.329513888889,0.329513888889,0.631250000000
7,zero_query_context,2.471590561020,0.187500000000,1.326955074275,-0.525000000000,1.000000000000,0.941176470588,1.000000000000,1280;1280;1280;1280;1280;1280;480,entity:640;640;640;640;640;640;0|value:640;640;640;640;640;640;0|filler:0;0;0;0;0;0;0|query_marker:0;0;0;0;0;0;160|query_entity:0;0;0;0;0;0;160|context:0;0;0;0;0;0;160,kv_delayed_annealed_curriculum,1.174061188430,0.528050362577,0.715550362577,0.178224866393,0.689118329344,0.479553961935,0.004063440588,-0.341628993048,80;49;31,2560;2560;2560,0.000000000000,1.287739887610,0.000000000000,1.000000000000,0.000000000000,0.875000000000,0.125000000000,0.000000000000,0.000000000000,1.000000000000,1120;1120;1120,42.837500000000,18.000000000000,1.000000000000,1.000000000000,0.000000000000
7,randomized_retention_actions,1.860483671654,0.243750000000,0.715848184910,-0.468750000000,1.000000000000,0.924264705882,1.000000000000,1280;1280;1280;1280;1280;1280;480,entity:640;640;640;640;640;640;0|value:640;640;640;640;640;640;0|filler:0;0;0;0;0;0;0|query_marker:0;0;0;0;0;0;160|query_entity:0;0;0;0;0;0;160|context:0;0;0;0;0;0;160,kv_delayed_annealed_curriculum,0.884863658690,0.269193891207,0.512943891207,0.255527350718,0.399920799604,0.220697490566,-0.198543030782,-0.264326508724,59;49;52,4242;2988;312,0.000000000000,0.453967944135,0.000000000000,0.982031250000,0.017968750000,0.914062500000,0.080729166667,0.206250000000,0.206250000000,7.908045977011,2020;1386;104,42.837500000000,18.000000000000,1.000000000000,1.000000000000,0.210416666667
7,force_fifo_retention,2.471590561020,0.187500000000,1.326955074275,-0.525000000000,1.000000000000,0.941176470588,1.000000000000,1280;1280;1280;1280;1280;1280;480,entity:640;640;640;640;640;640;0|value:640;640;640;640;640;640;0|filler:0;0;0;0;0;0;0|query_marker:0;0;0;0;0;0;160|query_entity:0;0;0;0;0;0;160|context:0;0;0;0;0;0;160,kv_delayed_annealed_curriculum,1.174061188430,0.528050362577,0.715550362577,0.178224866393,0.689118329344,0.479553961935,0.004063440588,-0.341628993048,80;49;31,2560;2560;2560,0.000000000000,0.462184554203,0.000000000000,1.000000000000,0.000000000000,0.875000000000,0.125000000000,0.000000000000,0.000000000000,1.000000000000,1120;1120;1120,42.837500000000,18.000000000000,1.000000000000,1.000000000000,0.000000000000
7,force_relevant_eviction,2.114872478440,0.275000000000,0.970236991696,-0.437500000000,1.000000000000,0.438725490196,1.000000000000,1280;1280;1280;1280;1280;1280;480,entity:640;640;640;640;640;640;0|value:640;640;640;640;640;640;0|filler:0;0;0;0;0;0;0|query_marker:0;0;0;0;0;0;160|query_entity:0;0;0;0;0;0;160|context:0;0;0;0;0;0;160,kv_delayed_annealed_curriculum,0.985976224695,0.338928791168,0.426428791168,0.176076095273,0.501033365609,0.290432390526,-0.285058130821,-0.343777764169,49;40;71,1478;1256;846,0.000000000000,0.624673352826,0.000000000000,0.466145833333,0.533854166667,0.369010416667,0.121875000000,0.000000000000,0.000000000000,11.495978552279,579;491;347,42.837500000000,18.000000000000,0.346180555556,0.346180555556,0.000000000000
7,permuted_context_labels,2.381607298342,0.212500000000,1.236971811598,-0.500000000000,1.000000000000,0.514215686275,1.000000000000,1280;1280;1280;1280;1280;1280;480,entity:640;640;640;640;640;640;0|value:640;640;640;640;640;640;0|filler:0;0;0;0;0;0;0|query_marker:0;0;0;0;0;0;160|query_entity:0;0;0;0;0;0;160|context:0;0;0;0;0;0;160,kv_delayed_annealed_curriculum,1.134856024786,0.490237494219,0.702737494219,0.196031259853,0.649913165700,0.441741093578,-0.008749427770,-0.323822599589,124;20;16,1508;1444;1244,0.000000000000,0.739115252362,0.000000000000,0.546354166667,0.453645833333,0.426041666667,0.032291666667,0.062500000000,0.062500000000,4.829004329004,600;568;468,42.837500000000,18.000000000000,0.571180555556,0.520138888889,0.068750000000
7,disable_retention_skip,2.412205720003,0.193750000000,1.267570233259,-0.518750000000,1.000000000000,0.941176470588,1.000000000000,1280;1280;1280;1280;1280;1280;480,entity:640;640;640;640;640;640;0|value:640;640;640;640;640;640;0|filler:0;0;0;0;0;0;0|query_marker:0;0;0;0;0;0;160|query_entity:0;0;0;0;0;0;160|context:0;0;0;0;0;0;160,kv_delayed_annealed_curriculum,1.158745131912,0.521312528225,0.715062528225,0.185477750903,0.673802272826,0.472816127584,0.003575606236,-0.334376108539,81;52;27,2722;2540;2418,0.000000000000,0.474097748372,0.000000000000,1.000000000000,0.000000000000,0.875000000000,0.125000000000,0.000000000000,0.000000000000,1.593750000000,1201;1110;1049,42.837500000000,18.000000000000,1.000000000000,1.000000000000,0.000000000000
7,no_workspace_writes,1.791759469228,0.243750000000,0.647123982484,-0.468750000000,1.000000000000,0.421323529412,1.000000000000,1280;1280;1280;1280;1280;1280;480,entity:640;640;640;640;640;640;0|value:640;640;640;640;640;640;0|filler:0;0;0;0;0;0;0|query_marker:0;0;0;0;0;0;160|query_entity:0;0;0;0;0;0;160|context:0;0;0;0;0;0;160,kv_delayed_annealed_curriculum,0.833333333333,0.077083333333,0.166666666667,0.166666666667,0.348390474247,0.028586932692,-0.544820255323,-0.353187192775,160;0;0,3438;0;0,0.000000000000,0.856582451077,0.000000000000,0.447656250000,0.552343750000,0.000000000000,0.000000000000,0.000000000000,0.000000000000,0.000000000000,0;0;0,42.837500000000,18.000000000000,0.368750000000,0.000000000000,0.000000000000
7,no_workspace_persistence,1.791759469228,0.243750000000,0.647123982484,-0.468750000000,1.000000000000,0.421323529412,1.000000000000,1280;1280;1280;1280;1280;1280;480,entity:640;640;640;640;640;640;0|value:640;640;640;640;640;640;0|filler:0;0;0;0;0;0;0|query_marker:0;0;0;0;0;0;160|query_entity:0;0;0;0;0;0;160|context:0;0;0;0;0;0;160,kv_delayed_annealed_curriculum,0.833333333333,0.077083333333,0.166666666667,0.166666666667,0.348390474247,0.028586932692,-0.544820255323,-0.353187192775,160;0;0,3438;0;0,0.000000000000,0.856582451077,0.000000000000,0.447656250000,0.552343750000,0.000000000000,0.000000000000,0.000000000000,0.000000000000,0.000000000000,0;0;0,42.837500000000,18.000000000000,0.368750000000,0.000000000000,0.000000000000
7,no_mechanism_output,1.791759469228,0.243750000000,0.647123982484,-0.468750000000,1.000000000000,0.386029411765,1.000000000000,1280;1280;1280;1280;1280;1280;480,entity:640;640;640;640;640;640;0|value:640;640;640;640;640;640;0|filler:0;0;0;0;0;0;0|query_marker:0;0;0;0;0;0;160|query_entity:0;0;0;0;0;0;160|context:0;0;0;0;0;0;160,kv_delayed_annealed_curriculum,0.833333333333,0.077083333333,0.166666666667,0.166666666667,0.348390474247,0.028586932692,-0.544820255323,-0.353187192775,72;51;37,1060;1084;1006,0.000000000000,0.476242821524,0.000000000000,0.410156250000,0.589843750000,0.285156250000,0.038020833333,0.631250000000,0.631250000000,14.047916666667,370;382;343,42.837500000000,18.000000000000,0.329513888889,0.329513888889,0.631250000000
7,remove_delay_distractors,0.966568771596,0.768750000000,-0.178066715149,0.056250000000,1.000000000000,0.153431372549,1.000000000000,1280;1280;1280;1280;1280;1280;480,entity:640;640;640;640;640;640;0|value:640;640;640;640;640;640;0|filler:0;0;0;0;0;0;0|query_marker:0;0;0;0;0;0;160|query_entity:0;0;0;0;0;0;160|context:0;0;0;0;0;0;160,kv_delayed_annealed_curriculum,0.405144439639,0.056080136944,0.712669863056,0.560643111440,-0.079798419447,0.007583736303,0.001182941066,0.040789251998,50;60;50,414;416;422,0.000000000000,0.447353857094,0.000000000000,0.163020833333,0.836979166667,0.038020833333,0.026822916667,0.700000000000,0.700000000000,20.404166666667,47;48;51,42.837500000000,18.000000000000,0.000000000000,0.000000000000,0.720833333333
7,relevant_looking_delay_distractors,1.660627386061,0.518750000000,0.515991899317,-0.193750000000,1.000000000000,0.700735294118,1.000000000000,1280;1280;1280;1280;1280;1280;480,entity:640;640;640;640;640;640;0|value:640;640;640;640;640;640;0|filler:0;0;0;0;0;0;0|query_marker:0;0;0;0;0;0;160|query_entity:0;0;0;0;0;0;160|context:0;0;0;0;0;0;160,kv_delayed_annealed_curriculum,0.745529906524,0.197760392995,0.716510392995,0.392964805564,0.260587047438,0.149263992353,0.005023471006,-0.126889053878,70;45;45,2276;1938;1504,0.000000000000,0.515962860610,0.000000000000,0.744531250000,0.255468750000,0.619531250000,0.064322916667,0.412500000000,0.412500000000,11.645833333333,978;809;592,42.837500000000,18.000000000000,0.775347222222,0.775347222222,0.420833333333
7,reverse_delay_block,1.231987442590,0.687500000000,0.087351955846,-0.025000000000,1.000000000000,0.387500000000,1.000000000000,1280;1280;1280;1280;1280;1280;480,entity:640;640;640;640;640;640;0|value:640;640;640;640;640;640;0|filler:0;0;0;0;0;0;0|query_marker:0;0;0;0;0;0;160|query_entity:0;0;0;0;0;0;160|context:0;0;0;0;0;0;160,kv_delayed_annealed_curriculum,0.521445707879,0.048685325605,0.712166369258,0.502128451578,0.036502848793,0.000188924964,0.000679447269,-0.017725407864,70;51;39,998;1030;1134,0.000000000000,0.476434185197,0.000000000000,0.411718750000,0.588281250000,0.286718750000,0.038020833333,0.631250000000,0.631250000000,14.075000000000,339;355;407,42.837500000000,18.000000000000,0.331597222222,0.331597222222,0.631250000000
8,intact,1.102342726553,0.756250000000,0.000000000000,0.000000000000,1.000000000000,0.395588235294,1.000000000000,1280;1280;1280;1280;1280;1280;480,entity:640;640;640;640;640;640;0|value:640;640;640;640;640;640;0|filler:0;0;0;0;0;0;0|query_marker:0;0;0;0;0;0;160|query_entity:0;0;0;0;0;0;160|context:0;0;0;0;0;0;160,kv_delayed_annealed_curriculum,0.439241894410,0.092438271113,0.719231615931,0.549092096953,0.000000000000,0.000000000000,0.000000000000,0.000000000000,71;50;39,1094;1106;1028,0.000000000000,0.435610058270,0.000000000000,0.420312500000,0.579687500000,0.295312500000,0.042187500000,0.662500000000,0.662500000000,14.647916666667,387;393;354,42.887500000000,18.000000000000,0.337500000000,0.337500000000,0.662500000000
8,zero_query_context,2.497370822114,0.193750000000,1.395028095562,-0.562500000000,1.000000000000,0.941176470588,1.000000000000,1280;1280;1280;1280;1280;1280;480,entity:640;640;640;640;640;640;0|value:640;640;640;640;640;640;0|filler:0;0;0;0;0;0;0|query_marker:0;0;0;0;0;0;160|query_entity:0;0;0;0;0;0;160|context:0;0;0;0;0;0;160,kv_delayed_annealed_curriculum,1.186026274362,0.542840207773,0.736590207773,0.187786492069,0.746784379951,0.450401936661,0.017358591842,-0.361305604883,81;45;34,2560;2560;2560,0.000000000000,1.287226308559,0.000000000000,1.000000000000,0.000000000000,0.875000000000,0.125000000000,0.000000000000,0.000000000000,1.000000000000,1120;1120;1120,42.887500000000,18.000000000000,1.000000000000,1.000000000000,0.000000000000
8,randomized_retention_actions,1.714115758653,0.312500000000,0.611773032101,-0.443750000000,1.000000000000,0.922549019608,1.000000000000,1280;1280;1280;1280;1280;1280;480,entity:640;640;640;640;640;640;0|value:640;640;640;640;640;640;0|filler:0;0;0;0;0;0;0|query_marker:0;0;0;0;0;0;160|query_entity:0;0;0;0;0;0;160|context:0;0;0;0;0;0;160,kv_delayed_annealed_curriculum,0.824709638043,0.223222542216,0.535722542216,0.295891955266,0.385467743632,0.130784271104,-0.183509073715,-0.253200141687,54;49;57,4452;2734;342,0.000000000000,0.421487677977,0.000000000000,0.980208333333,0.019791666667,0.910937500000,0.077604166667,0.231250000000,0.231250000000,8.127819548872,2120;1264;114,42.887500000000,18.000000000000,1.000000000000,1.000000000000,0.220833333333
8,force_fifo_retention,2.497370822114,0.193750000000,1.395028095562,-0.562500000000,1.000000000000,0.941176470588,1.000000000000,1280;1280;1280;1280;1280;1280;480,entity:640;640;640;640;640;640;0|value:640;640;640;640;640;640;0|filler:0;0;0;0;0;0;0|query_marker:0;0;0;0;0;0;160|query_entity:0;0;0;0;0;0;160|context:0;0;0;0;0;0;160,kv_delayed_annealed_curriculum,1.186026274362,0.542840207773,0.736590207773,0.187786492069,0.746784379951,0.450401936661,0.017358591842,-0.361305604883,81;45;34,2560;2560;2560,0.000000000000,0.438338114914,0.000000000000,1.000000000000,0.000000000000,0.875000000000,0.125000000000,0.000000000000,0.000000000000,1.000000000000,1120;1120;1120,42.887500000000,18.000000000000,1.000000000000,1.000000000000,0.000000000000
8,force_relevant_eviction,2.087703885617,0.237500000000,0.985361159065,-0.518750000000,1.000000000000,0.444852941176,1.000000000000,1280;1280;1280;1280;1280;1280;480,entity:640;640;640;640;640;640;0|value:640;640;640;640;640;640;0|filler:0;0;0;0;0;0;0|query_marker:0;0;0;0;0;0;160|query_entity:0;0;0;0;0;0;160|context:0;0;0;0;0;0;160,kv_delayed_annealed_curriculum,0.941148636157,0.228197868888,0.401114535554,0.195072650479,0.501906741746,0.135759597775,-0.318117080377,-0.354019446474,48;35;77,1398;1322;910,0.000000000000,0.580030865829,0.000000000000,0.472656250000,0.527343750000,0.378125000000,0.125000000000,0.000000000000,0.000000000000,12.104683195592,539;523;390,42.887500000000,18.000000000000,0.354513888889,0.354513888889,0.000000000000
8,permuted_context_labels,2.531974876502,0.175000000000,1.429632149949,-0.581250000000,1.000000000000,0.534313725490,1.000000000000,1280;1280;1280;1280;1280;1280;480,entity:640;640;640;640;640;640;0|value:640;640;640;640;640;640;0|filler:0;0;0;0;0;0;0|query_marker:0;0;0;0;0;0;160|query_entity:0;0;0;0;0;0;160|context:0;0;0;0;0;0;160,kv_delayed_annealed_curriculum,1.185029565758,0.524781049915,0.699781049915,0.176414341723,0.745787671347,0.432342778802,-0.019450566016,-0.372677755230,124;24;12,1560;1402;1398,0.000000000000,0.713233670164,0.000000000000,0.567708333333,0.432291666667,0.451302083333,0.033854166667,0.037500000000,0.037500000000,4.082774049217,631;552;550,42.887500000000,18.000000000000,0.602430555556,0.552777777778,0.022916666667
8,disable_retention_skip,2.506714288204,0.193750000000,1.404371561652,-0.562500000000,1.000000000000,0.941176470588,1.000000000000,1280;1280;1280;1280;1280;1280;480,entity:640;640;640;640;640;640;0|value:640;640;640;640;640;640;0|filler:0;0;0;0;0;0;0|query_marker:0;0;0;0;0;0;160|query_entity:0;0;0;0;0;0;160|context:0;0;0;0;0;0;160,kv_delayed_annealed_curriculum,1.190298052392,0.546456960227,0.740206960227,0.188312092872,0.751056157982,0.454018689114,0.020975344296,-0.360780004081,89;48;23,2652;2588;2440,0.000000000000,0.444679163423,0.000000000000,1.000000000000,0.000000000000,0.875000000000,0.125000000000,0.000000000000,0.000000000000,1.768750000000,1166;1134;1060,42.887500000000,18.000000000000,1.000000000000,1.000000000000,0.000000000000
8,no_workspace_writes,1.791759469228,0.156250000000,0.689416742676,-0.600000000000,1.000000000000,0.395588235294,1.000000000000,1280;1280;1280;1280;1280;1280;480,entity:640;640;640;640;640;640;0|value:640;640;640;640;640;640;0|filler:0;0;0;0;0;0;0|query_marker:0;0;0;0;0;0;160|query_entity:0;0;0;0;0;0;160|context:0;0;0;0;0;0;160,kv_delayed_annealed_curriculum,0.833333333333,0.010416666667,0.166666666667,0.166666666667,0.394091438923,-0.082021604446,-0.552564949264,-0.382425430286,160;0;0,3228;0;0,0.000000000000,0.795415028436,0.000000000000,0.420312500000,0.579687500000,0.000000000000,0.000000000000,0.000000000000,0.000000000000,0.000000000000,0;0;0,42.887500000000,18.000000000000,0.337500000000,0.000000000000,0.000000000000
8,no_workspace_persistence,1.791759469228,0.156250000000,0.689416742676,-0.600000000000,1.000000000000,0.395588235294,1.000000000000,1280;1280;1280;1280;1280;1280;480,entity:640;640;640;640;640;640;0|value:640;640;640;640;640;640;0|filler:0;0;0;0;0;0;0|query_marker:0;0;0;0;0;0;160|query_entity:0;0;0;0;0;0;160|context:0;0;0;0;0;0;160,kv_delayed_annealed_curriculum,0.833333333333,0.010416666667,0.166666666667,0.166666666667,0.394091438923,-0.082021604446,-0.552564949264,-0.382425430286,160;0;0,3228;0;0,0.000000000000,0.795415028436,0.000000000000,0.420312500000,0.579687500000,0.000000000000,0.000000000000,0.000000000000,0.000000000000,0.000000000000,0;0;0,42.887500000000,18.000000000000,0.337500000000,0.000000000000,0.000000000000
8,no_mechanism_output,1.791759469228,0.156250000000,0.689416742676,-0.600000000000,1.000000000000,0.395588235294,1.000000000000,1280;1280;1280;1280;1280;1280;480,entity:640;640;640;640;640;640;0|value:640;640;640;640;640;640;0|filler:0;0;0;0;0;0;0|query_marker:0;0;0;0;0;0;160|query_entity:0;0;0;0;0;0;160|context:0;0;0;0;0;0;160,kv_delayed_annealed_curriculum,0.833333333333,0.010416666667,0.166666666667,0.166666666667,0.394091438923,-0.082021604446,-0.552564949264,-0.382425430286,71;50;39,1094;1106;1028,0.000000000000,0.435610058270,0.000000000000,0.420312500000,0.579687500000,0.295312500000,0.042187500000,0.662500000000,0.662500000000,14.647916666667,387;393;354,42.887500000000,18.000000000000,0.337500000000,0.337500000000,0.662500000000
8,remove_delay_distractors,1.044297134451,0.768750000000,-0.058045592102,0.012500000000,1.000000000000,0.157352941176,1.000000000000,1280;1280;1280;1280;1280;1280;480,entity:640;640;640;640;640;640;0|value:640;640;640;640;640;640;0|filler:0;0;0;0;0;0;0|query_marker:0;0;0;0;0;0;160|query_entity:0;0;0;0;0;0;160|context:0;0;0;0;0;0;160,kv_delayed_annealed_curriculum,0.417060399147,0.083526393303,0.717934930381,0.559295289964,-0.022181495264,-0.008911877810,-0.001296685550,0.010203193011,54;54;52,440;424;420,0.000000000000,0.403715608158,0.000000000000,0.167187500000,0.832812500000,0.042187500000,0.034375000000,0.718750000000,0.718750000000,20.264583333333,60;52;50,42.887500000000,18.000000000000,0.000000000000,0.000000000000,0.725000000000
8,relevant_looking_delay_distractors,1.654093981030,0.531250000000,0.551751254478,-0.225000000000,1.000000000000,0.821323529412,1.000000000000,1280;1280;1280;1280;1280;1280;480,entity:640;640;640;640;640;640;0|value:640;640;640;640;640;640;0|filler:0;0;0;0;0;0;0|query_marker:0;0;0;0;0;0;160|query_entity:0;0;0;0;0;0;160|context:0;0;0;0;0;0;160,kv_delayed_annealed_curriculum,0.738019070915,0.193471230579,0.724721230579,0.403517614817,0.298777176505,0.101032959467,0.005489614648,-0.145574482136,83;42;35,2124;2390;2188,0.000000000000,0.507207039227,0.000000000000,0.872656250000,0.127343750000,0.747656250000,0.069791666667,0.406250000000,0.406250000000,10.550000000000,902;1035;934,42.887500000000,18.000000000000,0.940625000000,0.940625000000,0.441666666667
8,reverse_delay_block,1.272029761983,0.700000000000,0.169687035430,-0.056250000000,1.000000000000,0.395588235294,1.000000000000,1280;1280;1280;1280;1280;1280;480,entity:640;640;640;640;640;640;0|value:640;640;640;640;640;640;0|filler:0;0;0;0;0;0;0|query_marker:0;0;0;0;0;0;160|query_entity:0;0;0;0;0;0;160|context:0;0;0;0;0;0;160,kv_delayed_annealed_curriculum,0.515115248332,0.052907232540,0.711678401062,0.505953511804,0.075873353922,-0.039531038572,-0.007553214869,-0.043138585149,68;52;40,1052;1132;1044,0.000000000000,0.435735742502,0.000000000000,0.420312500000,0.579687500000,0.295312500000,0.042187500000,0.662500000000,0.662500000000,14.483333333333,366;406;362,42.887500000000,18.000000000000,0.337500000000,0.337500000000,0.662500000000
9,intact,1.226668624470,0.706250000000,0.000000000000,0.000000000000,1.000000000000,0.359068627451,1.000000000000,1280;1280;1280;1280;1280;1280;480,entity:640;640;640;640;640;640;0|value:640;640;640;640;640;640;0|filler:0;0;0;0;0;0;0|query_marker:0;0;0;0;0;0;160|query_entity:0;0;0;0;0;0;160|context:0;0;0;0;0;0;160,kv_delayed_annealed_curriculum,0.507146625300,0.073975668973,0.679205646859,0.489421398522,0.000000000000,0.000000000000,0.000000000000,0.000000000000,88;38;34,890;972;1068,0.000000000000,0.450074042061,0.000000000000,0.381510416667,0.618489583333,0.256510416667,0.035677083333,0.643750000000,0.643750000000,14.218750000000,285;326;374,43.075000000000,18.000000000000,0.294444444444,0.294444444444,0.643750000000
9,zero_query_context,2.375836192621,0.193750000000,1.149167568151,-0.512500000000,1.000000000000,0.941176470588,1.000000000000,1280;1280;1280;1280;1280;1280;480,entity:640;640;640;640;640;640;0|value:640;640;640;640;640;640;0|filler:0;0;0;0;0;0;0|query_marker:0;0;0;0;0;0;160|query_entity:0;0;0;0;0;0;160|context:0;0;0;0;0;0;160,kv_delayed_annealed_curriculum,1.130425052711,0.496507248334,0.690257248334,0.184809133622,0.623278427411,0.422531579362,0.011051601476,-0.304612264900,79;43;38,2560;2560;2560,0.000000000000,1.286845763390,0.000000000000,1.000000000000,0.000000000000,0.875000000000,0.125000000000,0.000000000000,0.000000000000,1.000000000000,1120;1120;1120,43.075000000000,18.000000000000,1.000000000000,1.000000000000,0.000000000000
9,randomized_retention_actions,1.680110239874,0.512500000000,0.453441615404,-0.193750000000,1.000000000000,0.923529411765,1.000000000000,1280;1280;1280;1280;1280;1280;480,entity:640;640;640;640;640;640;0|value:640;640;640;640;640;640;0|filler:0;0;0;0;0;0;0|query_marker:0;0;0;0;0;0;160|query_entity:0;0;0;0;0;0;160|context:0;0;0;0;0;0;160,kv_delayed_annealed_curriculum,0.803368024729,0.280937780770,0.499687780770,0.286457738033,0.296221399430,0.206962111797,-0.179517866089,-0.202963660489,57;44;59,4326;2856;354,0.000000000000,0.437894246217,0.000000000000,0.981250000000,0.018750000000,0.912760416667,0.079427083333,0.262500000000,0.262500000000,7.965779467681,2060;1327;118,43.075000000000,18.000000000000,1.000000000000,1.000000000000,0.214583333333
9,force_fifo_retention,2.375836192621,0.193750000000,1.149167568151,-0.512500000000,1.000000000000,0.941176470588,1.000000000000,1280;1280;1280;1280;1280;1280;480,entity:640;640;640;640;640;640;0|value:640;640;640;640;640;640;0|filler:0;0;0;0;0;0;0|query_marker:0;0;0;0;0;0;160|query_entity:0;0;0;0;0;0;160|context:0;0;0;0;0;0;160,kv_delayed_annealed_curriculum,1.130425052711,0.496507248334,0.690257248334,0.184809133622,0.623278427411,0.422531579362,0.011051601476,-0.304612264900,79;43;38,2560;2560;2560,0.000000000000,0.429358805714,0.000000000000,1.000000000000,0.000000000000,0.875000000000,0.125000000000,0.000000000000,0.000000000000,1.000000000000,1120;1120;1120,43.075000000000,18.000000000000,1.000000000000,1.000000000000,0.000000000000
9,force_relevant_eviction,2.168189966010,0.062500000000,0.941521341540,-0.643750000000,1.000000000000,0.410539215686,1.000000000000,1280;1280;1280;1280;1280;1280;480,entity:640;640;640;640;640;640;0|value:640;640;640;640;640;640;0|filler:0;0;0;0;0;0;0|query_marker:0;0;0;0;0;0;160|query_entity:0;0;0;0;0;0;160|context:0;0;0;0;0;0;160,kv_delayed_annealed_curriculum,0.988083547190,0.327132148031,0.389632148031,0.160450938729,0.480936921890,0.253156479058,-0.289573498828,-0.328970459793,51;36;73,1338;1202;810,0.000000000000,0.595911618352,0.000000000000,0.436197916667,0.563802083333,0.340625000000,0.119791666667,0.000000000000,0.000000000000,11.653950953678,509;462;337,43.075000000000,18.000000000000,0.311458333333,0.311458333333,0.000000000000
9,permuted_context_labels,2.395602299137,0.212500000000,1.168933674667,-0.493750000000,1.000000000000,0.481617647059,1.000000000000,1280;1280;1280;1280;1280;1280;480,entity:640;640;640;640;640;640;0|value:640;640;640;640;640;640;0|filler:0;0;0;0;0;0;0|query_marker:0;0;0;0;0;0;160|query_entity:0;0;0;0;0;0;160|context:0;0;0;0;0;0;160,kv_delayed_annealed_curriculum,1.133392676640,0.493424631678,0.689257965011,0.187296304854,0.626246051340,0.419448962705,0.010052318152,-0.302125093667,133;17;10,1366;1302;1262,0.000000000000,0.682055794245,0.000000000000,0.511718750000,0.488281250000,0.389843750000,0.037239583333,0.000000000000,0.000000000000,3.632478632479,527;495;475,43.075000000000,18.000000000000,0.529166666667,0.475347222222,0.004166666667
9,disable_retention_skip,2.386506641261,0.200000000000,1.159838016791,-0.506250000000,1.000000000000,0.941176470588,1.000000000000,1280;1280;1280;1280;1280;1280;480,entity:640;640;640;640;640;640;0|value:640;640;640;640;640;640;0|filler:0;0;0;0;0;0;0|query_marker:0;0;0;0;0;0;160|query_entity:0;0;0;0;0;0;160|context:0;0;0;0;0;0;160,kv_delayed_annealed_curriculum,1.124286831808,0.487107797585,0.687107797585,0.185782108262,0.617140206508,0.413132128612,0.007902150726,-0.303639290260,104;38;18,2602;2512;2566,0.000000000000,0.440718005020,0.000000000000,1.000000000000,0.000000000000,0.875000000000,0.125000000000,0.000000000000,0.000000000000,1.500000000000,1141;1096;1123,43.075000000000,18.000000000000,1.000000000000,1.000000000000,0.000000000000
9,no_workspace_writes,1.791759469228,0.206250000000,0.565090844758,-0.500000000000,1.000000000000,0.411029411765,1.000000000000,1280;1280;1280;1280;1280;1280;480,entity:640;640;640;640;640;640;0|value:640;640;640;640;640;640;0|filler:0;0;0;0;0;0;0|query_marker:0;0;0;0;0;0;160|query_entity:0;0;0;0;0;0;160|context:0;0;0;0;0;0;160,kv_delayed_annealed_curriculum,0.833333333333,0.039583333333,0.166666666667,0.166666666667,0.326186708034,-0.034392335639,-0.512538980192,-0.322754731855,160;0;0,3354;0;0,0.000000000000,0.829628848145,0.000000000000,0.436718750000,0.563281250000,0.000000000000,0.000000000000,0.000000000000,0.000000000000,0.000000000000,0;0;0,43.075000000000,18.000000000000,0.356250000000,0.000000000000,0.000000000000
9,no_workspace_persistence,1.791759469228,0.206250000000,0.565090844758,-0.500000000000,1.000000000000,0.411029411765,1.000000000000,1280;1280;1280;1280;1280;1280;480,entity:640;640;640;640;640;640;0|value:640;640;640;640;640;640;0|filler:0;0;0;0;0;0;0|query_marker:0;0;0;0;0;0;160|query_entity:0;0;0;0;0;0;160|context:0;0;0;0;0;0;160,kv_delayed_annealed_curriculum,0.833333333333,0.039583333333,0.166666666667,0.166666666667,0.326186708034,-0.034392335639,-0.512538980192,-0.322754731855,160;0;0,3354;0;0,0.000000000000,0.829628848145,0.000000000000,0.436718750000,0.563281250000,0.000000000000,0.000000000000,0.000000000000,0.000000000000,0.000000000000,0;0;0,43.075000000000,18.000000000000,0.356250000000,0.000000000000,0.000000000000
9,no_mechanism_output,1.791759469228,0.206250000000,0.565090844758,-0.500000000000,1.000000000000,0.359068627451,1.000000000000,1280;1280;1280;1280;1280;1280;480,entity:640;640;640;640;640;640;0|value:640;640;640;640;640;640;0|filler:0;0;0;0;0;0;0|query_marker:0;0;0;0;0;0;160|query_entity:0;0;0;0;0;0;160|context:0;0;0;0;0;0;160,kv_delayed_annealed_curriculum,0.833333333333,0.039583333333,0.166666666667,0.166666666667,0.326186708034,-0.034392335639,-0.512538980192,-0.322754731855,88;38;34,890;972;1068,0.000000000000,0.450074042061,0.000000000000,0.381510416667,0.618489583333,0.256510416667,0.035677083333,0.643750000000,0.643750000000,14.218750000000,285;326;374,43.075000000000,18.000000000000,0.294444444444,0.294444444444,0.643750000000
9,remove_delay_distractors,1.001879201278,0.781250000000,-0.224789423193,0.075000000000,1.000000000000,0.151225490196,1.000000000000,1280;1280;1280;1280;1280;1280;480,entity:640;640;640;640;640;640;0|value:640;640;640;640;640;640;0|filler:0;0;0;0;0;0;0|query_marker:0;0;0;0;0;0;160|query_entity:0;0;0;0;0;0;160|context:0;0;0;0;0;0;160,kv_delayed_annealed_curriculum,0.404987708124,0.100147474657,0.681102525343,0.541769733469,-0.102158917175,0.026171805685,0.001896878484,0.052348334947,55;52;53,412;398;424,0.000000000000,0.405325726948,0.000000000000,0.160677083333,0.839322916667,0.035677083333,0.028125000000,0.700000000000,0.700000000000,20.362500000000,46;39;52,43.075000000000,18.000000000000,0.000000000000,0.000000000000,0.704166666667
9,relevant_looking_delay_distractors,1.540274272851,0.556250000000,0.313605648380,-0.150000000000,1.000000000000,0.654411764706,1.000000000000,1280;1280;1280;1280;1280;1280;480,entity:640;640;640;640;640;640;0|value:640;640;640;640;640;640;0|filler:0;0;0;0;0;0;0|query_marker:0;0;0;0;0;0;160|query_entity:0;0;0;0;0;0;160|context:0;0;0;0;0;0;160,kv_delayed_annealed_curriculum,0.691322814240,0.137533376760,0.693783376760,0.406821672755,0.184176188940,0.063557707788,0.014577729901,-0.082599725767,49;57;54,3266;1504;570,0.000000000000,0.480954251157,0.000000000000,0.695312500000,0.304687500000,0.570312500000,0.062500000000,0.443750000000,0.443750000000,12.714583333333,1473;592;125,43.075000000000,18.000000000000,0.712847222222,0.712847222222,0.429166666667
9,reverse_delay_block,1.171812128173,0.725000000000,-0.054856496298,0.018750000000,1.000000000000,0.357107843137,1.000000000000,1280;1280;1280;1280;1280;1280;480,entity:640;640;640;640;640;640;0|value:640;640;640;640;640;640;0|filler:0;0;0;0;0;0;0|query_marker:0;0;0;0;0;0;160|query_entity:0;0;0;0;0;0;160|context:0;0;0;0;0;0;160,kv_delayed_annealed_curriculum,0.480983664555,0.045209912260,0.679790087740,0.502940831298,-0.026162960745,-0.028765756712,0.000584440881,0.013519432776,84;42;34,912;950;1052,0.000000000000,0.449086488803,0.000000000000,0.379427083333,0.620572916667,0.254427083333,0.035677083333,0.643750000000,0.643750000000,14.250000000000,296;315;366,43.075000000000,18.000000000000,0.291666666667,0.291666666667,0.643750000000
10,intact,0.978689907835,0.781250000000,0.000000000000,0.000000000000,1.000000000000,0.341911764706,1.000000000000,1280;1280;1280;1280;1280;1280;480,entity:640;640;640;640;640;640;0|value:640;640;640;640;640;640;0|filler:0;0;0;0;0;0;0|query_marker:0;0;0;0;0;0;160|query_entity:0;0;0;0;0;0;160|context:0;0;0;0;0;0;160,kv_delayed_annealed_curriculum,0.400036076798,0.066323471269,0.714926528731,0.564810025319,0.000000000000,0.000000000000,0.000000000000,0.000000000000,72;48;40,974;958;858,0.000000000000,0.377691773425,0.000000000000,0.363281250000,0.636718750000,0.238281250000,0.027343750000,0.718750000000,0.718750000000,15.452083333333,327;319;269,42.937500000000,18.000000000000,0.281250000000,0.281250000000,0.718750000000
10,zero_query_context,2.361051169703,0.231250000000,1.382361261868,-0.550000000000,1.000000000000,0.941176470588,1.000000000000,1280;1280;1280;1280;1280;1280;480,entity:640;640;640;640;640;640;0|value:640;640;640;640;640;640;0|filler:0;0;0;0;0;0;0|query_marker:0;0;0;0;0;0;160|query_entity:0;0;0;0;0;0;160|context:0;0;0;0;0;0;160,kv_delayed_annealed_curriculum,1.128414774484,0.497327733499,0.728577733499,0.209825408224,0.728378697686,0.431004262230,0.013651204768,-0.354984617095,83;55;22,2560;2560;2560,0.000000000000,1.287079161006,0.000000000000,1.000000000000,0.000000000000,0.875000000000,0.125000000000,0.000000000000,0.000000000000,1.000000000000,1120;1120;1120,42.937500000000,18.000000000000,1.000000000000,1.000000000000,0.000000000000
10,randomized_retention_actions,1.847103206928,0.456250000000,0.868413299093,-0.325000000000,1.000000000000,0.918627450980,1.000000000000,1280;1280;1280;1280;1280;1280;480,entity:640;640;640;640;640;640;0|value:640;640;640;640;640;640;0|filler:0;0;0;0;0;0;0|query_marker:0;0;0;0;0;0;160|query_entity:0;0;0;0;0;0;160|context:0;0;0;0;0;0;160,kv_delayed_annealed_curriculum,0.879952992818,0.342975696504,0.567975696504,0.278662038384,0.479916916020,0.276652225235,-0.146950832227,-0.286147986935,45;59;56,4830;2330;336,0.000000000000,0.398625522936,0.000000000000,0.976041666667,0.023958333333,0.904427083333,0.071093750000,0.231250000000,0.231250000000,8.607272727273,2300;1061;112,42.937500000000,18.000000000000,1.000000000000,1.000000000000,0.239583333333
10,force_fifo_retention,2.361051169703,0.231250000000,1.382361261868,-0.550000000000,1.000000000000,0.941176470588,1.000000000000,1280;1280;1280;1280;1280;1280;480,entity:640;640;640;640;640;640;0|value:640;640;640;640;640;640;0|filler:0;0;0;0;0;0;0|query_marker:0;0;0;0;0;0;160|query_entity:0;0;0;0;0;0;160|context:0;0;0;0;0;0;160,kv_delayed_annealed_curriculum,1.128414774484,0.497327733499,0.728577733499,0.209825408224,0.728378697686,0.431004262230,0.013651204768,-0.354984617095,83;55;22,2560;2560;2560,0.000000000000,0.375515950890,0.000000000000,1.000000000000,0.000000000000,0.875000000000,0.125000000000,0.000000000000,0.000000000000,1.000000000000,1120;1120;1120,42.937500000000,18.000000000000,1.000000000000,1.000000000000,0.000000000000
10,force_relevant_eviction,2.088564780425,0.100000000000,1.109874872590,-0.681250000000,1.000000000000,0.403921568627,1.000000000000,1280;1280;1280;1280;1280;1280;480,entity:640;640;640;640;640;640;0|value:640;640;640;640;640;640;0|filler:0;0;0;0;0;0;0|query_marker:0;0;0;0;0;0;160|query_entity:0;0;0;0;0;0;160|context:0;0;0;0;0;0;160,kv_delayed_annealed_curriculum,0.968998759704,0.316525580364,0.416525580364,0.183800003262,0.568962682906,0.250202109095,-0.298400948367,-0.381010022057,48;34;78,1412;1106;778,0.000000000000,0.522743385524,0.000000000000,0.429166666667,0.570833333333,0.332031250000,0.121093750000,0.000000000000,0.000000000000,13.211796246649,546;411;318,42.937500000000,18.000000000000,0.300694444444,0.300694444444,0.000000000000
10,permuted_context_labels,2.277881796740,0.262500000000,1.299191888905,-0.518750000000,1.000000000000,0.551470588235,1.000000000000,1280;1280;1280;1280;1280;1280;480,entity:640;640;640;640;640;640;0|value:640;640;640;640;640;640;0|filler:0;0;0;0;0;0;0|query_marker:0;0;0;0;0;0;160|query_entity:0;0;0;0;0;0;160|context:0;0;0;0;0;0;160,kv_delayed_annealed_curriculum,1.081163445908,0.448013756835,0.708430423501,0.225683553503,0.681127369110,0.381690285566,-0.006496105230,-0.339126471816,114;24;22,1500;1540;1460,0.000000000000,0.732855100505,0.000000000000,0.585937500000,0.414062500000,0.464322916667,0.040364583333,0.093750000000,0.093750000000,4.734475374732,594;614;575,42.937500000000,18.000000000000,0.604166666667,0.557638888889,0.077083333333
10,disable_retention_skip,2.326646955459,0.243750000000,1.347957047624,-0.537500000000,1.000000000000,0.941176470588,1.000000000000,1280;1280;1280;1280;1280;1280;480,entity:640;640;640;640;640;640;0|value:640;640;640;640;640;640;0|filler:0;0;0;0;0;0;0|query_marker:0;0;0;0;0;0;160|query_entity:0;0;0;0;0;0;160|context:0;0;0;0;0;0;160,kv_delayed_annealed_curriculum,1.109288015085,0.482035544299,0.725785544299,0.217481373229,0.709251938287,0.415712073030,0.010859015568,-0.347328652091,95;38;27,2722;2568;2390,0.000000000000,0.386307656753,0.000000000000,1.000000000000,0.000000000000,0.875000000000,0.125000000000,0.000000000000,0.000000000000,1.420833333333,1201;1124;1035,42.937500000000,18.000000000000,1.000000000000,1.000000000000,0.000000000000
10,no_workspace_writes,1.791759469228,0.162500000000,0.813069561393,-0.618750000000,1.000000000000,0.349264705882,1.000000000000,1280;1280;1280;1280;1280;1280;480,entity:640;640;640;640;640;640;0|value:640;640;640;640;640;640;0|filler:0;0;0;0;0;0;0|query_marker:0;0;0;0;0;0;160|query_entity:0;0;0;0;0;0;160|context:0;0;0;0;0;0;160,kv_delayed_annealed_curriculum,0.833333333333,0.004166666667,0.166666666667,0.166666666667,0.433297256535,-0.062156804602,-0.548259862064,-0.398143358653,160;0;0,2850;0;0,0.000000000000,0.772795022487,0.000000000000,0.371093750000,0.628906250000,0.000000000000,0.000000000000,0.000000000000,0.000000000000,0.000000000000,0;0;0,42.937500000000,18.000000000000,0.281250000000,0.000000000000,0.000000000000
10,no_workspace_persistence,1.791759469228,0.162500000000,0.813069561393,-0.618750000000,1.000000000000,0.349264705882,1.000000000000,1280;1280;1280;1280;1280;1280;480,entity:640;640;640;640;640;640;0|value:640;640;640;640;640;640;0|filler:0;0;0;0;0;0;0|query_marker:0;0;0;0;0;0;160|query_entity:0;0;0;0;0;0;160|context:0;0;0;0;0;0;160,kv_delayed_annealed_curriculum,0.833333333333,0.004166666667,0.166666666667,0.166666666667,0.433297256535,-0.062156804602,-0.548259862064,-0.398143358653,160;0;0,2850;0;0,0.000000000000,0.772795022487,0.000000000000,0.371093750000,0.628906250000,0.000000000000,0.000000000000,0.000000000000,0.000000000000,0.000000000000,0;0;0,42.937500000000,18.000000000000,0.281250000000,0.000000000000,0.000000000000
10,no_mechanism_output,1.791759469228,0.162500000000,0.813069561393,-0.618750000000,1.000000000000,0.341911764706,1.000000000000,1280;1280;1280;1280;1280;1280;480,entity:640;640;640;640;640;640;0|value:640;640;640;640;640;640;0|filler:0;0;0;0;0;0;0|query_marker:0;0;0;0;0;0;160|query_entity:0;0;0;0;0;0;160|context:0;0;0;0;0;0;160,kv_delayed_annealed_curriculum,0.833333333333,0.004166666667,0.166666666667,0.166666666667,0.433297256535,-0.062156804602,-0.548259862064,-0.398143358653,72;48;40,974;958;858,0.000000000000,0.377691773425,0.000000000000,0.363281250000,0.636718750000,0.238281250000,0.027343750000,0.718750000000,0.718750000000,15.452083333333,327;319;269,42.937500000000,18.000000000000,0.281250000000,0.281250000000,0.718750000000
10,remove_delay_distractors,0.925027051772,0.793750000000,-0.053662856063,0.012500000000,1.000000000000,0.143382352941,1.000000000000,1280;1280;1280;1280;1280;1280;480,entity:640;640;640;640;640;640;0|value:640;640;640;640;640;640;0|filler:0;0;0;0;0;0;0|query_marker:0;0;0;0;0;0;160|query_entity:0;0;0;0;0;0;160|context:0;0;0;0;0;0;160,kv_delayed_annealed_curriculum,0.381408318691,0.078279180993,0.715470819007,0.574477287698,-0.018627758108,0.011955709724,0.000544290276,0.009667262379,54;54;52,416;386;368,0.000000000000,0.348495695056,0.000000000000,0.152343750000,0.847656250000,0.027343750000,0.022656250000,0.750000000000,0.750000000000,20.408333333333,48;33;24,42.937500000000,18.000000000000,0.000000000000,0.000000000000,0.756250000000
10,relevant_looking_delay_distractors,1.535225311570,0.550000000000,0.556535403735,-0.231250000000,1.000000000000,0.771568627451,1.000000000000,1280;1280;1280;1280;1280;1280;480,entity:640;640;640;640;640;640;0|value:640;640;640;640;640;640;0|filler:0;0;0;0;0;0;0|query_marker:0;0;0;0;0;0;160|query_entity:0;0;0;0;0;0;160|context:0;0;0;0;0;0;160,kv_delayed_annealed_curriculum,0.708674936014,0.173995002457,0.723995002457,0.416637886393,0.308638859216,0.107671531188,0.009068473726,-0.148172138926,48;66;46,2490;1894;1912,0.000000000000,0.412244289652,0.000000000000,0.819791666667,0.180208333333,0.694791666667,0.057291666667,0.437500000000,0.437500000000,12.102083333333,1085;787;796,42.937500000000,18.000000000000,0.889930555556,0.889930555556,0.479166666667
10,reverse_delay_block,0.926032149275,0.793750000000,-0.052657758560,0.012500000000,1.000000000000,0.341911764706,1.000000000000,1280;1280;1280;1280;1280;1280;480,entity:640;640;640;640;640;640;0|value:640;640;640;640;640;640;0|filler:0;0;0;0;0;0;0|query_marker:0;0;0;0;0;0;160|query_entity:0;0;0;0;0;0;160|context:0;0;0;0;0;0;160,kv_delayed_annealed_curriculum,0.379593326004,0.079468522722,0.714281477278,0.574592980003,-0.020442750794,0.013145051453,-0.000645051453,0.009782954684,64;53;43,1006;924;860,0.000000000000,0.377802187537,0.000000000000,0.363281250000,0.636718750000,0.238281250000,0.027343750000,0.718750000000,0.718750000000,15.602083333333,343;302;270,42.937500000000,18.000000000000,0.281250000000,0.281250000000,0.718750000000
11,intact,1.105796436878,0.743750000000,0.000000000000,0.000000000000,1.000000000000,0.364460784314,1.000000000000,1280;1280;1280;1280;1280;1280;480,entity:640;640;640;640;640;640;0|value:640;640;640;640;640;640;0|filler:0;0;0;0;0;0;0|query_marker:0;0;0;0;0;0;160|query_entity:0;0;0;0;0;0;160|context:0;0;0;0;0;0;160,kv_delayed_annealed_curriculum,0.456727030483,0.105352792077,0.662855916908,0.504482152294,0.000000000000,0.000000000000,0.000000000000,0.000000000000,63;47;50,958;1000;1016,0.000000000000,0.406681651871,0.000000000000,0.387239583333,0.612760416667,0.262239583333,0.023177083333,0.681250000000,0.681250000000,14.785416666667,319;340;348,42.712500000000,18.000000000000,0.318750000000,0.318750000000,0.681250000000
11,zero_query_context,2.329190718000,0.181250000000,1.223394281121,-0.562500000000,1.000000000000,0.941176470588,1.000000000000,1280;1280;1280;1280;1280;1280;480,entity:640;640;640;640;640;640;0|value:640;640;640;640;640;640;0|filler:0;0;0;0;0;0;0|query_marker:0;0;0;0;0;0;160|query_entity:0;0;0;0;0;0;160|context:0;0;0;0;0;0;160,kv_delayed_annealed_curriculum,1.116871686522,0.490673297609,0.671923297609,0.180179548325,0.660144656039,0.385320505532,0.009067380701,-0.324302603969,86;48;26,2560;2560;2560,0.000000000000,1.287503065396,0.000000000000,1.000000000000,0.000000000000,0.875000000000,0.125000000000,0.000000000000,0.000000000000,1.000000000000,1120;1120;1120,42.712500000000,18.000000000000,1.000000000000,1.000000000000,0.000000000000
11,randomized_retention_actions,1.779679235533,0.468750000000,0.673882798655,-0.275000000000,1.000000000000,0.918627450980,1.000000000000,1280;1280;1280;1280;1280;1280;480,entity:640;640;640;640;640;640;0|value:640;640;640;640;640;640;0|filler:0;0;0;0;0;0;0|query_marker:0;0;0;0;0;0;160|query_entity:0;0;0;0;0;0;160|context:0;0;0;0;0;0;160,kv_delayed_annealed_curriculum,0.854093777506,0.306545642465,0.519045642465,0.267388502406,0.397366747022,0.201192850388,-0.143810274443,-0.237093649887,51;55;54,4578;2594;324,0.000000000000,0.411351362831,0.000000000000,0.976041666667,0.023958333333,0.905989583333,0.072656250000,0.231250000000,0.231250000000,8.334572490706,2180;1191;108,42.712500000000,18.000000000000,1.000000000000,1.000000000000,0.227083333333
11,force_fifo_retention,2.329190718000,0.181250000000,1.223394281121,-0.562500000000,1.000000000000,0.941176470588,1.000000000000,1280;1280;1280;1280;1280;1280;480,entity:640;640;640;640;640;640;0|value:640;640;640;640;640;640;0|filler:0;0;0;0;0;0;0|query_marker:0;0;0;0;0;0;160|query_entity:0;0;0;0;0;0;160|context:0;0;0;0;0;0;160,kv_delayed_annealed_curriculum,1.116871686522,0.490673297609,0.671923297609,0.180179548325,0.660144656039,0.385320505532,0.009067380701,-0.324302603969,86;48;26,2560;2560;2560,0.000000000000,0.402098122839,0.000000000000,1.000000000000,0.000000000000,0.875000000000,0.125000000000,0.000000000000,0.000000000000,1.000000000000,1120;1120;1120,42.712500000000,18.000000000000,1.000000000000,1.000000000000,0.000000000000
11,force_relevant_eviction,2.033776732942,0.118750000000,0.927980296063,-0.625000000000,1.000000000000,0.426715686275,1.000000000000,1280;1280;1280;1280;1280;1280;480,entity:640;640;640;640;640;640;0|value:640;640;640;640;640;640;0|filler:0;0;0;0;0;0;0|query_marker:0;0;0;0;0;0;160|query_entity:0;0;0;0;0;0;160|context:0;0;0;0;0;0;160,kv_delayed_annealed_curriculum,0.938079775379,0.296343411721,0.415093411721,0.191385349513,0.481352744895,0.190990619644,-0.247762505187,-0.313096802781,43;39;78,1338;1248;896,0.000000000000,0.534752808197,0.000000000000,0.453385416667,0.546614583333,0.354166666667,0.115104166667,0.000000000000,0.000000000000,12.619422572178,509;481;370,42.712500000000,18.000000000000,0.336458333333,0.336458333333,0.000000000000
11,permuted_context_labels,1.979302097539,0.356250000000,0.873505660661,-0.387500000000,1.000000000000,0.461029411765,1.000000000000,1280;1280;1280;1280;1280;1280;480,entity:640;640;640;640;640;640;0|value:640;640;640;640;640;640;0|filler:0;0;0;0;0;0;0|query_marker:0;0;0;0;0;0;160|query_entity:0;0;0;0;0;0;160|context:0;0;0;0;0;0;160,kv_delayed_annealed_curriculum,0.923784421674,0.302425451925,0.652425451925,0.273683585824,0.467057391190,0.197072659848,-0.010430464983,-0.230798566470,100;31;29,1300;1350;1112,0.000000000000,0.666941880919,0.000000000000,0.489843750000,0.510156250000,0.371354166667,0.013541666667,0.218750000000,0.218750000000,7.536263736264,498;523;405,42.712500000000,18.000000000000,0.498958333333,0.451388888889,0.235416666667
11,disable_retention_skip,2.244315004413,0.218750000000,1.138518567535,-0.525000000000,1.000000000000,0.941176470588,1.000000000000,1280;1280;1280;1280;1280;1280;480,entity:640;640;640;640;640;640;0|value:640;640;640;640;640;640;0|filler:0;0;0;0;0;0;0|query_marker:0;0;0;0;0;0;160|query_entity:0;0;0;0;0;0;160|context:0;0;0;0;0;0;160,kv_delayed_annealed_curriculum,1.076997146696,0.458428523132,0.677178523132,0.203427953154,0.620270116213,0.353075731055,0.014322606224,-0.301054199139,82;50;28,2630;2614;2436,0.000000000000,0.412175360313,0.000000000000,1.000000000000,0.000000000000,0.875000000000,0.125000000000,0.000000000000,0.000000000000,1.512500000000,1155;1147;1058,42.712500000000,18.000000000000,1.000000000000,1.000000000000,0.000000000000
11,no_workspace_writes,1.791759469228,0.181250000000,0.685963032350,-0.562500000000,1.000000000000,0.380147058824,1.000000000000,1280;1280;1280;1280;1280;1280;480,entity:640;640;640;640;640;640;0|value:640;640;640;640;640;640;0|filler:0;0;0;0;0;0;0|query_marker:0;0;0;0;0;0;160|query_entity:0;0;0;0;0;0;160|context:0;0;0;0;0;0;160,kv_delayed_annealed_curriculum,0.833333333333,0.014583333333,0.166666666667,0.166666666667,0.376606302850,-0.090769458743,-0.496189250241,-0.337815485627,160;0;0,3102;0;0,0.000000000000,0.789302751039,0.000000000000,0.403906250000,0.596093750000,0.000000000000,0.000000000000,0.000000000000,0.000000000000,0.000000000000,0;0;0,42.712500000000,18.000000000000,0.318750000000,0.000000000000,0.000000000000
11,no_workspace_persistence,1.791759469228,0.181250000000,0.685963032350,-0.562500000000,1.000000000000,0.380147058824,1.000000000000,1280;1280;1280;1280;1280;1280;480,entity:640;640;640;640;640;640;0|value:640;640;640;640;640;640;0|filler:0;0;0;0;0;0;0|query_marker:0;0;0;0;0;0;160|query_entity:0;0;0;0;0;0;160|context:0;0;0;0;0;0;160,kv_delayed_annealed_curriculum,0.833333333333,0.014583333333,0.166666666667,0.166666666667,0.376606302850,-0.090769458743,-0.496189250241,-0.337815485627,160;0;0,3102;0;0,0.000000000000,0.789302751039,0.000000000000,0.403906250000,0.596093750000,0.000000000000,0.000000000000,0.000000000000,0.000000000000,0.000000000000,0;0;0,42.712500000000,18.000000000000,0.318750000000,0.000000000000,0.000000000000
11,no_mechanism_output,1.791759469228,0.181250000000,0.685963032350,-0.562500000000,1.000000000000,0.364460784314,1.000000000000,1280;1280;1280;1280;1280;1280;480,entity:640;640;640;640;640;640;0|value:640;640;640;640;640;640;0|filler:0;0;0;0;0;0;0|query_marker:0;0;0;0;0;0;160|query_entity:0;0;0;0;0;0;160|context:0;0;0;0;0;0;160,kv_delayed_annealed_curriculum,0.833333333333,0.014583333333,0.166666666667,0.166666666667,0.376606302850,-0.090769458743,-0.496189250241,-0.337815485627,63;47;50,958;1000;1016,0.000000000000,0.406681651871,0.000000000000,0.387239583333,0.612760416667,0.262239583333,0.023177083333,0.681250000000,0.681250000000,14.785416666667,319;340;348,42.712500000000,18.000000000000,0.318750000000,0.318750000000,0.681250000000
11,remove_delay_distractors,1.065647787134,0.756250000000,-0.040148649745,0.012500000000,1.000000000000,0.139460784314,1.000000000000,1280;1280;1280;1280;1280;1280;480,entity:640;640;640;640;640;640;0|value:640;640;640;640;640;640;0|filler:0;0;0;0;0;0;0|query_marker:0;0;0;0;0;0;160|query_entity:0;0;0;0;0;0;160|context:0;0;0;0;0;0;160,kv_delayed_annealed_curriculum,0.442926145888,0.162358502541,0.666591811035,0.513748789881,-0.013800884595,0.057005710464,0.003735894127,0.009266637588,49;54;57,396;368;374,0.000000000000,0.390174729235,0.000000000000,0.148177083333,0.851822916667,0.023177083333,0.023177083333,0.681250000000,0.681250000000,20.479166666667,38;24;27,42.712500000000,18.000000000000,0.000000000000,0.000000000000,0.681250000000
11,relevant_looking_delay_distractors,1.448175063972,0.593750000000,0.342378627094,-0.150000000000,1.000000000000,0.620343137255,1.000000000000,1280;1280;1280;1280;1280;1280;480,entity:640;640;640;640;640;640;0|value:640;640;640;640;640;640;0|filler:0;0;0;0;0;0;0|query_marker:0;0;0;0;0;0;160|query_entity:0;0;0;0;0;0;160|context:0;0;0;0;0;0;160,kv_delayed_annealed_curriculum,0.647890769240,0.158191558624,0.677267656668,0.418152866796,0.191163738757,0.052838766547,0.014411739761,-0.086329285498,40;51;69,2412;1736;914,0.000000000000,0.336840557246,0.000000000000,0.659114583333,0.340885416667,0.534114583333,0.051562500000,0.468750000000,0.468750000000,15.660416666667,1046;708;297,42.712500000000,18.000000000000,0.681250000000,0.681250000000,0.454166666667
11,reverse_delay_block,1.130931910456,0.737500000000,0.025135473578,-0.006250000000,1.000000000000,0.364460784314,1.000000000000,1280;1280;1280;1280;1280;1280;480,entity:640;640;640;640;640;640;0|value:640;640;640;640;640;640;0|filler:0;0;0;0;0;0;0|query_marker:0;0;0;0;0;0;160|query_entity:0;0;0;0;0;0;160|context:0;0;0;0;0;0;160,kv_delayed_annealed_curriculum,0.468085303818,0.127951990672,0.663081411242,0.498884753537,0.011358273334,0.022599198596,0.000225494334,-0.005597398756,62;49;49,996;972;1006,0.000000000000,0.406479932306,0.000000000000,0.387239583333,0.612760416667,0.262239583333,0.023177083333,0.681250000000,0.681250000000,14.733333333333,338;326;343,42.712500000000,18.000000000000,0.318750000000,0.318750000000,0.681250000000
12,intact,0.912886738169,0.806250000000,0.000000000000,0.000000000000,1.000000000000,0.323284313725,1.000000000000,1280;1280;1280;1280;1280;1280;480,entity:640;640;640;640;640;640;0|value:640;640;640;640;640;640;0|filler:0;0;0;0;0;0;0|query_marker:0;0;0;0;0;0;160|query_entity:0;0;0;0;0;0;160|context:0;0;0;0;0;0;160,kv_delayed_annealed_curriculum,0.374468602922,0.129396667884,0.676853332116,0.554253867108,0.000000000000,0.000000000000,0.000000000000,0.000000000000,71;46;43,948;852;838,0.000000000000,0.363932547898,0.000000000000,0.343489583333,0.656510416667,0.218489583333,0.030989583333,0.750000000000,0.750000000000,16.075000000000,314;266;259,42.900000000000,18.000000000000,0.250000000000,0.250000000000,0.750000000000
12,zero_query_context,2.423238468620,0.143750000000,1.510351730451,-0.662500000000,1.000000000000,0.941176470588,1.000000000000,1280;1280;1280;1280;1280;1280;480,entity:640;640;640;640;640;640;0|value:640;640;640;640;640;640;0|filler:0;0;0;0;0;0;0|query_marker:0;0;0;0;0;0;160|query_entity:0;0;0;0;0;0;160|context:0;0;0;0;0;0;160,kv_delayed_annealed_curriculum,1.183340163399,0.545376873872,0.689126873872,0.157423780332,0.808871560476,0.415980205989,0.012273541756,-0.396830086777,90;44;26,2560;2560;2560,0.000000000000,1.287749785503,0.000000000000,1.000000000000,0.000000000000,0.875000000000,0.125000000000,0.000000000000,0.000000000000,1.000000000000,1120;1120;1120,42.900000000000,18.000000000000,1.000000000000,1.000000000000,0.000000000000
12,randomized_retention_actions,1.800316333853,0.300000000000,0.887429595684,-0.506250000000,1.000000000000,0.919117647059,1.000000000000,1280;1280;1280;1280;1280;1280;480,entity:640;640;640;640;640;640;0|value:640;640;640;640;640;640;0|filler:0;0;0;0;0;0;0|query_marker:0;0;0;0;0;0;160|query_entity:0;0;0;0;0;0;160|context:0;0;0;0;0;0;160,kv_delayed_annealed_curriculum,0.866002373102,0.255448783483,0.555448783483,0.272720342958,0.491533770179,0.126052115600,-0.121404548633,-0.281533524150,40;60;60,5040;2100;360,0.000000000000,0.396964854213,0.000000000000,0.976562500000,0.023437500000,0.903645833333,0.070312500000,0.231250000000,0.231250000000,8.792857142857,2400;950;120,42.900000000000,18.000000000000,1.000000000000,1.000000000000,0.250000000000
12,force_fifo_retention,2.423238468620,0.143750000000,1.510351730451,-0.662500000000,1.000000000000,0.941176470588,1.000000000000,1280;1280;1280;1280;1280;1280;480,entity:640;640;640;640;640;640;0|value:640;640;640;640;640;640;0|filler:0;0;0;0;0;0;0|query_marker:0;0;0;0;0;0;160|query_entity:0;0;0;0;0;0;160|context:0;0;0;0;0;0;160,kv_delayed_annealed_curriculum,1.183340163399,0.545376873872,0.689126873872,0.157423780332,0.808871560476,0.415980205989,0.012273541756,-0.396830086777,90;44;26,2560;2560;2560,0.000000000000,0.369818019863,0.000000000000,1.000000000000,0.000000000000,0.875000000000,0.125000000000,0.000000000000,0.000000000000,1.000000000000,1120;1120;1120,42.900000000000,18.000000000000,1.000000000000,1.000000000000,0.000000000000
12,force_relevant_eviction,2.114370310617,0.218750000000,1.201483572448,-0.587500000000,1.000000000000,0.381127450980,1.000000000000,1280;1280;1280;1280;1280;1280;480,entity:640;640;640;640;640;640;0|value:640;640;640;640;640;640;0|filler:0;0;0;0;0;0;0|query_marker:0;0;0;0;0;0;160|query_entity:0;0;0;0;0;0;160|context:0;0;0;0;0;0;160,kv_delayed_annealed_curriculum,0.986054378210,0.297437816936,0.376604483602,0.156256532174,0.611585775288,0.168041149052,-0.300248848514,-0.397997334934,38;46;76,1268;1058;784,0.000000000000,0.525209684760,0.000000000000,0.404947916667,0.595052083333,0.312239583333,0.124739583333,0.000000000000,0.000000000000,13.738764044944,474;398;327,42.900000000000,18.000000000000,0.270486111111,0.270486111111,0.000000000000
12,permuted_context_labels,1.770696518996,0.431250000000,0.857809780826,-0.375000000000,1.000000000000,0.561274509804,1.000000000000,1280;1280;1280;1280;1280;1280;480,entity:640;640;640;640;640;640;0|value:640;640;640;640;640;640;0|filler:0;0;0;0;0;0;0|query_marker:0;0;0;0;0;0;160|query_entity:0;0;0;0;0;0;160|context:0;0;0;0;0;0;160,kv_delayed_annealed_curriculum,0.838902543721,0.274927920312,0.664511253645,0.324142714339,0.464433940798,0.145531252428,-0.012342078471,-0.230111152769,111;26;23,1532;1620;1428,0.000000000000,0.771695118463,0.000000000000,0.596354166667,0.403645833333,0.478645833333,0.015625000000,0.218750000000,0.218750000000,7.887168141593,615;659;564,42.900000000000,18.000000000000,0.623263888889,0.578819444444,0.250000000000
12,disable_retention_skip,2.422517393789,0.137500000000,1.509630655620,-0.668750000000,1.000000000000,0.941176470588,1.000000000000,1280;1280;1280;1280;1280;1280;480,entity:640;640;640;640;640;640;0|value:640;640;640;640;640;640;0|filler:0;0;0;0;0;0;0|query_marker:0;0;0;0;0;0;160|query_entity:0;0;0;0;0;0;160|context:0;0;0;0;0;0;160,kv_delayed_annealed_curriculum,1.189063235882,0.552552014940,0.690052014940,0.155248102430,0.814594632960,0.423155347056,0.013198682824,-0.399005764678,93;35;32,2716;2532;2432,0.000000000000,0.373429484774,0.000000000000,1.000000000000,0.000000000000,0.875000000000,0.125000000000,0.000000000000,0.000000000000,1.479166666667,1198;1106;1056,42.900000000000,18.000000000000,1.000000000000,1.000000000000,0.000000000000
12,no_workspace_writes,1.791759469228,0.237500000000,0.878872731059,-0.568750000000,1.000000000000,0.323529411765,1.000000000000,1280;1280;1280;1280;1280;1280;480,entity:640;640;640;640;640;640;0|value:640;640;640;640;640;640;0|filler:0;0;0;0;0;0;0|query_marker:0;0;0;0;0;0;160|query_entity:0;0;0;0;0;0;160|context:0;0;0;0;0;0;160,kv_delayed_annealed_curriculum,0.833333333333,0.070833333333,0.166666666667,0.166666666667,0.458864730411,-0.058563334550,-0.510186665450,-0.387587200442,160;0;0,2640;0;0,0.000000000000,0.791143297373,0.000000000000,0.343750000000,0.656250000000,0.000000000000,0.000000000000,0.000000000000,0.000000000000,0.000000000000,0;0;0,42.900000000000,18.000000000000,0.250000000000,0.000000000000,0.000000000000
12,no_workspace_persistence,1.791759469228,0.237500000000,0.878872731059,-0.568750000000,1.000000000000,0.323529411765,1.000000000000,1280;1280;1280;1280;1280;1280;480,entity:640;640;640;640;640;640;0|value:640;640;640;640;640;640;0|filler:0;0;0;0;0;0;0|query_marker:0;0;0;0;0;0;160|query_entity:0;0;0;0;0;0;160|context:0;0;0;0;0;0;160,kv_delayed_annealed_curriculum,0.833333333333,0.070833333333,0.166666666667,0.166666666667,0.458864730411,-0.058563334550,-0.510186665450,-0.387587200442,160;0;0,2640;0;0,0.000000000000,0.791143297373,0.000000000000,0.343750000000,0.656250000000,0.000000000000,0.000000000000,0.000000000000,0.000000000000,0.000000000000,0;0;0,42.900000000000,18.000000000000,0.250000000000,0.000000000000,0.000000000000
12,no_mechanism_output,1.791759469228,0.237500000000,0.878872731059,-0.568750000000,1.000000000000,0.323284313725,1.000000000000,1280;1280;1280;1280;1280;1280;480,entity:640;640;640;640;640;640;0|value:640;640;640;640;640;640;0|filler:0;0;0;0;0;0;0|query_marker:0;0;0;0;0;0;160|query_entity:0;0;0;0;0;0;160|context:0;0;0;0;0;0;160,kv_delayed_annealed_curriculum,0.833333333333,0.070833333333,0.166666666667,0.166666666667,0.458864730411,-0.058563334550,-0.510186665450,-0.387587200442,71;46;43,948;852;838,0.000000000000,0.363932547898,0.000000000000,0.343489583333,0.656510416667,0.218489583333,0.030989583333,0.750000000000,0.750000000000,16.075000000000,314;266;259,42.900000000000,18.000000000000,0.250000000000,0.250000000000,0.750000000000
12,remove_delay_distractors,0.782447663485,0.856250000000,-0.130439074684,0.050000000000,1.000000000000,0.146813725490,1.000000000000,1280;1280;1280;1280;1280;1280;480,entity:640;640;640;640;640;640;0|value:640;640;640;640;640;640;0|filler:0;0;0;0;0;0;0|query_marker:0;0;0;0;0;0;160|query_entity:0;0;0;0;0;0;160|context:0;0;0;0;0;0;160,kv_delayed_annealed_curriculum,0.309088872427,0.177920108352,0.678329891648,0.587817492411,-0.065379730496,0.048523440469,0.001476559531,0.033563625303,53;64;43,396;410;392,0.000000000000,0.342561236891,0.000000000000,0.155989583333,0.844010416667,0.030989583333,0.026041666667,0.793750000000,0.793750000000,20.335416666667,38;45;36,42.900000000000,18.000000000000,0.000000000000,0.000000000000,0.789583333333
12,relevant_looking_delay_distractors,1.473569760081,0.581250000000,0.560683021912,-0.225000000000,1.000000000000,0.772549019608,1.000000000000,1280;1280;1280;1280;1280;1280;480,entity:640;640;640;640;640;640;0|value:640;640;640;640;640;640;0|filler:0;0;0;0;0;0;0|query_marker:0;0;0;0;0;0;160|query_entity:0;0;0;0;0;0;160|context:0;0;0;0;0;0;160,kv_delayed_annealed_curriculum,0.663641796488,0.141755046419,0.679886892657,0.411687659266,0.289173193566,0.012358378535,0.003033560540,-0.142566207842,59;48;53,2906;2166;1232,0.000000000000,0.429323003324,0.000000000000,0.820833333333,0.179166666667,0.695833333333,0.062239583333,0.500000000000,0.500000000000,11.843750000000,1293;923;456,42.900000000000,18.000000000000,0.886458333333,0.886458333333,0.500000000000
12,reverse_delay_block,0.915875912646,0.806250000000,0.002989174477,0.000000000000,1.000000000000,0.323284313725,1.000000000000,1280;1280;1280;1280;1280;1280;480,entity:640;640;640;640;640;640;0|value:640;640;640;640;640;640;0|filler:0;0;0;0;0;0;0|query_marker:0;0;0;0;0;0;160|query_entity:0;0;0;0;0;0;160|context:0;0;0;0;0;0;160,kv_delayed_annealed_curriculum,0.374132534379,0.130233369491,0.676016630509,0.553833091171,-0.000336068544,0.000836701608,-0.000836701608,-0.000420775937,69;50;41,888;878;872,0.000000000000,0.363894870929,0.000000000000,0.343489583333,0.656510416667,0.218489583333,0.030989583333,0.750000000000,0.750000000000,16.020833333333,284;279;276,42.900000000000,18.000000000000,0.250000000000,0.250000000000,0.750000000000
13,intact,0.984267209090,0.762500000000,0.000000000000,0.000000000000,1.000000000000,0.342647058824,1.000000000000,1280;1280;1280;1280;1280;1280;480,entity:640;640;640;640;640;640;0|value:640;640;640;640;640;640;0|filler:0;0;0;0;0;0;0|query_marker:0;0;0;0;0;0;160|query_entity:0;0;0;0;0;0;160|context:0;0;0;0;0;0;160,kv_delayed_annealed_curriculum,0.419841276172,0.063125410357,0.702571716124,0.546148964025,0.000000000000,0.000000000000,0.000000000000,0.000000000000,74;51;35,976;850;970,0.000000000000,0.374806308191,0.000000000000,0.364062500000,0.635937500000,0.239062500000,0.023437500000,0.712500000000,0.712500000000,15.222916666667,328;265;325,43.200000000000,18.000000000000,0.287500000000,0.287500000000,0.712500000000
13,zero_query_context,2.353148466456,0.200000000000,1.368881257366,-0.562500000000,1.000000000000,0.941176470588,1.000000000000,1280;1280;1280;1280;1280;1280;480,entity:640;640;640;640;640;640;0|value:640;640;640;640;640;640;0|filler:0;0;0;0;0;0;0|query_marker:0;0;0;0;0;0;160|query_entity:0;0;0;0;0;0;160|context:0;0;0;0;0;0;160,kv_delayed_annealed_curriculum,1.142574137708,0.507934461411,0.707934461411,0.188321369786,0.722732861536,0.444809051054,0.005362745287,-0.357827594240,84;44;32,2560;2560;2560,0.000000000000,1.283843414001,0.000000000000,1.000000000000,0.000000000000,0.875000000000,0.125000000000,0.000000000000,0.000000000000,1.000000000000,1120;1120;1120,43.200000000000,18.000000000000,1.000000000000,1.000000000000,0.000000000000
13,randomized_retention_actions,1.876192744538,0.262500000000,0.891925535449,-0.500000000000,1.000000000000,0.918627450980,1.000000000000,1280;1280;1280;1280;1280;1280;480,entity:640;640;640;640;640;640;0|value:640;640;640;640;640;640;0|filler:0;0;0;0;0;0;0|query_marker:0;0;0;0;0;0;160|query_entity:0;0;0;0;0;0;160|context:0;0;0;0;0;0;160,kv_delayed_annealed_curriculum,0.898696459882,0.288252543263,0.550752543263,0.258548211637,0.478855183709,0.225127132906,-0.151819172861,-0.287600752388,46;56;58,4788;2360;348,0.000000000000,0.409154308442,0.000000000000,0.976041666667,0.023958333333,0.904687500000,0.071354166667,0.212500000000,0.212500000000,8.525547445255,2280;1078;116,43.200000000000,18.000000000000,1.000000000000,1.000000000000,0.237500000000
13,force_fifo_retention,2.353148466456,0.200000000000,1.368881257366,-0.562500000000,1.000000000000,0.941176470588,1.000000000000,1280;1280;1280;1280;1280;1280;480,entity:640;640;640;640;640;640;0|value:640;640;640;640;640;640;0|filler:0;0;0;0;0;0;0|query_marker:0;0;0;0;0;0;160|query_entity:0;0;0;0;0;0;160|context:0;0;0;0;0;0;160,kv_delayed_annealed_curriculum,1.142574137708,0.507934461411,0.707934461411,0.188321369786,0.722732861536,0.444809051054,0.005362745287,-0.357827594240,84;44;32,2560;2560;2560,0.000000000000,0.370061331076,0.000000000000,1.000000000000,0.000000000000,0.875000000000,0.125000000000,0.000000000000,0.000000000000,1.000000000000,1120;1120;1120,43.200000000000,18.000000000000,1.000000000000,1.000000000000,0.000000000000
13,force_relevant_eviction,2.106303098602,0.268750000000,1.122035889512,-0.493750000000,1.000000000000,0.403431372549,1.000000000000,1280;1280;1280;1280;1280;1280;480,entity:640;640;640;640;640;640;0|value:640;640;640;640;640;640;0|filler:0;0;0;0;0;0;0|query_marker:0;0;0;0;0;0;160|query_entity:0;0;0;0;0;0;160|context:0;0;0;0;0;0;160,kv_delayed_annealed_curriculum,0.989767969927,0.335305218179,0.412388551512,0.169203944464,0.569926693754,0.272179807822,-0.290183164612,-0.376945019561,38;42;80,1302;1184;806,0.000000000000,0.534216057371,0.000000000000,0.428645833333,0.571354166667,0.330468750000,0.114843750000,0.000000000000,0.000000000000,13.074270557029,491;447;331,43.200000000000,18.000000000000,0.307638888889,0.307638888889,0.000000000000
13,permuted_context_labels,2.396554453188,0.187500000000,1.412287244098,-0.575000000000,1.000000000000,0.490196078431,1.000000000000,1280;1280;1280;1280;1280;1280;480,entity:640;640;640;640;640;640;0|value:640;640;640;640;640;640;0|filler:0;0;0;0;0;0;0|query_marker:0;0;0;0;0;0;160|query_entity:0;0;0;0;0;0;160|context:0;0;0;0;0;0;160,kv_delayed_annealed_curriculum,1.164712166152,0.528376291677,0.697126291677,0.173519650875,0.744870889979,0.465250881319,-0.005445424448,-0.372629313151,135;15;10,1364;1342;1294,0.000000000000,0.690191757345,0.000000000000,0.520833333333,0.479166666667,0.398177083333,0.038020833333,0.018750000000,0.018750000000,3.876857749469,525;514;490,43.200000000000,18.000000000000,0.536805555556,0.485763888889,0.027083333333
13,disable_retention_skip,2.410841190553,0.175000000000,1.426573981463,-0.587500000000,1.000000000000,0.941176470588,1.000000000000,1280;1280;1280;1280;1280;1280;480,entity:640;640;640;640;640;640;0|value:640;640;640;640;640;640;0|filler:0;0;0;0;0;0;0|query_marker:0;0;0;0;0;0;160|query_entity:0;0;0;0;0;0;160|context:0;0;0;0;0;0;160,kv_delayed_annealed_curriculum,1.172584700407,0.531877859506,0.706877859506,0.172620924359,0.752743424234,0.468752449149,0.004306143381,-0.373528039666,94;40;26,2702;2476;2502,0.000000000000,0.382887624445,0.000000000000,1.000000000000,0.000000000000,0.875000000000,0.125000000000,0.000000000000,0.000000000000,1.372916666667,1191;1078;1091,43.200000000000,18.000000000000,1.000000000000,1.000000000000,0.000000000000
13,no_workspace_writes,1.791759469228,0.250000000000,0.807492260138,-0.512500000000,1.000000000000,0.354411764706,1.000000000000,1280;1280;1280;1280;1280;1280;480,entity:640;640;640;640;640;640;0|value:640;640;640;640;640;640;0|filler:0;0;0;0;0;0;0|query_marker:0;0;0;0;0;0;160|query_entity:0;0;0;0;0;0;160|context:0;0;0;0;0;0;160,kv_delayed_annealed_curriculum,0.833333333333,0.083333333333,0.166666666667,0.166666666667,0.413492057161,0.020207922976,-0.535905049458,-0.379482297359,160;0;0,2892;0;0,0.000000000000,0.797977288359,0.000000000000,0.376562500000,0.623437500000,0.000000000000,0.000000000000,0.000000000000,0.000000000000,0.000000000000,0;0;0,43.200000000000,18.000000000000,0.287500000000,0.000000000000,0.000000000000
13,no_workspace_persistence,1.791759469228,0.250000000000,0.807492260138,-0.512500000000,1.000000000000,0.354411764706,1.000000000000,1280;1280;1280;1280;1280;1280;480,entity:640;640;640;640;640;640;0|value:640;640;640;640;640;640;0|filler:0;0;0;0;0;0;0|query_marker:0;0;0;0;0;0;160|query_entity:0;0;0;0;0;0;160|context:0;0;0;0;0;0;160,kv_delayed_annealed_curriculum,0.833333333333,0.083333333333,0.166666666667,0.166666666667,0.413492057161,0.020207922976,-0.535905049458,-0.379482297359,160;0;0,2892;0;0,0.000000000000,0.797977288359,0.000000000000,0.376562500000,0.623437500000,0.000000000000,0.000000000000,0.000000000000,0.000000000000,0.000000000000,0;0;0,43.200000000000,18.000000000000,0.287500000000,0.000000000000,0.000000000000
13,no_mechanism_output,1.791759469228,0.250000000000,0.807492260138,-0.512500000000,1.000000000000,0.342647058824,1.000000000000,1280;1280;1280;1280;1280;1280;480,entity:640;640;640;640;640;640;0|value:640;640;640;640;640;640;0|filler:0;0;0;0;0;0;0|query_marker:0;0;0;0;0;0;160|query_entity:0;0;0;0;0;0;160|context:0;0;0;0;0;0;160,kv_delayed_annealed_curriculum,0.833333333333,0.083333333333,0.166666666667,0.166666666667,0.413492057161,0.020207922976,-0.535905049458,-0.379482297359,74;51;35,976;850;970,0.000000000000,0.374806308191,0.000000000000,0.364062500000,0.635937500000,0.239062500000,0.023437500000,0.712500000000,0.712500000000,15.222916666667,328;265;325,43.200000000000,18.000000000000,0.287500000000,0.287500000000,0.712500000000
13,remove_delay_distractors,1.016659497000,0.756250000000,0.032392287911,-0.006250000000,1.000000000000,0.139705882353,1.000000000000,1280;1280;1280;1280;1280;1280;480,entity:640;640;640;640;640;640;0|value:640;640;640;640;640;640;0|filler:0;0;0;0;0;0;0|query_marker:0;0;0;0;0;0;160|query_entity:0;0;0;0;0;0;160|context:0;0;0;0;0;0;160,kv_delayed_annealed_curriculum,0.429145982352,0.054054199214,0.702195800786,0.541242764125,0.009304706179,-0.009071211143,-0.000375915338,-0.004906199900,57;60;43,390;364;386,0.000000000000,0.349144099937,0.000000000000,0.148437500000,0.851562500000,0.023437500000,0.023437500000,0.712500000000,0.712500000000,20.458333333333,35;22;33,43.200000000000,18.000000000000,0.000000000000,0.000000000000,0.712500000000
13,relevant_looking_delay_distractors,1.460752351453,0.568750000000,0.476485142363,-0.193750000000,1.000000000000,0.669607843137,1.000000000000,1280;1280;1280;1280;1280;1280;480,entity:640;640;640;640;640;640;0|value:640;640;640;640;640;640;0|filler:0;0;0;0;0;0;0|query_marker:0;0;0;0;0;0;160|query_entity:0;0;0;0;0;0;160|context:0;0;0;0;0;0;160,kv_delayed_annealed_curriculum,0.668647622606,0.136716332883,0.705466332883,0.423647722087,0.248806346433,0.073590922526,0.002894616759,-0.122501241938,55;62;43,2436;1590;1438,0.000000000000,0.380229608291,0.000000000000,0.711458333333,0.288541666667,0.586458333333,0.053125000000,0.500000000000,0.500000000000,12.647916666667,1058;635;559,43.200000000000,18.000000000000,0.750694444444,0.750694444444,0.475000000000
13,reverse_delay_block,0.924697983188,0.787500000000,-0.059569225901,0.025000000000,1.000000000000,0.342647058824,1.000000000000,1280;1280;1280;1280;1280;1280;480,entity:640;640;640;640;640;640;0|value:640;640;640;640;640;640;0|filler:0;0;0;0;0;0;0|query_marker:0;0;0;0;0;0;160|query_entity:0;0;0;0;0;0;160|context:0;0;0;0;0;0;160,kv_delayed_annealed_curriculum,0.386788612068,0.084642222961,0.702857777039,0.562863729943,-0.033052664105,0.021516812604,0.000286060914,0.016714765918,70;55;35,968;904;924,0.000000000000,0.375230202823,0.000000000000,0.364062500000,0.635937500000,0.239062500000,0.023437500000,0.712500000000,0.712500000000,15.229166666667,324;292;302,43.200000000000,18.000000000000,0.287500000000,0.287500000000,0.712500000000
14,intact,1.133374558149,0.725000000000,0.000000000000,0.000000000000,1.000000000000,0.375000000000,1.000000000000,1280;1280;1280;1280;1280;1280;480,entity:640;640;640;640;640;640;0|value:640;640;640;640;640;640;0|filler:0;0;0;0;0;0;0|query_marker:0;0;0;0;0;0;160|query_entity:0;0;0;0;0;0;160|context:0;0;0;0;0;0;160,kv_delayed_annealed_curriculum,0.472465095227,0.045607199896,0.692860538701,0.514498772204,0.000000000000,0.000000000000,0.000000000000,0.000000000000,72;49;39,1010;1064;986,0.000000000000,0.408972589446,0.000000000000,0.398437500000,0.601562500000,0.273437500000,0.025000000000,0.668750000000,0.668750000000,14.775000000000,345;372;333,43.425000000000,18.000000000000,0.331250000000,0.331250000000,0.668750000000
14,zero_query_context,2.407730955485,0.187500000000,1.274356397337,-0.537500000000,1.000000000000,0.941176470588,1.000000000000,1280;1280;1280;1280;1280;1280;480,entity:640;640;640;640;640;640;0|value:640;640;640;640;640;640;0|filler:0;0;0;0;0;0;0|query_marker:0;0;0;0;0;0;160|query_entity:0;0;0;0;0;0;160|context:0;0;0;0;0;0;160,kv_delayed_annealed_curriculum,1.146931809651,0.511236481917,0.698736481917,0.181309598541,0.674466714425,0.465629282021,0.005875943215,-0.333189173663,102;34;24,2560;2560;2560,0.000000000000,1.287162892440,0.000000000000,1.000000000000,0.000000000000,0.875000000000,0.125000000000,0.000000000000,0.000000000000,1.000000000000,1120;1120;1120,43.425000000000,18.000000000000,1.000000000000,1.000000000000,0.000000000000
14,randomized_retention_actions,1.814584965045,0.281250000000,0.681210406897,-0.443750000000,1.000000000000,0.920588235294,1.000000000000,1280;1280;1280;1280;1280;1280;480,entity:640;640;640;640;640;640;0|value:640;640;640;640;640;640;0|filler:0;0;0;0;0;0;0|query_marker:0;0;0;0;0;0;160|query_entity:0;0;0;0;0;0;160|context:0;0;0;0;0;0;160,kv_delayed_annealed_curriculum,0.853096654987,0.240918354733,0.522168354733,0.271250416505,0.380631559760,0.195311154837,-0.170692183968,-0.243248355698,53;60;47,4494;2736;282,0.000000000000,0.418220402045,0.000000000000,0.978125000000,0.021875000000,0.908593750000,0.075260416667,0.225000000000,0.225000000000,8.292134831461,2140;1255;94,43.425000000000,18.000000000000,1.000000000000,1.000000000000,0.222916666667
14,force_fifo_retention,2.407730955485,0.187500000000,1.274356397337,-0.537500000000,1.000000000000,0.941176470588,1.000000000000,1280;1280;1280;1280;1280;1280;480,entity:640;640;640;640;640;640;0|value:640;640;640;640;640;640;0|filler:0;0;0;0;0;0;0|query_marker:0;0;0;0;0;0;160|query_entity:0;0;0;0;0;0;160|context:0;0;0;0;0;0;160,kv_delayed_annealed_curriculum,1.146931809651,0.511236481917,0.698736481917,0.181309598541,0.674466714425,0.465629282021,0.005875943215,-0.333189173663,102;34;24,2560;2560;2560,0.000000000000,0.407514848759,0.000000000000,1.000000000000,0.000000000000,0.875000000000,0.125000000000,0.000000000000,0.000000000000,1.000000000000,1120;1120;1120,43.425000000000,18.000000000000,1.000000000000,1.000000000000,0.000000000000
14,force_relevant_eviction,2.119688346089,0.275000000000,0.986313787941,-0.450000000000,1.000000000000,0.434068627451,1.000000000000,1280;1280;1280;1280;1280;1280;480,entity:640;640;640;640;640;640;0|value:640;640;640;640;640;640;0|filler:0;0;0;0;0;0;0|query_marker:0;0;0;0;0;0;160|query_entity:0;0;0;0;0;0;160|context:0;0;0;0;0;0;160,kv_delayed_annealed_curriculum,0.986046384198,0.347137522128,0.428387522128,0.174384217717,0.513581288971,0.301530322232,-0.264473016573,-0.340114554487,51;45;64,1366;1258;918,0.000000000000,0.542883650135,0.000000000000,0.461197916667,0.538802083333,0.363281250000,0.114843750000,0.000000000000,0.000000000000,12.441489361702,523;492;380,43.425000000000,18.000000000000,0.347916666667,0.347916666667,0.000000000000
14,permuted_context_labels,2.221601950670,0.231250000000,1.088227392521,-0.493750000000,1.000000000000,0.473039215686,1.000000000000,1280;1280;1280;1280;1280;1280;480,entity:640;640;640;640;640;640;0|value:640;640;640;640;640;640;0|filler:0;0;0;0;0;0;0|query_marker:0;0;0;0;0;0;160|query_entity:0;0;0;0;0;0;160|context:0;0;0;0;0;0;160,kv_delayed_annealed_curriculum,1.060930903040,0.436306274601,0.667556274601,0.215025279098,0.588465807813,0.390699074705,-0.025304264100,-0.299473493106,123;22;15,1260;1310;1290,0.000000000000,0.695576904751,0.000000000000,0.502604166667,0.497395833333,0.385416666667,0.046875000000,0.068750000000,0.068750000000,4.713333333333,480;505;495,43.425000000000,18.000000000000,0.495138888889,0.457291666667,0.056250000000
14,disable_retention_skip,2.375728904971,0.193750000000,1.242354346822,-0.531250000000,1.000000000000,0.941176470588,1.000000000000,1280;1280;1280;1280;1280;1280;480,entity:640;640;640;640;640;640;0|value:640;640;640;640;640;640;0|filler:0;0;0;0;0;0;0|query_marker:0;0;0;0;0;0;160|query_entity:0;0;0;0;0;0;160|context:0;0;0;0;0;0;160,kv_delayed_annealed_curriculum,1.136169212656,0.503073425203,0.696823425203,0.185384149900,0.663704117429,0.457466225307,0.003962886502,-0.329114622304,85;44;31,2762;2554;2364,0.000000000000,0.417643059093,0.000000000000,1.000000000000,0.000000000000,0.875000000000,0.125000000000,0.000000000000,0.000000000000,1.668750000000,1221;1117;1022,43.425000000000,18.000000000000,1.000000000000,1.000000000000,0.000000000000
14,no_workspace_writes,1.791759469228,0.243750000000,0.658384911079,-0.481250000000,1.000000000000,0.390441176471,1.000000000000,1280;1280;1280;1280;1280;1280;480,entity:640;640;640;640;640;640;0|value:640;640;640;640;640;640;0|filler:0;0;0;0;0;0;0|query_marker:0;0;0;0;0;0;160|query_entity:0;0;0;0;0;0;160|context:0;0;0;0;0;0;160,kv_delayed_annealed_curriculum,0.833333333333,0.077083333333,0.166666666667,0.166666666667,0.360868238107,0.031476133437,-0.526193872035,-0.347832105537,160;0;0,3186;0;0,0.000000000000,0.792015772345,0.000000000000,0.414843750000,0.585156250000,0.000000000000,0.000000000000,0.000000000000,0.000000000000,0.000000000000,0;0;0,43.425000000000,18.000000000000,0.331250000000,0.000000000000,0.000000000000
14,no_workspace_persistence,1.791759469228,0.243750000000,0.658384911079,-0.481250000000,1.000000000000,0.390441176471,1.000000000000,1280;1280;1280;1280;1280;1280;480,entity:640;640;640;640;640;640;0|value:640;640;640;640;640;640;0|filler:0;0;0;0;0;0;0|query_marker:0;0;0;0;0;0;160|query_entity:0;0;0;0;0;0;160|context:0;0;0;0;0;0;160,kv_delayed_annealed_curriculum,0.833333333333,0.077083333333,0.166666666667,0.166666666667,0.360868238107,0.031476133437,-0.526193872035,-0.347832105537,160;0;0,3186;0;0,0.000000000000,0.792015772345,0.000000000000,0.414843750000,0.585156250000,0.000000000000,0.000000000000,0.000000000000,0.000000000000,0.000000000000,0;0;0,43.425000000000,18.000000000000,0.331250000000,0.000000000000,0.000000000000
14,no_mechanism_output,1.791759469228,0.243750000000,0.658384911079,-0.481250000000,1.000000000000,0.375000000000,1.000000000000,1280;1280;1280;1280;1280;1280;480,entity:640;640;640;640;640;640;0|value:640;640;640;640;640;640;0|filler:0;0;0;0;0;0;0|query_marker:0;0;0;0;0;0;160|query_entity:0;0;0;0;0;0;160|context:0;0;0;0;0;0;160,kv_delayed_annealed_curriculum,0.833333333333,0.077083333333,0.166666666667,0.166666666667,0.360868238107,0.031476133437,-0.526193872035,-0.347832105537,72;49;39,1010;1064;986,0.000000000000,0.408972589446,0.000000000000,0.398437500000,0.601562500000,0.273437500000,0.025000000000,0.668750000000,0.668750000000,14.775000000000,345;372;333,43.425000000000,18.000000000000,0.331250000000,0.331250000000,0.668750000000
14,remove_delay_distractors,1.079273348019,0.743750000000,-0.054101210130,0.018750000000,1.000000000000,0.141176470588,1.000000000000,1280;1280;1280;1280;1280;1280;480,entity:640;640;640;640;640;640;0|value:640;640;640;640;640;640;0|filler:0;0;0;0;0;0;0|query_marker:0;0;0;0;0;0;160|query_entity:0;0;0;0;0;0;160|context:0;0;0;0;0;0;160,kv_delayed_annealed_curriculum,0.446053522336,0.051228358615,0.692521641385,0.527512256092,-0.026411572891,0.005621158719,-0.000338897316,0.013013483889,52;51;57,368;394;390,0.000000000000,0.391186784457,0.000000000000,0.150000000000,0.850000000000,0.025000000000,0.025000000000,0.668750000000,0.668750000000,20.581250000000,24;37;35,43.425000000000,18.000000000000,0.000000000000,0.000000000000,0.668750000000
14,relevant_looking_delay_distractors,1.413255069958,0.612500000000,0.279880511810,-0.112500000000,1.000000000000,0.613235294118,1.000000000000,1280;1280;1280;1280;1280;1280;480,entity:640;640;640;640;640;640;0|value:640;640;640;640;640;640;0|filler:0;0;0;0;0;0;0|query_marker:0;0;0;0;0;0;160|query_entity:0;0;0;0;0;0;160|context:0;0;0;0;0;0;160,kv_delayed_annealed_curriculum,0.619532160979,0.084620814907,0.697120814907,0.443866665258,0.147067065752,0.039013615011,0.004260276205,-0.070632106946,42;51;67,2204;1618;1182,0.000000000000,0.367835466345,0.000000000000,0.651562500000,0.348437500000,0.526562500000,0.052864583333,0.462500000000,0.462500000000,15.862500000000,942;649;431,43.425000000000,18.000000000000,0.668750000000,0.668750000000,0.445833333333
14,reverse_delay_block,1.100141061180,0.737500000000,-0.033233496968,0.012500000000,1.000000000000,0.375000000000,1.000000000000,1280;1280;1280;1280;1280;1280;480,entity:640;640;640;640;640;640;0|value:640;640;640;640;640;640;0|filler:0;0;0;0;0;0;0|query_marker:0;0;0;0;0;0;160|query_entity:0;0;0;0;0;0;160|context:0;0;0;0;0;0;160,kv_delayed_annealed_curriculum,0.454918046469,0.044777616223,0.692722383777,0.523171894173,-0.017547048758,-0.000829583673,-0.000138154924,0.008673121969,72;52;36,1018;994;1048,0.000000000000,0.409045856718,0.000000000000,0.398437500000,0.601562500000,0.273437500000,0.025000000000,0.668750000000,0.668750000000,14.762500000000,349;337;364,43.425000000000,18.000000000000,0.331250000000,0.331250000000,0.668750000000
15,intact,0.003869653576,1.000000000000,0.000000000000,0.000000000000,1.000000000000,0.137745098039,1.000000000000,1280;1280;1280;1280;1280;1280;480,entity:640;640;640;640;640;640;0|value:640;640;640;640;640;640;0|filler:0;0;0;0;0;0;0|query_marker:0;0;0;0;0;0;160|query_entity:0;0;0;0;0;0;160|context:0;0;0;0;0;0;160,kv_delayed_annealed_curriculum,0.000017907285,0.003862174398,0.996137825602,0.996137825602,0.000000000000,0.000000000000,0.000000000000,0.000000000000,56;37;67,372;374;378,0.000000000000,0.146958918595,0.000000000000,0.146354166667,0.853645833333,0.021354166667,0.000000000000,1.000000000000,1.000000000000,20.462500000000,26;27;29,42.512500000000,18.000000000000,0.000000000000,0.000000000000,1.000000000000
15,zero_query_context,3.581720869470,0.500000000000,3.577851215894,-0.500000000000,1.000000000000,0.117647058824,1.000000000000,1280;1280;1280;1280;1280;1280;480,entity:640;640;640;640;640;640;0|value:640;640;640;640;640;640;0|filler:0;0;0;0;0;0;0|query_marker:0;0;0;0;0;0;160|query_entity:0;0;0;0;0;0;160|context:0;0;0;0;0;0;160,kv_delayed_annealed_curriculum,0.995392641442,0.496143028897,0.996143028897,0.498455637837,0.995374734157,0.492280854499,0.000005203295,-0.497682187765,53;55;52,320;320;320,0.000000000000,0.336975393140,0.000000000000,0.125000000000,0.875000000000,0.000000000000,0.000000000000,0.412500000000,0.412500000000,22.000000000000,0;0;0,42.512500000000,18.000000000000,0.000000000000,0.000000000000,0.487500000000
15,randomized_retention_actions,3.192768226129,0.268750000000,3.188898572553,-0.731250000000,1.000000000000,0.891421568627,1.000000000000,1280;1280;1280;1280;1280;1280;480,entity:640;640;640;640;640;640;0|value:640;640;640;640;640;640;0|filler:0;0;0;0;0;0;0|query_marker:0;0;0;0;0;0;160|query_entity:0;0;0;0;0;0;160|context:0;0;0;0;0;0;160,kv_delayed_annealed_curriculum,1.014496227951,0.411162801610,0.679912801610,0.331524344842,1.014478320666,0.407300627212,-0.316225023992,-0.664613480760,44;64;52,4462;2290;522,0.000000000000,0.696131404937,0.000000000000,0.947135416667,0.052864583333,0.875260416667,0.077604166667,0.237500000000,0.237500000000,7.938405797101,2115;1046;200,42.512500000000,18.000000000000,0.961805555556,0.961805555556,0.206250000000
15,force_fifo_retention,5.553220546294,0.225000000000,5.549350892718,-0.775000000000,1.000000000000,0.941176470588,1.000000000000,1280;1280;1280;1280;1280;1280;480,entity:640;640;640;640;640;640;0|value:640;640;640;640;640;640;0|filler:0;0;0;0;0;0;0|query_marker:0;0;0;0;0;0;160|query_entity:0;0;0;0;0;0;160|context:0;0;0;0;0;0;160,kv_delayed_annealed_curriculum,1.542860240656,0.771157088740,0.996157088740,0.224735834120,1.542842333371,0.767294914342,0.000019263137,-0.771401991482,77;52;31,2560;2560;2560,0.000000000000,0.195840100071,0.000000000000,1.000000000000,0.000000000000,0.875000000000,0.125000000000,0.000000000000,0.000000000000,1.000000000000,1120;1120;1120,42.512500000000,18.000000000000,1.000000000000,1.000000000000,0.000000000000
15,force_relevant_eviction,4.242530141926,0.312500000000,4.238660488349,-0.687500000000,1.000000000000,0.220343137255,1.000000000000,1280;1280;1280;1280;1280;1280;480,entity:640;640;640;640;640;640;0|value:640;640;640;640;640;640;0|filler:0;0;0;0;0;0;0|query_marker:0;0;0;0;0;0;160|query_entity:0;0;0;0;0;0;160|context:0;0;0;0;0;0;160,kv_delayed_annealed_curriculum,1.327847457667,0.642646387255,0.628063053922,0.149040124911,1.327829550383,0.638784212857,-0.368074771680,-0.847097700691,41;52;67,792;632;374,0.000000000000,0.447229419674,0.000000000000,0.234114583333,0.765885416667,0.132031250000,0.125000000000,0.000000000000,0.000000000000,19.260204081633,236;173;98,42.512500000000,18.000000000000,0.035069444444,0.029861111111,0.000000000000
15,permuted_context_labels,5.801106268638,0.181250000000,5.797236615061,-0.818750000000,1.000000000000,0.471813725490,1.000000000000,1280;1280;1280;1280;1280;1280;480,entity:640;640;640;640;640;640;0|value:640;640;640;640;640;640;0|filler:0;0;0;0;0;0;0|query_marker:0;0;0;0;0;0;160|query_entity:0;0;0;0;0;0;160|context:0;0;0;0;0;0;160,kv_delayed_annealed_curriculum,1.615495818637,0.804535818043,0.985785818043,0.183255008857,1.615477911353,0.800673643645,-0.010352007559,-0.812882816745,109;39;12,1158;1204;1488,0.000000000000,0.327870114068,0.000000000000,0.501302083333,0.498697916667,0.379947916667,0.034635416667,0.012500000000,0.012500000000,13.620171673820,421;448;590,42.512500000000,18.000000000000,0.522222222222,0.490972222222,0.014583333333
15,disable_retention_skip,5.599171921407,0.218750000000,5.595302267831,-0.781250000000,1.000000000000,0.941176470588,1.000000000000,1280;1280;1280;1280;1280;1280;480,entity:640;640;640;640;640;640;0|value:640;640;640;640;640;640;0|filler:0;0;0;0;0;0;0|query_marker:0;0;0;0;0;0;160|query_entity:0;0;0;0;0;0;160|context:0;0;0;0;0;0;160,kv_delayed_annealed_curriculum,1.555313994350,0.777410175176,0.996160175176,0.218512029653,1.555296087065,0.773548000778,0.000022349573,-0.777625795949,87;40;33,2704;2548;2428,0.000000000000,0.191591727513,0.000000000000,1.000000000000,0.000000000000,0.875000000000,0.125000000000,0.000000000000,0.000000000000,1.000000000000,1192;1114;1054,42.512500000000,18.000000000000,1.000000000000,1.000000000000,0.000000000000
15,no_workspace_writes,1.791759469228,0.268750000000,1.787889815652,-0.731250000000,1.000000000000,0.394362745098,1.000000000000,1280;1280;1280;1280;1280;1280;480,entity:640;640;640;640;640;640;0|value:640;640;640;640;640;640;0|filler:0;0;0;0;0;0;0|query_marker:0;0;0;0;0;0;160|query_entity:0;0;0;0;0;0;160|context:0;0;0;0;0;0;160,kv_delayed_annealed_curriculum,0.833333333333,0.102083333333,0.166666666667,0.166666666667,0.833315426049,0.098221158936,-0.829471158936,-0.829471158936,160;0;0,3218;0;0,0.000000000000,1.251538426365,0.000000000000,0.419010416667,0.580989583333,0.000000000000,0.000000000000,0.000000000000,0.000000000000,0.000000000000,0;0;0,42.512500000000,18.000000000000,0.335763888889,0.000000000000,0.000000000000
15,no_workspace_persistence,1.791759469228,0.268750000000,1.787889815652,-0.731250000000,1.000000000000,0.394362745098,1.000000000000,1280;1280;1280;1280;1280;1280;480,entity:640;640;640;640;640;640;0|value:640;640;640;640;640;640;0|filler:0;0;0;0;0;0;0|query_marker:0;0;0;0;0;0;160|query_entity:0;0;0;0;0;0;160|context:0;0;0;0;0;0;160,kv_delayed_annealed_curriculum,0.833333333333,0.102083333333,0.166666666667,0.166666666667,0.833315426049,0.098221158936,-0.829471158936,-0.829471158936,160;0;0,3218;0;0,0.000000000000,1.251538426365,0.000000000000,0.419010416667,0.580989583333,0.000000000000,0.000000000000,0.000000000000,0.000000000000,0.000000000000,0;0;0,42.512500000000,18.000000000000,0.335763888889,0.000000000000,0.000000000000
15,no_mechanism_output,1.791759469228,0.268750000000,1.787889815652,-0.731250000000,1.000000000000,0.137745098039,1.000000000000,1280;1280;1280;1280;1280;1280;480,entity:640;640;640;640;640;640;0|value:640;640;640;640;640;640;0|filler:0;0;0;0;0;0;0|query_marker:0;0;0;0;0;0;160|query_entity:0;0;0;0;0;0;160|context:0;0;0;0;0;0;160,kv_delayed_annealed_curriculum,0.833333333333,0.102083333333,0.166666666667,0.166666666667,0.833315426049,0.098221158936,-0.829471158936,-0.829471158936,56;37;67,372;374;378,0.000000000000,0.146958918595,0.000000000000,0.146354166667,0.853645833333,0.021354166667,0.000000000000,1.000000000000,1.000000000000,20.462500000000,26;27;29,42.512500000000,18.000000000000,0.000000000000,0.000000000000,1.000000000000
15,remove_delay_distractors,0.003869653576,1.000000000000,0.000000000000,0.000000000000,1.000000000000,0.137745098039,1.000000000000,1280;1280;1280;1280;1280;1280;480,entity:640;640;640;640;640;640;0|value:640;640;640;640;640;640;0|filler:0;0;0;0;0;0;0|query_marker:0;0;0;0;0;0;160|query_entity:0;0;0;0;0;0;160|context:0;0;0;0;0;0;160,kv_delayed_annealed_curriculum,0.000017907285,0.003862174398,0.996137825602,0.996137825602,0.000000000000,0.000000000000,0.000000000000,0.000000000000,56;37;67,372;374;378,0.000000000000,0.146958918595,0.000000000000,0.146354166667,0.853645833333,0.021354166667,0.000000000000,1.000000000000,1.000000000000,20.462500000000,26;27;29,42.512500000000,18.000000000000,0.000000000000,0.000000000000,1.000000000000
15,relevant_looking_delay_distractors,2.822201302855,0.606250000000,2.818331649279,-0.393750000000,1.000000000000,0.843627450980,1.000000000000,1280;1280;1280;1280;1280;1280;480,entity:640;640;640;640;640;640;0|value:640;640;640;640;640;640;0|filler:0;0;0;0;0;0;0|query_marker:0;0;0;0;0;0;160|query_entity:0;0;0;0;0;0;160|context:0;0;0;0;0;0;160,kv_delayed_annealed_curriculum,0.783876113807,0.389891138395,0.996141138395,0.604212019852,0.783858206523,0.386028963997,0.000003312793,-0.391925805751,78;63;19,1056;1130;4698,0.000000000000,0.183976407520,0.000000000000,0.896354166667,0.103645833333,0.771354166667,0.041666666667,0.575000000000,0.575000000000,14.208333333333,368;405;2189,42.512500000000,18.000000000000,1.000000000000,1.000000000000,0.666666666667
15,reverse_delay_block,0.003869653576,1.000000000000,0.000000000000,0.000000000000,1.000000000000,0.137745098039,1.000000000000,1280;1280;1280;1280;1280;1280;480,entity:640;640;640;640;640;640;0|value:640;640;640;640;640;640;0|filler:0;0;0;0;0;0;0|query_marker:0;0;0;0;0;0;160|query_entity:0;0;0;0;0;0;160|context:0;0;0;0;0;0;160,kv_delayed_annealed_curriculum,0.000017907285,0.003862174398,0.996137825602,0.996137825602,0.000000000000,0.000000000000,0.000000000000,0.000000000000,56;37;67,372;374;378,0.000000000000,0.146958916883,0.000000000000,0.146354166667,0.853645833333,0.021354166667,0.000000000000,1.000000000000,1.000000000000,20.462500000000,26;27;29,42.512500000000,18.000000000000,0.000000000000,0.000000000000,1.000000000000
16,intact,1.127061298373,0.712500000000,0.000000000000,0.000000000000,1.000000000000,0.364950980392,1.000000000000,1280;1280;1280;1280;1280;1280;480,entity:640;640;640;640;640;640;0|value:640;640;640;640;640;640;0|filler:0;0;0;0;0;0;0|query_marker:0;0;0;0;0;0;160|query_entity:0;0;0;0;0;0;160|context:0;0;0;0;0;0;160,kv_delayed_annealed_curriculum,0.487061305139,0.086051943087,0.667783520452,0.491357038006,0.000000000000,0.000000000000,0.000000000000,0.000000000000,66;53;41,952;972;1054,0.000000000000,0.420156068688,0.000000000000,0.387760416667,0.612239583333,0.262760416667,0.038281250000,0.662500000000,0.662500000000,14.539583333333,316;326;367,43.112500000000,18.000000000000,0.299305555556,0.299305555556,0.662500000000
16,zero_query_context,2.296696692116,0.193750000000,1.169635393743,-0.518750000000,1.000000000000,0.941176470588,1.000000000000,1280;1280;1280;1280;1280;1280;480,entity:640;640;640;640;640;640;0|value:640;640;640;640;640;640;0|filler:0;0;0;0;0;0;0|query_marker:0;0;0;0;0;0;160|query_entity:0;0;0;0;0;0;160|context:0;0;0;0;0;0;160,kv_delayed_annealed_curriculum,1.109555853729,0.480242628039,0.673992628039,0.184079832134,0.622494548590,0.394190684952,0.006209107587,-0.307277205872,86;39;35,2560;2560;2560,0.000000000000,1.285130483423,0.000000000000,1.000000000000,0.000000000000,0.875000000000,0.125000000000,0.000000000000,0.000000000000,1.000000000000,1120;1120;1120,43.112500000000,18.000000000000,1.000000000000,1.000000000000,0.000000000000
16,randomized_retention_actions,1.784929625914,0.262500000000,0.657868327541,-0.450000000000,1.000000000000,0.918872549020,1.000000000000,1280;1280;1280;1280;1280;1280;480,entity:640;640;640;640;640;640;0|value:640;640;640;640;640;640;0|filler:0;0;0;0;0;0;0|query_marker:0;0;0;0;0;0;160|query_entity:0;0;0;0;0;0;160|context:0;0;0;0;0;0;160,kv_delayed_annealed_curriculum,0.855771653972,0.241139593095,0.503639593095,0.259004789533,0.368710348833,0.155087650008,-0.164143927357,-0.232352248473,54;61;45,4452;2776;270,0.000000000000,0.444829813148,0.000000000000,0.976302083333,0.023697916667,0.907031250000,0.073697916667,0.206250000000,0.206250000000,8.312030075188,2120;1273;90,43.112500000000,18.000000000000,1.000000000000,1.000000000000,0.220833333333
16,force_fifo_retention,2.296696692116,0.193750000000,1.169635393743,-0.518750000000,1.000000000000,0.941176470588,1.000000000000,1280;1280;1280;1280;1280;1280;480,entity:640;640;640;640;640;640;0|value:640;640;640;640;640;640;0|filler:0;0;0;0;0;0;0|query_marker:0;0;0;0;0;0;160|query_entity:0;0;0;0;0;0;160|context:0;0;0;0;0;0;160,kv_delayed_annealed_curriculum,1.109555853729,0.480242628039,0.673992628039,0.184079832134,0.622494548590,0.394190684952,0.006209107587,-0.307277205872,86;39;35,2560;2560;2560,0.000000000000,0.408975330995,0.000000000000,1.000000000000,0.000000000000,0.875000000000,0.125000000000,0.000000000000,0.000000000000,1.000000000000,1120;1120;1120,43.112500000000,18.000000000000,1.000000000000,1.000000000000,0.000000000000
16,force_relevant_eviction,2.116739248428,0.293750000000,0.989677950055,-0.418750000000,1.000000000000,0.420343137255,1.000000000000,1280;1280;1280;1280;1280;1280;480,entity:640;640;640;640;640;640;0|value:640;640;640;640;640;640;0|filler:0;0;0;0;0;0;0|query_marker:0;0;0;0;0;0;160|query_entity:0;0;0;0;0;0;160|context:0;0;0;0;0;0;160,kv_delayed_annealed_curriculum,0.994718457478,0.390409792092,0.400826458758,0.157683493469,0.507657152339,0.304357849005,-0.266957061694,-0.333673544538,44;41;75,1380;1186;864,0.000000000000,0.581259511149,0.000000000000,0.446614583333,0.553385416667,0.349479166667,0.125000000000,0.000000000000,0.000000000000,12.075067024129,530;454;358,43.112500000000,18.000000000000,0.317361111111,0.317361111111,0.000000000000
16,permuted_context_labels,2.207645489463,0.237500000000,1.080584191090,-0.475000000000,1.000000000000,0.475000000000,1.000000000000,1280;1280;1280;1280;1280;1280;480,entity:640;640;640;640;640;640;0|value:640;640;640;640;640;640;0|filler:0;0;0;0;0;0;0|query_marker:0;0;0;0;0;0;160|query_entity:0;0;0;0;0;0;160|context:0;0;0;0;0;0;160,kv_delayed_annealed_curriculum,1.050751754895,0.416359565992,0.653859565992,0.208016204256,0.563690449756,0.330307622905,-0.013923954460,-0.283340833750,126;20;14,1384;1302;1190,0.000000000000,0.694046239308,0.000000000000,0.504687500000,0.495312500000,0.385156250000,0.036458333333,0.000000000000,0.000000000000,3.374727668845,539;498;442,43.112500000000,18.000000000000,0.525347222222,0.470486111111,0.000000000000
16,disable_retention_skip,2.320952480773,0.187500000000,1.193891182400,-0.525000000000,1.000000000000,0.941176470588,1.000000000000,1280;1280;1280;1280;1280;1280;480,entity:640;640;640;640;640;640;0|value:640;640;640;640;640;640;0|filler:0;0;0;0;0;0;0|query_marker:0;0;0;0;0;0;160|query_entity:0;0;0;0;0;0;160|context:0;0;0;0;0;0;160,kv_delayed_annealed_curriculum,1.117640342125,0.486673692662,0.674173692662,0.180158843630,0.630579036986,0.400621749575,0.006390172210,-0.311198194377,86;45;29,2602;2588;2490,0.000000000000,0.421281608268,0.000000000000,1.000000000000,0.000000000000,0.875000000000,0.125000000000,0.000000000000,0.000000000000,1.445833333333,1141;1134;1085,43.112500000000,18.000000000000,1.000000000000,1.000000000000,0.000000000000
16,no_workspace_writes,1.791759469228,0.275000000000,0.664698170855,-0.437500000000,1.000000000000,0.395588235294,1.000000000000,1280;1280;1280;1280;1280;1280;480,entity:640;640;640;640;640;640;0|value:640;640;640;640;640;640;0|filler:0;0;0;0;0;0;0|query_marker:0;0;0;0;0;0;160|query_entity:0;0;0;0;0;0;160|context:0;0;0;0;0;0;160,kv_delayed_annealed_curriculum,0.833333333333,0.108333333333,0.166666666667,0.166666666667,0.346272028194,0.022281390246,-0.501116853785,-0.324690371340,160;0;0,3228;0;0,0.000000000000,0.854701617941,0.000000000000,0.420312500000,0.579687500000,0.000000000000,0.000000000000,0.000000000000,0.000000000000,0.000000000000,0;0;0,43.112500000000,18.000000000000,0.337500000000,0.000000000000,0.000000000000
16,no_workspace_persistence,1.791759469228,0.275000000000,0.664698170855,-0.437500000000,1.000000000000,0.395588235294,1.000000000000,1280;1280;1280;1280;1280;1280;480,entity:640;640;640;640;640;640;0|value:640;640;640;640;640;640;0|filler:0;0;0;0;0;0;0|query_marker:0;0;0;0;0;0;160|query_entity:0;0;0;0;0;0;160|context:0;0;0;0;0;0;160,kv_delayed_annealed_curriculum,0.833333333333,0.108333333333,0.166666666667,0.166666666667,0.346272028194,0.022281390246,-0.501116853785,-0.324690371340,160;0;0,3228;0;0,0.000000000000,0.854701617941,0.000000000000,0.420312500000,0.579687500000,0.000000000000,0.000000000000,0.000000000000,0.000000000000,0.000000000000,0;0;0,43.112500000000,18.000000000000,0.337500000000,0.000000000000,0.000000000000
16,no_mechanism_output,1.791759469228,0.275000000000,0.664698170855,-0.437500000000,1.000000000000,0.364950980392,1.000000000000,1280;1280;1280;1280;1280;1280;480,entity:640;640;640;640;640;640;0|value:640;640;640;640;640;640;0|filler:0;0;0;0;0;0;0|query_marker:0;0;0;0;0;0;160|query_entity:0;0;0;0;0;0;160|context:0;0;0;0;0;0;160,kv_delayed_annealed_curriculum,0.833333333333,0.108333333333,0.166666666667,0.166666666667,0.346272028194,0.022281390246,-0.501116853785,-0.324690371340,66;53;41,952;972;1054,0.000000000000,0.420156068688,0.000000000000,0.387760416667,0.612239583333,0.262760416667,0.038281250000,0.662500000000,0.662500000000,14.539583333333,316;326;367,43.112500000000,18.000000000000,0.299305555556,0.299305555556,0.662500000000
16,remove_delay_distractors,0.929107335025,0.787500000000,-0.197953963348,0.075000000000,1.000000000000,0.153676470588,1.000000000000,1280;1280;1280;1280;1280;1280;480,entity:640;640;640;640;640;640;0|value:640;640;640;640;640;640;0|filler:0;0;0;0;0;0;0|query_marker:0;0;0;0;0;0;160|query_entity:0;0;0;0;0;0;160|context:0;0;0;0;0;0;160,kv_delayed_annealed_curriculum,0.391329057280,0.116580274988,0.670919725012,0.541169265066,-0.095732247859,0.030528331901,0.003136204560,0.049812227060,51;54;55,420;422;412,0.000000000000,0.373229888897,0.000000000000,0.163281250000,0.836718750000,0.038281250000,0.028385416667,0.737500000000,0.737500000000,20.408333333333,50;51;46,43.112500000000,18.000000000000,0.000000000000,0.000000000000,0.741666666667
16,relevant_looking_delay_distractors,1.495681546121,0.550000000000,0.368620247749,-0.162500000000,1.000000000000,0.699754901961,1.000000000000,1280;1280;1280;1280;1280;1280;480,entity:640;640;640;640;640;640;0|value:640;640;640;640;640;640;0|filler:0;0;0;0;0;0;0|query_marker:0;0;0;0;0;0;160|query_entity:0;0;0;0;0;0;160|context:0;0;0;0;0;0;160,kv_delayed_annealed_curriculum,0.683763115829,0.122482121098,0.672482121098,0.396035338643,0.196701810690,0.036430178012,0.004698600647,-0.095321699363,53;56;51,3294;1428;988,0.000000000000,0.469409842554,0.000000000000,0.743489583333,0.256510416667,0.618489583333,0.065885416667,0.450000000000,0.450000000000,11.787500000000,1487;554;334,43.112500000000,18.000000000000,0.773611111111,0.773611111111,0.441666666667
16,reverse_delay_block,0.967309891299,0.781250000000,-0.159751407074,0.068750000000,1.000000000000,0.363480392157,1.000000000000,1280;1280;1280;1280;1280;1280;480,entity:640;640;640;640;640;640;0|value:640;640;640;640;640;640;0|filler:0;0;0;0;0;0;0|query_marker:0;0;0;0;0;0;160|query_entity:0;0;0;0;0;0;160|context:0;0;0;0;0;0;160,kv_delayed_annealed_curriculum,0.404541032516,0.132987847621,0.672963447013,0.535860215378,-0.082520272623,0.046935904534,0.005179926561,0.044503177371,69;51;40,996;994;976,0.000000000000,0.420522462770,0.000000000000,0.386197916667,0.613802083333,0.261197916667,0.038281250000,0.662500000000,0.662500000000,14.456250000000,338;337;328,43.112500000000,18.000000000000,0.297222222222,0.297222222222,0.662500000000
17,intact,1.171274129183,0.712500000000,0.000000000000,0.000000000000,1.000000000000,0.381372549020,1.000000000000,1280;1280;1280;1280;1280;1280;480,entity:640;640;640;640;640;640;0|value:640;640;640;640;640;640;0|filler:0;0;0;0;0;0;0|query_marker:0;0;0;0;0;0;160|query_entity:0;0;0;0;0;0;160|context:0;0;0;0;0;0;160,kv_delayed_annealed_curriculum,0.489516124942,0.053660350346,0.717546879676,0.521662180226,0.000000000000,0.000000000000,0.000000000000,0.000000000000,85;33;42,920;1164;1028,0.000000000000,0.414833189765,0.000000000000,0.405208333333,0.594791666667,0.280208333333,0.039583333333,0.662500000000,0.662500000000,17.566666666667,300;422;354,43.287500000000,18.000000000000,0.320833333333,0.320833333333,0.662500000000
17,zero_query_context,1.310753315558,0.631250000000,0.139479186375,-0.081250000000,1.000000000000,0.117647058824,1.000000000000,1280;1280;1280;1280;1280;1280;480,entity:640;640;640;640;640;640;0|value:640;640;640;640;640;640;0|filler:0;0;0;0;0;0;0|query_marker:0;0;0;0;0;0;160|query_entity:0;0;0;0;0;0;160|context:0;0;0;0;0;0;160,kv_delayed_annealed_curriculum,0.590733398447,0.118634293865,0.724658605002,0.475957998910,0.101217273506,0.064973943519,0.007111725327,-0.045704181316,54;49;57,320;320;320,0.000000000000,1.287747799586,0.000000000000,0.125000000000,0.875000000000,0.000000000000,0.000000000000,0.543750000000,0.543750000000,22.000000000000,0;0;0,43.287500000000,18.000000000000,0.000000000000,0.000000000000,0.514583333333
17,randomized_retention_actions,1.666170483336,0.581250000000,0.494896354153,-0.131250000000,1.000000000000,0.926225490196,1.000000000000,1280;1280;1280;1280;1280;1280;480,entity:640;640;640;640;640;640;0|value:640;640;640;640;640;640;0|filler:0;0;0;0;0;0;0|query_marker:0;0;0;0;0;0;160|query_entity:0;0;0;0;0;0;160|context:0;0;0;0;0;0;160,kv_delayed_annealed_curriculum,0.774931597083,0.313823371321,0.532573371321,0.317885328942,0.285415472142,0.260163020976,-0.184973508354,-0.203776851284,54;44;62,4452;2734;372,0.000000000000,0.417495281592,0.000000000000,0.984114583333,0.015885416667,0.914843750000,0.081510416667,0.281250000000,0.281250000000,8.030075187970,2120;1269;124,43.287500000000,18.000000000000,1.000000000000,1.000000000000,0.220833333333
17,force_fifo_retention,2.470949798358,0.193750000000,1.299675669176,-0.518750000000,1.000000000000,0.941176470588,1.000000000000,1280;1280;1280;1280;1280;1280;480,entity:640;640;640;640;640;640;0|value:640;640;640;640;640;640;0|filler:0;0;0;0;0;0;0|query_marker:0;0;0;0;0;0;160|query_entity:0;0;0;0;0;0;160|context:0;0;0;0;0;0;160,kv_delayed_annealed_curriculum,1.175766160656,0.531322977405,0.725072977405,0.183581404161,0.686250035715,0.477662627059,0.007526097729,-0.338080776065,84;42;34,2560;2560;2560,0.000000000000,0.408655374076,0.000000000000,1.000000000000,0.000000000000,0.875000000000,0.125000000000,0.000000000000,0.000000000000,1.000000000000,1120;1120;1120,43.287500000000,18.000000000000,1.000000000000,1.000000000000,0.000000000000
17,force_relevant_eviction,2.110153578704,0.093750000000,0.938879449521,-0.618750000000,1.000000000000,0.430637254902,1.000000000000,1280;1280;1280;1280;1280;1280;480,entity:640;640;640;640;640;640;0|value:640;640;640;640;640;640;0|filler:0;0;0;0;0;0;0|query_marker:0;0;0;0;0;0;160|query_entity:0;0;0;0;0;0;160|context:0;0;0;0;0;0;160,kv_delayed_annealed_curriculum,0.966536497201,0.310879884742,0.404629884742,0.180524916829,0.477020372260,0.257219534397,-0.312916994933,-0.341137263396,40;43;77,1576;1164;774,0.000000000000,0.552252044732,0.000000000000,0.457552083333,0.542447916667,0.363020833333,0.122395833333,0.000000000000,0.000000000000,15.887052341598,628;447;319,43.287500000000,18.000000000000,0.339236111111,0.339236111111,0.000000000000
17,permuted_context_labels,2.380839699954,0.231250000000,1.209565570771,-0.481250000000,1.000000000000,0.510784313725,1.000000000000,1280;1280;1280;1280;1280;1280;480,entity:640;640;640;640;640;640;0|value:640;640;640;640;640;640;0|filler:0;0;0;0;0;0;0|query_marker:0;0;0;0;0;0;160|query_entity:0;0;0;0;0;0;160|context:0;0;0;0;0;0;160,kv_delayed_annealed_curriculum,1.126590449148,0.487236916616,0.714320249949,0.205712937685,0.637074324207,0.433576566270,-0.003226629726,-0.315949242541,142;16;2,1216;1456;1496,0.000000000000,0.720019775388,0.000000000000,0.542708333333,0.457291666667,0.420833333333,0.043229166667,0.025000000000,0.025000000000,12.243589743590,452;572;592,43.287500000000,18.000000000000,0.552083333333,0.502083333333,0.016666666667
17,disable_retention_skip,2.449095404035,0.206250000000,1.277821274852,-0.506250000000,1.000000000000,0.941176470588,1.000000000000,1280;1280;1280;1280;1280;1280;480,entity:640;640;640;640;640;640;0|value:640;640;640;640;640;640;0|filler:0;0;0;0;0;0;0|query_marker:0;0;0;0;0;0;160|query_entity:0;0;0;0;0;0;160|context:0;0;0;0;0;0;160,kv_delayed_annealed_curriculum,1.161062830392,0.519307123048,0.725557123048,0.191235234426,0.671546705451,0.465646772703,0.008010243373,-0.330426945800,88;41;31,2624;2576;2480,0.000000000000,0.415874882786,0.000000000000,1.000000000000,0.000000000000,0.875000000000,0.125000000000,0.000000000000,0.000000000000,3.991666666667,1152;1128;1080,43.287500000000,18.000000000000,1.000000000000,1.000000000000,0.000000000000
17,no_workspace_writes,1.791759469228,0.237500000000,0.620485340045,-0.475000000000,1.000000000000,0.395588235294,1.000000000000,1280;1280;1280;1280;1280;1280;480,entity:640;640;640;640;640;640;0|value:640;640;640;640;640;640;0|filler:0;0;0;0;0;0;0|query_marker:0;0;0;0;0;0;160|query_entity:0;0;0;0;0;0;160|context:0;0;0;0;0;0;160,kv_delayed_annealed_curriculum,0.833333333333,0.070833333333,0.166666666667,0.166666666667,0.343817208392,0.017172982988,-0.550880213009,-0.354995513559,160;0;0,3228;0;0,0.000000000000,0.784039453455,0.000000000000,0.420312500000,0.579687500000,0.000000000000,0.000000000000,0.000000000000,0.000000000000,0.000000000000,0;0;0,43.287500000000,18.000000000000,0.337500000000,0.000000000000,0.000000000000
17,no_workspace_persistence,1.791759469228,0.237500000000,0.620485340045,-0.475000000000,1.000000000000,0.395588235294,1.000000000000,1280;1280;1280;1280;1280;1280;480,entity:640;640;640;640;640;640;0|value:640;640;640;640;640;640;0|filler:0;0;0;0;0;0;0|query_marker:0;0;0;0;0;0;160|query_entity:0;0;0;0;0;0;160|context:0;0;0;0;0;0;160,kv_delayed_annealed_curriculum,0.833333333333,0.070833333333,0.166666666667,0.166666666667,0.343817208392,0.017172982988,-0.550880213009,-0.354995513559,160;0;0,3228;0;0,0.000000000000,0.784039453455,0.000000000000,0.420312500000,0.579687500000,0.000000000000,0.000000000000,0.000000000000,0.000000000000,0.000000000000,0;0;0,43.287500000000,18.000000000000,0.337500000000,0.000000000000,0.000000000000
17,no_mechanism_output,1.791759469228,0.237500000000,0.620485340045,-0.475000000000,1.000000000000,0.381372549020,1.000000000000,1280;1280;1280;1280;1280;1280;480,entity:640;640;640;640;640;640;0|value:640;640;640;640;640;640;0|filler:0;0;0;0;0;0;0|query_marker:0;0;0;0;0;0;160|query_entity:0;0;0;0;0;0;160|context:0;0;0;0;0;0;160,kv_delayed_annealed_curriculum,0.833333333333,0.070833333333,0.166666666667,0.166666666667,0.343817208392,0.017172982988,-0.550880213009,-0.354995513559,85;33;42,920;1164;1028,0.000000000000,0.414833189765,0.000000000000,0.405208333333,0.594791666667,0.280208333333,0.039583333333,0.662500000000,0.662500000000,17.566666666667,300;422;354,43.287500000000,18.000000000000,0.320833333333,0.320833333333,0.662500000000
17,remove_delay_distractors,1.004964965690,0.768750000000,-0.166309163493,0.056250000000,1.000000000000,0.154901960784,1.000000000000,1280;1280;1280;1280;1280;1280;480,entity:640;640;640;640;640;640;0|value:640;640;640;640;640;640;0|filler:0;0;0;0;0;0;0|query_marker:0;0;0;0;0;0;160|query_entity:0;0;0;0;0;0;160|context:0;0;0;0;0;0;160,kv_delayed_annealed_curriculum,0.412844663617,0.049018076950,0.719731923050,0.561492358226,-0.076671461325,-0.004642273396,0.002185043375,0.039830178000,64;43;53,444;408;412,0.000000000000,0.377686624040,0.000000000000,0.164583333333,0.835416666667,0.039583333333,0.033854166667,0.725000000000,0.725000000000,20.329166666667,62;44;46,43.287500000000,18.000000000000,0.000000000000,0.000000000000,0.708333333333
17,relevant_looking_delay_distractors,1.523302609729,0.568750000000,0.352028480546,-0.143750000000,1.000000000000,0.676715686275,1.000000000000,1280;1280;1280;1280;1280;1280;480,entity:640;640;640;640;640;640;0|value:640;640;640;640;640;640;0|filler:0;0;0;0;0;0;0|query_marker:0;0;0;0;0;0;160|query_entity:0;0;0;0;0;0;160|context:0;0;0;0;0;0;160,kv_delayed_annealed_curriculum,0.679918424509,0.167877593804,0.726814624125,0.432655152085,0.190402299568,0.114217243458,0.009267744449,-0.089007028141,79;38;43,1890;1746;1886,0.000000000000,0.463211731989,0.000000000000,0.719010416667,0.280989583333,0.594010416667,0.067187500000,0.456250000000,0.456250000000,14.747916666667,785;713;783,43.287500000000,18.000000000000,0.739236111111,0.739236111111,0.441666666667
17,reverse_delay_block,1.028253972565,0.762500000000,-0.143020156618,0.050000000000,1.000000000000,0.381127450980,1.000000000000,1280;1280;1280;1280;1280;1280;480,entity:640;640;640;640;640;640;0|value:640;640;640;640;640;640;0|filler:0;0;0;0;0;0;0|query_marker:0;0;0;0;0;0;160|query_entity:0;0;0;0;0;0;160|context:0;0;0;0;0;0;160,kv_delayed_annealed_curriculum,0.421995790227,0.043153381666,0.719346618334,0.556682035453,-0.067520334715,-0.010506968680,0.001799738659,0.035019855227,82;39;39,970;1162;978,0.000000000000,0.415237509412,0.000000000000,0.404947916667,0.595052083333,0.279947916667,0.039583333333,0.662500000000,0.662500000000,17.550000000000,325;421;329,43.287500000000,18.000000000000,0.320486111111,0.320486111111,0.662500000000
18,intact,0.005266519534,1.000000000000,0.000000000000,0.000000000000,1.000000000000,0.136764705882,1.000000000000,1280;1280;1280;1280;1280;1280;480,entity:640;640;640;640;640;640;0|value:640;640;640;640;640;640;0|filler:0;0;0;0;0;0;0|query_marker:0;0;0;0;0;0;160|query_entity:0;0;0;0;0;0;160|context:0;0;0;0;0;0;160,kv_delayed_annealed_curriculum,0.000033234645,0.005252658152,0.994747341848,0.994747341848,0.000000000000,0.000000000000,0.000000000000,0.000000000000,62;51;47,368;372;376,0.000000000000,0.144699263192,0.000000000000,0.145312500000,0.854687500000,0.020312500000,0.000000000000,1.000000000000,1.000000000000,20.587500000000,24;26;28,43.525000000000,18.000000000000,0.000000000000,0.000000000000,1.000000000000
18,zero_query_context,2.757344157533,0.600000000000,2.752077637999,-0.400000000000,1.000000000000,0.117647058824,1.000000000000,1280;1280;1280;1280;1280;1280;480,entity:640;640;640;640;640;640;0|value:640;640;640;640;640;640;0|filler:0;0;0;0;0;0;0|query_marker:0;0;0;0;0;0;160|query_entity:0;0;0;0;0;0;160|context:0;0;0;0;0;0;160,kv_delayed_annealed_curriculum,0.795045098616,0.394755769115,0.994755769115,0.597249775905,0.795011863971,0.389503110963,0.000008427267,-0.397497565943,55;67;38,320;320;320,0.000000000000,0.439529599853,0.000000000000,0.125000000000,0.875000000000,0.000000000000,0.000000000000,0.537500000000,0.537500000000,22.000000000000,0;0;0,43.525000000000,18.000000000000,0.000000000000,0.000000000000,0.508333333333
18,randomized_retention_actions,3.439108835208,0.475000000000,3.433842315673,-0.525000000000,1.000000000000,0.921323529412,1.000000000000,1280;1280;1280;1280;1280;1280;480,entity:640;640;640;640;640;640;0|value:640;640;640;640;640;640;0|filler:0;0;0;0;0;0;0|query_marker:0;0;0;0;0;0;160|query_entity:0;0;0;0;0;0;160|context:0;0;0;0;0;0;160,kv_delayed_annealed_curriculum,1.092736810082,0.569333235170,0.735999901836,0.319851074062,1.092703575436,0.564080577018,-0.258747440012,-0.674896267787,50;61;49,4620;2604;294,0.000000000000,0.734237045747,0.000000000000,0.978906250000,0.021093750000,0.908593750000,0.075260416667,0.225000000000,0.225000000000,8.407407407407,2200;1191;98,43.525000000000,18.000000000000,1.000000000000,1.000000000000,0.229166666667
18,force_fifo_retention,5.807410388765,0.156250000000,5.802143869231,-0.843750000000,1.000000000000,0.941176470588,1.000000000000,1280;1280;1280;1280;1280;1280;480,entity:640;640;640;640;640;640;0|value:640;640;640;640;640;640;0|filler:0;0;0;0;0;0;0|query_marker:0;0;0;0;0;0;160|query_entity:0;0;0;0;0;0;160|context:0;0;0;0;0;0;160,kv_delayed_annealed_curriculum,1.677002547944,0.838537158940,0.994787158940,0.156302237217,1.676969313299,0.833284500788,0.000039817092,-0.838445104631,74;63;23,2560;2560;2560,0.000000000000,0.205943683978,0.000000000000,1.000000000000,0.000000000000,0.875000000000,0.125000000000,0.000000000000,0.000000000000,1.000000000000,1120;1120;1120,43.525000000000,18.000000000000,1.000000000000,1.000000000000,0.000000000000
18,force_relevant_eviction,3.504602657777,0.050000000000,3.499336138243,-0.950000000000,1.000000000000,0.213725490196,1.000000000000,1280;1280;1280;1280;1280;1280;480,entity:640;640;640;640;640;640;0|value:640;640;640;640;640;640;0|filler:0;0;0;0;0;0;0|query_marker:0;0;0;0;0;0;160|query_entity:0;0;0;0;0;0;160|context:0;0;0;0;0;0;160,kv_delayed_annealed_curriculum,1.202813554140,0.453085710707,0.503085710707,0.149081439428,1.202780319495,0.447833052556,-0.491661631141,-0.845665902421,22;45;93,780;632;332,0.000000000000,0.534176704873,0.000000000000,0.227083333333,0.772916666667,0.132031250000,0.125000000000,0.000000000000,0.000000000000,19.624657534247,230;176;101,43.525000000000,18.000000000000,0.023958333333,0.023958333333,0.000000000000
18,permuted_context_labels,5.121803400971,0.231250000000,5.116536881437,-0.768750000000,1.000000000000,0.415686274510,1.000000000000,1280;1280;1280;1280;1280;1280;480,entity:640;640;640;640;640;640;0|value:640;640;640;640;640;640;0|filler:0;0;0;0;0;0;0|query_marker:0;0;0;0;0;0;160|query_entity:0;0;0;0;0;0;160|context:0;0;0;0;0;0;160,kv_delayed_annealed_curriculum,1.500226885788,0.735690276497,0.948190276497,0.221529860923,1.500193651143,0.730437618345,-0.046557065351,-0.773217480926,117;31;12,840;644;1908,0.000000000000,0.429184677194,0.000000000000,0.441666666667,0.558333333333,0.323697916667,0.025260416667,0.012500000000,0.012500000000,13.470198675497,269;171;803,43.525000000000,18.000000000000,0.458680555556,0.413888888889,0.010416666667
18,disable_retention_skip,5.676459835958,0.175000000000,5.671193316423,-0.825000000000,1.000000000000,0.941176470588,1.000000000000,1280;1280;1280;1280;1280;1280;480,entity:640;640;640;640;640;640;0|value:640;640;640;640;640;640;0|filler:0;0;0;0;0;0;0|query_marker:0;0;0;0;0;0;160|query_entity:0;0;0;0;0;0;160|context:0;0;0;0;0;0;160,kv_delayed_annealed_curriculum,1.639750590540,0.819793339684,0.994793339684,0.174934357934,1.639717355894,0.814540681532,0.000045997836,-0.819812983915,93;32;35,2712;2524;2444,0.000000000000,0.200643808240,0.000000000000,1.000000000000,0.000000000000,0.875000000000,0.125000000000,0.000000000000,0.000000000000,1.000000000000,1196;1102;1062,43.525000000000,18.000000000000,1.000000000000,1.000000000000,0.000000000000
18,no_workspace_writes,1.791759469228,0.206250000000,1.786492949694,-0.793750000000,1.000000000000,0.375000000000,1.000000000000,1280;1280;1280;1280;1280;1280;480,entity:640;640;640;640;640;640;0|value:640;640;640;640;640;640;0|filler:0;0;0;0;0;0;0|query_marker:0;0;0;0;0;0;160|query_entity:0;0;0;0;0;0;160|context:0;0;0;0;0;0;160,kv_delayed_annealed_curriculum,0.833333333333,0.039583333333,0.166666666667,0.166666666667,0.833300098688,0.034330675181,-0.828080675181,-0.828080675181,160;0;0,3060;0;0,0.000000000000,1.282506616239,0.000000000000,0.398437500000,0.601562500000,0.000000000000,0.000000000000,0.000000000000,0.000000000000,0.000000000000,0;0;0,43.525000000000,18.000000000000,0.312500000000,0.000000000000,0.000000000000
18,no_workspace_persistence,1.791759469228,0.206250000000,1.786492949694,-0.793750000000,1.000000000000,0.375000000000,1.000000000000,1280;1280;1280;1280;1280;1280;480,entity:640;640;640;640;640;640;0|value:640;640;640;640;640;640;0|filler:0;0;0;0;0;0;0|query_marker:0;0;0;0;0;0;160|query_entity:0;0;0;0;0;0;160|context:0;0;0;0;0;0;160,kv_delayed_annealed_curriculum,0.833333333333,0.039583333333,0.166666666667,0.166666666667,0.833300098688,0.034330675181,-0.828080675181,-0.828080675181,160;0;0,3060;0;0,0.000000000000,1.282506616239,0.000000000000,0.398437500000,0.601562500000,0.000000000000,0.000000000000,0.000000000000,0.000000000000,0.000000000000,0;0;0,43.525000000000,18.000000000000,0.312500000000,0.000000000000,0.000000000000
18,no_mechanism_output,1.791759469228,0.206250000000,1.786492949694,-0.793750000000,1.000000000000,0.136764705882,1.000000000000,1280;1280;1280;1280;1280;1280;480,entity:640;640;640;640;640;640;0|value:640;640;640;640;640;640;0|filler:0;0;0;0;0;0;0|query_marker:0;0;0;0;0;0;160|query_entity:0;0;0;0;0;0;160|context:0;0;0;0;0;0;160,kv_delayed_annealed_curriculum,0.833333333333,0.039583333333,0.166666666667,0.166666666667,0.833300098688,0.034330675181,-0.828080675181,-0.828080675181,62;51;47,368;372;376,0.000000000000,0.144699263192,0.000000000000,0.145312500000,0.854687500000,0.020312500000,0.000000000000,1.000000000000,1.000000000000,20.587500000000,24;26;28,43.525000000000,18.000000000000,0.000000000000,0.000000000000,1.000000000000
18,remove_delay_distractors,0.005266519534,1.000000000000,0.000000000000,0.000000000000,1.000000000000,0.136764705882,1.000000000000,1280;1280;1280;1280;1280;1280;480,entity:640;640;640;640;640;640;0|value:640;640;640;640;640;640;0|filler:0;0;0;0;0;0;0|query_marker:0;0;0;0;0;0;160|query_entity:0;0;0;0;0;0;160|context:0;0;0;0;0;0;160,kv_delayed_annealed_curriculum,0.000033234645,0.005252658152,0.994747341848,0.994747341848,0.000000000000,0.000000000000,0.000000000000,0.000000000000,62;51;47,368;372;376,0.000000000000,0.144699263192,0.000000000000,0.145312500000,0.854687500000,0.020312500000,0.000000000000,1.000000000000,1.000000000000,20.587500000000,24;26;28,43.525000000000,18.000000000000,0.000000000000,0.000000000000,1.000000000000
18,relevant_looking_delay_distractors,1.603756001667,0.768750000000,1.598489482133,-0.231250000000,1.000000000000,0.842647058824,1.000000000000,1280;1280;1280;1280;1280;1280;480,entity:640;640;640;640;640;640;0|value:640;640;640;640;640;640;0|filler:0;0;0;0;0;0;0|query_marker:0;0;0;0;0;0;160|query_entity:0;0;0;0;0;0;160|context:0;0;0;0;0;0;160,kv_delayed_annealed_curriculum,0.459675568925,0.226005656826,0.994755656826,0.764934433137,0.459642334280,0.220752998674,0.000008314977,-0.229812908712,74;70;16,908;1164;4804,0.000000000000,0.185056941047,0.000000000000,0.895312500000,0.104687500000,0.770312500000,0.041666666667,0.687500000000,0.687500000000,14.287500000000,294;422;2242,43.525000000000,18.000000000000,1.000000000000,1.000000000000,0.666666666667
18,reverse_delay_block,0.005266519534,1.000000000000,0.000000000000,0.000000000000,1.000000000000,0.136764705882,1.000000000000,1280;1280;1280;1280;1280;1280;480,entity:640;640;640;640;640;640;0|value:640;640;640;640;640;640;0|filler:0;0;0;0;0;0;0|query_marker:0;0;0;0;0;0;160|query_entity:0;0;0;0;0;0;160|context:0;0;0;0;0;0;160,kv_delayed_annealed_curriculum,0.000033234645,0.005252658152,0.994747341848,0.994747341848,0.000000000000,0.000000000000,0.000000000000,0.000000000000,62;51;47,368;372;376,0.000000000000,0.144699253574,0.000000000000,0.145312500000,0.854687500000,0.020312500000,0.000000000000,1.000000000000,1.000000000000,20.587500000000,24;26;28,43.525000000000,18.000000000000,0.000000000000,0.000000000000,1.000000000000
19,intact,0.881557774467,0.793750000000,0.000000000000,0.000000000000,1.000000000000,0.269117647059,1.000000000000,1280;1280;1280;1280;1280;1280;480,entity:640;640;640;640;640;640;0|value:640;640;640;640;640;640;0|filler:0;0;0;0;0;0;0|query_marker:0;0;0;0;0;0;160|query_entity:0;0;0;0;0;0;160|context:0;0;0;0;0;0;160,kv_delayed_annealed_curriculum,0.368833910643,0.072581476316,0.721168523684,0.584310615808,0.000000000000,0.000000000000,0.000000000000,0.000000000000,66;44;50,758;700;738,0.000000000000,0.350524237504,0.000000000000,0.285937500000,0.714062500000,0.160937500000,0.027343750000,0.718750000000,0.718750000000,15.866666666667,219;190;209,42.325000000000,18.000000000000,0.178125000000,0.178125000000,0.718750000000
19,zero_query_context,2.286165252290,0.250000000000,1.404607477823,-0.543750000000,1.000000000000,0.941176470588,1.000000000000,1280;1280;1280;1280;1280;1280;480,entity:640;640;640;640;640;640;0|value:640;640;640;640;640;640;0|filler:0;0;0;0;0;0;0|query_marker:0;0;0;0;0;0;160|query_entity:0;0;0;0;0;0;160|context:0;0;0;0;0;0;160,kv_delayed_annealed_curriculum,1.091575431709,0.472191513676,0.722191513676,0.223582531574,0.722741521066,0.399610037360,0.001022989993,-0.360728084234,61;61;38,2560;2560;2560,0.000000000000,1.287615672346,0.000000000000,1.000000000000,0.000000000000,0.875000000000,0.125000000000,0.000000000000,0.000000000000,1.000000000000,1120;1120;1120,42.325000000000,18.000000000000,1.000000000000,1.000000000000,0.000000000000
19,randomized_retention_actions,1.866519710336,0.281250000000,0.984961935869,-0.512500000000,1.000000000000,0.921813725490,1.000000000000,1280;1280;1280;1280;1280;1280;480,entity:640;640;640;640;640;640;0|value:640;640;640;640;640;640;0|filler:0;0;0;0;0;0;0|query_marker:0;0;0;0;0;0;160|query_entity:0;0;0;0;0;0;160|context:0;0;0;0;0;0;160,kv_delayed_annealed_curriculum,0.884614072871,0.287168434612,0.568418434612,0.276413425126,0.515780162228,0.214586958296,-0.152750089072,-0.307897190682,45;53;62,4830;2320;372,0.000000000000,0.407924068180,0.000000000000,0.979427083333,0.020572916667,0.907812500000,0.074479166667,0.250000000000,0.250000000000,8.501818181818,2300;1062;124,42.325000000000,18.000000000000,1.000000000000,1.000000000000,0.239583333333
19,force_fifo_retention,2.286165252290,0.250000000000,1.404607477823,-0.543750000000,1.000000000000,0.941176470588,1.000000000000,1280;1280;1280;1280;1280;1280;480,entity:640;640;640;640;640;640;0|value:640;640;640;640;640;640;0|filler:0;0;0;0;0;0;0|query_marker:0;0;0;0;0;0;160|query_entity:0;0;0;0;0;0;160|context:0;0;0;0;0;0;160,kv_delayed_annealed_curriculum,1.091575431709,0.472191513676,0.722191513676,0.223582531574,0.722741521066,0.399610037360,0.001022989993,-0.360728084234,61;61;38,2560;2560;2560,0.000000000000,0.347864471853,0.000000000000,1.000000000000,0.000000000000,0.875000000000,0.125000000000,0.000000000000,0.000000000000,1.000000000000,1120;1120;1120,42.325000000000,18.000000000000,1.000000000000,1.000000000000,0.000000000000
19,force_relevant_eviction,1.931638433756,0.312500000000,1.050080659289,-0.481250000000,1.000000000000,0.328431372549,1.000000000000,1280;1280;1280;1280;1280;1280;480,entity:640;640;640;640;640;640;0|value:640;640;640;640;640;640;0|filler:0;0;0;0;0;0;0|query_marker:0;0;0;0;0;0;160|query_entity:0;0;0;0;0;0;160|context:0;0;0;0;0;0;160,kv_delayed_annealed_curriculum,0.900818558187,0.249628445018,0.395461778351,0.209408927451,0.531984647544,0.177046968701,-0.325706745332,-0.374901688357,50;39;71,1172;940;568,0.000000000000,0.509777827680,0.000000000000,0.348958333333,0.651041666667,0.254947916667,0.121354166667,0.000000000000,0.000000000000,13.567867036011,426;335;218,42.325000000000,18.000000000000,0.199652777778,0.199652777778,0.000000000000
19,permuted_context_labels,2.288779083442,0.237500000000,1.407221308974,-0.556250000000,1.000000000000,0.458823529412,1.000000000000,1280;1280;1280;1280;1280;1280;480,entity:640;640;640;640;640;640;0|value:640;640;640;640;640;640;0|filler:0;0;0;0;0;0;0|query_marker:0;0;0;0;0;0;160|query_entity:0;0;0;0;0;0;160|context:0;0;0;0;0;0;160,kv_delayed_annealed_curriculum,1.093963845610,0.463693565836,0.701193565836,0.215251005769,0.725129934967,0.391112089520,-0.019974957847,-0.369059610039,137;9;14,1328;1242;1174,0.000000000000,0.655900986214,0.000000000000,0.487500000000,0.512500000000,0.367187500000,0.035937500000,0.037500000000,0.037500000000,4.354978354978,510;467;433,42.325000000000,18.000000000000,0.495486111111,0.445138888889,0.029166666667
19,disable_retention_skip,2.340853131031,0.225000000000,1.459295356564,-0.568750000000,1.000000000000,0.941176470588,1.000000000000,1280;1280;1280;1280;1280;1280;480,entity:640;640;640;640;640;640;0|value:640;640;640;640;640;640;0|filler:0;0;0;0;0;0;0|query_marker:0;0;0;0;0;0;160|query_entity:0;0;0;0;0;0;160|context:0;0;0;0;0;0;160,kv_delayed_annealed_curriculum,1.120606551666,0.493952699076,0.718952699076,0.206868372550,0.751772641023,0.421371222760,-0.002215824607,-0.377442243258,71;61;28,2648;2596;2436,0.000000000000,0.329828464424,0.000000000000,1.000000000000,0.000000000000,0.875000000000,0.125000000000,0.000000000000,0.000000000000,1.389583333333,1164;1138;1058,42.325000000000,18.000000000000,1.000000000000,1.000000000000,0.000000000000
19,no_workspace_writes,1.791759469228,0.250000000000,0.910201694761,-0.543750000000,1.000000000000,0.349264705882,1.000000000000,1280;1280;1280;1280;1280;1280;480,entity:640;640;640;640;640;640;0|value:640;640;640;640;640;640;0|filler:0;0;0;0;0;0;0|query_marker:0;0;0;0;0;0;160|query_entity:0;0;0;0;0;0;160|context:0;0;0;0;0;0;160,kv_delayed_annealed_curriculum,0.833333333333,0.083333333333,0.166666666667,0.166666666667,0.464499422690,0.010751857017,-0.554501857017,-0.417643949142,160;0;0,2850;0;0,0.000000000000,0.799929140426,0.000000000000,0.371093750000,0.628906250000,0.000000000000,0.000000000000,0.000000000000,0.000000000000,0.000000000000,0;0;0,42.325000000000,18.000000000000,0.281250000000,0.000000000000,0.000000000000
19,no_workspace_persistence,1.791759469228,0.250000000000,0.910201694761,-0.543750000000,1.000000000000,0.349264705882,1.000000000000,1280;1280;1280;1280;1280;1280;480,entity:640;640;640;640;640;640;0|value:640;640;640;640;640;640;0|filler:0;0;0;0;0;0;0|query_marker:0;0;0;0;0;0;160|query_entity:0;0;0;0;0;0;160|context:0;0;0;0;0;0;160,kv_delayed_annealed_curriculum,0.833333333333,0.083333333333,0.166666666667,0.166666666667,0.464499422690,0.010751857017,-0.554501857017,-0.417643949142,160;0;0,2850;0;0,0.000000000000,0.799929140426,0.000000000000,0.371093750000,0.628906250000,0.000000000000,0.000000000000,0.000000000000,0.000000000000,0.000000000000,0;0;0,42.325000000000,18.000000000000,0.281250000000,0.000000000000,0.000000000000
19,no_mechanism_output,1.791759469228,0.250000000000,0.910201694761,-0.543750000000,1.000000000000,0.269117647059,1.000000000000,1280;1280;1280;1280;1280;1280;480,entity:640;640;640;640;640;640;0|value:640;640;640;640;640;640;0|filler:0;0;0;0;0;0;0|query_marker:0;0;0;0;0;0;160|query_entity:0;0;0;0;0;0;160|context:0;0;0;0;0;0;160,kv_delayed_annealed_curriculum,0.833333333333,0.083333333333,0.166666666667,0.166666666667,0.464499422690,0.010751857017,-0.554501857017,-0.417643949142,66;44;50,758;700;738,0.000000000000,0.350524237504,0.000000000000,0.285937500000,0.714062500000,0.160937500000,0.027343750000,0.718750000000,0.718750000000,15.866666666667,219;190;209,42.325000000000,18.000000000000,0.178125000000,0.178125000000,0.718750000000
19,remove_delay_distractors,0.911636524778,0.787500000000,0.030078750310,-0.006250000000,1.000000000000,0.143382352941,1.000000000000,1280;1280;1280;1280;1280;1280;480,entity:640;640;640;640;640;640;0|value:640;640;640;640;640;640;0|filler:0;0;0;0;0;0;0|query_marker:0;0;0;0;0;0;160|query_entity:0;0;0;0;0;0;160|context:0;0;0;0;0;0;160,kv_delayed_annealed_curriculum,0.381010012287,0.064590223771,0.722909776229,0.579409861618,0.012176101644,-0.007991252546,0.001741252546,-0.004900754191,41;52;67,382;396;392,0.000000000000,0.309204879215,0.000000000000,0.152343750000,0.847656250000,0.027343750000,0.024218750000,0.743750000000,0.743750000000,20.356250000000,31;38;36,42.325000000000,18.000000000000,0.000000000000,0.000000000000,0.743750000000
19,relevant_looking_delay_distractors,1.555220103367,0.550000000000,0.673662328899,-0.243750000000,1.000000000000,0.682107843137,1.000000000000,1280;1280;1280;1280;1280;1280;480,entity:640;640;640;640;640;640;0|value:640;640;640;640;640;640;0|filler:0;0;0;0;0;0;0|query_marker:0;0;0;0;0;0;160|query_entity:0;0;0;0;0;0;160|context:0;0;0;0;0;0;160,kv_delayed_annealed_curriculum,0.701803309709,0.170379051467,0.720379051467,0.417284768941,0.332969399066,0.097797575151,-0.000789472217,-0.167025846867,56;58;46,1720;1890;1956,0.000000000000,0.336724833073,0.000000000000,0.724739583333,0.275260416667,0.599739583333,0.057291666667,0.468750000000,0.468750000000,14.183333333333,700;785;818,42.325000000000,18.000000000000,0.763194444444,0.763194444444,0.479166666667
19,reverse_delay_block,1.046405162009,0.737500000000,0.164847387541,-0.056250000000,1.000000000000,0.267401960784,1.000000000000,1280;1280;1280;1280;1280;1280;480,entity:640;640;640;640;640;640;0|value:640;640;640;640;640;640;0|filler:0;0;0;0;0;0;0|query_marker:0;0;0;0;0;0;160|query_entity:0;0;0;0;0;0;160|context:0;0;0;0;0;0;160,kv_delayed_annealed_curriculum,0.445923726671,0.047813092786,0.719847389109,0.544883569065,0.077089816028,-0.024768383530,-0.001321134575,-0.039427046743,64;47;49,748;702;732,0.000000000000,0.352001977063,0.000000000000,0.284114583333,0.715885416667,0.159114583333,0.027343750000,0.718750000000,0.718750000000,15.900000000000,214;191;206,42.325000000000,18.000000000000,0.175694444444,0.175694444444,0.718750000000
20,intact,1.071186803015,0.750000000000,0.000000000000,0.000000000000,1.000000000000,0.308088235294,1.000000000000,1280;1280;1280;1280;1280;1280;480,entity:640;640;640;640;640;640;0|value:640;640;640;640;640;640;0|filler:0;0;0;0;0;0;0|query_marker:0;0;0;0;0;0;160|query_entity:0;0;0;0;0;0;160|context:0;0;0;0;0;0;160,kv_delayed_annealed_curriculum,0.435871488750,0.038889883983,0.711110116017,0.544958335768,0.000000000000,0.000000000000,0.000000000000,0.000000000000,84;41;35,856;826;832,0.000000000000,0.391663875844,0.000000000000,0.327343750000,0.672656250000,0.202343750000,0.039843750000,0.681250000000,0.681250000000,14.945833333333,268;253;256,42.812500000000,18.000000000000,0.216666666667,0.216666666667,0.681250000000
20,zero_query_context,2.454121033947,0.193750000000,1.382934230932,-0.556250000000,1.000000000000,0.941176470588,1.000000000000,1280;1280;1280;1280;1280;1280;480,entity:640;640;640;640;640;640;0|value:640;640;640;640;640;640;0|filler:0;0;0;0;0;0;0|query_marker:0;0;0;0;0;0;160|query_entity:0;0;0;0;0;0;160|context:0;0;0;0;0;0;160,kv_delayed_annealed_curriculum,1.159991657142,0.522603549635,0.716353549635,0.186392863501,0.724120168392,0.483713665651,0.005243433618,-0.358565472267,84;47;29,2560;2560;2560,0.000000000000,1.287284807253,0.000000000000,1.000000000000,0.000000000000,0.875000000000,0.125000000000,0.000000000000,0.000000000000,1.000000000000,1120;1120;1120,42.812500000000,18.000000000000,1.000000000000,1.000000000000,0.000000000000
20,randomized_retention_actions,1.832449552994,0.281250000000,0.761262749979,-0.468750000000,1.000000000000,0.926225490196,1.000000000000,1280;1280;1280;1280;1280;1280;480,entity:640;640;640;640;640;640;0|value:640;640;640;640;640;640;0|filler:0;0;0;0;0;0;0|query_marker:0;0;0;0;0;0;160|query_entity:0;0;0;0;0;0;160|context:0;0;0;0;0;0;160,kv_delayed_annealed_curriculum,0.871265572778,0.262667796242,0.543917796242,0.274193786287,0.435394084028,0.223777912259,-0.167192319774,-0.270764549481,51;49;60,4578;2620;360,0.000000000000,0.414252296521,0.000000000000,0.984114583333,0.015885416667,0.914062500000,0.080729166667,0.250000000000,0.250000000000,8.208178438662,2180;1210;120,42.812500000000,18.000000000000,1.000000000000,1.000000000000,0.227083333333
20,force_fifo_retention,2.454121033947,0.193750000000,1.382934230932,-0.556250000000,1.000000000000,0.941176470588,1.000000000000,1280;1280;1280;1280;1280;1280;480,entity:640;640;640;640;640;640;0|value:640;640;640;640;640;640;0|filler:0;0;0;0;0;0;0|query_marker:0;0;0;0;0;0;160|query_entity:0;0;0;0;0;0;160|context:0;0;0;0;0;0;160,kv_delayed_annealed_curriculum,1.159991657142,0.522603549635,0.716353549635,0.186392863501,0.724120168392,0.483713665651,0.005243433618,-0.358565472267,84;47;29,2560;2560;2560,0.000000000000,0.374328385402,0.000000000000,1.000000000000,0.000000000000,0.875000000000,0.125000000000,0.000000000000,0.000000000000,1.000000000000,1120;1120;1120,42.812500000000,18.000000000000,1.000000000000,1.000000000000,0.000000000000
20,force_relevant_eviction,2.108337135284,0.293750000000,1.037150332269,-0.456250000000,1.000000000000,0.356372549020,1.000000000000,1280;1280;1280;1280;1280;1280;480,entity:640;640;640;640;640;640;0|value:640;640;640;640;640;640;0|filler:0;0;0;0;0;0;0|query_marker:0;0;0;0;0;0;160|query_entity:0;0;0;0;0;0;160|context:0;0;0;0;0;0;160,kv_delayed_annealed_curriculum,0.964057507998,0.329025993804,0.393609327137,0.177064100422,0.528186019249,0.290136109821,-0.317500788880,-0.367894235346,52;46;62,1222;1010;676,0.000000000000,0.547332416991,0.000000000000,0.378645833333,0.621354166667,0.287500000000,0.125000000000,0.000000000000,0.000000000000,12.085714285714,451;381;272,42.812500000000,18.000000000000,0.237500000000,0.237500000000,0.000000000000
20,permuted_context_labels,2.384848178186,0.225000000000,1.313661375170,-0.525000000000,1.000000000000,0.529656862745,1.000000000000,1280;1280;1280;1280;1280;1280;480,entity:640;640;640;640;640;640;0|value:640;640;640;640;640;640;0|filler:0;0;0;0;0;0;0|query_marker:0;0;0;0;0;0;160|query_entity:0;0;0;0;0;0;160|context:0;0;0;0;0;0;160,kv_delayed_annealed_curriculum,1.118308019018,0.481386053419,0.706386053419,0.205314236430,0.682436530268,0.442496169435,-0.004724062598,-0.339644099338,129;16;15,1568;1452;1302,0.000000000000,0.726304598672,0.000000000000,0.562760416667,0.437239583333,0.440364583333,0.035416666667,0.031250000000,0.031250000000,3.982978723404,627;569;495,42.812500000000,18.000000000000,0.583333333333,0.535416666667,0.027083333333
20,disable_retention_skip,2.414937020573,0.200000000000,1.343750217558,-0.550000000000,1.000000000000,0.941176470588,1.000000000000,1280;1280;1280;1280;1280;1280;480,entity:640;640;640;640;640;640;0|value:640;640;640;640;640;640;0|filler:0;0;0;0;0;0;0|query_marker:0;0;0;0;0;0;160|query_entity:0;0;0;0;0;0;160|context:0;0;0;0;0;0;160,kv_delayed_annealed_curriculum,1.148767395875,0.516306286329,0.716306286329,0.192004725447,0.712895907125,0.477416402346,0.005196170312,-0.352953610321,93;40;27,2716;2510;2454,0.000000000000,0.372448619401,0.000000000000,1.000000000000,0.000000000000,0.875000000000,0.125000000000,0.000000000000,0.000000000000,1.356250000000,1198;1095;1067,42.812500000000,18.000000000000,1.000000000000,1.000000000000,0.000000000000
20,no_workspace_writes,1.791759469228,0.237500000000,0.720572666213,-0.512500000000,1.000000000000,0.380147058824,1.000000000000,1280;1280;1280;1280;1280;1280;480,entity:640;640;640;640;640;640;0|value:640;640;640;640;640;640;0|filler:0;0;0;0;0;0;0|query_marker:0;0;0;0;0;0;160|query_entity:0;0;0;0;0;0;160|context:0;0;0;0;0;0;160,kv_delayed_annealed_curriculum,0.833333333333,0.070833333333,0.166666666667,0.166666666667,0.397461844584,0.031943449350,-0.544443449350,-0.378291669101,160;0;0,3102;0;0,0.000000000000,0.790051486758,0.000000000000,0.403906250000,0.596093750000,0.000000000000,0.000000000000,0.000000000000,0.000000000000,0.000000000000,0;0;0,42.812500000000,18.000000000000,0.318750000000,0.000000000000,0.000000000000
20,no_workspace_persistence,1.791759469228,0.237500000000,0.720572666213,-0.512500000000,1.000000000000,0.380147058824,1.000000000000,1280;1280;1280;1280;1280;1280;480,entity:640;640;640;640;640;640;0|value:640;640;640;640;640;640;0|filler:0;0;0;0;0;0;0|query_marker:0;0;0;0;0;0;160|query_entity:0;0;0;0;0;0;160|context:0;0;0;0;0;0;160,kv_delayed_annealed_curriculum,0.833333333333,0.070833333333,0.166666666667,0.166666666667,0.397461844584,0.031943449350,-0.544443449350,-0.378291669101,160;0;0,3102;0;0,0.000000000000,0.790051486758,0.000000000000,0.403906250000,0.596093750000,0.000000000000,0.000000000000,0.000000000000,0.000000000000,0.000000000000,0;0;0,42.812500000000,18.000000000000,0.318750000000,0.000000000000,0.000000000000
20,no_mechanism_output,1.791759469228,0.237500000000,0.720572666213,-0.512500000000,1.000000000000,0.308088235294,1.000000000000,1280;1280;1280;1280;1280;1280;480,entity:640;640;640;640;640;640;0|value:640;640;640;640;640;640;0|filler:0;0;0;0;0;0;0|query_marker:0;0;0;0;0;0;160|query_entity:0;0;0;0;0;0;160|context:0;0;0;0;0;0;160,kv_delayed_annealed_curriculum,0.833333333333,0.070833333333,0.166666666667,0.166666666667,0.397461844584,0.031943449350,-0.544443449350,-0.378291669101,84;41;35,856;826;832,0.000000000000,0.391663875844,0.000000000000,0.327343750000,0.672656250000,0.202343750000,0.039843750000,0.681250000000,0.681250000000,14.945833333333,268;253;256,42.812500000000,18.000000000000,0.216666666667,0.216666666667,0.681250000000
20,remove_delay_distractors,0.745368363356,0.850000000000,-0.325818439659,0.100000000000,1.000000000000,0.155147058824,1.000000000000,1280;1280;1280;1280;1280;1280;480,entity:640;640;640;640;640;640;0|value:640;640;640;640;640;640;0|filler:0;0;0;0;0;0;0|query_marker:0;0;0;0;0;0;160|query_entity:0;0;0;0;0;0;160|context:0;0;0;0;0;0;160,kv_delayed_annealed_curriculum,0.296201670891,0.129520859002,0.720479140998,0.621121612274,-0.139669817859,0.090630975019,0.009369024981,0.076163276506,52;54;54,428;414;424,0.000000000000,0.345482834643,0.000000000000,0.164843750000,0.835156250000,0.039843750000,0.023958333333,0.818750000000,0.818750000000,20.350000000000,54;47;52,42.812500000000,18.000000000000,0.000000000000,0.000000000000,0.808333333333
20,relevant_looking_delay_distractors,1.740233624166,0.512500000000,0.669046821151,-0.237500000000,1.000000000000,0.711519607843,1.000000000000,1280;1280;1280;1280;1280;1280;480,entity:640;640;640;640;640;640;0|value:640;640;640;640;640;640;0|filler:0;0;0;0;0;0;0|query_marker:0;0;0;0;0;0;160|query_entity:0;0;0;0;0;0;160|context:0;0;0;0;0;0;160,kv_delayed_annealed_curriculum,0.760390104452,0.197369237995,0.709869237995,0.382010309476,0.324518615702,0.158479354012,-0.001240878022,-0.162948026292,67;43;50,2682;1976;1148,0.000000000000,0.457324392846,0.000000000000,0.755989583333,0.244010416667,0.630989583333,0.068229166667,0.462500000000,0.462500000000,13.997916666667,1181;828;414,42.812500000000,18.000000000000,0.788194444444,0.788194444444,0.454166666667
20,reverse_delay_block,1.033989208556,0.762500000000,-0.037197594459,0.012500000000,1.000000000000,0.305882352941,1.000000000000,1280;1280;1280;1280;1280;1280;480,entity:640;640;640;640;640;640;0|value:640;640;640;640;640;640;0|filler:0;0;0;0;0;0;0|query_marker:0;0;0;0;0;0;160|query_entity:0;0;0;0;0;0;160|context:0;0;0;0;0;0;160,kv_delayed_annealed_curriculum,0.417925476179,0.051233786779,0.711266213221,0.554042263608,-0.017946012571,0.012343902796,0.000156097204,0.009083927840,81;42;37,866;796;834,0.000000000000,0.390883695163,0.000000000000,0.325000000000,0.675000000000,0.200000000000,0.039843750000,0.681250000000,0.681250000000,15.175000000000,273;238;257,42.812500000000,18.000000000000,0.213541666667,0.213541666667,0.681250000000
21,intact,1.188597527660,0.706250000000,0.000000000000,0.000000000000,1.000000000000,0.349264705882,1.000000000000,1280;1280;1280;1280;1280;1280;480,entity:640;640;640;640;640;640;0|value:640;640;640;640;640;640;0|filler:0;0;0;0;0;0;0|query_marker:0;0;0;0;0;0;160|query_entity:0;0;0;0;0;0;160|context:0;0;0;0;0;0;160,kv_delayed_annealed_curriculum,0.498078483625,0.085918481550,0.717475792867,0.516998594860,0.000000000000,0.000000000000,0.000000000000,0.000000000000,68;48;44,994;944;912,0.000000000000,0.412728489976,0.000000000000,0.371093750000,0.628906250000,0.246093750000,0.045312500000,0.637500000000,0.637500000000,14.110416666667,337;312;296,42.900000000000,18.000000000000,0.271875000000,0.271875000000,0.637500000000
21,zero_query_context,2.520422991006,0.168750000000,1.331825463345,-0.537500000000,1.000000000000,0.941176470588,1.000000000000,1280;1280;1280;1280;1280;1280;480,entity:640;640;640;640;640;640;0|value:640;640;640;640;640;640;0|filler:0;0;0;0;0;0;0|query_marker:0;0;0;0;0;0;160|query_entity:0;0;0;0;0;0;160|context:0;0;0;0;0;0;160,kv_delayed_annealed_curriculum,1.209671835194,0.560699259057,0.729449259057,0.169339296432,0.711593351569,0.474780777507,0.011973466190,-0.347659298428,81;51;28,2560;2560;2560,0.000000000000,1.284758218220,0.000000000000,1.000000000000,0.000000000000,0.875000000000,0.125000000000,0.000000000000,0.000000000000,1.000000000000,1120;1120;1120,42.900000000000,18.000000000000,1.000000000000,1.000000000000,0.000000000000
21,randomized_retention_actions,1.720023119581,0.537500000000,0.531425591921,-0.168750000000,1.000000000000,0.924509803922,1.000000000000,1280;1280;1280;1280;1280;1280;480,entity:640;640;640;640;640;640;0|value:640;640;640;640;640;640;0|filler:0;0;0;0;0;0;0|query_marker:0;0;0;0;0;0;160|query_entity:0;0;0;0;0;0;160|context:0;0;0;0;0;0;160,kv_delayed_annealed_curriculum,0.826944768563,0.360486907198,0.521768746818,0.289042610614,0.328866284938,0.274568425648,-0.195707046049,-0.227955984247,58;45;57,4284;2918;342,0.000000000000,0.422038531025,0.000000000000,0.982291666667,0.017708333333,0.914062500000,0.080729166667,0.243750000000,0.243750000000,7.862595419847,2040;1356;114,42.900000000000,18.000000000000,1.000000000000,1.000000000000,0.212500000000
21,force_fifo_retention,2.520422991006,0.168750000000,1.331825463345,-0.537500000000,1.000000000000,0.941176470588,1.000000000000,1280;1280;1280;1280;1280;1280;480,entity:640;640;640;640;640;640;0|value:640;640;640;640;640;640;0|filler:0;0;0;0;0;0;0|query_marker:0;0;0;0;0;0;160|query_entity:0;0;0;0;0;0;160|context:0;0;0;0;0;0;160,kv_delayed_annealed_curriculum,1.209671835194,0.560699259057,0.729449259057,0.169339296432,0.711593351569,0.474780777507,0.011973466190,-0.347659298428,81;51;28,2560;2560;2560,0.000000000000,0.397022288685,0.000000000000,1.000000000000,0.000000000000,0.875000000000,0.125000000000,0.000000000000,0.000000000000,1.000000000000,1120;1120;1120,42.900000000000,18.000000000000,1.000000000000,1.000000000000,0.000000000000
21,force_relevant_eviction,2.231406902517,0.087500000000,1.042809374857,-0.618750000000,1.000000000000,0.407352941176,1.000000000000,1280;1280;1280;1280;1280;1280;480,entity:640;640;640;640;640;640;0|value:640;640;640;640;640;640;0|filler:0;0;0;0;0;0;0|query_marker:0;0;0;0;0;0;160|query_entity:0;0;0;0;0;0;160|context:0;0;0;0;0;0;160,kv_delayed_annealed_curriculum,1.031508600642,0.371651496149,0.459151496149,0.167000642944,0.533430117018,0.285733014599,-0.258324296718,-0.349997951916,54;33;73,1352;1114;858,0.000000000000,0.528487345961,0.000000000000,0.432812500000,0.567187500000,0.332031250000,0.125000000000,0.000000000000,0.000000000000,11.914728682171,516;413;346,42.900000000000,18.000000000000,0.296180555556,0.296180555556,0.000000000000
21,permuted_context_labels,2.534596362262,0.156250000000,1.345998834602,-0.550000000000,1.000000000000,0.504656862745,1.000000000000,1280;1280;1280;1280;1280;1280;480,entity:640;640;640;640;640;640;0|value:640;640;640;640;640;640;0|filler:0;0;0;0;0;0;0|query_marker:0;0;0;0;0;0;160|query_entity:0;0;0;0;0;0;160|context:0;0;0;0;0;0;160,kv_delayed_annealed_curriculum,1.230355406981,0.574059121940,0.715725788607,0.155697153215,0.732276923356,0.488140640390,-0.001750004260,-0.361301441646,125;21;14,1488;1416;1214,0.000000000000,0.681794728799,0.000000000000,0.536197916667,0.463802083333,0.414583333333,0.030989583333,0.000000000000,0.000000000000,3.438972162741,588;552;452,42.900000000000,18.000000000000,0.566319444444,0.511458333333,0.000000000000
21,disable_retention_skip,2.545638727342,0.150000000000,1.357041199681,-0.556250000000,1.000000000000,0.941176470588,1.000000000000,1280;1280;1280;1280;1280;1280;480,entity:640;640;640;640;640;640;0|value:640;640;640;640;640;640;0|filler:0;0;0;0;0;0;0|query_marker:0;0;0;0;0;0;160|query_entity:0;0;0;0;0;0;160|context:0;0;0;0;0;0;160,kv_delayed_annealed_curriculum,1.231977222459,0.576766980156,0.726766980156,0.156340972318,0.733898738834,0.490848498606,0.009291187289,-0.360657622542,75;54;31,2684;2548;2448,0.000000000000,0.406627846987,0.000000000000,1.000000000000,0.000000000000,0.875000000000,0.125000000000,0.000000000000,0.000000000000,1.337500000000,1182;1114;1064,42.900000000000,18.000000000000,1.000000000000,1.000000000000,0.000000000000
21,no_workspace_writes,1.791759469228,0.243750000000,0.603161941568,-0.462500000000,1.000000000000,0.416176470588,1.000000000000,1280;1280;1280;1280;1280;1280;480,entity:640;640;640;640;640;640;0|value:640;640;640;640;640;640;0|filler:0;0;0;0;0;0;0|query_marker:0;0;0;0;0;0;160|query_entity:0;0;0;0;0;0;160|context:0;0;0;0;0;0;160,kv_delayed_annealed_curriculum,0.833333333333,0.077083333333,0.166666666667,0.166666666667,0.335254849709,-0.008835148217,-0.550809126200,-0.350331928194,160;0;0,3396;0;0,0.000000000000,0.782452595424,0.000000000000,0.442187500000,0.557812500000,0.000000000000,0.000000000000,0.000000000000,0.000000000000,0.000000000000,0;0;0,42.900000000000,18.000000000000,0.362500000000,0.000000000000,0.000000000000
21,no_workspace_persistence,1.791759469228,0.243750000000,0.603161941568,-0.462500000000,1.000000000000,0.416176470588,1.000000000000,1280;1280;1280;1280;1280;1280;480,entity:640;640;640;640;640;640;0|value:640;640;640;640;640;640;0|filler:0;0;0;0;0;0;0|query_marker:0;0;0;0;0;0;160|query_entity:0;0;0;0;0;0;160|context:0;0;0;0;0;0;160,kv_delayed_annealed_curriculum,0.833333333333,0.077083333333,0.166666666667,0.166666666667,0.335254849709,-0.008835148217,-0.550809126200,-0.350331928194,160;0;0,3396;0;0,0.000000000000,0.782452595424,0.000000000000,0.442187500000,0.557812500000,0.000000000000,0.000000000000,0.000000000000,0.000000000000,0.000000000000,0;0;0,42.900000000000,18.000000000000,0.362500000000,0.000000000000,0.000000000000
21,no_mechanism_output,1.791759469228,0.243750000000,0.603161941568,-0.462500000000,1.000000000000,0.349264705882,1.000000000000,1280;1280;1280;1280;1280;1280;480,entity:640;640;640;640;640;640;0|value:640;640;640;640;640;640;0|filler:0;0;0;0;0;0;0|query_marker:0;0;0;0;0;0;160|query_entity:0;0;0;0;0;0;160|context:0;0;0;0;0;0;160,kv_delayed_annealed_curriculum,0.833333333333,0.077083333333,0.166666666667,0.166666666667,0.335254849709,-0.008835148217,-0.550809126200,-0.350331928194,68;48;44,994;944;912,0.000000000000,0.412728489976,0.000000000000,0.371093750000,0.628906250000,0.246093750000,0.045312500000,0.637500000000,0.637500000000,14.110416666667,337;312;296,42.900000000000,18.000000000000,0.271875000000,0.271875000000,0.637500000000
21,remove_delay_distractors,0.855196834482,0.812500000000,-0.333400693178,0.106250000000,1.000000000000,0.157352941176,1.000000000000,1280;1280;1280;1280;1280;1280;480,entity:640;640;640;640;640;640;0|value:640;640;640;640;640;640;0|filler:0;0;0;0;0;0;0|query_marker:0;0;0;0;0;0;160|query_entity:0;0;0;0;0;0;160|context:0;0;0;0;0;0;160,kv_delayed_annealed_curriculum,0.348093520145,0.089727940197,0.722772059803,0.595645031334,-0.149984963480,0.003809458647,0.005296266936,0.078646436474,47;53;60,448;420;416,0.000000000000,0.375471234462,0.000000000000,0.167187500000,0.832812500000,0.042187500000,0.030208333333,0.762500000000,0.762500000000,20.281250000000,64;50;48,42.900000000000,18.000000000000,0.000000000000,0.000000000000,0.758333333333
21,relevant_looking_delay_distractors,1.587233810068,0.531250000000,0.398636282408,-0.175000000000,1.000000000000,0.742647058824,1.000000000000,1280;1280;1280;1280;1280;1280;480,entity:640;640;640;640;640;640;0|value:640;640;640;640;640;640;0|filler:0;0;0;0;0;0;0|query_marker:0;0;0;0;0;0;160|query_entity:0;0;0;0;0;0;160|context:0;0;0;0;0;0;160,kv_delayed_annealed_curriculum,0.726540887864,0.189853266474,0.721103266474,0.405252767950,0.228462404239,0.103934784923,0.003627473606,-0.111745826910,68;41;51,2248;2260;1552,0.000000000000,0.489515426329,0.000000000000,0.789062500000,0.210937500000,0.664062500000,0.071875000000,0.431250000000,0.431250000000,11.306250000000,964;970;616,42.900000000000,18.000000000000,0.829166666667,0.829166666667,0.425000000000
21,reverse_delay_block,1.144327149246,0.725000000000,-0.044270378414,0.018750000000,1.000000000000,0.348529411765,1.000000000000,1280;1280;1280;1280;1280;1280;480,entity:640;640;640;640;640;640;0|value:640;640;640;640;640;640;0|filler:0;0;0;0;0;0;0|query_marker:0;0;0;0;0;0;160|query_entity:0;0;0;0;0;0;160|context:0;0;0;0;0;0;160,kv_delayed_annealed_curriculum,0.473977253043,0.077876624049,0.719565995114,0.530486157603,-0.024101230582,-0.008041857501,0.002090202247,0.013487562743,75;42;43,950;956;938,0.000000000000,0.413251791292,0.000000000000,0.370312500000,0.629687500000,0.245312500000,0.045312500000,0.637500000000,0.637500000000,14.200000000000,315;318;309,42.900000000000,18.000000000000,0.270833333333,0.270833333333,0.637500000000
22,intact,0.003916112690,1.000000000000,0.000000000000,0.000000000000,1.000000000000,0.142892156863,1.000000000000,1280;1280;1280;1280;1280;1280;480,entity:640;640;640;640;640;640;0|value:640;640;640;640;640;640;0|filler:0;0;0;0;0;0;0|query_marker:0;0;0;0;0;0;160|query_entity:0;0;0;0;0;0;160|context:0;0;0;0;0;0;160,kv_delayed_annealed_curriculum,0.000018346865,0.003908451253,0.996091548747,0.996091548747,0.000000000000,0.000000000000,0.000000000000,0.000000000000,51;55;54,384;382;400,0.000000000000,0.129508435628,0.000000000000,0.151822916667,0.848177083333,0.026822916667,0.000000000000,1.000000000000,1.000000000000,20.627083333333,32;31;40,43.112500000000,18.000000000000,0.000000000000,0.000000000000,1.000000000000
22,zero_query_context,3.174052798527,0.556250000000,3.170136685837,-0.443750000000,1.000000000000,0.117647058824,1.000000000000,1280;1280;1280;1280;1280;1280;480,entity:640;640;640;640;640;640;0|value:640;640;640;640;640;640;0|filler:0;0;0;0;0;0;0|query_marker:0;0;0;0;0;0;160|query_entity:0;0;0;0;0;0;160|context:0;0;0;0;0;0;160,kv_delayed_annealed_curriculum,0.883359156582,0.439843123519,0.996093123519,0.554422711149,0.883340809717,0.435934672267,0.000001574772,-0.441668837599,66;51;43,320;320;320,0.000000000000,0.364204103887,0.000000000000,0.125000000000,0.875000000000,0.000000000000,0.000000000000,0.481250000000,0.481250000000,22.000000000000,0;0;0,43.112500000000,18.000000000000,0.000000000000,0.000000000000,0.529166666667
22,randomized_retention_actions,3.112335409806,0.518750000000,3.108419297117,-0.481250000000,1.000000000000,0.889215686275,1.000000000000,1280;1280;1280;1280;1280;1280;480,entity:640;640;640;640;640;640;0|value:640;640;640;640;640;640;0|filler:0;0;0;0;0;0;0|query_marker:0;0;0;0;0;0;160|query_entity:0;0;0;0;0;0;160|context:0;0;0;0;0;0;160,kv_delayed_annealed_curriculum,1.011568340587,0.531139039778,0.633222373111,0.309735009958,1.011549993722,0.527230588525,-0.362869175636,-0.686356538790,58;74;28,3890;3004;362,0.000000000000,0.687204584302,0.000000000000,0.944791666667,0.055208333333,0.876562500000,0.077604166667,0.175000000000,0.175000000000,7.637404580153,1843;1378;145,43.112500000000,18.000000000000,0.963541666667,0.963541666667,0.187500000000
22,force_fifo_retention,5.772777126109,0.193750000000,5.768861013419,-0.806250000000,1.000000000000,0.941176470588,1.000000000000,1280;1280;1280;1280;1280;1280;480,entity:640;640;640;640;640;640;0|value:640;640;640;640;640;640;0|filler:0;0;0;0;0;0;0|query_marker:0;0;0;0;0;0;160|query_entity:0;0;0;0;0;0;160|context:0;0;0;0;0;0;160,kv_delayed_annealed_curriculum,1.605012119427,0.802370056695,0.996120056695,0.193623036196,1.604993772562,0.798461605442,0.000028507947,-0.802468512552,87;46;27,2560;2560;2560,0.000000000000,0.205046997874,0.000000000000,1.000000000000,0.000000000000,0.875000000000,0.125000000000,0.000000000000,0.000000000000,1.000000000000,1120;1120;1120,43.112500000000,18.000000000000,1.000000000000,1.000000000000,0.000000000000
22,force_relevant_eviction,4.375399229912,0.112500000000,4.371483117222,-0.887500000000,1.000000000000,0.223529411765,1.000000000000,1280;1280;1280;1280;1280;1280;480,entity:640;640;640;640;640;640;0|value:640;640;640;640;640;640;0|filler:0;0;0;0;0;0;0|query_marker:0;0;0;0;0;0;160|query_entity:0;0;0;0;0;0;160|context:0;0;0;0;0;0;160,kv_delayed_annealed_curriculum,1.339960930126,0.577750872385,0.690250872385,0.173921985646,1.339942583262,0.573842421133,-0.305840676362,-0.822169563102,49;52;59,770;606;448,0.000000000000,0.387520024300,0.000000000000,0.237500000000,0.762500000000,0.132812500000,0.125000000000,0.000000000000,0.000000000000,19.487562189055,225;162;123,43.112500000000,18.000000000000,0.030208333333,0.026388888889,0.000000000000
22,permuted_context_labels,5.748041816246,0.187500000000,5.744125703556,-0.812500000000,1.000000000000,0.427941176471,1.000000000000,1280;1280;1280;1280;1280;1280;480,entity:640;640;640;640;640;640;0|value:640;640;640;640;640;640;0|filler:0;0;0;0;0;0;0|query_marker:0;0;0;0;0;0;160|query_entity:0;0;0;0;0;0;160|context:0;0;0;0;0;0;160,kv_delayed_annealed_curriculum,1.602981183900,0.798248149538,0.985748149538,0.189474834723,1.602962837036,0.794339698286,-0.010343399209,-0.806616714025,124;27;9,904;794;1794,0.000000000000,0.350572505397,0.000000000000,0.454687500000,0.545312500000,0.330729166667,0.019270833333,0.006250000000,0.006250000000,13.235294117647,293;238;739,43.112500000000,18.000000000000,0.472916666667,0.426388888889,0.006250000000
22,disable_retention_skip,5.772999120909,0.193750000000,5.769083008219,-0.806250000000,1.000000000000,0.941176470588,1.000000000000,1280;1280;1280;1280;1280;1280;480,entity:640;640;640;640;640;640;0|value:640;640;640;640;640;640;0|filler:0;0;0;0;0;0;0|query_marker:0;0;0;0;0;0;160|query_entity:0;0;0;0;0;0;160|context:0;0;0;0;0;0;160,kv_delayed_annealed_curriculum,1.605019199617,0.802375542447,0.996125542447,0.193624956357,1.605000852752,0.798467091195,0.000033993700,-0.802466592390,88;43;29,2712;2530;2438,0.000000000000,0.199547366475,0.000000000000,1.000000000000,0.000000000000,0.875000000000,0.125000000000,0.000000000000,0.000000000000,1.000000000000,1196;1105;1059,43.112500000000,18.000000000000,1.000000000000,1.000000000000,0.000000000000
22,no_workspace_writes,1.791759469228,0.281250000000,1.787843356538,-0.718750000000,1.000000000000,0.464460784314,1.000000000000,1280;1280;1280;1280;1280;1280;480,entity:640;640;640;640;640;640;0|value:640;640;640;640;640;640;0|filler:0;0;0;0;0;0;0|query_marker:0;0;0;0;0;0;160|query_entity:0;0;0;0;0;0;160|context:0;0;0;0;0;0;160,kv_delayed_annealed_curriculum,0.833333333333,0.114583333333,0.166666666667,0.166666666667,0.833314986469,0.110674882081,-0.829424882081,-0.829424882081,160;0;0,3790;0;0,0.000000000000,1.206953801736,0.000000000000,0.493489583333,0.506510416667,0.000000000000,0.000000000000,0.000000000000,0.000000000000,0.000000000000,0;0;0,43.112500000000,18.000000000000,0.420833333333,0.000000000000,0.000000000000
22,no_workspace_persistence,1.791759469228,0.281250000000,1.787843356538,-0.718750000000,1.000000000000,0.464460784314,1.000000000000,1280;1280;1280;1280;1280;1280;480,entity:640;640;640;640;640;640;0|value:640;640;640;640;640;640;0|filler:0;0;0;0;0;0;0|query_marker:0;0;0;0;0;0;160|query_entity:0;0;0;0;0;0;160|context:0;0;0;0;0;0;160,kv_delayed_annealed_curriculum,0.833333333333,0.114583333333,0.166666666667,0.166666666667,0.833314986469,0.110674882081,-0.829424882081,-0.829424882081,160;0;0,3790;0;0,0.000000000000,1.206953801736,0.000000000000,0.493489583333,0.506510416667,0.000000000000,0.000000000000,0.000000000000,0.000000000000,0.000000000000,0;0;0,43.112500000000,18.000000000000,0.420833333333,0.000000000000,0.000000000000
22,no_mechanism_output,1.791759469228,0.281250000000,1.787843356538,-0.718750000000,1.000000000000,0.142892156863,1.000000000000,1280;1280;1280;1280;1280;1280;480,entity:640;640;640;640;640;640;0|value:640;640;640;640;640;640;0|filler:0;0;0;0;0;0;0|query_marker:0;0;0;0;0;0;160|query_entity:0;0;0;0;0;0;160|context:0;0;0;0;0;0;160,kv_delayed_annealed_curriculum,0.833333333333,0.114583333333,0.166666666667,0.166666666667,0.833314986469,0.110674882081,-0.829424882081,-0.829424882081,51;55;54,384;382;400,0.000000000000,0.129508435628,0.000000000000,0.151822916667,0.848177083333,0.026822916667,0.000000000000,1.000000000000,1.000000000000,20.627083333333,32;31;40,43.112500000000,18.000000000000,0.000000000000,0.000000000000,1.000000000000
22,remove_delay_distractors,0.003916112690,1.000000000000,0.000000000000,0.000000000000,1.000000000000,0.142892156863,1.000000000000,1280;1280;1280;1280;1280;1280;480,entity:640;640;640;640;640;640;0|value:640;640;640;640;640;640;0|filler:0;0;0;0;0;0;0|query_marker:0;0;0;0;0;0;160|query_entity:0;0;0;0;0;0;160|context:0;0;0;0;0;0;160,kv_delayed_annealed_curriculum,0.000018346865,0.003908451253,0.996091548747,0.996091548747,0.000000000000,0.000000000000,0.000000000000,0.000000000000,51;55;54,384;382;400,0.000000000000,0.129508435628,0.000000000000,0.151822916667,0.848177083333,0.026822916667,0.000000000000,1.000000000000,1.000000000000,20.627083333333,32;31;40,43.112500000000,18.000000000000,0.000000000000,0.000000000000,1.000000000000
22,relevant_looking_delay_distractors,2.370401212772,0.668750000000,2.366485100082,-0.331250000000,1.000000000000,0.848774509804,1.000000000000,1280;1280;1280;1280;1280;1280;480,entity:640;640;640;640;640;640;0|value:640;640;640;640;640;640;0|filler:0;0;0;0;0;0;0|query_marker:0;0;0;0;0;0;160|query_entity:0;0;0;0;0;0;160|context:0;0;0;0;0;0;160,kv_delayed_annealed_curriculum,0.659423352704,0.327350493784,0.996100493784,0.666397948663,0.659405005839,0.323442042531,0.000008945036,-0.329693600084,65;72;23,1500;1066;4360,0.000000000000,0.167526515166,0.000000000000,0.901822916667,0.098177083333,0.776822916667,0.041666666667,0.637500000000,0.637500000000,14.341666666667,590;373;2020,43.112500000000,18.000000000000,1.000000000000,1.000000000000,0.666666666667
22,reverse_delay_block,0.003916112690,1.000000000000,0.000000000000,0.000000000000,1.000000000000,0.142892156863,1.000000000000,1280;1280;1280;1280;1280;1280;480,entity:640;640;640;640;640;640;0|value:640;640;640;640;640;640;0|filler:0;0;0;0;0;0;0|query_marker:0;0;0;0;0;0;160|query_entity:0;0;0;0;0;0;160|context:0;0;0;0;0;0;160,kv_delayed_annealed_curriculum,0.000018346865,0.003908451253,0.996091548747,0.996091548747,0.000000000000,0.000000000000,0.000000000000,0.000000000000,51;55;54,384;382;400,0.000000000000,0.129508439295,0.000000000000,0.151822916667,0.848177083333,0.026822916667,0.000000000000,1.000000000000,1.000000000000,20.627083333333,32;31;40,43.112500000000,18.000000000000,0.000000000000,0.000000000000,1.000000000000
23,intact,1.043519974698,0.756250000000,0.000000000000,0.000000000000,1.000000000000,0.362990196078,1.000000000000,1280;1280;1280;1280;1280;1280;480,entity:640;640;640;640;640;640;0|value:640;640;640;640;640;640;0|filler:0;0;0;0;0;0;0|query_marker:0;0;0;0;0;0;160|query_entity:0;0;0;0;0;0;160|context:0;0;0;0;0;0;160,kv_delayed_annealed_curriculum,0.431466809500,0.110961144461,0.703905959736,0.541616371552,0.000000000000,0.000000000000,0.000000000000,0.000000000000,65;44;51,962;990;1010,0.000000000000,0.424567113259,0.000000000000,0.385677083333,0.614322916667,0.260677083333,0.028645833333,0.650000000000,0.650000000000,14.433333333333,321;335;345,42.950000000000,18.000000000000,0.309375000000,0.309375000000,0.650000000000
23,zero_query_context,2.572000456374,0.125000000000,1.528480481676,-0.631250000000,1.000000000000,0.941176470588,1.000000000000,1280;1280;1280;1280;1280;1280;480,entity:640;640;640;640;640;640;0|value:640;640;640;640;640;640;0|filler:0;0;0;0;0;0;0|query_marker:0;0;0;0;0;0;160|query_entity:0;0;0;0;0;0;160|context:0;0;0;0;0;0;160,kv_delayed_annealed_curriculum,1.241286740290,0.585042019382,0.710042019382,0.140690501805,0.809819930789,0.474080874921,0.006136059646,-0.400925869747,84;44;32,2560;2560;2560,0.000000000000,1.285306819816,0.000000000000,1.000000000000,0.000000000000,0.875000000000,0.125000000000,0.000000000000,0.000000000000,1.000000000000,1120;1120;1120,42.950000000000,18.000000000000,1.000000000000,1.000000000000,0.000000000000
23,randomized_retention_actions,1.652754452455,0.325000000000,0.609234477757,-0.431250000000,1.000000000000,0.920833333333,1.000000000000,1280;1280;1280;1280;1280;1280;480,entity:640;640;640;640;640;640;0|value:640;640;640;640;640;640;0|filler:0;0;0;0;0;0;0|query_marker:0;0;0;0;0;0;160|query_entity:0;0;0;0;0;0;160|context:0;0;0;0;0;0;160,kv_delayed_annealed_curriculum,0.786405190430,0.192097649840,0.517097649840,0.304043351205,0.354938380930,0.081136505379,-0.186808309896,-0.237573020347,56;58;46,4368;2870;276,0.000000000000,0.441621381561,0.000000000000,0.978385416667,0.021614583333,0.909635416667,0.076302083333,0.293750000000,0.293750000000,8.121212121212,2080;1321;92,42.950000000000,18.000000000000,1.000000000000,1.000000000000,0.216666666667
23,force_fifo_retention,2.572000456374,0.125000000000,1.528480481676,-0.631250000000,1.000000000000,0.941176470588,1.000000000000,1280;1280;1280;1280;1280;1280;480,entity:640;640;640;640;640;640;0|value:640;640;640;640;640;640;0|filler:0;0;0;0;0;0;0|query_marker:0;0;0;0;0;0;160|query_entity:0;0;0;0;0;0;160|context:0;0;0;0;0;0;160,kv_delayed_annealed_curriculum,1.241286740290,0.585042019382,0.710042019382,0.140690501805,0.809819930789,0.474080874921,0.006136059646,-0.400925869747,84;44;32,2560;2560;2560,0.000000000000,0.405221838901,0.000000000000,1.000000000000,0.000000000000,0.875000000000,0.125000000000,0.000000000000,0.000000000000,1.000000000000,1120;1120;1120,42.950000000000,18.000000000000,1.000000000000,1.000000000000,0.000000000000
23,force_relevant_eviction,2.067400974996,0.293750000000,1.023881000298,-0.462500000000,1.000000000000,0.420588235294,1.000000000000,1280;1280;1280;1280;1280;1280;480,entity:640;640;640;640;640;640;0|value:640;640;640;640;640;640;0|filler:0;0;0;0;0;0;0|query_marker:0;0;0;0;0;0;160|query_entity:0;0;0;0;0;0;160|context:0;0;0;0;0;0;160,kv_delayed_annealed_curriculum,0.951029540623,0.304377432958,0.416877432958,0.190628623186,0.519562731123,0.193416288497,-0.287028526778,-0.350987748367,49;32;79,1386;1198;848,0.000000000000,0.577907795177,0.000000000000,0.446875000000,0.553125000000,0.348177083333,0.116145833333,0.000000000000,0.000000000000,12.105540897098,533;453;351,42.950000000000,18.000000000000,0.329166666667,0.329166666667,0.000000000000
23,permuted_context_labels,2.397051021345,0.193750000000,1.353531046647,-0.562500000000,1.000000000000,0.477941176471,1.000000000000,1280;1280;1280;1280;1280;1280;480,entity:640;640;640;640;640;640;0|value:640;640;640;640;640;640;0|filler:0;0;0;0;0;0;0|query_marker:0;0;0;0;0;0;160|query_entity:0;0;0;0;0;0;160|context:0;0;0;0;0;0;160,kv_delayed_annealed_curriculum,1.151276602830,0.510996162628,0.704746162628,0.186929335600,0.719809793330,0.400035018167,0.000840202892,-0.354687035952,131;16;13,1398;1274;1228,0.000000000000,0.659511093886,0.000000000000,0.507812500000,0.492187500000,0.385937500000,0.039062500000,0.012500000000,0.012500000000,4.072649572650,543;481;458,42.950000000000,18.000000000000,0.524305555556,0.473611111111,0.008333333333
23,disable_retention_skip,2.317355239746,0.218750000000,1.273835265048,-0.537500000000,1.000000000000,0.941176470588,1.000000000000,1280;1280;1280;1280;1280;1280;480,entity:640;640;640;640;640;640;0|value:640;640;640;640;640;640;0|filler:0;0;0;0;0;0;0|query_marker:0;0;0;0;0;0;160|query_entity:0;0;0;0;0;0;160|context:0;0;0;0;0;0;160,kv_delayed_annealed_curriculum,1.116454098071,0.494275608323,0.713025608323,0.205193140067,0.684987288571,0.383314463862,0.009119648588,-0.336423231485,90;39;31,2718;2508;2454,0.000000000000,0.421599374887,0.000000000000,1.000000000000,0.000000000000,0.875000000000,0.125000000000,0.000000000000,0.000000000000,1.547916666667,1199;1094;1067,42.950000000000,18.000000000000,1.000000000000,1.000000000000,0.000000000000
23,no_workspace_writes,1.791759469228,0.218750000000,0.748239494530,-0.537500000000,1.000000000000,0.405882352941,1.000000000000,1280;1280;1280;1280;1280;1280;480,entity:640;640;640;640;640;640;0|value:640;640;640;640;640;640;0|filler:0;0;0;0;0;0;0|query_marker:0;0;0;0;0;0;160|query_entity:0;0;0;0;0;0;160|context:0;0;0;0;0;0;160,kv_delayed_annealed_curriculum,0.833333333333,0.052083333333,0.166666666667,0.166666666667,0.401866523833,-0.058877811127,-0.537239293069,-0.374949704886,160;0;0,3312;0;0,0.000000000000,0.837632451398,0.000000000000,0.431250000000,0.568750000000,0.000000000000,0.000000000000,0.000000000000,0.000000000000,0.000000000000,0;0;0,42.950000000000,18.000000000000,0.350000000000,0.000000000000,0.000000000000
23,no_workspace_persistence,1.791759469228,0.218750000000,0.748239494530,-0.537500000000,1.000000000000,0.405882352941,1.000000000000,1280;1280;1280;1280;1280;1280;480,entity:640;640;640;640;640;640;0|value:640;640;640;640;640;640;0|filler:0;0;0;0;0;0;0|query_marker:0;0;0;0;0;0;160|query_entity:0;0;0;0;0;0;160|context:0;0;0;0;0;0;160,kv_delayed_annealed_curriculum,0.833333333333,0.052083333333,0.166666666667,0.166666666667,0.401866523833,-0.058877811127,-0.537239293069,-0.374949704886,160;0;0,3312;0;0,0.000000000000,0.837632451398,0.000000000000,0.431250000000,0.568750000000,0.000000000000,0.000000000000,0.000000000000,0.000000000000,0.000000000000,0;0;0,42.950000000000,18.000000000000,0.350000000000,0.000000000000,0.000000000000
23,no_mechanism_output,1.791759469228,0.218750000000,0.748239494530,-0.537500000000,1.000000000000,0.362990196078,1.000000000000,1280;1280;1280;1280;1280;1280;480,entity:640;640;640;640;640;640;0|value:640;640;640;640;640;640;0|filler:0;0;0;0;0;0;0|query_marker:0;0;0;0;0;0;160|query_entity:0;0;0;0;0;0;160|context:0;0;0;0;0;0;160,kv_delayed_annealed_curriculum,0.833333333333,0.052083333333,0.166666666667,0.166666666667,0.401866523833,-0.058877811127,-0.537239293069,-0.374949704886,65;44;51,962;990;1010,0.000000000000,0.424567113259,0.000000000000,0.385677083333,0.614322916667,0.260677083333,0.028645833333,0.650000000000,0.650000000000,14.433333333333,321;335;345,42.950000000000,18.000000000000,0.309375000000,0.309375000000,0.650000000000
23,remove_delay_distractors,1.114427058132,0.731250000000,0.070907083434,-0.025000000000,1.000000000000,0.144607843137,1.000000000000,1280;1280;1280;1280;1280;1280;480,entity:640;640;640;640;640;640;0|value:640;640;640;640;640;640;0|filler:0;0;0;0;0;0;0|query_marker:0;0;0;0;0;0;160|query_entity:0;0;0;0;0;0;160|context:0;0;0;0;0;0;160,kv_delayed_annealed_curriculum,0.466464455252,0.135370653164,0.703265128737,0.523685979463,0.034997645752,0.024409508703,-0.000640830998,-0.017930392089,50;50;60,394;404;382,0.000000000000,0.353062214707,0.000000000000,0.153645833333,0.846354166667,0.028645833333,0.027604166667,0.668750000000,0.668750000000,20.487500000000,37;42;31,42.950000000000,18.000000000000,0.000000000000,0.000000000000,0.658333333333
23,relevant_looking_delay_distractors,1.634424945128,0.518750000000,0.590904970430,-0.237500000000,1.000000000000,0.643382352941,1.000000000000,1280;1280;1280;1280;1280;1280;480,entity:640;640;640;640;640;640;0|value:640;640;640;640;640;640;0|filler:0;0;0;0;0;0;0|query_marker:0;0;0;0;0;0;160|query_entity:0;0;0;0;0;0;160|context:0;0;0;0;0;0;160,kv_delayed_annealed_curriculum,0.738147871364,0.185026544626,0.703776544626,0.388141971731,0.306681061863,0.074065400165,-0.000129415110,-0.153474399821,53;50;57,1996;1890;1364,0.000000000000,0.414533582499,0.000000000000,0.683593750000,0.316406250000,0.558593750000,0.055729166667,0.443750000000,0.443750000000,14.539583333333,838;785;522,42.950000000000,18.000000000000,0.706597222222,0.706597222222,0.433333333333
23,reverse_delay_block,1.208324988162,0.700000000000,0.164805013464,-0.056250000000,1.000000000000,0.362745098039,1.000000000000,1280;1280;1280;1280;1280;1280;480,entity:640;640;640;640;640;640;0|value:640;640;640;640;640;640;0|filler:0;0;0;0;0;0;0|query_marker:0;0;0;0;0;0;160|query_entity:0;0;0;0;0;0;160|context:0;0;0;0;0;0;160,kv_delayed_annealed_curriculum,0.507984874462,0.094215970069,0.699873204207,0.500648413717,0.076518064962,-0.016745174392,-0.004032755529,-0.040967957835,71;41;48,988;972;1000,0.000000000000,0.424998827229,0.000000000000,0.385416666667,0.614583333333,0.260416666667,0.028645833333,0.650000000000,0.650000000000,14.275000000000,334;326;340,42.950000000000,18.000000000000,0.309027777778,0.309027777778,0.650000000000
24,intact,1.229966220418,0.675000000000,0.000000000000,0.000000000000,1.000000000000,0.401470588235,1.000000000000,1280;1280;1280;1280;1280;1280;480,entity:640;640;640;640;640;640;0|value:640;640;640;640;640;640;0|filler:0;0;0;0;0;0;0|query_marker:0;0;0;0;0;0;160|query_entity:0;0;0;0;0;0;160|context:0;0;0;0;0;0;160,kv_delayed_annealed_curriculum,0.534082192009,0.070343239067,0.710872462502,0.494524280905,0.000000000000,0.000000000000,0.000000000000,0.000000000000,79;39;42,1134;1030;1112,0.000000000000,0.475541798568,0.000000000000,0.426562500000,0.573437500000,0.301562500000,0.033593750000,0.606250000000,0.606250000000,13.483333333333,407;355;396,43.150000000000,18.000000000000,0.357291666667,0.357291666667,0.606250000000
24,zero_query_context,2.531963842325,0.156250000000,1.301997621906,-0.518750000000,1.000000000000,0.941176470588,1.000000000000,1280;1280;1280;1280;1280;1280;480,entity:640;640;640;640;640;640;0|value:640;640;640;640;640;640;0|filler:0;0;0;0;0;0;0|query_marker:0;0;0;0;0;0;160|query_entity:0;0;0;0;0;0;160|context:0;0;0;0;0;0;160,kv_delayed_annealed_curriculum,1.214258127168,0.561104414306,0.717354414306,0.158742397895,0.680175935159,0.490761175239,0.006481951804,-0.335781883010,89;44;27,2560;2560;2560,0.000000000000,1.286845220767,0.000000000000,1.000000000000,0.000000000000,0.875000000000,0.125000000000,0.000000000000,0.000000000000,1.000000000000,1120;1120;1120,43.150000000000,18.000000000000,1.000000000000,1.000000000000,0.000000000000
24,randomized_retention_actions,1.876523569967,0.462500000000,0.646557349548,-0.212500000000,1.000000000000,0.925735294118,1.000000000000,1280;1280;1280;1280;1280;1280;480,entity:640;640;640;640;640;640;0|value:640;640;640;640;640;640;0|filler:0;0;0;0;0;0;0|query_marker:0;0;0;0;0;0;160|query_entity:0;0;0;0;0;0;160|context:0;0;0;0;0;0;160,kv_delayed_annealed_curriculum,0.896764345038,0.384058311481,0.502808311481,0.247150787586,0.362682153030,0.313715072414,-0.208064151021,-0.247373493319,63;38;59,4074;3126;354,0.000000000000,0.469189934500,0.000000000000,0.983593750000,0.016406250000,0.916666666667,0.083333333333,0.175000000000,0.175000000000,7.603112840467,1940;1462;118,43.150000000000,18.000000000000,1.000000000000,1.000000000000,0.202083333333
24,force_fifo_retention,2.531963842325,0.156250000000,1.301997621906,-0.518750000000,1.000000000000,0.941176470588,1.000000000000,1280;1280;1280;1280;1280;1280;480,entity:640;640;640;640;640;640;0|value:640;640;640;640;640;640;0|filler:0;0;0;0;0;0;0|query_marker:0;0;0;0;0;0;160|query_entity:0;0;0;0;0;0;160|context:0;0;0;0;0;0;160,kv_delayed_annealed_curriculum,1.214258127168,0.561104414306,0.717354414306,0.158742397895,0.680175935159,0.490761175239,0.006481951804,-0.335781883010,89;44;27,2560;2560;2560,0.000000000000,0.451688292323,0.000000000000,1.000000000000,0.000000000000,0.875000000000,0.125000000000,0.000000000000,0.000000000000,1.000000000000,1120;1120;1120,43.150000000000,18.000000000000,1.000000000000,1.000000000000,0.000000000000
24,force_relevant_eviction,2.148236419506,0.106250000000,0.918270199088,-0.568750000000,1.000000000000,0.456372549020,1.000000000000,1280;1280;1280;1280;1280;1280;480,entity:640;640;640;640;640;640;0|value:640;640;640;640;640;640;0|filler:0;0;0;0;0;0;0|query_marker:0;0;0;0;0;0;160|query_entity:0;0;0;0;0;0;160|context:0;0;0;0;0;0;160,kv_delayed_annealed_curriculum,1.002911331809,0.351074159650,0.457324159650,0.178760275078,0.468829139800,0.280730920583,-0.253548302852,-0.315764005827,47;46;67,1506;1230;988,0.000000000000,0.621041943042,0.000000000000,0.484895833333,0.515104166667,0.385677083333,0.117708333333,0.000000000000,0.000000000000,11.062992125984,593;478;410,43.150000000000,18.000000000000,0.376388888889,0.376388888889,0.000000000000
24,permuted_context_labels,2.400310571168,0.193750000000,1.170344350750,-0.481250000000,1.000000000000,0.474019607843,1.000000000000,1280;1280;1280;1280;1280;1280;480,entity:640;640;640;640;640;640;0|value:640;640;640;640;640;640;0|filler:0;0;0;0;0;0;0|query_marker:0;0;0;0;0;0;160|query_entity:0;0;0;0;0;0;160|context:0;0;0;0;0;0;160,kv_delayed_annealed_curriculum,1.152797418833,0.504377307474,0.698127307474,0.184759526059,0.618715226824,0.434034068407,-0.012745155028,-0.309764754846,130;24;6,1314;1296;1258,0.000000000000,0.684382253286,0.000000000000,0.503645833333,0.496354166667,0.384114583333,0.031250000000,0.018750000000,0.018750000000,4.413943355120,504;495;476,43.150000000000,18.000000000000,0.524652777778,0.473263888889,0.029166666667
24,disable_retention_skip,2.425672259026,0.187500000000,1.195706038607,-0.487500000000,1.000000000000,0.941176470588,1.000000000000,1280;1280;1280;1280;1280;1280;480,entity:640;640;640;640;640;640;0|value:640;640;640;640;640;640;0|filler:0;0;0;0;0;0;0|query_marker:0;0;0;0;0;0;160|query_entity:0;0;0;0;0;0;160|context:0;0;0;0;0;0;160,kv_delayed_annealed_curriculum,1.167800075586,0.528574004087,0.716074004087,0.181111652543,0.633717883578,0.458230765020,0.005201541585,-0.313412628362,80;47;33,2706;2548;2426,0.000000000000,0.469944616859,0.000000000000,1.000000000000,0.000000000000,0.875000000000,0.125000000000,0.000000000000,0.000000000000,1.622916666667,1193;1114;1053,43.150000000000,18.000000000000,1.000000000000,1.000000000000,0.000000000000
24,no_workspace_writes,1.791759469228,0.237500000000,0.561793248810,-0.437500000000,1.000000000000,0.441911764706,1.000000000000,1280;1280;1280;1280;1280;1280;480,entity:640;640;640;640;640;640;0|value:640;640;640;640;640;640;0|filler:0;0;0;0;0;0;0|query_marker:0;0;0;0;0;0;160|query_entity:0;0;0;0;0;0;160|context:0;0;0;0;0;0;160,kv_delayed_annealed_curriculum,0.833333333333,0.070833333333,0.166666666667,0.166666666667,0.299251141325,0.000490094266,-0.544205795836,-0.327857614238,160;0;0,3606;0;0,0.000000000000,0.878602727207,0.000000000000,0.469531250000,0.530468750000,0.000000000000,0.000000000000,0.000000000000,0.000000000000,0.000000000000,0;0;0,43.150000000000,18.000000000000,0.393750000000,0.000000000000,0.000000000000
24,no_workspace_persistence,1.791759469228,0.237500000000,0.561793248810,-0.437500000000,1.000000000000,0.441911764706,1.000000000000,1280;1280;1280;1280;1280;1280;480,entity:640;640;640;640;640;640;0|value:640;640;640;640;640;640;0|filler:0;0;0;0;0;0;0|query_marker:0;0;0;0;0;0;160|query_entity:0;0;0;0;0;0;160|context:0;0;0;0;0;0;160,kv_delayed_annealed_curriculum,0.833333333333,0.070833333333,0.166666666667,0.166666666667,0.299251141325,0.000490094266,-0.544205795836,-0.327857614238,160;0;0,3606;0;0,0.000000000000,0.878602727207,0.000000000000,0.469531250000,0.530468750000,0.000000000000,0.000000000000,0.000000000000,0.000000000000,0.000000000000,0;0;0,43.150000000000,18.000000000000,0.393750000000,0.000000000000,0.000000000000
24,no_mechanism_output,1.791759469228,0.237500000000,0.561793248810,-0.437500000000,1.000000000000,0.401470588235,1.000000000000,1280;1280;1280;1280;1280;1280;480,entity:640;640;640;640;640;640;0|value:640;640;640;640;640;640;0|filler:0;0;0;0;0;0;0|query_marker:0;0;0;0;0;0;160|query_entity:0;0;0;0;0;0;160|context:0;0;0;0;0;0;160,kv_delayed_annealed_curriculum,0.833333333333,0.070833333333,0.166666666667,0.166666666667,0.299251141325,0.000490094266,-0.544205795836,-0.327857614238,79;39;42,1134;1030;1112,0.000000000000,0.475541798568,0.000000000000,0.426562500000,0.573437500000,0.301562500000,0.033593750000,0.606250000000,0.606250000000,13.483333333333,407;355;396,43.150000000000,18.000000000000,0.357291666667,0.357291666667,0.606250000000
24,remove_delay_distractors,1.052060373306,0.737500000000,-0.177905847113,0.062500000000,1.000000000000,0.149264705882,1.000000000000,1280;1280;1280;1280;1280;1280;480,entity:640;640;640;640;640;640;0|value:640;640;640;640;640;640;0|filler:0;0;0;0;0;0;0|query_marker:0;0;0;0;0;0;160|query_entity:0;0;0;0;0;0;160|context:0;0;0;0;0;0;160,kv_delayed_annealed_curriculum,0.448169774465,0.025443110885,0.712056889115,0.538282091185,-0.085912417544,-0.044900128182,0.001184426612,0.043757810280,64;42;54,402;396;420,0.000000000000,0.419323996559,0.000000000000,0.158593750000,0.841406250000,0.033593750000,0.026562500000,0.662500000000,0.662500000000,20.325000000000,41;38;50,43.150000000000,18.000000000000,0.000000000000,0.000000000000,0.662500000000
24,relevant_looking_delay_distractors,1.678061595895,0.500000000000,0.448095375477,-0.175000000000,1.000000000000,0.656617647059,1.000000000000,1280;1280;1280;1280;1280;1280;480,entity:640;640;640;640;640;640;0|value:640;640;640;640;640;640;0|filler:0;0;0;0;0;0;0|query_marker:0;0;0;0;0;0;160|query_entity:0;0;0;0;0;0;160|context:0;0;0;0;0;0;160,kv_delayed_annealed_curriculum,0.768169037389,0.245693544362,0.715194950948,0.380408064892,0.234086845380,0.175350305295,0.004322488445,-0.114116216013,60;44;56,1946;1808;1604,0.000000000000,0.455212115508,0.000000000000,0.697656250000,0.302343750000,0.572656250000,0.058854166667,0.337500000000,0.337500000000,13.487500000000,813;744;642,43.150000000000,18.000000000000,0.718750000000,0.718750000000,0.404166666667
24,reverse_delay_block,1.120328538961,0.718750000000,-0.109637681457,0.043750000000,1.000000000000,0.397058823529,1.000000000000,1280;1280;1280;1280;1280;1280;480,entity:640;640;640;640;640;640;0|value:640;640;640;640;640;640;0|filler:0;0;0;0;0;0;0|query_marker:0;0;0;0;0;0;160|query_entity:0;0;0;0;0;0;160|context:0;0;0;0;0;0;160,kv_delayed_annealed_curriculum,0.476207759731,0.010998364910,0.712333222044,0.524467285965,-0.057874432277,-0.059344874157,0.001460759542,0.029943005060,72;47;41,1064;1030;1146,0.000000000000,0.476004466174,0.000000000000,0.421875000000,0.578125000000,0.296875000000,0.033593750000,0.606250000000,0.606250000000,13.595833333333,372;355;413,43.150000000000,18.000000000000,0.351041666667,0.351041666667,0.606250000000
25,intact,1.180568466155,0.712500000000,0.000000000000,0.000000000000,1.000000000000,0.360784313725,1.000000000000,1280;1280;1280;1280;1280;1280;480,entity:640;640;640;640;640;640;0|value:640;640;640;640;640;640;0|filler:0;0;0;0;0;0;0|query_marker:0;0;0;0;0;0;160|query_entity:0;0;0;0;0;0;160|context:0;0;0;0;0;0;160,kv_delayed_annealed_curriculum,0.495278728604,0.062850014956,0.669710998837,0.489276937719,0.000000000000,0.000000000000,0.000000000000,0.000000000000,75;41;44,982;954;1008,0.000000000000,0.403190656082,0.000000000000,0.383333333333,0.616666666667,0.258333333333,0.042187500000,0.650000000000,0.650000000000,14.185416666667,331;317;344,43.037500000000,18.000000000000,0.293402777778,0.293402777778,0.650000000000
25,zero_query_context,2.470438572177,0.137500000000,1.289870106021,-0.575000000000,1.000000000000,0.941176470588,1.000000000000,1280;1280;1280;1280;1280;1280;480,entity:640;640;640;640;640;640;0|value:640;640;640;640;640;640;0|filler:0;0;0;0;0;0;0|query_marker:0;0;0;0;0;0;160|query_entity:0;0;0;0;0;0;160|context:0;0;0;0;0;0;160,kv_delayed_annealed_curriculum,1.181678752630,0.540871528983,0.678371528983,0.151495269531,0.686400024027,0.478021514027,0.008660530146,-0.337781668189,86;44;30,2560;2560;2560,0.000000000000,1.284838996245,0.000000000000,1.000000000000,0.000000000000,0.875000000000,0.125000000000,0.000000000000,0.000000000000,1.000000000000,1120;1120;1120,43.037500000000,18.000000000000,1.000000000000,1.000000000000,0.000000000000
25,randomized_retention_actions,1.771829070001,0.293750000000,0.591260603846,-0.418750000000,1.000000000000,0.923039215686,1.000000000000,1280;1280;1280;1280;1280;1280;480,entity:640;640;640;640;640;640;0|value:640;640;640;640;640;640;0|filler:0;0;0;0;0;0;0|query_marker:0;0;0;0;0;0;160|query_entity:0;0;0;0;0;0;160|context:0;0;0;0;0;0;160,kv_delayed_annealed_curriculum,0.842617344935,0.227355186796,0.521105186796,0.272037877193,0.347338616331,0.164505171841,-0.148605812041,-0.217239060527,49;51;60,4368;2804;360,0.000000000000,0.421968235343,0.000000000000,0.980729166667,0.019270833333,0.911979166667,0.078645833333,0.256250000000,0.256250000000,8.007575757576,2080;1302;120,43.037500000000,18.000000000000,1.000000000000,1.000000000000,0.216666666667
25,force_fifo_retention,2.470438572177,0.137500000000,1.289870106021,-0.575000000000,1.000000000000,0.941176470588,1.000000000000,1280;1280;1280;1280;1280;1280;480,entity:640;640;640;640;640;640;0|value:640;640;640;640;640;640;0|filler:0;0;0;0;0;0;0|query_marker:0;0;0;0;0;0;160|query_entity:0;0;0;0;0;0;160|context:0;0;0;0;0;0;160,kv_delayed_annealed_curriculum,1.181678752630,0.540871528983,0.678371528983,0.151495269531,0.686400024027,0.478021514027,0.008660530146,-0.337781668189,86;44;30,2560;2560;2560,0.000000000000,0.381302612705,0.000000000000,1.000000000000,0.000000000000,0.875000000000,0.125000000000,0.000000000000,0.000000000000,1.000000000000,1120;1120;1120,43.037500000000,18.000000000000,1.000000000000,1.000000000000,0.000000000000
25,force_relevant_eviction,2.134805868840,0.237500000000,0.954237402685,-0.475000000000,1.000000000000,0.418382352941,1.000000000000,1280;1280;1280;1280;1280;1280;480,entity:640;640;640;640;640;640;0|value:640;640;640;640;640;640;0|filler:0;0;0;0;0;0;0|query_marker:0;0;0;0;0;0;160|query_entity:0;0;0;0;0;0;160|context:0;0;0;0;0;0;160,kv_delayed_annealed_curriculum,0.986922228469,0.312063459348,0.420396792681,0.170025297779,0.491643499866,0.249213444392,-0.249314206156,-0.319251639940,43;42;75,1300;1252;862,0.000000000000,0.535930191339,0.000000000000,0.444531250000,0.555468750000,0.346614583333,0.123437500000,0.000000000000,0.000000000000,11.789893617021,490;484;357,43.037500000000,18.000000000000,0.314236111111,0.314236111111,0.000000000000
25,permuted_context_labels,2.355879138913,0.175000000000,1.175310672758,-0.537500000000,1.000000000000,0.497058823529,1.000000000000,1280;1280;1280;1280;1280;1280;480,entity:640;640;640;640;640;640;0|value:640;640;640;640;640;640;0|filler:0;0;0;0;0;0;0|query_marker:0;0;0;0;0;0;160|query_entity:0;0;0;0;0;0;160|context:0;0;0;0;0;0;160,kv_delayed_annealed_curriculum,1.119084067832,0.482977663465,0.657977663465,0.177074615207,0.623805339228,0.420127648510,-0.011733335372,-0.312202322513,118;19;23,1364;1460;1232,0.000000000000,0.668852930140,0.000000000000,0.528125000000,0.471875000000,0.408072916667,0.026302083333,0.012500000000,0.012500000000,3.711496746204,528;576;463,43.037500000000,18.000000000000,0.564930555556,0.509722222222,0.006250000000
25,disable_retention_skip,2.357350393677,0.181250000000,1.176781927522,-0.531250000000,1.000000000000,0.941176470588,1.000000000000,1280;1280;1280;1280;1280;1280;480,entity:640;640;640;640;640;640;0|value:640;640;640;640;640;640;0|filler:0;0;0;0;0;0;0|query_marker:0;0;0;0;0;0;160|query_entity:0;0;0;0;0;0;160|context:0;0;0;0;0;0;160,kv_delayed_annealed_curriculum,1.125864843530,0.495699820229,0.676949820229,0.178598604273,0.630586114926,0.432849805273,0.007238821392,-0.310678333446,83;46;31,2690;2520;2470,0.000000000000,0.393795491159,0.000000000000,1.000000000000,0.000000000000,0.875000000000,0.125000000000,0.000000000000,0.000000000000,1.304166666667,1185;1100;1075,43.037500000000,18.000000000000,1.000000000000,1.000000000000,0.000000000000
25,no_workspace_writes,1.791759469228,0.193750000000,0.611191003073,-0.518750000000,1.000000000000,0.405882352941,1.000000000000,1280;1280;1280;1280;1280;1280;480,entity:640;640;640;640;640;640;0|value:640;640;640;640;640;640;0|filler:0;0;0;0;0;0;0|query_marker:0;0;0;0;0;0;160|query_entity:0;0;0;0;0;0;160|context:0;0;0;0;0;0;160,kv_delayed_annealed_curriculum,0.833333333333,0.027083333333,0.166666666667,0.166666666667,0.338054604730,-0.035766681622,-0.503044332170,-0.322610271053,160;0;0,3312;0;0,0.000000000000,0.796835593909,0.000000000000,0.431250000000,0.568750000000,0.000000000000,0.000000000000,0.000000000000,0.000000000000,0.000000000000,0;0;0,43.037500000000,18.000000000000,0.350000000000,0.000000000000,0.000000000000
25,no_workspace_persistence,1.791759469228,0.193750000000,0.611191003073,-0.518750000000,1.000000000000,0.405882352941,1.000000000000,1280;1280;1280;1280;1280;1280;480,entity:640;640;640;640;640;640;0|value:640;640;640;640;640;640;0|filler:0;0;0;0;0;0;0|query_marker:0;0;0;0;0;0;160|query_entity:0;0;0;0;0;0;160|context:0;0;0;0;0;0;160,kv_delayed_annealed_curriculum,0.833333333333,0.027083333333,0.166666666667,0.166666666667,0.338054604730,-0.035766681622,-0.503044332170,-0.322610271053,160;0;0,3312;0;0,0.000000000000,0.796835593909,0.000000000000,0.431250000000,0.568750000000,0.000000000000,0.000000000000,0.000000000000,0.000000000000,0.000000000000,0;0;0,43.037500000000,18.000000000000,0.350000000000,0.000000000000,0.000000000000
25,no_mechanism_output,1.791759469228,0.193750000000,0.611191003073,-0.518750000000,1.000000000000,0.360784313725,1.000000000000,1280;1280;1280;1280;1280;1280;480,entity:640;640;640;640;640;640;0|value:640;640;640;640;640;640;0|filler:0;0;0;0;0;0;0|query_marker:0;0;0;0;0;0;160|query_entity:0;0;0;0;0;0;160|context:0;0;0;0;0;0;160,kv_delayed_annealed_curriculum,0.833333333333,0.027083333333,0.166666666667,0.166666666667,0.338054604730,-0.035766681622,-0.503044332170,-0.322610271053,75;41;44,982;954;1008,0.000000000000,0.403190656082,0.000000000000,0.383333333333,0.616666666667,0.258333333333,0.042187500000,0.650000000000,0.650000000000,14.185416666667,331;317;344,43.037500000000,18.000000000000,0.293402777778,0.293402777778,0.650000000000
25,remove_delay_distractors,1.042218403099,0.762500000000,-0.138350063057,0.050000000000,1.000000000000,0.153676470588,1.000000000000,1280;1280;1280;1280;1280;1280;480,entity:640;640;640;640;640;640;0|value:640;640;640;640;640;640;0|filler:0;0;0;0;0;0;0|query_marker:0;0;0;0;0;0;160|query_entity:0;0;0;0;0;0;160|context:0;0;0;0;0;0;160,kv_delayed_annealed_curriculum,0.430523938811,0.091389136922,0.671110863078,0.522407360030,-0.064754789793,0.028539121966,0.001399864241,0.033130422310,62;41;57,420;406;428,0.000000000000,0.364578433337,0.000000000000,0.163281250000,0.836718750000,0.038281250000,0.032291666667,0.731250000000,0.731250000000,20.360416666667,50;43;54,43.037500000000,18.000000000000,0.000000000000,0.000000000000,0.729166666667
25,relevant_looking_delay_distractors,1.534899490141,0.562500000000,0.354331023986,-0.150000000000,1.000000000000,0.750245098039,1.000000000000,1280;1280;1280;1280;1280;1280;480,entity:640;640;640;640;640;640;0|value:640;640;640;640;640;640;0|filler:0;0;0;0;0;0;0|query_marker:0;0;0;0;0;0;160|query_entity:0;0;0;0;0;0;160|context:0;0;0;0;0;0;160,kv_delayed_annealed_curriculum,0.678587549143,0.108074674223,0.670574674223,0.398169697022,0.183308820540,0.045224659267,0.000863675386,-0.091107240698,85;36;39,2020;1780;2322,0.000000000000,0.512856743844,0.000000000000,0.797135416667,0.202864583333,0.672135416667,0.069270833333,0.462500000000,0.462500000000,10.114583333333,850;730;1001,43.037500000000,18.000000000000,0.845138888889,0.845138888889,0.433333333333
25,reverse_delay_block,1.095396028945,0.737500000000,-0.085172437210,0.025000000000,1.000000000000,0.360784313725,1.000000000000,1280;1280;1280;1280;1280;1280;480,entity:640;640;640;640;640;640;0|value:640;640;640;640;640;640;0|filler:0;0;0;0;0;0;0|query_marker:0;0;0;0;0;0;160|query_entity:0;0;0;0;0;0;160|context:0;0;0;0;0;0;160,kv_delayed_annealed_curriculum,0.457136896717,0.070471666813,0.667028333187,0.506814223041,-0.038141831886,0.007621651857,-0.002682665650,0.017537285322,79;42;39,976;988;980,0.000000000000,0.403971802545,0.000000000000,0.383333333333,0.616666666667,0.258333333333,0.042187500000,0.650000000000,0.650000000000,14.097916666667,328;334;330,43.037500000000,18.000000000000,0.293402777778,0.293402777778,0.650000000000
26,intact,0.960474216319,0.768750000000,0.000000000000,0.000000000000,1.000000000000,0.339215686275,1.000000000000,1280;1280;1280;1280;1280;1280;480,entity:640;640;640;640;640;640;0|value:640;640;640;640;640;640;0|filler:0;0;0;0;0;0;0|query_marker:0;0;0;0;0;0;160|query_entity:0;0;0;0;0;0;160|context:0;0;0;0;0;0;160,kv_delayed_annealed_curriculum,0.406915645302,0.048633582237,0.720116417763,0.563993847190,0.000000000000,0.000000000000,0.000000000000,0.000000000000,73;39;48,886;914;968,0.000000000000,0.409451211217,0.000000000000,0.360416666667,0.639583333333,0.235416666667,0.035677083333,0.700000000000,0.700000000000,15.156250000000,283;297;324,42.625000000000,18.000000000000,0.266319444444,0.266319444444,0.700000000000
26,zero_query_context,2.230514992377,0.262500000000,1.270040776058,-0.506250000000,1.000000000000,0.941176470588,1.000000000000,1280;1280;1280;1280;1280;1280;480,entity:640;640;640;640;640;640;0|value:640;640;640;640;640;640;0|filler:0;0;0;0;0;0;0|query_marker:0;0;0;0;0;0;160|query_entity:0;0;0;0;0;0;160|context:0;0;0;0;0;0;160,kv_delayed_annealed_curriculum,1.078098430179,0.460680386189,0.723180386189,0.230451293275,0.671182784877,0.412046803952,0.003063968426,-0.333542553915,73;57;30,2560;2560;2560,0.000000000000,1.287453317790,0.000000000000,1.000000000000,0.000000000000,0.875000000000,0.125000000000,0.000000000000,0.000000000000,1.000000000000,1120;1120;1120,42.625000000000,18.000000000000,1.000000000000,1.000000000000,0.000000000000
26,randomized_retention_actions,1.736066631927,0.318750000000,0.775592415608,-0.450000000000,1.000000000000,0.919852941176,1.000000000000,1280;1280;1280;1280;1280;1280;480,entity:640;640;640;640;640;640;0|value:640;640;640;640;640;640;0|filler:0;0;0;0;0;0;0|query_marker:0;0;0;0;0;0;160|query_entity:0;0;0;0;0;0;160|context:0;0;0;0;0;0;160,kv_delayed_annealed_curriculum,0.825465023468,0.237052434407,0.555802434407,0.300614392310,0.418549378166,0.188418852170,-0.164313983356,-0.263379454880,48;57;55,4704;2472;330,0.000000000000,0.401025441333,0.000000000000,0.977343750000,0.022656250000,0.906510416667,0.073177083333,0.268750000000,0.268750000000,8.444852941176,2240;1131;110,42.625000000000,18.000000000000,1.000000000000,1.000000000000,0.233333333333
26,force_fifo_retention,2.230514992377,0.262500000000,1.270040776058,-0.506250000000,1.000000000000,0.941176470588,1.000000000000,1280;1280;1280;1280;1280;1280;480,entity:640;640;640;640;640;640;0|value:640;640;640;640;640;640;0|filler:0;0;0;0;0;0;0|query_marker:0;0;0;0;0;0;160|query_entity:0;0;0;0;0;0;160|context:0;0;0;0;0;0;160,kv_delayed_annealed_curriculum,1.078098430179,0.460680386189,0.723180386189,0.230451293275,0.671182784877,0.412046803952,0.003063968426,-0.333542553915,73;57;30,2560;2560;2560,0.000000000000,0.405728311080,0.000000000000,1.000000000000,0.000000000000,0.875000000000,0.125000000000,0.000000000000,0.000000000000,1.000000000000,1120;1120;1120,42.625000000000,18.000000000000,1.000000000000,1.000000000000,0.000000000000
26,force_relevant_eviction,2.015295588804,0.343750000000,1.054821372485,-0.425000000000,1.000000000000,0.392401960784,1.000000000000,1280;1280;1280;1280;1280;1280;480,entity:640;640;640;640;640;640;0|value:640;640;640;640;640;640;0|filler:0;0;0;0;0;0;0|query_marker:0;0;0;0;0;0;160|query_entity:0;0;0;0;0;0;160|context:0;0;0;0;0;0;160,kv_delayed_annealed_curriculum,0.945154818069,0.343883905201,0.404300571867,0.190642200396,0.538239172767,0.295250322964,-0.315815845896,-0.373351646794,42;40;78,1286;1062;854,0.000000000000,0.551227791677,0.000000000000,0.416927083333,0.583072916667,0.322916666667,0.123177083333,0.000000000000,0.000000000000,12.684210526316,483;398;359,42.625000000000,18.000000000000,0.286458333333,0.286458333333,0.000000000000
26,permuted_context_labels,2.351437996316,0.206250000000,1.390963779997,-0.562500000000,1.000000000000,0.535539215686,1.000000000000,1280;1280;1280;1280;1280;1280;480,entity:640;640;640;640;640;640;0|value:640;640;640;640;640;640;0|filler:0;0;0;0;0;0;0|query_marker:0;0;0;0;0;0;160|query_entity:0;0;0;0;0;0;160|context:0;0;0;0;0;0;160,kv_delayed_annealed_curriculum,1.142410061767,0.505754119911,0.712004119911,0.195493384154,0.735494416465,0.457120537674,-0.008112297852,-0.368500463036,118;25;17,1430;1508;1432,0.000000000000,0.735071139887,0.000000000000,0.569010416667,0.430989583333,0.447135416667,0.030208333333,0.037500000000,0.037500000000,4.038461538462,559;598;560,42.625000000000,18.000000000000,0.600347222222,0.551041666667,0.033333333333
26,disable_retention_skip,2.328850905285,0.225000000000,1.368376688966,-0.543750000000,1.000000000000,0.941176470588,1.000000000000,1280;1280;1280;1280;1280;1280;480,entity:640;640;640;640;640;640;0|value:640;640;640;640;640;640;0|filler:0;0;0;0;0;0;0|query_marker:0;0;0;0;0;0;160|query_entity:0;0;0;0;0;0;160|context:0;0;0;0;0;0;160,kv_delayed_annealed_curriculum,1.127836489855,0.498349810181,0.723349810181,0.205708146664,0.720920844553,0.449716227944,0.003233392418,-0.358285700525,83;49;28,2616;2556;2508,0.000000000000,0.412767886340,0.000000000000,1.000000000000,0.000000000000,0.875000000000,0.125000000000,0.000000000000,0.000000000000,1.385416666667,1148;1118;1094,42.625000000000,18.000000000000,1.000000000000,1.000000000000,0.000000000000
26,no_workspace_writes,1.791759469228,0.293750000000,0.831285252909,-0.475000000000,1.000000000000,0.364705882353,1.000000000000,1280;1280;1280;1280;1280;1280;480,entity:640;640;640;640;640;640;0|value:640;640;640;640;640;640;0|filler:0;0;0;0;0;0;0|query_marker:0;0;0;0;0;0;160|query_entity:0;0;0;0;0;0;160|context:0;0;0;0;0;0;160,kv_delayed_annealed_curriculum,0.833333333333,0.127083333333,0.166666666667,0.166666666667,0.426417688031,0.078449751096,-0.553449751096,-0.397327180523,160;0;0,2976;0;0,0.000000000000,0.771923257296,0.000000000000,0.387500000000,0.612500000000,0.000000000000,0.000000000000,0.000000000000,0.000000000000,0.000000000000,0;0;0,42.625000000000,18.000000000000,0.300000000000,0.000000000000,0.000000000000
26,no_workspace_persistence,1.791759469228,0.293750000000,0.831285252909,-0.475000000000,1.000000000000,0.364705882353,1.000000000000,1280;1280;1280;1280;1280;1280;480,entity:640;640;640;640;640;640;0|value:640;640;640;640;640;640;0|filler:0;0;0;0;0;0;0|query_marker:0;0;0;0;0;0;160|query_entity:0;0;0;0;0;0;160|context:0;0;0;0;0;0;160,kv_delayed_annealed_curriculum,0.833333333333,0.127083333333,0.166666666667,0.166666666667,0.426417688031,0.078449751096,-0.553449751096,-0.397327180523,160;0;0,2976;0;0,0.000000000000,0.771923257296,0.000000000000,0.387500000000,0.612500000000,0.000000000000,0.000000000000,0.000000000000,0.000000000000,0.000000000000,0;0;0,42.625000000000,18.000000000000,0.300000000000,0.000000000000,0.000000000000
26,no_mechanism_output,1.791759469228,0.293750000000,0.831285252909,-0.475000000000,1.000000000000,0.339215686275,1.000000000000,1280;1280;1280;1280;1280;1280;480,entity:640;640;640;640;640;640;0|value:640;640;640;640;640;640;0|filler:0;0;0;0;0;0;0|query_marker:0;0;0;0;0;0;160|query_entity:0;0;0;0;0;0;160|context:0;0;0;0;0;0;160,kv_delayed_annealed_curriculum,0.833333333333,0.127083333333,0.166666666667,0.166666666667,0.426417688031,0.078449751096,-0.553449751096,-0.397327180523,73;39;48,886;914;968,0.000000000000,0.409451211217,0.000000000000,0.360416666667,0.639583333333,0.235416666667,0.035677083333,0.700000000000,0.700000000000,15.156250000000,283;297;324,42.625000000000,18.000000000000,0.266319444444,0.266319444444,0.700000000000
26,remove_delay_distractors,0.906060314245,0.787500000000,-0.054413902074,0.018750000000,1.000000000000,0.151225490196,1.000000000000,1280;1280;1280;1280;1280;1280;480,entity:640;640;640;640;640;640;0|value:640;640;640;640;640;640;0|filler:0;0;0;0;0;0;0|query_marker:0;0;0;0;0;0;160|query_entity:0;0;0;0;0;0;160|context:0;0;0;0;0;0;160,kv_delayed_annealed_curriculum,0.379032043888,0.068618090924,0.718881909076,0.577105318709,-0.027883601414,0.019984508687,-0.001234508687,0.013111471520,51;48;61,402;422;410,0.000000000000,0.381774354307,0.000000000000,0.160677083333,0.839322916667,0.035677083333,0.029166666667,0.762500000000,0.762500000000,20.358333333333,41;51;45,42.625000000000,18.000000000000,0.000000000000,0.000000000000,0.752083333333
26,relevant_looking_delay_distractors,1.511332612168,0.550000000000,0.550858395849,-0.218750000000,1.000000000000,0.731372549020,1.000000000000,1280;1280;1280;1280;1280;1280;480,entity:640;640;640;640;640;640;0|value:640;640;640;640;640;640;0|filler:0;0;0;0;0;0;0|query_marker:0;0;0;0;0;0;160|query_entity:0;0;0;0;0;0;160|context:0;0;0;0;0;0;160,kv_delayed_annealed_curriculum,0.696762338201,0.170274864256,0.720274864256,0.419188612223,0.289846692899,0.121641282019,0.000158446493,-0.144805234966,65;41;54,2544;1944;1480,0.000000000000,0.474087876197,0.000000000000,0.777083333333,0.222916666667,0.652083333333,0.064843750000,0.481250000000,0.481250000000,12.570833333333,1112;812;580,42.625000000000,18.000000000000,0.821875000000,0.821875000000,0.466666666667
26,reverse_delay_block,0.891294034757,0.793750000000,-0.069180181562,0.025000000000,1.000000000000,0.338480392157,1.000000000000,1280;1280;1280;1280;1280;1280;480,entity:640;640;640;640;640;640;0|value:640;640;640;640;640;640;0|filler:0;0;0;0;0;0;0|query_marker:0;0;0;0;0;0;160|query_entity:0;0;0;0;0;0;160|context:0;0;0;0;0;0;160,kv_delayed_annealed_curriculum,0.372949470097,0.073385078713,0.720364921287,0.581126668452,-0.033966175205,0.024751496476,0.000248503524,0.017132821263,75;37;48,922;912;928,0.000000000000,0.409318951972,0.000000000000,0.359635416667,0.640364583333,0.234635416667,0.035677083333,0.700000000000,0.700000000000,15.181250000000,301;296;304,42.625000000000,18.000000000000,0.265277777778,0.265277777778,0.700000000000
27,intact,1.193773553654,0.725000000000,0.000000000000,0.000000000000,1.000000000000,0.399754901961,1.000000000000,1280;1280;1280;1280;1280;1280;480,entity:640;640;640;640;640;640;0|value:640;640;640;640;640;640;0|filler:0;0;0;0;0;0;0|query_marker:0;0;0;0;0;0;160|query_entity:0;0;0;0;0;0;160|context:0;0;0;0;0;0;160,kv_delayed_annealed_curriculum,0.477211887363,0.042222275527,0.692362358770,0.513064490539,0.000000000000,0.000000000000,0.000000000000,0.000000000000,76;50;34,1118;1072;1072,0.000000000000,0.440202838385,0.000000000000,0.424739583333,0.575260416667,0.299739583333,0.037239583333,0.650000000000,0.650000000000,14.264583333333,399;376;376,43.337500000000,18.000000000000,0.350000000000,0.350000000000,0.650000000000
27,zero_query_context,2.419312211115,0.206250000000,1.225538657461,-0.518750000000,1.000000000000,0.941176470588,1.000000000000,1280;1280;1280;1280;1280;1280;480,entity:640;640;640;640;640;640;0|value:640;640;640;640;640;640;0|filler:0;0;0;0;0;0;0|query_marker:0;0;0;0;0;0;160|query_entity:0;0;0;0;0;0;160|context:0;0;0;0;0;0;160,kv_delayed_annealed_curriculum,1.135379132425,0.503126096374,0.709376096374,0.194998407637,0.658167245061,0.460903820846,0.017013737603,-0.318066082902,75;58;27,2560;2560;2560,0.000000000000,1.286726118129,0.000000000000,1.000000000000,0.000000000000,0.875000000000,0.125000000000,0.000000000000,0.000000000000,1.000000000000,1120;1120;1120,43.337500000000,18.000000000000,1.000000000000,1.000000000000,0.000000000000
27,randomized_retention_actions,1.738857933590,0.543750000000,0.545084379936,-0.181250000000,1.000000000000,0.922058823529,1.000000000000,1280;1280;1280;1280;1280;1280;480,entity:640;640;640;640;640;640;0|value:640;640;640;640;640;640;0|filler:0;0;0;0;0;0;0|query_marker:0;0;0;0;0;0;160|query_entity:0;0;0;0;0;0;160|context:0;0;0;0;0;0;160,kv_delayed_annealed_curriculum,0.840825105576,0.371390617871,0.519307284537,0.279609732511,0.363613218212,0.329168342343,-0.173055074233,-0.233454758028,56;54;50,4368;2856;300,0.000000000000,0.427428347954,0.000000000000,0.979687500000,0.020312500000,0.910937500000,0.077604166667,0.193750000000,0.193750000000,8.136363636364,2080;1318;100,43.337500000000,18.000000000000,1.000000000000,1.000000000000,0.216666666667
27,force_fifo_retention,2.419312211115,0.206250000000,1.225538657461,-0.518750000000,1.000000000000,0.941176470588,1.000000000000,1280;1280;1280;1280;1280;1280;480,entity:640;640;640;640;640;640;0|value:640;640;640;640;640;640;0|filler:0;0;0;0;0;0;0|query_marker:0;0;0;0;0;0;160|query_entity:0;0;0;0;0;0;160|context:0;0;0;0;0;0;160,kv_delayed_annealed_curriculum,1.135379132425,0.503126096374,0.709376096374,0.194998407637,0.658167245061,0.460903820846,0.017013737603,-0.318066082902,75;58;27,2560;2560;2560,0.000000000000,0.434228661385,0.000000000000,1.000000000000,0.000000000000,0.875000000000,0.125000000000,0.000000000000,0.000000000000,1.000000000000,1120;1120;1120,43.337500000000,18.000000000000,1.000000000000,1.000000000000,0.000000000000
27,force_relevant_eviction,2.219046434064,0.087500000000,1.025272880410,-0.637500000000,1.000000000000,0.448039215686,1.000000000000,1280;1280;1280;1280;1280;1280;480,entity:640;640;640;640;640;640;0|value:640;640;640;640;640;640;0|filler:0;0;0;0;0;0;0|query_marker:0;0;0;0;0;0;160|query_entity:0;0;0;0;0;0;160|context:0;0;0;0;0;0;160,kv_delayed_annealed_curriculum,0.993665589083,0.334256083583,0.421756083583,0.171238391705,0.516453701720,0.292033808055,-0.270606275188,-0.341826098834,46;54;60,1496;1192;968,0.000000000000,0.581655880935,0.000000000000,0.476041666667,0.523958333333,0.380989583333,0.118489583333,0.000000000000,0.000000000000,11.583561643836,588;466;409,43.337500000000,18.000000000000,0.367361111111,0.367361111111,0.000000000000
27,permuted_context_labels,2.392280251943,0.225000000000,1.198506698290,-0.500000000000,1.000000000000,0.454166666667,1.000000000000,1280;1280;1280;1280;1280;1280;480,entity:640;640;640;640;640;640;0|value:640;640;640;640;640;640;0|filler:0;0;0;0;0;0;0|query_marker:0;0;0;0;0;0;160|query_entity:0;0;0;0;0;0;160|context:0;0;0;0;0;0;160,kv_delayed_annealed_curriculum,1.123228847718,0.494702687114,0.692619353780,0.195823516810,0.646016960355,0.452480411586,0.000256995010,-0.317240973729,126;16;18,1304;1218;1184,0.000000000000,0.684571453119,0.000000000000,0.482552083333,0.517447916667,0.361458333333,0.030729166667,0.043750000000,0.043750000000,4.752688172043,497;454;437,43.337500000000,18.000000000000,0.495833333333,0.438888888889,0.060416666667
27,disable_retention_skip,2.413218023591,0.212500000000,1.219444469937,-0.512500000000,1.000000000000,0.941176470588,1.000000000000,1280;1280;1280;1280;1280;1280;480,entity:640;640;640;640;640;640;0|value:640;640;640;640;640;640;0|filler:0;0;0;0;0;0;0|query_marker:0;0;0;0;0;0;160|query_entity:0;0;0;0;0;0;160|context:0;0;0;0;0;0;160,kv_delayed_annealed_curriculum,1.129541263376,0.494539651048,0.707039651048,0.196565657082,0.652329376012,0.452317375521,0.014677292277,-0.316498833457,85;51;24,2658;2556;2466,0.000000000000,0.448919480517,0.000000000000,1.000000000000,0.000000000000,0.875000000000,0.125000000000,0.000000000000,0.000000000000,1.568750000000,1169;1118;1073,43.337500000000,18.000000000000,1.000000000000,1.000000000000,0.000000000000
27,no_workspace_writes,1.791759469228,0.256250000000,0.597985915574,-0.468750000000,1.000000000000,0.405882352941,1.000000000000,1280;1280;1280;1280;1280;1280;480,entity:640;640;640;640;640;640;0|value:640;640;640;640;640;640;0|filler:0;0;0;0;0;0;0|query_marker:0;0;0;0;0;0;160|query_entity:0;0;0;0;0;0;160|context:0;0;0;0;0;0;160,kv_delayed_annealed_curriculum,0.833333333333,0.089583333333,0.166666666667,0.166666666667,0.356121445970,0.047361057806,-0.525695692104,-0.346397823873,160;0;0,3312;0;0,0.000000000000,0.805073505705,0.000000000000,0.431250000000,0.568750000000,0.000000000000,0.000000000000,0.000000000000,0.000000000000,0.000000000000,0;0;0,43.337500000000,18.000000000000,0.350000000000,0.000000000000,0.000000000000
27,no_workspace_persistence,1.791759469228,0.256250000000,0.597985915574,-0.468750000000,1.000000000000,0.405882352941,1.000000000000,1280;1280;1280;1280;1280;1280;480,entity:640;640;640;640;640;640;0|value:640;640;640;640;640;640;0|filler:0;0;0;0;0;0;0|query_marker:0;0;0;0;0;0;160|query_entity:0;0;0;0;0;0;160|context:0;0;0;0;0;0;160,kv_delayed_annealed_curriculum,0.833333333333,0.089583333333,0.166666666667,0.166666666667,0.356121445970,0.047361057806,-0.525695692104,-0.346397823873,160;0;0,3312;0;0,0.000000000000,0.805073505705,0.000000000000,0.431250000000,0.568750000000,0.000000000000,0.000000000000,0.000000000000,0.000000000000,0.000000000000,0;0;0,43.337500000000,18.000000000000,0.350000000000,0.000000000000,0.000000000000
27,no_mechanism_output,1.791759469228,0.256250000000,0.597985915574,-0.468750000000,1.000000000000,0.399754901961,1.000000000000,1280;1280;1280;1280;1280;1280;480,entity:640;640;640;640;640;640;0|value:640;640;640;640;640;640;0|filler:0;0;0;0;0;0;0|query_marker:0;0;0;0;0;0;160|query_entity:0;0;0;0;0;0;160|context:0;0;0;0;0;0;160,kv_delayed_annealed_curriculum,0.833333333333,0.089583333333,0.166666666667,0.166666666667,0.356121445970,0.047361057806,-0.525695692104,-0.346397823873,76;50;34,1118;1072;1072,0.000000000000,0.440202838385,0.000000000000,0.424739583333,0.575260416667,0.299739583333,0.037239583333,0.650000000000,0.650000000000,14.264583333333,399;376;376,43.337500000000,18.000000000000,0.350000000000,0.350000000000,0.650000000000
27,remove_delay_distractors,1.259216045110,0.700000000000,0.065442491456,-0.025000000000,1.000000000000,0.152696078431,1.000000000000,1280;1280;1280;1280;1280;1280;480,entity:640;640;640;640;640;640;0|value:640;640;640;640;640;640;0|filler:0;0;0;0;0;0;0|query_marker:0;0;0;0;0;0;160|query_entity:0;0;0;0;0;0;160|context:0;0;0;0;0;0;160,kv_delayed_annealed_curriculum,0.509951528887,0.027275030718,0.689288445005,0.494622878451,0.032739641524,-0.014947244809,-0.003073913766,-0.018441612088,54;56;50,430;424;392,0.000000000000,0.411015235752,0.000000000000,0.162239583333,0.837760416667,0.037239583333,0.035677083333,0.656250000000,0.656250000000,20.427083333333,55;52;36,43.337500000000,18.000000000000,0.000000000000,0.000000000000,0.662500000000
27,relevant_looking_delay_distractors,1.649568537465,0.550000000000,0.455794983811,-0.175000000000,1.000000000000,0.668137254902,1.000000000000,1280;1280;1280;1280;1280;1280;480,entity:640;640;640;640;640;640;0|value:640;640;640;640;640;640;0|filler:0;0;0;0;0;0;0|query_marker:0;0;0;0;0;0;160|query_entity:0;0;0;0;0;0;160|context:0;0;0;0;0;0;160,kv_delayed_annealed_curriculum,0.708793187041,0.139807148814,0.689807148814,0.395936802264,0.231581299677,0.097584873287,-0.002555209956,-0.117127688275,50;49;61,2700;1802;950,0.000000000000,0.499818029628,0.000000000000,0.709895833333,0.290104166667,0.584895833333,0.064322916667,0.468750000000,0.468750000000,12.497916666667,1190;741;315,43.337500000000,18.000000000000,0.730208333333,0.730208333333,0.433333333333
27,reverse_delay_block,1.210592559892,0.712500000000,0.016819006239,-0.012500000000,1.000000000000,0.399754901961,1.000000000000,1280;1280;1280;1280;1280;1280;480,entity:640;640;640;640;640;640;0|value:640;640;640;640;640;640;0|filler:0;0;0;0;0;0;0|query_marker:0;0;0;0;0;0;160|query_entity:0;0;0;0;0;0;160|context:0;0;0;0;0;0;160,kv_delayed_annealed_curriculum,0.491031238526,0.024376526881,0.689860668367,0.504484965633,0.013819351163,-0.017845748646,-0.002501690403,-0.008579524907,79;49;32,1124;1130;1008,0.000000000000,0.440130801747,0.000000000000,0.424739583333,0.575260416667,0.299739583333,0.037239583333,0.650000000000,0.650000000000,14.097916666667,402;405;344,43.337500000000,18.000000000000,0.350000000000,0.350000000000,0.650000000000
28,intact,1.052687641155,0.750000000000,0.000000000000,0.000000000000,1.000000000000,0.339950980392,1.000000000000,1280;1280;1280;1280;1280;1280;480,entity:640;640;640;640;640;640;0|value:640;640;640;640;640;640;0|filler:0;0;0;0;0;0;0|query_marker:0;0;0;0;0;0;160|query_entity:0;0;0;0;0;0;160|context:0;0;0;0;0;0;160,kv_delayed_annealed_curriculum,0.442974079810,0.079143362457,0.706048876477,0.537246408223,0.000000000000,0.000000000000,0.000000000000,0.000000000000,65;54;41,952;948;874,0.000000000000,0.420347830577,0.000000000000,0.361197916667,0.638802083333,0.236197916667,0.038541666667,0.693750000000,0.693750000000,15.293750000000,316;314;277,43.150000000000,18.000000000000,0.262847222222,0.262847222222,0.691666666667
28,zero_query_context,2.462245699061,0.168750000000,1.409558057906,-0.581250000000,1.000000000000,0.941176470588,1.000000000000,1280;1280;1280;1280;1280;1280;480,entity:640;640;640;640;640;640;0|value:640;640;640;640;640;640;0|filler:0;0;0;0;0;0;0|query_marker:0;0;0;0;0;0;160|query_entity:0;0;0;0;0;0;160|context:0;0;0;0;0;0;160,kv_delayed_annealed_curriculum,1.197916546599,0.551453462311,0.720203462311,0.169202459396,0.754942466788,0.472310099854,0.014154585835,-0.368043948827,81;51;28,2560;2560;2560,0.000000000000,1.287285671360,0.000000000000,1.000000000000,0.000000000000,0.875000000000,0.125000000000,0.000000000000,0.000000000000,1.000000000000,1120;1120;1120,43.150000000000,18.000000000000,1.000000000000,1.000000000000,0.000000000000
28,randomized_retention_actions,1.831642123620,0.268750000000,0.778954482465,-0.481250000000,1.000000000000,0.918382352941,1.000000000000,1280;1280;1280;1280;1280;1280;480,entity:640;640;640;640;640;640;0|value:640;640;640;640;640;640;0|filler:0;0;0;0;0;0;0|query_marker:0;0;0;0;0;0;160|query_entity:0;0;0;0;0;0;160|context:0;0;0;0;0;0;160,kv_delayed_annealed_curriculum,0.887431242033,0.282323592383,0.545380337609,0.265453784842,0.444457162223,0.203180229926,-0.160668538868,-0.271792623380,50;62;48,4620;2586;288,0.000000000000,0.415236117044,0.000000000000,0.975781250000,0.024218750000,0.905468750000,0.072135416667,0.218750000000,0.218750000000,8.440740740741,2200;1181;96,43.150000000000,18.000000000000,1.000000000000,1.000000000000,0.229166666667
28,force_fifo_retention,2.462245699061,0.168750000000,1.409558057906,-0.581250000000,1.000000000000,0.941176470588,1.000000000000,1280;1280;1280;1280;1280;1280;480,entity:640;640;640;640;640;640;0|value:640;640;640;640;640;640;0|filler:0;0;0;0;0;0;0|query_marker:0;0;0;0;0;0;160|query_entity:0;0;0;0;0;0;160|context:0;0;0;0;0;0;160,kv_delayed_annealed_curriculum,1.197916546599,0.551453462311,0.720203462311,0.169202459396,0.754942466788,0.472310099854,0.014154585835,-0.368043948827,81;51;28,2560;2560;2560,0.000000000000,0.416296062095,0.000000000000,1.000000000000,0.000000000000,0.875000000000,0.125000000000,0.000000000000,0.000000000000,1.000000000000,1120;1120;1120,43.150000000000,18.000000000000,1.000000000000,1.000000000000,0.000000000000
28,force_relevant_eviction,2.096025822449,0.300000000000,1.043338181294,-0.450000000000,1.000000000000,0.394607843137,1.000000000000,1280;1280;1280;1280;1280;1280;480,entity:640;640;640;640;640;640;0|value:640;640;640;640;640;640;0|filler:0;0;0;0;0;0;0|query_marker:0;0;0;0;0;0;160|query_entity:0;0;0;0;0;0;160|context:0;0;0;0;0;0;160,kv_delayed_annealed_curriculum,0.978320459521,0.349742546408,0.418492546408,0.177982289122,0.535346379711,0.270599183951,-0.287556330069,-0.359264119101,45;38;77,1322;1156;742,0.000000000000,0.558039837581,0.000000000000,0.419270833333,0.580729166667,0.322135416667,0.125000000000,0.000000000000,0.000000000000,12.924932975871,501;438;298,43.150000000000,18.000000000000,0.281944444444,0.281944444444,0.000000000000
28,permuted_context_labels,2.523154593916,0.156250000000,1.470466952761,-0.593750000000,1.000000000000,0.589215686275,1.000000000000,1280;1280;1280;1280;1280;1280;480,entity:640;640;640;640;640;640;0|value:640;640;640;640;640;640;0|filler:0;0;0;0;0;0;0|query_marker:0;0;0;0;0;0;160|query_entity:0;0;0;0;0;0;160|context:0;0;0;0;0;0;160,kv_delayed_annealed_curriculum,1.227266480425,0.572932450233,0.704182450233,0.150786462988,0.784292400614,0.493789087776,-0.001866426244,-0.386459945235,127;23;10,1644;1568;1596,0.000000000000,0.749289461474,0.000000000000,0.626041666667,0.373958333333,0.505729166667,0.038281250000,0.000000000000,0.000000000000,3.047619047619,668;630;644,43.150000000000,18.000000000000,0.669097222222,0.623263888889,0.000000000000
28,disable_retention_skip,2.405634018813,0.181250000000,1.352946377658,-0.568750000000,1.000000000000,0.941176470588,1.000000000000,1280;1280;1280;1280;1280;1280;480,entity:640;640;640;640;640;640;0|value:640;640;640;640;640;640;0|filler:0;0;0;0;0;0;0|query_marker:0;0;0;0;0;0;160|query_entity:0;0;0;0;0;0;160|context:0;0;0;0;0;0;160,kv_delayed_annealed_curriculum,1.174572054223,0.536033596484,0.717283596484,0.178948116805,0.731597974413,0.456890234027,0.011234720007,-0.358298291417,76;45;39,2662;2596;2422,0.000000000000,0.420686759459,0.000000000000,1.000000000000,0.000000000000,0.875000000000,0.124479166667,0.006250000000,0.006250000000,1.633333333333,1171;1138;1051,43.150000000000,18.000000000000,1.000000000000,1.000000000000,0.004166666667
28,no_workspace_writes,1.791759469228,0.256250000000,0.739071828073,-0.493750000000,1.000000000000,0.375000000000,1.000000000000,1280;1280;1280;1280;1280;1280;480,entity:640;640;640;640;640;640;0|value:640;640;640;640;640;640;0|filler:0;0;0;0;0;0;0|query_marker:0;0;0;0;0;0;160|query_entity:0;0;0;0;0;0;160|context:0;0;0;0;0;0;160,kv_delayed_annealed_curriculum,0.833333333333,0.089583333333,0.166666666667,0.166666666667,0.390359253523,0.010439970876,-0.539382209810,-0.370579741556,160;0;0,3060;0;0,0.000000000000,0.796186065662,0.000000000000,0.398437500000,0.601562500000,0.000000000000,0.000000000000,0.000000000000,0.000000000000,0.000000000000,0;0;0,43.150000000000,18.000000000000,0.312500000000,0.000000000000,0.000000000000
28,no_workspace_persistence,1.791759469228,0.256250000000,0.739071828073,-0.493750000000,1.000000000000,0.375000000000,1.000000000000,1280;1280;1280;1280;1280;1280;480,entity:640;640;640;640;640;640;0|value:640;640;640;640;640;640;0|filler:0;0;0;0;0;0;0|query_marker:0;0;0;0;0;0;160|query_entity:0;0;0;0;0;0;160|context:0;0;0;0;0;0;160,kv_delayed_annealed_curriculum,0.833333333333,0.089583333333,0.166666666667,0.166666666667,0.390359253523,0.010439970876,-0.539382209810,-0.370579741556,160;0;0,3060;0;0,0.000000000000,0.796186065662,0.000000000000,0.398437500000,0.601562500000,0.000000000000,0.000000000000,0.000000000000,0.000000000000,0.000000000000,0;0;0,43.150000000000,18.000000000000,0.312500000000,0.000000000000,0.000000000000
28,no_mechanism_output,1.791759469228,0.256250000000,0.739071828073,-0.493750000000,1.000000000000,0.339950980392,1.000000000000,1280;1280;1280;1280;1280;1280;480,entity:640;640;640;640;640;640;0|value:640;640;640;640;640;640;0|filler:0;0;0;0;0;0;0|query_marker:0;0;0;0;0;0;160|query_entity:0;0;0;0;0;0;160|context:0;0;0;0;0;0;160,kv_delayed_annealed_curriculum,0.833333333333,0.089583333333,0.166666666667,0.166666666667,0.390359253523,0.010439970876,-0.539382209810,-0.370579741556,65;54;41,952;948;874,0.000000000000,0.420347830577,0.000000000000,0.361197916667,0.638802083333,0.236197916667,0.038541666667,0.693750000000,0.693750000000,15.293750000000,316;314;277,43.150000000000,18.000000000000,0.262847222222,0.262847222222,0.691666666667
28,remove_delay_distractors,0.845131551357,0.812500000000,-0.207556089798,0.062500000000,1.000000000000,0.154411764706,1.000000000000,1280;1280;1280;1280;1280;1280;480,entity:640;640;640;640;640;640;0|value:640;640;640;640;640;640;0|filler:0;0;0;0;0;0;0|query_marker:0;0;0;0;0;0;160|query_entity:0;0;0;0;0;0;160|context:0;0;0;0;0;0;160,kv_delayed_annealed_curriculum,0.348759931805,0.107530070536,0.704969929464,0.583659939922,-0.094214148005,0.028386708079,-0.001078947013,0.046413531699,45;64;51,424;430;406,0.000000000000,0.402128620439,0.000000000000,0.164062500000,0.835937500000,0.039062500000,0.024218750000,0.781250000000,0.781250000000,20.381250000000,52;55;43,43.150000000000,18.000000000000,0.000000000000,0.000000000000,0.806250000000
28,relevant_looking_delay_distractors,1.667918512224,0.487500000000,0.615230871069,-0.262500000000,1.000000000000,0.825000000000,1.000000000000,1280;1280;1280;1280;1280;1280;480,entity:640;640;640;640;640;640;0|value:640;640;640;640;640;640;0|filler:0;0;0;0;0;0;0|query_marker:0;0;0;0;0;0;160|query_entity:0;0;0;0;0;0;160|context:0;0;0;0;0;0;160,kv_delayed_annealed_curriculum,0.779602013512,0.226937324774,0.714437324774,0.374481906207,0.336627933702,0.147793962317,0.008388448298,-0.162764502015,49;43;68,2724;2526;1482,0.000000000000,0.459485347456,0.000000000000,0.876562500000,0.123437500000,0.751562500000,0.067187500000,0.393750000000,0.393750000000,10.454166666667,1202;1103;581,43.150000000000,18.000000000000,0.950000000000,0.950000000000,0.462500000000
28,reverse_delay_block,1.080112797336,0.743750000000,0.027425156181,-0.006250000000,1.000000000000,0.343137254902,1.000000000000,1280;1280;1280;1280;1280;1280;480,entity:640;640;640;640;640;640;0|value:640;640;640;640;640;640;0|filler:0;0;0;0;0;0;0|query_marker:0;0;0;0;0;0;160|query_entity:0;0;0;0;0;0;160|context:0;0;0;0;0;0;160,kv_delayed_annealed_curriculum,0.452634894909,0.085531621305,0.706187135325,0.532518662341,0.009660815098,0.006388258848,0.000138258848,-0.004727745882,62;55;43,916;922;962,0.000000000000,0.419108430959,0.000000000000,0.364583333333,0.635416666667,0.239583333333,0.038541666667,0.693750000000,0.693750000000,15.254166666667,298;301;321,43.150000000000,18.000000000000,0.267361111111,0.267361111111,0.691666666667
29,intact,0.003899157026,1.000000000000,0.000000000000,0.000000000000,1.000000000000,0.148774509804,1.000000000000,1280;1280;1280;1280;1280;1280;480,entity:640;640;640;640;640;640;0|value:640;640;640;640;640;640;0|filler:0;0;0;0;0;0;0|query_marker:0;0;0;0;0;0;160|query_entity:0;0;0;0;0;0;160|context:0;0;0;0;0;0;160,kv_delayed_annealed_curriculum,0.000018201356,0.003891555718,0.996108444282,0.996108444282,0.000000000000,0.000000000000,0.000000000000,0.000000000000,47;63;50,414;400;400,0.000000000000,0.133916662095,0.000000000000,0.158072916667,0.841927083333,0.033072916667,0.000000000000,1.000000000000,1.000000000000,20.506250000000,47;40;40,42.800000000000,18.000000000000,0.000000000000,0.000000000000,1.000000000000
29,zero_query_context,3.133960893462,0.562500000000,3.130061736436,-0.437500000000,1.000000000000,0.117647058824,1.000000000000,1280;1280;1280;1280;1280;1280;480,entity:640;640;640;640;640;640;0|value:640;640;640;640;640;640;0|filler:0;0;0;0;0;0;0|query_marker:0;0;0;0;0;0;160|query_entity:0;0;0;0;0;0;160|context:0;0;0;0;0;0;160,kv_delayed_annealed_curriculum,0.870954594951,0.433621421219,0.996121421219,0.560653163510,0.870936393596,0.429729865501,0.000012976936,-0.435455280773,50;60;50,320;320;320,0.000000000000,0.308396070824,0.000000000000,0.125000000000,0.875000000000,0.000000000000,0.000000000000,0.462500000000,0.462500000000,22.000000000000,0;0;0,42.800000000000,18.000000000000,0.000000000000,0.000000000000,0.506250000000
29,randomized_retention_actions,2.899271739373,0.262500000000,2.895372582347,-0.737500000000,1.000000000000,0.865686274510,1.000000000000,1280;1280;1280;1280;1280;1280;480,entity:640;640;640;640;640;640;0|value:640;640;640;640;640;640;0|filler:0;0;0;0;0;0;0|query_marker:0;0;0;0;0;0;160|query_entity:0;0;0;0;0;0;160|context:0;0;0;0;0;0;160,kv_delayed_annealed_curriculum,0.988125709848,0.282610879812,0.545110879812,0.277614623271,0.988107508492,0.278719324094,-0.450997564471,-0.718493821012,64;61;35,3298;3296;470,0.000000000000,0.758547458137,0.000000000000,0.919791666667,0.080208333333,0.853125000000,0.084895833333,0.168750000000,0.168750000000,6.929687500000,1553;1528;195,42.800000000000,18.000000000000,0.924652777778,0.924652777778,0.152083333333
29,force_fifo_retention,5.237193746522,0.268750000000,5.233294589496,-0.731250000000,1.000000000000,0.941176470588,1.000000000000,1280;1280;1280;1280;1280;1280;480,entity:640;640;640;640;640;640;0|value:640;640;640;640;640;640;0|filler:0;0;0;0;0;0;0|query_marker:0;0;0;0;0;0;160|query_entity:0;0;0;0;0;0;160|context:0;0;0;0;0;0;160,kv_delayed_annealed_curriculum,1.455741961906,0.727386699195,0.996136699195,0.268274686603,1.455723760550,0.723495143477,0.000028254912,-0.727833757680,74;55;31,2560;2560;2560,0.000000000000,0.182083583084,0.000000000000,1.000000000000,0.000000000000,0.875000000000,0.125000000000,0.000000000000,0.000000000000,1.000000000000,1120;1120;1120,42.800000000000,18.000000000000,1.000000000000,1.000000000000,0.000000000000
29,force_relevant_eviction,4.874720841714,0.143750000000,4.870821684688,-0.856250000000,1.000000000000,0.230392156863,1.000000000000,1280;1280;1280;1280;1280;1280;480,entity:640;640;640;640;640;640;0|value:640;640;640;640;640;640;0|filler:0;0;0;0;0;0;0|query_marker:0;0;0;0;0;0;160|query_entity:0;0;0;0;0;0;160|context:0;0;0;0;0;0;160,kv_delayed_annealed_curriculum,1.448501001430,0.624284532139,0.768034532139,0.158373856647,1.448482800074,0.620392976421,-0.228073912144,-0.837734587636,56;54;50,692;634;554,0.000000000000,0.341191491531,0.000000000000,0.244791666667,0.755208333333,0.133854166667,0.125000000000,0.000000000000,0.000000000000,19.474178403756,186;167;161,42.800000000000,18.000000000000,0.034027777778,0.027083333333,0.000000000000
29,permuted_context_labels,6.011426153790,0.156250000000,6.007526996764,-0.843750000000,1.000000000000,0.480147058824,1.000000000000,1280;1280;1280;1280;1280;1280;480,entity:640;640;640;640;640;640;0|value:640;640;640;640;640;640;0|filler:0;0;0;0;0;0;0|query_marker:0;0;0;0;0;0;160|query_entity:0;0;0;0;0;0;160|context:0;0;0;0;0;0;160,kv_delayed_annealed_curriculum,1.677621101385,0.837833423965,0.985750090632,0.152156815565,1.677602900030,0.833941868248,-0.010358353651,-0.843951628718,113;28;19,1376;900;1642,0.000000000000,0.287691231299,0.000000000000,0.510156250000,0.489843750000,0.386197916667,0.032812500000,0.012500000000,0.012500000000,13.472689075630,529;291;663,42.800000000000,18.000000000000,0.522222222222,0.498958333333,0.010416666667
29,disable_retention_skip,5.549179441430,0.225000000000,5.545280284404,-0.775000000000,1.000000000000,0.941176470588,1.000000000000,1280;1280;1280;1280;1280;1280;480,entity:640;640;640;640;640;640;0|value:640;640;640;640;640;640;0|filler:0;0;0;0;0;0;0|query_marker:0;0;0;0;0;0;160|query_entity:0;0;0;0;0;0;160|context:0;0;0;0;0;0;160,kv_delayed_annealed_curriculum,1.542832683282,0.771135795960,0.996135795960,0.224728426863,1.542814481926,0.767244240242,0.000027351677,-0.771380017419,79;46;35,2694;2556;2430,0.000000000000,0.176679492994,0.000000000000,1.000000000000,0.000000000000,0.875000000000,0.125000000000,0.000000000000,0.000000000000,1.000000000000,1187;1118;1055,42.800000000000,18.000000000000,1.000000000000,1.000000000000,0.000000000000
29,no_workspace_writes,1.791759469228,0.175000000000,1.787860312202,-0.825000000000,1.000000000000,0.537009803922,1.000000000000,1280;1280;1280;1280;1280;1280;480,entity:640;640;640;640;640;640;0|value:640;640;640;640;640;640;0|filler:0;0;0;0;0;0;0|query_marker:0;0;0;0;0;0;160|query_entity:0;0;0;0;0;0;160|context:0;0;0;0;0;0;160,kv_delayed_annealed_curriculum,0.833333333333,0.008333333333,0.166666666667,0.166666666667,0.833315131978,0.004441777616,-0.829441777616,-0.829441777616,160;0;0,4382;0;0,0.000000000000,1.265794670477,0.000000000000,0.570572916667,0.429427083333,0.000000000000,0.000000000000,0.000000000000,0.000000000000,0.000000000000,0;0;0,42.800000000000,18.000000000000,0.509722222222,0.000000000000,0.000000000000
29,no_workspace_persistence,1.791759469228,0.175000000000,1.787860312202,-0.825000000000,1.000000000000,0.537009803922,1.000000000000,1280;1280;1280;1280;1280;1280;480,entity:640;640;640;640;640;640;0|value:640;640;640;640;640;640;0|filler:0;0;0;0;0;0;0|query_marker:0;0;0;0;0;0;160|query_entity:0;0;0;0;0;0;160|context:0;0;0;0;0;0;160,kv_delayed_annealed_curriculum,0.833333333333,0.008333333333,0.166666666667,0.166666666667,0.833315131978,0.004441777616,-0.829441777616,-0.829441777616,160;0;0,4382;0;0,0.000000000000,1.265794670477,0.000000000000,0.570572916667,0.429427083333,0.000000000000,0.000000000000,0.000000000000,0.000000000000,0.000000000000,0;0;0,42.800000000000,18.000000000000,0.509722222222,0.000000000000,0.000000000000
29,no_mechanism_output,1.791759469228,0.175000000000,1.787860312202,-0.825000000000,1.000000000000,0.148774509804,1.000000000000,1280;1280;1280;1280;1280;1280;480,entity:640;640;640;640;640;640;0|value:640;640;640;640;640;640;0|filler:0;0;0;0;0;0;0|query_marker:0;0;0;0;0;0;160|query_entity:0;0;0;0;0;0;160|context:0;0;0;0;0;0;160,kv_delayed_annealed_curriculum,0.833333333333,0.008333333333,0.166666666667,0.166666666667,0.833315131978,0.004441777616,-0.829441777616,-0.829441777616,47;63;50,414;400;400,0.000000000000,0.133916662095,0.000000000000,0.158072916667,0.841927083333,0.033072916667,0.000000000000,1.000000000000,1.000000000000,20.506250000000,47;40;40,42.800000000000,18.000000000000,0.000000000000,0.000000000000,1.000000000000
29,remove_delay_distractors,0.003899157026,1.000000000000,0.000000000000,0.000000000000,1.000000000000,0.148774509804,1.000000000000,1280;1280;1280;1280;1280;1280;480,entity:640;640;640;640;640;640;0|value:640;640;640;640;640;640;0|filler:0;0;0;0;0;0;0|query_marker:0;0;0;0;0;0;160|query_entity:0;0;0;0;0;0;160|context:0;0;0;0;0;0;160,kv_delayed_annealed_curriculum,0.000018201356,0.003891555718,0.996108444282,0.996108444282,0.000000000000,0.000000000000,0.000000000000,0.000000000000,47;63;50,414;400;400,0.000000000000,0.133916662095,0.000000000000,0.158072916667,0.841927083333,0.033072916667,0.000000000000,1.000000000000,1.000000000000,20.506250000000,47;40;40,42.800000000000,18.000000000000,0.000000000000,0.000000000000,1.000000000000
29,relevant_looking_delay_distractors,1.838081930860,0.743750000000,1.834182773835,-0.256250000000,1.000000000000,0.854656862745,1.000000000000,1280;1280;1280;1280;1280;1280;480,entity:640;640;640;640;640;640;0|value:640;640;640;640;640;640;0|filler:0;0;0;0;0;0;0|query_marker:0;0;0;0;0;0;160|query_entity:0;0;0;0;0;0;160|context:0;0;0;0;0;0;160,kv_delayed_annealed_curriculum,0.510133259074,0.252358949013,0.996108949013,0.741051417942,0.510115057718,0.248467393295,0.000000504730,-0.255057026340,58;73;29,1926;1300;3748,0.000000000000,0.170034140868,0.000000000000,0.908072916667,0.091927083333,0.783072916667,0.041666666667,0.656250000000,0.656250000000,14.245833333333,803;490;1714,42.800000000000,18.000000000000,1.000000000000,1.000000000000,0.666666666667
29,reverse_delay_block,0.003899157026,1.000000000000,0.000000000000,0.000000000000,1.000000000000,0.148774509804,1.000000000000,1280;1280;1280;1280;1280;1280;480,entity:640;640;640;640;640;640;0|value:640;640;640;640;640;640;0|filler:0;0;0;0;0;0;0|query_marker:0;0;0;0;0;0;160|query_entity:0;0;0;0;0;0;160|context:0;0;0;0;0;0;160,kv_delayed_annealed_curriculum,0.000018201356,0.003891555718,0.996108444282,0.996108444282,0.000000000000,0.000000000000,0.000000000000,0.000000000000,47;63;50,414;400;400,0.000000000000,0.133916660870,0.000000000000,0.158072916667,0.841927083333,0.033072916667,0.000000000000,1.000000000000,1.000000000000,20.506250000000,47;40;40,42.800000000000,18.000000000000,0.000000000000,0.000000000000,1.000000000000
