preset,seed,steps,batch_size,parameters,train_count,holdout_count,sequence_length,chance_nll,initial_train_nll,initial_holdout_nll,final_train_nll,final_holdout_nll,final_train_accuracy,final_holdout_accuracy,mean_estimated_madds_per_token,mean_active_mechanisms_per_token,mean_writers_per_token,mean_recipients_per_token,first_window_loss,last_window_loss,mechanism_load,role_mechanism_load,condition,workspace_aux_initial_weight,workspace_aux_anneal_steps,first_primary_window_loss,last_primary_window_loss,last_workspace_aux_window_loss,anneal_boundary_primary_window_loss,final_workspace_aux_weight,final_weighted_workspace_aux_window_loss,training_stream_samples,output_logit_bound,initial_train_brier,initial_holdout_brier,final_train_brier,final_holdout_brier,initial_train_ece,initial_holdout_ece,final_train_ece,final_holdout_ece,final_train_max_confidence,final_holdout_max_confidence,final_train_true_class_probability,final_holdout_true_class_probability,read_slot_load,write_slot_load,mean_write_collision_rate,mean_routing_entropy,mean_routing_disagreement_rate,router_initial_temperature,router_final_temperature,router_anneal_steps,final_200_collision_rate,final_200_routing_entropy,final_200_disagreement_rate,retention_write_rate,retention_skip_rate,retention_eviction_rate,relevant_eviction_rate,queried_entity_retention_rate,query_read_hit_rate,mean_retained_age,eviction_slot_load,final_300_retention_write_rate,final_300_retention_skip_rate,final_300_retention_eviction_rate,final_300_relevant_eviction_rate,final_300_query_read_hit_rate,mean_source_query_distance,delay_binding_count,distractor_write_rate,distractor_eviction_rate,relevant_survival_rate,final_450_distractor_write_rate,final_450_distractor_eviction_rate,final_450_relevant_survival_rate,final_450_disagreement_rate,delay0_nll,delay0_accuracy,delay0_query_hit,delay0_survival,delay6_nll,delay6_accuracy,delay6_query_hit,delay6_survival,delay12_nll,delay12_accuracy,delay12_query_hit,delay12_survival,delay18_nll,delay18_accuracy,delay18_query_hit,delay18_survival,delay24_nll,delay24_accuracy,delay24_query_hit,delay24_survival
kv_delayed_oracle,0,1800,8,120,160,160,51,1.791759469228,0.059277469291,0.082762564205,0.003786002971,0.003826647213,1.000000000000,1.000000000000,72.000000000000,1.000000000000,0.117647058824,1.000000000000,0.030333377723,0.003726647311,1280;1280;1280;1280;1280;1280;480,entity:640;640;640;640;640;640;0|value:640;640;640;640;640;640;0|filler:0;0;0;0;0;0;0|query_marker:0;0;0;0;0;0;160|query_entity:0;0;0;0;0;0;160|context:0;0;0;0;0;0;160,kv_delayed_oracle,0.000000000000,0,0.030333377723,0.003726647311,0.000000000000,0.000000000000,0.000000000000,0.000000000000,14400,0.000000000000,0.013214233513,0.019712426667,0.000017270985,0.000017635462,0.055552883295,0.077217511028,0.003778801878,0.003819293578,0.996221198122,0.996180706422,0.996221198122,0.996180706422,44;58;58,320;320;320,0.000000000000,0.000000000000,0.000000000000,2.000000000000,0.100000000000,1350,0.000000000000,0.000000000000,0.000000000000,0.125000000000,0.875000000000,0.000000000000,0.000000000000,1.000000000000,1.000000000000,20.516666666667,0;0;0,0.125000000000,0.875000000000,0.000000000000,0.000000000000,1.000000000000,42.675000000000,18.000000000000,0.000000000000,0.000000000000,1.000000000000,0.000000000000,0.000000000000,1.000000000000,0.000000000000,0.003770538173,1.000000000000,1.000000000000,1.000000000000,0.003774878271,1.000000000000,1.000000000000,1.000000000000,0.003834022734,1.000000000000,1.000000000000,1.000000000000,0.003826647213,1.000000000000,1.000000000000,1.000000000000,0.003808723248,1.000000000000,1.000000000000,1.000000000000
kv_delayed_fifo,0,1800,8,120,160,160,51,1.791759469228,5.420561842768,5.640054849032,1.790488521735,1.793726611723,0.181250000000,0.187500000000,72.000000000000,1.000000000000,0.941176470588,1.000000000000,5.374312790811,1.795444313114,1280;1280;1280;1280;1280;1280;480,entity:640;640;640;640;640;640;0|value:640;640;640;640;640;640;0|filler:0;0;0;0;0;0;0|query_marker:0;0;0;0;0;0;160|query_entity:0;0;0;0;0;0;160|context:0;0;0;0;0;0;160,kv_delayed_fifo,0.000000000000,0,5.374312790811,1.795444313114,0.000000000000,0.000000000000,0.000000000000,0.000000000000,14400,0.000000000000,1.536418523249,1.540760879161,0.832911128558,0.833984122145,0.759338836699,0.765225611459,0.012199141122,0.018388737617,0.169050858878,0.169111262383,0.166889409023,0.166354232371,78;49;33,2560;2560;2560,0.000000000000,0.000000000000,0.000000000000,2.000000000000,0.100000000000,1350,0.000000000000,0.000000000000,0.000000000000,1.000000000000,0.000000000000,0.875000000000,0.125000000000,0.000000000000,0.000000000000,1.000000000000,1120;1120;1120,1.000000000000,0.000000000000,0.875000000000,0.125000000000,0.000000000000,42.675000000000,18.000000000000,1.000000000000,1.000000000000,0.000000000000,1.000000000000,1.000000000000,0.000000000000,0.000000000000,1.784353856534,0.618750000000,0.543750000000,0.539583333333,1.793762279031,0.137500000000,0.000000000000,0.000000000000,1.792329582332,0.168750000000,0.000000000000,0.000000000000,1.793726611723,0.187500000000,0.000000000000,0.000000000000,1.792959536994,0.168750000000,0.000000000000,0.000000000000
kv_delayed_reservoir,0,1800,8,120,160,160,51,1.791759469228,5.232068041180,5.116724926232,1.801887819182,1.780238214920,0.212500000000,0.256250000000,72.000000000000,1.000000000000,0.366666666667,1.000000000000,4.342641426445,1.798050897938,1280;1280;1280;1280;1280;1280;480,entity:640;640;640;640;640;640;0|value:640;640;640;640;640;640;0|filler:0;0;0;0;0;0;0|query_marker:0;0;0;0;0;0;160|query_entity:0;0;0;0;0;0;160|context:0;0;0;0;0;0;160,kv_delayed_reservoir,0.000000000000,0,4.342641426445,1.798050897938,0.000000000000,0.000000000000,0.000000000000,0.000000000000,14400,0.000000000000,1.487776386188,1.415579694731,0.836453010878,0.828892435197,0.731184810786,0.692398895837,0.004331826486,0.038900569114,0.216831826486,0.217349430886,0.167195566720,0.170974478141,76;51;33,1186;900;906,0.000000000000,0.000000000000,0.000000000000,2.000000000000,0.100000000000,1350,0.000000000000,0.000000000000,0.000000000000,0.389583333333,0.610416666667,0.264583333333,0.084375000000,0.056250000000,0.056250000000,10.437500000000,433;290;293,0.395659722222,0.604340277778,0.270659722222,0.084774305556,0.079166666667,42.675000000000,18.000000000000,0.248958333333,0.248958333333,0.068750000000,0.254382716049,0.254382716049,0.075370370370,0.000000000000,1.672790892837,0.575000000000,0.462500000000,0.427083333333,1.749062812722,0.337500000000,0.231250000000,0.166666666667,1.771917896005,0.256250000000,0.106250000000,0.085416666667,1.780238214920,0.256250000000,0.056250000000,0.068750000000,1.759995737138,0.256250000000,0.075000000000,0.060416666667
kv_delayed_hard,0,1800,8,145,160,160,51,1.791759469228,3.189539447906,3.339345185852,1.491546857686,1.499733909264,0.506250000000,0.525000000000,107.000000000000,1.000000000000,0.491421568627,1.000000000000,3.305617770502,1.537694342014,1280;1280;1280;1280;1280;1280;480,entity:640;640;640;640;640;640;0|value:640;640;640;640;640;640;0|filler:0;0;0;0;0;0;0|query_marker:0;0;0;0;0;0;160|query_entity:0;0;0;0;0;0;160|context:0;0;0;0;0;0;160,kv_delayed_hard,0.000000000000,0,3.305617770502,1.537694342014,0.000000000000,0.000000000000,0.000000000000,0.000000000000,14400,0.000000000000,0.944274801996,0.918447743998,0.696634364293,0.696573201025,0.454328744831,0.393177374321,0.036251148994,0.193625045054,0.499786770311,0.485821969772,0.303288166172,0.297781143113,77;48;35,1642;1238;1130,0.000000000000,0.508748531191,0.000000000000,2.000000000000,0.100000000000,1350,0.000000000000,0.524902074437,0.000000000000,0.522135416667,0.477864583333,0.397135416667,0.052083333333,0.443750000000,0.443750000000,13.797916666667,661;459;405,0.534479166667,0.465520833333,0.409479166667,0.057274305556,0.402083333333,42.675000000000,18.000000000000,0.438541666667,0.438541666667,0.435416666667,0.455169753086,0.455169753086,0.387777777778,0.000000000000,1.240197271227,0.693750000000,0.643750000000,0.687500000000,1.539777235394,0.506250000000,0.412500000000,0.406250000000,1.579289992110,0.481250000000,0.393750000000,0.391666666667,1.499733909264,0.525000000000,0.443750000000,0.435416666667,1.559315164551,0.500000000000,0.418750000000,0.391666666667
kv_delayed_annealed_direct,0,1800,8,145,160,160,51,1.791759469228,3.175003498950,3.411948657251,1.077289814245,0.946415942204,0.706250000000,0.775000000000,107.000000000000,1.000000000000,0.318137254902,1.000000000000,3.575013029312,1.130438132987,1280;1280;1280;1280;1280;1280;480,entity:640;640;640;640;640;640;0|value:640;640;640;640;640;640;0|filler:0;0;0;0;0;0;0|query_marker:0;0;0;0;0;0;160|query_entity:0;0;0;0;0;0;160|context:0;0;0;0;0;0;160,kv_delayed_annealed_direct,0.000000000000,0,3.575013029312,1.130438132987,0.000000000000,0.000000000000,0.000000000000,0.000000000000,14400,0.000000000000,0.954964991326,0.926897933117,0.485014914023,0.401608181774,0.460615244886,0.397026676652,0.036427784889,0.068293662512,0.719216086732,0.706706337488,0.524571907776,0.558040502325,65;50;45,864;858;874,0.000000000000,0.376153479034,0.000000000000,2.000000000000,0.100000000000,1350,0.000000000000,0.438601121283,0.000000000000,0.338020833333,0.661979166667,0.213020833333,0.034114583333,0.725000000000,0.725000000000,15.687500000000,272;269;277,0.381197916667,0.618802083333,0.256197916667,0.041579861111,0.660833333333,42.675000000000,18.000000000000,0.238541666667,0.238541666667,0.725000000000,0.285339506173,0.285339506173,0.664444444444,0.000000000000,0.792000119832,0.831250000000,0.787500000000,0.766666666667,1.072847867062,0.725000000000,0.637500000000,0.637500000000,0.991963362514,0.762500000000,0.687500000000,0.687500000000,0.946415942204,0.775000000000,0.725000000000,0.725000000000,1.010797801826,0.750000000000,0.718750000000,0.718750000000
kv_delayed_annealed_curriculum,0,1800,8,145,160,160,51,1.791759469228,3.175003498950,3.411948657251,1.039903984307,0.915445069533,0.718750000000,0.775000000000,107.000000000000,1.000000000000,0.340441176471,1.000000000000,1.771818167970,1.027182818381,1280;1280;1280;1280;1280;1280;480,entity:640;640;640;640;640;640;0|value:640;640;640;640;640;640;0|filler:0;0;0;0;0;0;0|query_marker:0;0;0;0;0;0;160|query_entity:0;0;0;0;0;0;160|context:0;0;0;0;0;0;160,kv_delayed_annealed_curriculum,0.000000000000,0,1.771818167970,1.027182818381,0.000000000000,0.000000000000,0.000000000000,0.000000000000,14400,0.000000000000,0.954964991326,0.926897933117,0.464080198557,0.391967300390,0.460615244886,0.397026676652,0.024088596773,0.068024195788,0.694661403227,0.706975804212,0.520325431048,0.564353273003,65;52;43,938;832;1008,0.000000000000,0.374680982679,0.000000000000,2.000000000000,0.100000000000,1350,0.000000000000,0.434013396114,0.000000000000,0.361718750000,0.638281250000,0.236718750000,0.030468750000,0.725000000000,0.725000000000,15.639583333333,309;256;344,0.404913194444,0.595086805556,0.279913194444,0.035538194444,0.674166666667,42.675000000000,18.000000000000,0.275000000000,0.275000000000,0.725000000000,0.325277777778,0.325277777778,0.674722222222,0.000000000000,0.839578393428,0.812500000000,0.768750000000,0.758333333333,1.074320859630,0.712500000000,0.637500000000,0.637500000000,0.994653497857,0.743750000000,0.687500000000,0.687500000000,0.915445069533,0.775000000000,0.725000000000,0.725000000000,0.951789640321,0.762500000000,0.718750000000,0.718750000000
kv_delayed_oracle,1,1800,8,120,160,160,51,1.791759469228,0.073120077605,0.073234412702,0.003725091000,0.003779579191,1.000000000000,1.000000000000,72.000000000000,1.000000000000,0.117647058824,1.000000000000,0.043580428188,0.003762902876,1280;1280;1280;1280;1280;1280;480,entity:640;640;640;640;640;640;0|value:640;640;640;640;640;640;0|filler:0;0;0;0;0;0;0|query_marker:0;0;0;0;0;0;160|query_entity:0;0;0;0;0;0;160|context:0;0;0;0;0;0;160,kv_delayed_oracle,0.000000000000,0,0.043580428188,0.003762902876,0.000000000000,0.000000000000,0.000000000000,0.000000000000,14400,0.000000000000,0.016243022168,0.015342135172,0.000016615802,0.000017099988,0.068165967462,0.068352322431,0.003718153241,0.003772439812,0.996281846759,0.996227560188,0.996281846759,0.996227560188,46;50;64,320;320;320,0.000000000000,0.000000000000,0.000000000000,2.000000000000,0.100000000000,1350,0.000000000000,0.000000000000,0.000000000000,0.125000000000,0.875000000000,0.000000000000,0.000000000000,1.000000000000,1.000000000000,20.450000000000,0;0;0,0.125000000000,0.875000000000,0.000000000000,0.000000000000,1.000000000000,42.575000000000,18.000000000000,0.000000000000,0.000000000000,1.000000000000,0.000000000000,0.000000000000,1.000000000000,0.000000000000,0.003775466347,1.000000000000,1.000000000000,1.000000000000,0.003763102777,1.000000000000,1.000000000000,1.000000000000,0.003763064762,1.000000000000,1.000000000000,1.000000000000,0.003779579191,1.000000000000,1.000000000000,1.000000000000,0.003758095073,1.000000000000,1.000000000000,1.000000000000
kv_delayed_fifo,1,1800,8,120,160,160,51,1.791759469228,6.066307587420,5.255771991912,1.792052723601,1.792126690391,0.125000000000,0.187500000000,72.000000000000,1.000000000000,0.941176470588,1.000000000000,5.969823391028,1.795105077077,1280;1280;1280;1280;1280;1280;480,entity:640;640;640;640;640;640;0|value:640;640;640;640;640;640;0|filler:0;0;0;0;0;0;0|query_marker:0;0;0;0;0;0;160|query_entity:0;0;0;0;0;0;160|context:0;0;0;0;0;0;160,kv_delayed_fifo,0.000000000000,0,5.969823391028,1.795105077077,0.000000000000,0.000000000000,0.000000000000,0.000000000000,14400,0.000000000000,1.622339050703,1.497191576799,0.833428205590,0.833435305688,0.804700087778,0.739664927957,0.047409523814,0.014764452854,0.172409523814,0.172735547146,0.166699695292,0.166700323775,82;48;30,2560;2560;2560,0.000000000000,0.000000000000,0.000000000000,2.000000000000,0.100000000000,1350,0.000000000000,0.000000000000,0.000000000000,1.000000000000,0.000000000000,0.875000000000,0.125000000000,0.000000000000,0.000000000000,1.000000000000,1120;1120;1120,1.000000000000,0.000000000000,0.875000000000,0.125000000000,0.000000000000,42.575000000000,18.000000000000,1.000000000000,1.000000000000,0.000000000000,1.000000000000,1.000000000000,0.000000000000,0.000000000000,1.770459634852,0.637500000000,0.537500000000,0.468750000000,1.790563099927,0.175000000000,0.000000000000,0.000000000000,1.791550264512,0.200000000000,0.000000000000,0.000000000000,1.792126690391,0.187500000000,0.000000000000,0.000000000000,1.788629514238,0.231250000000,0.000000000000,0.000000000000
kv_delayed_reservoir,1,1800,8,120,160,160,51,1.791759469228,4.472950249392,4.389526914394,1.724776935570,1.751137162194,0.318750000000,0.318750000000,72.000000000000,1.000000000000,0.335784313725,1.000000000000,4.353516813002,1.709058590638,1280;1280;1280;1280;1280;1280;480,entity:640;640;640;640;640;640;0|value:640;640;640;640;640;640;0|filler:0;0;0;0;0;0;0|query_marker:0;0;0;0;0;0;160|query_entity:0;0;0;0;0;0;160|context:0;0;0;0;0;0;160,kv_delayed_reservoir,0.000000000000,0,4.353516813002,1.709058590638,0.000000000000,0.000000000000,0.000000000000,0.000000000000,14400,0.000000000000,1.244328214295,1.255182024990,0.806957244535,0.812540362094,0.607688305640,0.599363863193,0.019607481224,0.052564968556,0.299142518776,0.302530674147,0.192042472293,0.189858543721,63;52;45,768;1080;892,0.000000000000,0.000000000000,0.000000000000,2.000000000000,0.100000000000,1350,0.000000000000,0.000000000000,0.000000000000,0.356770833333,0.643229166667,0.231770833333,0.079947916667,0.175000000000,0.175000000000,11.583333333333,224;380;286,0.361718750000,0.638281250000,0.236718750000,0.083142361111,0.159583333333,42.575000000000,18.000000000000,0.215277777778,0.215277777778,0.158333333333,0.211558641975,0.211558641975,0.160648148148,0.000000000000,1.454648005284,0.662500000000,0.562500000000,0.525000000000,1.655816711292,0.431250000000,0.281250000000,0.289583333333,1.763486547414,0.293750000000,0.112500000000,0.181250000000,1.751137162194,0.318750000000,0.175000000000,0.158333333333,1.792463050417,0.275000000000,0.100000000000,0.114583333333
kv_delayed_hard,1,1800,8,145,160,160,51,1.791759469228,3.252832967200,3.576490826406,1.480194569349,1.580511437898,0.512500000000,0.493750000000,107.000000000000,1.000000000000,0.325735294118,1.000000000000,3.281584269003,1.397895923532,1280;1280;1280;1280;1280;1280;480,entity:640;640;640;640;640;640;0|value:640;640;640;640;640;640;0|filler:0;0;0;0;0;0;0|query_marker:0;0;0;0;0;0;160|query_entity:0;0;0;0;0;0;160|context:0;0;0;0;0;0;160,kv_delayed_hard,0.000000000000,0,3.281584269003,1.397895923532,0.000000000000,0.000000000000,0.000000000000,0.000000000000,14400,0.000000000000,0.912870916351,0.954380206208,0.690309600873,0.721594471572,0.422166976482,0.432838377645,0.008855775039,0.015091492964,0.506537110664,0.507173123541,0.309663077914,0.294300067294,78;47;35,1088;834;736,0.000000000000,0.440480844645,0.000000000000,2.000000000000,0.100000000000,1350,0.000000000000,0.423013166218,0.000000000000,0.346093750000,0.653906250000,0.221093750000,0.041406250000,0.418750000000,0.418750000000,15.614583333333,384;257;208,0.351076388889,0.648923611111,0.226076388889,0.040572916667,0.412916666667,42.575000000000,18.000000000000,0.219444444444,0.219444444444,0.412500000000,0.230092592593,0.230092592593,0.414259259259,0.000000000000,1.445163054625,0.581250000000,0.531250000000,0.547916666667,1.476158704921,0.550000000000,0.456250000000,0.437500000000,1.518985048458,0.518750000000,0.400000000000,0.372916666667,1.580511437898,0.493750000000,0.418750000000,0.412500000000,1.440909267874,0.568750000000,0.450000000000,0.412500000000
kv_delayed_annealed_direct,1,1800,8,145,160,160,51,1.791759469228,3.175878887545,3.600674106336,1.794979368556,1.790853410387,0.150000000000,0.250000000000,107.000000000000,1.000000000000,0.671813725490,1.000000000000,3.485291105827,1.808413755309,1280;1280;1280;1280;1280;1280;480,entity:640;640;640;640;640;640;0|value:640;640;640;640;640;640;0|filler:0;0;0;0;0;0;0|query_marker:0;0;0;0;0;0;160|query_entity:0;0;0;0;0;0;160|context:0;0;0;0;0;0;160,kv_delayed_annealed_direct,0.000000000000,0,3.485291105827,1.808413755309,0.000000000000,0.000000000000,0.000000000000,0.000000000000,14400,0.000000000000,0.877635582014,0.964695752936,0.834393490383,0.832817638093,0.403016556408,0.438060237059,0.030270153428,0.070443479748,0.180270153428,0.179556520252,0.166676155149,0.167398775721,115;34;11,1790;1884;1808,0.000000000000,0.798466805469,0.000000000000,2.000000000000,0.100000000000,1350,0.000000000000,0.790762156007,0.000000000000,0.713802083333,0.286197916667,0.588802083333,0.069791666667,0.000000000000,0.000000000000,3.179166666667,735;782;744,0.717743055556,0.282256944444,0.592743055556,0.072100694444,0.000000000000,42.575000000000,18.000000000000,0.702083333333,0.702083333333,0.000000000000,0.698796296296,0.698796296296,0.000370370370,0.000000000000,1.785672063712,0.312500000000,0.162500000000,0.164583333333,1.793141427876,0.200000000000,0.012500000000,0.014583333333,1.792364519711,0.243750000000,0.000000000000,0.002083333333,1.790853410387,0.250000000000,0.000000000000,0.000000000000,1.788108207095,0.237500000000,0.000000000000,0.000000000000
kv_delayed_annealed_curriculum,1,1800,8,145,160,160,51,1.791759469228,3.175878887545,3.600674106336,1.018026456375,1.240772229630,0.731250000000,0.693750000000,107.000000000000,1.000000000000,0.386764705882,1.000000000000,1.766582549643,1.094383956299,1280;1280;1280;1280;1280;1280;480,entity:640;640;640;640;640;640;0|value:640;640;640;640;640;640;0|filler:0;0;0;0;0;0;0|query_marker:0;0;0;0;0;0;160|query_entity:0;0;0;0;0;0;160|context:0;0;0;0;0;0;160,kv_delayed_annealed_curriculum,0.000000000000,0,1.766582549643,1.094383956299,0.000000000000,0.000000000000,0.000000000000,0.000000000000,14400,0.000000000000,0.877635582014,0.964695752936,0.452043844254,0.519524763260,0.403016556408,0.438060237059,0.030847319457,0.140774573701,0.700402680543,0.682038721529,0.529783104977,0.484176324854,72;48;40,1044;1040;1072,0.000000000000,0.467064383380,0.000000000000,2.000000000000,0.100000000000,1350,0.000000000000,0.401970097477,0.000000000000,0.410937500000,0.589062500000,0.285937500000,0.037239583333,0.612500000000,0.612500000000,13.675000000000,362;360;376,0.364305555556,0.635694444444,0.239305555556,0.032343750000,0.675833333333,42.575000000000,18.000000000000,0.331597222222,0.331597222222,0.612500000000,0.289228395062,0.289228395062,0.663055555556,0.000000000000,1.016921252051,0.762500000000,0.743750000000,0.712500000000,1.337403137474,0.662500000000,0.606250000000,0.606250000000,1.254129631051,0.693750000000,0.637500000000,0.637500000000,1.240772229630,0.693750000000,0.612500000000,0.612500000000,1.062551331437,0.750000000000,0.675000000000,0.675000000000
kv_delayed_oracle,2,1800,8,120,160,160,51,1.791759469228,0.051075189405,0.050870002832,0.003744341914,0.003731379756,1.000000000000,1.000000000000,72.000000000000,1.000000000000,0.117647058824,1.000000000000,0.029928702187,0.003799904360,1280;1280;1280;1280;1280;1280;480,entity:640;640;640;640;640;640;0|value:640;640;640;640;640;640;0|filler:0;0;0;0;0;0;0|query_marker:0;0;0;0;0;0;160|query_entity:0;0;0;0;0;0;160|context:0;0;0;0;0;0;160,kv_delayed_oracle,0.000000000000,0,0.029928702187,0.003799904360,0.000000000000,0.000000000000,0.000000000000,0.000000000000,14400,0.000000000000,0.004194542671,0.004133133008,0.000016836201,0.000016721813,0.049668852338,0.049495022897,0.003737316596,0.003724402852,0.996262683404,0.996275597148,0.996262683404,0.996275597148,51;50;59,320;320;320,0.000000000000,0.000000000000,0.000000000000,2.000000000000,0.100000000000,1350,0.000000000000,0.000000000000,0.000000000000,0.125000000000,0.875000000000,0.000000000000,0.000000000000,1.000000000000,1.000000000000,20.427083333333,0;0;0,0.125000000000,0.875000000000,0.000000000000,0.000000000000,1.000000000000,42.625000000000,18.000000000000,0.000000000000,0.000000000000,1.000000000000,0.000000000000,0.000000000000,1.000000000000,0.000000000000,0.003782206747,1.000000000000,1.000000000000,1.000000000000,0.003761128785,1.000000000000,1.000000000000,1.000000000000,0.003737445544,1.000000000000,1.000000000000,1.000000000000,0.003731379756,1.000000000000,1.000000000000,1.000000000000,0.003738808368,1.000000000000,1.000000000000,1.000000000000
kv_delayed_fifo,2,1800,8,120,160,160,51,1.791759469228,5.114523495670,5.133086447007,1.789915817949,1.789596335159,0.193750000000,0.250000000000,72.000000000000,1.000000000000,0.941176470588,1.000000000000,5.893740278965,1.788472968483,1280;1280;1280;1280;1280;1280;480,entity:640;640;640;640;640;640;0|value:640;640;640;640;640;640;0|filler:0;0;0;0;0;0;0|query_marker:0;0;0;0;0;0;160|query_entity:0;0;0;0;0;0;160|context:0;0;0;0;0;0;160,kv_delayed_fifo,0.000000000000,0,5.893740278965,1.788472968483,0.000000000000,0.000000000000,0.000000000000,0.000000000000,14400,0.000000000000,1.511154250402,1.413372562939,0.832722080599,0.832602742969,0.753954209432,0.699892254307,0.023059397847,0.079139632757,0.170690602153,0.170860367243,0.167022257403,0.167084949133,76;62;22,2560;2560;2560,0.000000000000,0.000000000000,0.000000000000,2.000000000000,0.100000000000,1350,0.000000000000,0.000000000000,0.000000000000,1.000000000000,0.000000000000,0.875000000000,0.125000000000,0.000000000000,0.000000000000,1.000000000000,1120;1120;1120,1.000000000000,0.000000000000,0.875000000000,0.125000000000,0.000000000000,42.625000000000,18.000000000000,1.000000000000,1.000000000000,0.000000000000,1.000000000000,1.000000000000,0.000000000000,0.000000000000,1.779414025920,0.600000000000,0.487500000000,0.510416666667,1.795591362716,0.156250000000,0.000000000000,0.000000000000,1.790627985574,0.181250000000,0.000000000000,0.000000000000,1.789596335159,0.250000000000,0.000000000000,0.000000000000,1.790929305110,0.250000000000,0.000000000000,0.000000000000
kv_delayed_reservoir,2,1800,8,120,160,160,51,1.791759469228,5.042934624172,4.638632094755,1.753256672749,1.735065030269,0.287500000000,0.331250000000,72.000000000000,1.000000000000,0.340196078431,1.000000000000,4.996264937444,1.711992124180,1280;1280;1280;1280;1280;1280;480,entity:640;640;640;640;640;640;0|value:640;640;640;640;640;640;0|filler:0;0;0;0;0;0;0|query_marker:0;0;0;0;0;0;160|query_entity:0;0;0;0;0;0;160|context:0;0;0;0;0;0;160,kv_delayed_reservoir,0.000000000000,0,4.996264937444,1.711992124180,0.000000000000,0.000000000000,0.000000000000,0.000000000000,14400,0.000000000000,1.343840154770,1.262640583384,0.817387467409,0.808031645207,0.660472936961,0.619860542384,0.013861380158,0.055810997852,0.273638619842,0.275439002148,0.182624532503,0.187490402711,78;49;33,906;904;966,0.000000000000,0.000000000000,0.000000000000,2.000000000000,0.100000000000,1350,0.000000000000,0.000000000000,0.000000000000,0.361458333333,0.638541666667,0.236458333333,0.085416666667,0.156250000000,0.156250000000,11.531250000000,293;292;323,0.359635416667,0.640364583333,0.234635416667,0.086979166667,0.163333333333,42.625000000000,18.000000000000,0.202430555556,0.202430555556,0.162500000000,0.200478395062,0.200478395062,0.160648148148,0.000000000000,1.540342127055,0.606250000000,0.493750000000,0.545833333333,1.681493888114,0.406250000000,0.306250000000,0.272916666667,1.701621548130,0.368750000000,0.225000000000,0.231250000000,1.735065030269,0.331250000000,0.156250000000,0.162500000000,1.677996641310,0.387500000000,0.212500000000,0.170833333333
kv_delayed_hard,2,1800,8,145,160,160,51,1.791759469228,4.143418722089,4.443991319051,1.623903404282,1.617558322678,0.425000000000,0.412500000000,107.000000000000,1.000000000000,0.539215686275,1.000000000000,4.243511641341,1.623647564894,1280;1280;1280;1280;1280;1280;480,entity:640;640;640;640;640;640;0|value:640;640;640;640;640;640;0|filler:0;0;0;0;0;0;0|query_marker:0;0;0;0;0;0;160|query_entity:0;0;0;0;0;0;160|context:0;0;0;0;0;0;160,kv_delayed_hard,0.000000000000,0,4.243511641341,1.623647564894,0.000000000000,0.000000000000,0.000000000000,0.000000000000,14400,0.000000000000,1.085772503787,1.108647244934,0.758454447427,0.757299732677,0.525465102760,0.534717076330,0.036088675855,0.050992501422,0.388911324145,0.389991583313,0.234700189035,0.235731101897,85;44;31,2300;1294;806,0.000000000000,0.587851146602,0.000000000000,2.000000000000,0.100000000000,1350,0.000000000000,0.567694359319,0.000000000000,0.572916666667,0.427083333333,0.447916666667,0.071093750000,0.275000000000,0.275000000000,12.839583333333,990;487;243,0.542013888889,0.457986111111,0.417013888889,0.071059027778,0.291250000000,42.625000000000,18.000000000000,0.483680555556,0.483680555556,0.287500000000,0.446666666667,0.446666666667,0.296666666667,0.000000000000,1.434979712260,0.575000000000,0.456250000000,0.500000000000,1.697262509983,0.362500000000,0.268750000000,0.281250000000,1.648695152959,0.412500000000,0.312500000000,0.320833333333,1.617558322678,0.412500000000,0.275000000000,0.287500000000,1.600804176038,0.431250000000,0.300000000000,0.279166666667
kv_delayed_annealed_direct,2,1800,8,145,160,160,51,1.791759469228,4.115086311103,4.505307328931,1.113762158087,1.215584313560,0.693750000000,0.712500000000,107.000000000000,1.000000000000,0.365441176471,1.000000000000,4.517964953384,1.063119768300,1280;1280;1280;1280;1280;1280;480,entity:640;640;640;640;640;640;0|value:640;640;640;640;640;640;0|filler:0;0;0;0;0;0;0|query_marker:0;0;0;0;0;0;160|query_entity:0;0;0;0;0;0;160|context:0;0;0;0;0;0;160,kv_delayed_annealed_direct,0.000000000000,0,4.517964953384,1.063119768300,0.000000000000,0.000000000000,0.000000000000,0.000000000000,14400,0.000000000000,1.086431226281,1.120599954578,0.506580713181,0.501436070854,0.525975326147,0.540972103126,0.088537459485,0.102038900130,0.751224825356,0.719647973339,0.536900102697,0.517827624426,70;48;42,1040;1004;938,0.000000000000,0.422692646243,0.000000000000,2.000000000000,0.100000000000,1350,0.000000000000,0.393552335061,0.000000000000,0.388281250000,0.611718750000,0.263281250000,0.034895833333,0.656250000000,0.656250000000,14.233333333333,360;342;309,0.365399305556,0.634600694444,0.240399305556,0.031857638889,0.677083333333,42.625000000000,18.000000000000,0.304513888889,0.304513888889,0.656250000000,0.279737654321,0.279737654321,0.676666666667,0.000000000000,1.017467024677,0.775000000000,0.731250000000,0.739583333333,1.116468244385,0.737500000000,0.668750000000,0.668750000000,1.140395957250,0.743750000000,0.712500000000,0.712500000000,1.215584313560,0.712500000000,0.656250000000,0.656250000000,1.107821882616,0.750000000000,0.687500000000,0.687500000000
kv_delayed_annealed_curriculum,2,1800,8,145,160,160,51,1.791759469228,4.115086311103,4.505307328931,0.004143443339,0.004188031237,1.000000000000,1.000000000000,107.000000000000,1.000000000000,0.155637254902,1.000000000000,2.399429887101,0.004157299876,1280;1280;1280;1280;1280;1280;480,entity:640;640;640;640;640;640;0|value:640;640;640;640;640;640;0|filler:0;0;0;0;0;0;0|query_marker:0;0;0;0;0;0;160|query_entity:0;0;0;0;0;0;160|context:0;0;0;0;0;0;160,kv_delayed_annealed_curriculum,0.000000000000,0,2.399429887101,0.004157299876,0.000000000000,0.000000000000,0.000000000000,0.000000000000,14400,0.000000000000,1.086431226281,1.120599954578,0.000020575801,0.000021016086,0.525975326147,0.540972103126,0.004134856917,0.004179261128,0.995865143083,0.995820738872,0.995865143083,0.995820738872,41;57;62,408;428;434,0.000000000000,0.112680334116,0.000000000000,2.000000000000,0.100000000000,1350,0.000000000000,0.110995822057,0.000000000000,0.165364583333,0.834635416667,0.040364583333,0.000000000000,1.000000000000,1.000000000000,20.427083333333,44;54;57,0.162222222222,0.837777777778,0.037222222222,0.000000000000,1.000000000000,42.625000000000,18.000000000000,0.000000000000,0.000000000000,1.000000000000,0.000000000000,0.000000000000,1.000000000000,0.000000000000,0.004195347246,1.000000000000,1.000000000000,1.000000000000,0.004181130781,1.000000000000,1.000000000000,1.000000000000,0.004215566697,1.000000000000,1.000000000000,1.000000000000,0.004188031237,1.000000000000,1.000000000000,1.000000000000,0.004182536466,1.000000000000,1.000000000000,1.000000000000
kv_delayed_oracle,3,1800,8,120,160,160,51,1.791759469228,0.134071789576,0.131239414630,0.003750827049,0.003751472716,1.000000000000,1.000000000000,72.000000000000,1.000000000000,0.117647058824,1.000000000000,0.082981781870,0.003758402326,1280;1280;1280;1280;1280;1280;480,entity:640;640;640;640;640;640;0|value:640;640;640;640;640;640;0|filler:0;0;0;0;0;0;0|query_marker:0;0;0;0;0;0;160|query_entity:0;0;0;0;0;0;160|context:0;0;0;0;0;0;160,kv_delayed_oracle,0.000000000000,0,0.082981781870,0.003758402326,0.000000000000,0.000000000000,0.000000000000,0.000000000000,14400,0.000000000000,0.027552021502,0.026277769458,0.000016874457,0.000016872456,0.124077638747,0.121897179157,0.003743783380,0.003744430164,0.996256216620,0.996255569836,0.996256216620,0.996255569836,57;54;49,320;320;320,0.000000000000,0.000000000000,0.000000000000,2.000000000000,0.100000000000,1350,0.000000000000,0.000000000000,0.000000000000,0.125000000000,0.875000000000,0.000000000000,0.000000000000,1.000000000000,1.000000000000,20.502083333333,0;0;0,0.125000000000,0.875000000000,0.000000000000,0.000000000000,1.000000000000,43.162500000000,18.000000000000,0.000000000000,0.000000000000,1.000000000000,0.000000000000,0.000000000000,1.000000000000,0.000000000000,0.003747173235,1.000000000000,1.000000000000,1.000000000000,0.003748355722,1.000000000000,1.000000000000,1.000000000000,0.003741674523,1.000000000000,1.000000000000,1.000000000000,0.003751472716,1.000000000000,1.000000000000,1.000000000000,0.003731717710,1.000000000000,1.000000000000,1.000000000000
kv_delayed_fifo,3,1800,8,120,160,160,51,1.791759469228,4.353627964357,3.903732971956,1.792398563606,1.790437968210,0.168750000000,0.250000000000,72.000000000000,1.000000000000,0.941176470588,1.000000000000,4.555575807745,1.794553608706,1280;1280;1280;1280;1280;1280;480,entity:640;640;640;640;640;640;0|value:640;640;640;640;640;640;0|filler:0;0;0;0;0;0;0|query_marker:0;0;0;0;0;0;160|query_entity:0;0;0;0;0;0;160|context:0;0;0;0;0;0;160,kv_delayed_fifo,0.000000000000,0,4.555575807745,1.794553608706,0.000000000000,0.000000000000,0.000000000000,0.000000000000,14400,0.000000000000,1.442850929534,1.300091284657,0.833545035232,0.832887664940,0.704539992839,0.617387294481,0.001062660095,0.080309642469,0.169812660095,0.169690357531,0.166573138673,0.166901110618,82;42;36,2560;2560;2560,0.000000000000,0.000000000000,0.000000000000,2.000000000000,0.100000000000,1350,0.000000000000,0.000000000000,0.000000000000,1.000000000000,0.000000000000,0.875000000000,0.125000000000,0.000000000000,0.000000000000,1.000000000000,1120;1120;1120,1.000000000000,0.000000000000,0.875000000000,0.125000000000,0.000000000000,43.162500000000,18.000000000000,1.000000000000,1.000000000000,0.000000000000,1.000000000000,1.000000000000,0.000000000000,0.000000000000,1.783385008919,0.525000000000,0.418750000000,0.493750000000,1.792378425729,0.175000000000,0.000000000000,0.000000000000,1.790338657978,0.218750000000,0.000000000000,0.000000000000,1.790437968210,0.250000000000,0.000000000000,0.000000000000,1.789709445735,0.281250000000,0.000000000000,0.000000000000
kv_delayed_reservoir,3,1800,8,120,160,160,51,1.791759469228,3.666402386990,3.492679546179,1.752628522739,1.750307083790,0.287500000000,0.325000000000,72.000000000000,1.000000000000,0.345588235294,1.000000000000,3.727732600552,1.764548666851,1280;1280;1280;1280;1280;1280;480,entity:640;640;640;640;640;640;0|value:640;640;640;640;640;640;0|filler:0;0;0;0;0;0;0|query_marker:0;0;0;0;0;0;160|query_entity:0;0;0;0;0;0;160|context:0;0;0;0;0;0;160,kv_delayed_reservoir,0.000000000000,0,3.727732600552,1.764548666851,0.000000000000,0.000000000000,0.000000000000,0.000000000000,14400,0.000000000000,1.242053730356,1.176991700350,0.818847915526,0.815491242557,0.589445540919,0.554578990318,0.049104832575,0.086290788893,0.238395167425,0.238709211107,0.177772509283,0.179471675501,76;41;43,874;1048;898,0.000000000000,0.000000000000,0.000000000000,2.000000000000,0.100000000000,1350,0.000000000000,0.000000000000,0.000000000000,0.367187500000,0.632812500000,0.242187500000,0.082291666667,0.118750000000,0.118750000000,11.314583333333,277;364;289,0.363038194444,0.636961805556,0.238038194444,0.082812500000,0.113750000000,43.162500000000,18.000000000000,0.232291666667,0.232291666667,0.112500000000,0.222854938272,0.222854938272,0.122037037037,0.000000000000,1.612751003786,0.581250000000,0.500000000000,0.479166666667,1.735255593267,0.375000000000,0.187500000000,0.212500000000,1.755027243912,0.287500000000,0.162500000000,0.150000000000,1.750307083790,0.325000000000,0.118750000000,0.112500000000,1.759884385813,0.293750000000,0.118750000000,0.085416666667
kv_delayed_hard,3,1800,8,145,160,160,51,1.791759469228,3.590541996342,3.847333055386,1.744803223058,1.789686649057,0.306250000000,0.293750000000,107.000000000000,1.000000000000,0.500490196078,1.000000000000,3.144820779842,1.745310926990,1280;1280;1280;1280;1280;1280;480,entity:640;640;640;640;640;640;0|value:640;640;640;640;640;640;0|filler:0;0;0;0;0;0;0|query_marker:0;0;0;0;0;0;160|query_entity:0;0;0;0;0;0;160|context:0;0;0;0;0;0;160,kv_delayed_hard,0.000000000000,0,3.144820779842,1.745310926990,0.000000000000,0.000000000000,0.000000000000,0.000000000000,14400,0.000000000000,1.204691599658,1.228722066825,0.813908022758,0.828516072314,0.569660605307,0.582877926308,0.041510872095,0.027206403053,0.272984043643,0.266543596947,0.184921074666,0.176853650607,104;34;22,2566;856;662,0.000000000000,0.670751949637,0.000000000000,2.000000000000,0.100000000000,1350,0.000000000000,0.702222615597,0.000000000000,0.531770833333,0.468229166667,0.406770833333,0.061718750000,0.187500000000,0.187500000000,12.537500000000,1123;268;171,0.552986111111,0.447013888889,0.427986111111,0.064618055556,0.143750000000,43.162500000000,18.000000000000,0.460069444444,0.460069444444,0.166666666667,0.488518518519,0.488518518519,0.143611111111,0.000000000000,1.603777007354,0.506250000000,0.356250000000,0.387500000000,1.746091922914,0.356250000000,0.181250000000,0.204166666667,1.766634208398,0.337500000000,0.156250000000,0.137500000000,1.789686649057,0.293750000000,0.187500000000,0.166666666667,1.796288265626,0.287500000000,0.150000000000,0.131250000000
kv_delayed_annealed_direct,3,1800,8,145,160,160,51,1.791759469228,3.633069384434,3.817975794282,0.942790875267,1.019668375015,0.762500000000,0.737500000000,107.000000000000,1.000000000000,0.336274509804,1.000000000000,3.103833389137,1.016167958209,1280;1280;1280;1280;1280;1280;480,entity:640;640;640;640;640;640;0|value:640;640;640;640;640;640;0|filler:0;0;0;0;0;0;0|query_marker:0;0;0;0;0;0;160|query_entity:0;0;0;0;0;0;160|context:0;0;0;0;0;0;160,kv_delayed_annealed_direct,0.000000000000,0,3.103833389137,1.016167958209,0.000000000000,0.000000000000,0.000000000000,0.000000000000,14400,0.000000000000,1.233806596300,1.229393917435,0.409402593481,0.448374371610,0.588979143180,0.583313326034,0.023515041100,0.006284681269,0.738984958900,0.731215318731,0.575707470943,0.550948864099,79;42;39,886;948;910,0.000000000000,0.420819673482,0.000000000000,2.000000000000,0.100000000000,1350,0.000000000000,0.437564495980,0.000000000000,0.357291666667,0.642708333333,0.232291666667,0.038802083333,0.675000000000,0.675000000000,14.825000000000,283;314;295,0.361336805556,0.638663194444,0.236336805556,0.040138888889,0.672500000000,43.162500000000,18.000000000000,0.257986111111,0.257986111111,0.675000000000,0.271080246914,0.271080246914,0.665277777778,0.000000000000,1.017873955390,0.737500000000,0.693750000000,0.731250000000,1.010107969683,0.743750000000,0.700000000000,0.702083333333,1.033233440163,0.731250000000,0.668750000000,0.668750000000,1.019668375015,0.737500000000,0.675000000000,0.675000000000,1.057634930682,0.718750000000,0.656250000000,0.656250000000
kv_delayed_annealed_curriculum,3,1800,8,145,160,160,51,1.791759469228,3.633069384434,3.817975794282,1.062158938532,1.038945827401,0.725000000000,0.750000000000,107.000000000000,1.000000000000,0.350490196078,1.000000000000,2.579009791817,0.906804814669,1280;1280;1280;1280;1280;1280;480,entity:640;640;640;640;640;640;0|value:640;640;640;640;640;640;0|filler:0;0;0;0;0;0;0|query_marker:0;0;0;0;0;0;160|query_entity:0;0;0;0;0;0;160|context:0;0;0;0;0;0;160,kv_delayed_annealed_curriculum,0.000000000000,0,2.579009791817,0.906804814669,0.000000000000,0.000000000000,0.000000000000,0.000000000000,14400,0.000000000000,1.233806596300,1.229393917435,0.467235374684,0.434707490864,0.588979143180,0.583313326034,0.041637984931,0.045205818137,0.719072933600,0.704794181863,0.534131150209,0.540533856611,67;53;40,838;1056;966,0.000000000000,0.380676940192,0.000000000000,2.000000000000,0.100000000000,1350,0.000000000000,0.405884286809,0.000000000000,0.372395833333,0.627604166667,0.247395833333,0.036458333333,0.706250000000,0.706250000000,15.437500000000,259;368;323,0.414652777778,0.585347222222,0.289652777778,0.042031250000,0.660000000000,43.162500000000,18.000000000000,0.281250000000,0.281250000000,0.706250000000,0.328055555556,0.328055555556,0.662777777778,0.000000000000,1.005986205315,0.756250000000,0.725000000000,0.739583333333,1.099981737826,0.725000000000,0.662500000000,0.662500000000,1.159591775773,0.700000000000,0.631250000000,0.631250000000,1.038945827401,0.750000000000,0.706250000000,0.706250000000,1.249488180957,0.668750000000,0.643750000000,0.643750000000
kv_delayed_oracle,4,1800,8,120,160,160,51,1.791759469228,0.041438711706,0.036804994362,0.003751566432,0.003781009197,1.000000000000,1.000000000000,72.000000000000,1.000000000000,0.117647058824,1.000000000000,0.020777258302,0.003729057554,1280;1280;1280;1280;1280;1280;480,entity:640;640;640;640;640;640;0|value:640;640;640;640;640;640;0|filler:0;0;0;0;0;0;0|query_marker:0;0;0;0;0;0;160|query_entity:0;0;0;0;0;0;160|context:0;0;0;0;0;0;160,kv_delayed_oracle,0.000000000000,0,0.020777258302,0.003729057554,0.000000000000,0.000000000000,0.000000000000,0.000000000000,14400,0.000000000000,0.003451064668,0.002908634122,0.000016911116,0.000017164913,0.040316021981,0.035858545622,0.003744510156,0.003773846622,0.996255489844,0.996226153378,0.996255489844,0.996226153378,49;51;60,320;320;320,0.000000000000,0.000000000000,0.000000000000,2.000000000000,0.100000000000,1350,0.000000000000,0.000000000000,0.000000000000,0.125000000000,0.875000000000,0.000000000000,0.000000000000,1.000000000000,1.000000000000,20.500000000000,0;0;0,0.125000000000,0.875000000000,0.000000000000,0.000000000000,1.000000000000,42.787500000000,18.000000000000,0.000000000000,0.000000000000,1.000000000000,0.000000000000,0.000000000000,1.000000000000,0.000000000000,0.003783397273,1.000000000000,1.000000000000,1.000000000000,0.003797736989,1.000000000000,1.000000000000,1.000000000000,0.003806682309,1.000000000000,1.000000000000,1.000000000000,0.003781009197,1.000000000000,1.000000000000,1.000000000000,0.003769775720,1.000000000000,1.000000000000,1.000000000000
kv_delayed_fifo,4,1800,8,120,160,160,51,1.791759469228,5.070767783616,4.838315880810,1.788985004849,1.785379251341,0.156250000000,0.237500000000,72.000000000000,1.000000000000,0.941176470588,1.000000000000,4.742395317427,1.788272046769,1280;1280;1280;1280;1280;1280;480,entity:640;640;640;640;640;640;0|value:640;640;640;640;640;640;0|filler:0;0;0;0;0;0;0|query_marker:0;0;0;0;0;0;160|query_entity:0;0;0;0;0;0;160|context:0;0;0;0;0;0;160,kv_delayed_fifo,0.000000000000,0,4.742395317427,1.788272046769,0.000000000000,0.000000000000,0.000000000000,0.000000000000,14400,0.000000000000,1.611072069213,1.455889239848,0.832425842893,0.831244626186,0.803812069928,0.721504290980,0.015547088894,0.065377610982,0.171797088894,0.172122389018,0.167216736242,0.167817228958,83;45;32,2560;2560;2560,0.000000000000,0.000000000000,0.000000000000,2.000000000000,0.100000000000,1350,0.000000000000,0.000000000000,0.000000000000,1.000000000000,0.000000000000,0.875000000000,0.125000000000,0.000000000000,0.000000000000,1.000000000000,1120;1120;1120,1.000000000000,0.000000000000,0.875000000000,0.125000000000,0.000000000000,42.787500000000,18.000000000000,1.000000000000,1.000000000000,0.000000000000,1.000000000000,1.000000000000,0.000000000000,0.000000000000,1.773938444725,0.550000000000,0.456250000000,0.479166666667,1.792485330321,0.193750000000,0.000000000000,0.000000000000,1.789383633074,0.256250000000,0.000000000000,0.000000000000,1.785379251341,0.237500000000,0.000000000000,0.000000000000,1.796890900514,0.187500000000,0.000000000000,0.000000000000
kv_delayed_reservoir,4,1800,8,120,160,160,51,1.791759469228,4.545325732010,4.306149459059,1.788662851866,1.755564000630,0.262500000000,0.325000000000,72.000000000000,1.000000000000,0.331862745098,1.000000000000,5.326764690183,1.753783659728,1280;1280;1280;1280;1280;1280;480,entity:640;640;640;640;640;640;0|value:640;640;640;640;640;640;0|filler:0;0;0;0;0;0;0|query_marker:0;0;0;0;0;0;160|query_entity:0;0;0;0;0;0;160|context:0;0;0;0;0;0;160,kv_delayed_reservoir,0.000000000000,0,5.326764690183,1.753783659728,0.000000000000,0.000000000000,0.000000000000,0.000000000000,14400,0.000000000000,1.407463342551,1.288057097449,0.827937672281,0.818032483945,0.698130068551,0.636662824162,0.008305544566,0.072298751264,0.254194455434,0.252701248736,0.176098294044,0.180884504153,65;57;38,1072;830;806,0.000000000000,0.000000000000,0.000000000000,2.000000000000,0.100000000000,1350,0.000000000000,0.000000000000,0.000000000000,0.352604166667,0.647395833333,0.227604166667,0.084635416667,0.106250000000,0.106250000000,11.645833333333,376;255;243,0.355034722222,0.644965277778,0.230034722222,0.082638888889,0.118750000000,42.787500000000,18.000000000000,0.211111111111,0.211111111111,0.114583333333,0.215169753086,0.215169753086,0.117592592593,0.000000000000,1.584948826239,0.600000000000,0.506250000000,0.500000000000,1.700362867546,0.381250000000,0.237500000000,0.250000000000,1.755062720895,0.325000000000,0.175000000000,0.158333333333,1.755564000630,0.325000000000,0.106250000000,0.114583333333,1.774906291840,0.275000000000,0.087500000000,0.077083333333
kv_delayed_hard,4,1800,8,145,160,160,51,1.791759469228,4.321870978239,4.715203736027,1.781570828366,1.802834622523,0.256250000000,0.250000000000,107.000000000000,1.000000000000,0.498284313725,1.000000000000,4.268844617596,1.801438870883,1280;1280;1280;1280;1280;1280;480,entity:640;640;640;640;640;640;0|value:640;640;640;640;640;640;0|filler:0;0;0;0;0;0;0|query_marker:0;0;0;0;0;0;160|query_entity:0;0;0;0;0;0;160|context:0;0;0;0;0;0;160,kv_delayed_hard,0.000000000000,0,4.268844617596,1.801438870883,0.000000000000,0.000000000000,0.000000000000,0.000000000000,14400,0.000000000000,1.416560850643,1.431922934762,0.829704380409,0.836332371300,0.702343001712,0.709260568709,0.062752385796,0.055567770011,0.193497614204,0.194432229989,0.169710247450,0.166467495107,144;13;3,2486;792;788,0.000000000000,0.587568495313,0.000000000000,2.000000000000,0.100000000000,1350,0.000000000000,0.589443267402,0.000000000000,0.529427083333,0.470572916667,0.404427083333,0.085937500000,0.043750000000,0.043750000000,11.870833333333,1083;236;234,0.537361111111,0.462638888889,0.412361111111,0.089253472222,0.052916666667,42.787500000000,18.000000000000,0.459027777778,0.459027777778,0.062500000000,0.464490740741,0.464490740741,0.057222222222,0.000000000000,1.757422568199,0.500000000000,0.425000000000,0.412500000000,1.803345923057,0.287500000000,0.168750000000,0.127083333333,1.820940123655,0.237500000000,0.062500000000,0.079166666667,1.802834622523,0.250000000000,0.043750000000,0.062500000000,1.797099062352,0.256250000000,0.100000000000,0.075000000000
kv_delayed_annealed_direct,4,1800,8,145,160,160,51,1.791759469228,4.382042844579,4.771099110997,0.003912769011,0.003923213776,1.000000000000,1.000000000000,107.000000000000,1.000000000000,0.154901960784,1.000000000000,4.986022041237,0.003907402335,1280;1280;1280;1280;1280;1280;480,entity:640;640;640;640;640;640;0|value:640;640;640;640;640;640;0|filler:0;0;0;0;0;0;0|query_marker:0;0;0;0;0;0;160|query_entity:0;0;0;0;0;0;160|context:0;0;0;0;0;0;160,kv_delayed_annealed_direct,0.000000000000,0,4.986022041237,0.003907402335,0.000000000000,0.000000000000,0.000000000000,0.000000000000,14400,0.000000000000,1.427807436467,1.456128719428,0.000018322328,0.000018417986,0.707757692658,0.721768634038,0.003905117660,0.003915522497,0.996094882340,0.996084477503,0.996094882340,0.996084477503,51;52;57,418;420;426,0.000000000000,0.137126494156,0.000000000000,2.000000000000,0.100000000000,1350,0.000000000000,0.135212939219,0.000000000000,0.164583333333,0.835416666667,0.039583333333,0.000000000000,1.000000000000,1.000000000000,20.500000000000,49;50;53,0.166197916667,0.833802083333,0.041197916667,0.000000000000,1.000000000000,42.787500000000,18.000000000000,0.000000000000,0.000000000000,1.000000000000,0.000000000000,0.000000000000,1.000000000000,0.000000000000,0.003933345535,1.000000000000,1.000000000000,1.000000000000,0.003927261860,1.000000000000,1.000000000000,1.000000000000,0.003939373063,1.000000000000,1.000000000000,1.000000000000,0.003923213776,1.000000000000,1.000000000000,1.000000000000,0.003919677093,1.000000000000,1.000000000000,1.000000000000
kv_delayed_annealed_curriculum,4,1800,8,145,160,160,51,1.791759469228,4.382042844579,4.771099110997,1.028552567107,1.223178480317,0.725000000000,0.700000000000,107.000000000000,1.000000000000,0.364705882353,1.000000000000,3.132567422744,1.076697446749,1280;1280;1280;1280;1280;1280;480,entity:640;640;640;640;640;640;0|value:640;640;640;640;640;640;0|filler:0;0;0;0;0;0;0|query_marker:0;0;0;0;0;0;160|query_entity:0;0;0;0;0;0;160|context:0;0;0;0;0;0;160,kv_delayed_annealed_curriculum,0.000000000000,0,3.132567422744,1.076697446749,0.000000000000,0.000000000000,0.000000000000,0.000000000000,14400,0.000000000000,1.427807436467,1.456128719428,0.457546480639,0.514694008989,0.707757692658,0.721768634038,0.001682316897,0.113941466098,0.724605307465,0.696997911821,0.543452677209,0.496985244035,77;39;44,954;952;1070,0.000000000000,0.437141244041,0.000000000000,2.000000000000,0.100000000000,1350,0.000000000000,0.407350661928,0.000000000000,0.387500000000,0.612500000000,0.262500000000,0.045572916667,0.631250000000,0.631250000000,14.387500000000,317;316;375,0.369652777778,0.630347222222,0.244652777778,0.040677083333,0.666250000000,42.787500000000,18.000000000000,0.290277777778,0.290277777778,0.631250000000,0.277685185185,0.277685185185,0.661944444444,0.000000000000,0.964178294150,0.787500000000,0.756250000000,0.747916666667,1.170836907917,0.718750000000,0.650000000000,0.650000000000,1.236565524237,0.700000000000,0.631250000000,0.631250000000,1.223178480317,0.700000000000,0.631250000000,0.631250000000,1.079339227238,0.750000000000,0.662500000000,0.662500000000
kv_delayed_oracle,5,1800,8,120,160,160,51,1.791759469228,0.082202937108,0.097090779481,0.003725852399,0.003741707692,1.000000000000,1.000000000000,72.000000000000,1.000000000000,0.117647058824,1.000000000000,0.060988726367,0.003729412188,1280;1280;1280;1280;1280;1280;480,entity:640;640;640;640;640;640;0|value:640;640;640;640;640;640;0|filler:0;0;0;0;0;0;0|query_marker:0;0;0;0;0;0;160|query_entity:0;0;0;0;0;0;160|context:0;0;0;0;0;0;160,kv_delayed_oracle,0.000000000000,0,0.060988726367,0.003729412188,0.000000000000,0.000000000000,0.000000000000,0.000000000000,14400,0.000000000000,0.020483426207,0.027415152089,0.000016611157,0.000016753386,0.075167424659,0.087571664676,0.003718915420,0.003734711259,0.996281084580,0.996265288741,0.996281084580,0.996265288741,57;41;62,320;320;320,0.000000000000,0.000000000000,0.000000000000,2.000000000000,0.100000000000,1350,0.000000000000,0.000000000000,0.000000000000,0.125000000000,0.875000000000,0.000000000000,0.000000000000,1.000000000000,1.000000000000,20.518750000000,0;0;0,0.125000000000,0.875000000000,0.000000000000,0.000000000000,1.000000000000,42.975000000000,18.000000000000,0.000000000000,0.000000000000,1.000000000000,0.000000000000,0.000000000000,1.000000000000,0.000000000000,0.003724659172,1.000000000000,1.000000000000,1.000000000000,0.003741887830,1.000000000000,1.000000000000,1.000000000000,0.003732187396,1.000000000000,1.000000000000,1.000000000000,0.003741707692,1.000000000000,1.000000000000,1.000000000000,0.003725695881,1.000000000000,1.000000000000,1.000000000000
kv_delayed_fifo,5,1800,8,120,160,160,51,1.791759469228,5.148278689374,4.506237480301,1.784580797773,1.795337060340,0.162500000000,0.225000000000,72.000000000000,1.000000000000,0.941176470588,1.000000000000,4.307122546451,1.796106113202,1280;1280;1280;1280;1280;1280;480,entity:640;640;640;640;640;640;0|value:640;640;640;640;640;640;0|filler:0;0;0;0;0;0;0|query_marker:0;0;0;0;0;0;160|query_entity:0;0;0;0;0;0;160|context:0;0;0;0;0;0;160,kv_delayed_fifo,0.000000000000,0,4.307122546451,1.796106113202,0.000000000000,0.000000000000,0.000000000000,0.000000000000,14400,0.000000000000,1.517277372054,1.380491872696,0.831036860878,0.834401119790,0.742329021402,0.678643129529,0.010566084282,0.051928007629,0.173066084282,0.173071992371,0.167964229037,0.166282862406,76;42;42,2560;2560;2560,0.000000000000,0.000000000000,0.000000000000,2.000000000000,0.100000000000,1350,0.000000000000,0.000000000000,0.000000000000,1.000000000000,0.000000000000,0.875000000000,0.125000000000,0.000000000000,0.000000000000,1.000000000000,1120;1120;1120,1.000000000000,0.000000000000,0.875000000000,0.125000000000,0.000000000000,42.975000000000,18.000000000000,1.000000000000,1.000000000000,0.000000000000,1.000000000000,1.000000000000,0.000000000000,0.000000000000,1.768747730935,0.606250000000,0.543750000000,0.535416666667,1.792804402238,0.168750000000,0.000000000000,0.000000000000,1.795497037417,0.193750000000,0.000000000000,0.000000000000,1.795337060340,0.225000000000,0.000000000000,0.000000000000,1.794086036185,0.187500000000,0.000000000000,0.000000000000
kv_delayed_reservoir,5,1800,8,120,160,160,51,1.791759469228,4.426946435795,4.400647203916,1.754230477768,1.741406489033,0.281250000000,0.325000000000,72.000000000000,1.000000000000,0.326225490196,1.000000000000,3.706450719757,1.739330453251,1280;1280;1280;1280;1280;1280;480,entity:640;640;640;640;640;640;0|value:640;640;640;640;640;640;0|filler:0;0;0;0;0;0;0|query_marker:0;0;0;0;0;0;160|query_entity:0;0;0;0;0;0;160|context:0;0;0;0;0;0;160,kv_delayed_reservoir,0.000000000000,0,3.706450719757,1.739330453251,0.000000000000,0.000000000000,0.000000000000,0.000000000000,14400,0.000000000000,1.301722235226,1.217567384039,0.819802662970,0.810444691497,0.617754467120,0.576975850784,0.039842317378,0.058851223501,0.267265714273,0.266148776499,0.181552338888,0.186108364703,69;59;32,880;938;844,0.000000000000,0.000000000000,0.000000000000,2.000000000000,0.100000000000,1350,0.000000000000,0.000000000000,0.000000000000,0.346614583333,0.653385416667,0.221614583333,0.081250000000,0.118750000000,0.118750000000,11.954166666667,280;309;262,0.343975694444,0.656024305556,0.218975694444,0.077413194444,0.152500000000,42.975000000000,18.000000000000,0.187847222222,0.187847222222,0.150000000000,0.187916666667,0.187916666667,0.158333333333,0.000000000000,1.605223952247,0.556250000000,0.468750000000,0.464583333333,1.746793197343,0.368750000000,0.250000000000,0.310416666667,1.744923706118,0.331250000000,0.200000000000,0.204166666667,1.741406489033,0.325000000000,0.118750000000,0.150000000000,1.794287996549,0.262500000000,0.118750000000,0.116666666667
kv_delayed_hard,5,1800,8,145,160,160,51,1.791759469228,4.630642523113,4.968461566462,1.770318867543,1.809706958840,0.243750000000,0.200000000000,107.000000000000,1.000000000000,0.524264705882,1.000000000000,4.124947408139,1.773656798471,1280;1280;1280;1280;1280;1280;480,entity:640;640;640;640;640;640;0|value:640;640;640;640;640;640;0|filler:0;0;0;0;0;0;0|query_marker:0;0;0;0;0;0;160|query_entity:0;0;0;0;0;0;160|context:0;0;0;0;0;0;160,kv_delayed_hard,0.000000000000,0,4.124947408139,1.773656798471,0.000000000000,0.000000000000,0.000000000000,0.000000000000,14400,0.000000000000,1.373915397862,1.454168018791,0.827130397991,0.837701865202,0.666859801943,0.712823977954,0.091319119777,0.035405967959,0.195505205858,0.194601033728,0.171498093280,0.166163803520,127;28;5,2398;1032;848,0.000000000000,0.620229332543,0.000000000000,2.000000000000,0.100000000000,1350,0.000000000000,0.607876767432,0.000000000000,0.557031250000,0.442968750000,0.432031250000,0.075781250000,0.093750000000,0.093750000000,11.295833333333,1039;356;264,0.550520833333,0.449479166667,0.425520833333,0.076493055556,0.067083333333,42.975000000000,18.000000000000,0.488888888889,0.488888888889,0.062500000000,0.474984567901,0.474984567901,0.068333333333,0.000000000000,1.736266160098,0.393750000000,0.337500000000,0.358333333333,1.777453954523,0.337500000000,0.131250000000,0.114583333333,1.767237350440,0.237500000000,0.075000000000,0.075000000000,1.809706958840,0.200000000000,0.093750000000,0.062500000000,1.784249156676,0.225000000000,0.087500000000,0.070833333333
kv_delayed_annealed_direct,5,1800,8,145,160,160,51,1.791759469228,4.538029625763,4.855689031995,0.906375726903,1.083605119324,0.762500000000,0.737500000000,107.000000000000,1.000000000000,0.348039215686,1.000000000000,4.140080662572,0.987511768530,1280;1280;1280;1280;1280;1280;480,entity:640;640;640;640;640;640;0|value:640;640;640;640;640;640;0|filler:0;0;0;0;0;0;0|query_marker:0;0;0;0;0;0;160|query_entity:0;0;0;0;0;0;160|context:0;0;0;0;0;0;160,kv_delayed_annealed_direct,0.000000000000,0,4.140080662572,0.987511768530,0.000000000000,0.000000000000,0.000000000000,0.000000000000,14400,0.000000000000,1.354522226920,1.446768964508,0.406224794021,0.446864996018,0.657236929529,0.710034902313,0.027823504357,0.063128210539,0.734676495643,0.727681417083,0.575943734339,0.550621527380,75;41;44,898;988;954,0.000000000000,0.392899259418,0.000000000000,2.000000000000,0.100000000000,1350,0.000000000000,0.407869217536,0.000000000000,0.369791666667,0.630208333333,0.244791666667,0.036718750000,0.700000000000,0.700000000000,15.527083333333,289;334;317,0.385260416667,0.614739583333,0.260260416667,0.038437500000,0.693333333333,42.975000000000,18.000000000000,0.274305555556,0.274305555556,0.706250000000,0.290216049383,0.290216049383,0.696944444444,0.000000000000,0.689821760660,0.868750000000,0.837500000000,0.810416666667,1.068431397761,0.743750000000,0.700000000000,0.714583333333,0.965865428993,0.775000000000,0.700000000000,0.681250000000,1.083605119324,0.737500000000,0.700000000000,0.706250000000,1.311177122659,0.656250000000,0.600000000000,0.612500000000
kv_delayed_annealed_curriculum,5,1800,8,145,160,160,51,1.791759469228,4.538029625763,4.855689031995,0.940700632388,0.933742982209,0.768750000000,0.781250000000,107.000000000000,1.000000000000,0.369362745098,1.000000000000,3.059600776929,1.144190465059,1280;1280;1280;1280;1280;1280;480,entity:640;640;640;640;640;640;0|value:640;640;640;640;640;640;0|filler:0;0;0;0;0;0;0|query_marker:0;0;0;0;0;0;160|query_entity:0;0;0;0;0;0;160|context:0;0;0;0;0;0;160,kv_delayed_annealed_curriculum,0.000000000000,0,3.059600776929,1.144190465059,0.000000000000,0.000000000000,0.000000000000,0.000000000000,14400,0.000000000000,1.354522226920,1.446768964508,0.412439022717,0.393550760337,0.657236929529,0.710034902313,0.082603046589,0.091741486307,0.686146953411,0.689508513693,0.541753274325,0.554174745191,71;43;46,1022;1020;972,0.000000000000,0.398695158195,0.000000000000,2.000000000000,0.100000000000,1350,0.000000000000,0.427473436689,0.000000000000,0.392447916667,0.607552083333,0.267447916667,0.039062500000,0.687500000000,0.687500000000,14.968750000000,351;350;326,0.395260416667,0.604739583333,0.270260416667,0.040208333333,0.678333333333,42.975000000000,18.000000000000,0.304513888889,0.304513888889,0.687500000000,0.314444444444,0.314444444444,0.670833333333,0.000000000000,0.994392075239,0.756250000000,0.718750000000,0.716666666667,1.040405892002,0.743750000000,0.687500000000,0.687500000000,1.096377171682,0.725000000000,0.662500000000,0.662500000000,0.933742982209,0.781250000000,0.687500000000,0.687500000000,1.267936180747,0.656250000000,0.600000000000,0.600000000000
kv_delayed_oracle,6,1800,8,120,160,160,51,1.791759469228,0.051820509758,0.067127215194,0.003735921148,0.003755873067,1.000000000000,1.000000000000,72.000000000000,1.000000000000,0.117647058824,1.000000000000,0.034726438479,0.003764355644,1280;1280;1280;1280;1280;1280;480,entity:640;640;640;640;640;640;0|value:640;640;640;640;640;640;0|filler:0;0;0;0;0;0;0|query_marker:0;0;0;0;0;0;160|query_entity:0;0;0;0;0;0;160|context:0;0;0;0;0;0;160,kv_delayed_oracle,0.000000000000,0,0.034726438479,0.003764355644,0.000000000000,0.000000000000,0.000000000000,0.000000000000,14400,0.000000000000,0.006521365895,0.009878591044,0.000016706581,0.000016884543,0.049849051500,0.064196126218,0.003728945503,0.003748822976,0.996271054497,0.996251177024,0.996271054497,0.996251177024,46;57;57,320;320;320,0.000000000000,0.000000000000,0.000000000000,2.000000000000,0.100000000000,1350,0.000000000000,0.000000000000,0.000000000000,0.125000000000,0.875000000000,0.000000000000,0.000000000000,1.000000000000,1.000000000000,20.400000000000,0;0;0,0.125000000000,0.875000000000,0.000000000000,0.000000000000,1.000000000000,42.375000000000,18.000000000000,0.000000000000,0.000000000000,1.000000000000,0.000000000000,0.000000000000,1.000000000000,0.000000000000,0.003756501647,1.000000000000,1.000000000000,1.000000000000,0.003750018836,1.000000000000,1.000000000000,1.000000000000,0.003754350134,1.000000000000,1.000000000000,1.000000000000,0.003755873067,1.000000000000,1.000000000000,1.000000000000,0.003767203056,1.000000000000,1.000000000000,1.000000000000
kv_delayed_fifo,6,1800,8,120,160,160,51,1.791759469228,5.373507681402,5.474906412144,1.793224691561,1.794621939926,0.162500000000,0.200000000000,72.000000000000,1.000000000000,0.941176470588,1.000000000000,5.676188122587,1.796596378712,1280;1280;1280;1280;1280;1280;480,entity:640;640;640;640;640;640;0|value:640;640;640;640;640;640;0|filler:0;0;0;0;0;0;0|query_marker:0;0;0;0;0;0;160|query_entity:0;0;0;0;0;0;160|context:0;0;0;0;0;0;160,kv_delayed_fifo,0.000000000000,0,5.676188122587,1.796596378712,0.000000000000,0.000000000000,0.000000000000,0.000000000000,14400,0.000000000000,1.572682039366,1.526339885716,0.833838141891,0.834179232029,0.784020161058,0.750922271894,0.011763696668,0.026193488837,0.174263696668,0.173806511163,0.166537446154,0.166364556680,80;46;34,2560;2560;2560,0.000000000000,0.000000000000,0.000000000000,2.000000000000,0.100000000000,1350,0.000000000000,0.000000000000,0.000000000000,1.000000000000,0.000000000000,0.875000000000,0.125000000000,0.000000000000,0.000000000000,1.000000000000,1120;1120;1120,1.000000000000,0.000000000000,0.875000000000,0.125000000000,0.000000000000,42.375000000000,18.000000000000,1.000000000000,1.000000000000,0.000000000000,1.000000000000,1.000000000000,0.000000000000,0.000000000000,1.765390573211,0.625000000000,0.562500000000,0.539583333333,1.791499119089,0.200000000000,0.000000000000,0.000000000000,1.797450909589,0.200000000000,0.000000000000,0.000000000000,1.794621939926,0.200000000000,0.000000000000,0.000000000000,1.787975433947,0.225000000000,0.000000000000,0.000000000000
kv_delayed_reservoir,6,1800,8,120,160,160,51,1.791759469228,4.629226503649,3.806965985359,1.753827586038,1.695673013792,0.293750000000,0.381250000000,72.000000000000,1.000000000000,0.314460784314,1.000000000000,4.231108408942,1.779862720408,1280;1280;1280;1280;1280;1280;480,entity:640;640;640;640;640;640;0|value:640;640;640;640;640;640;0|filler:0;0;0;0;0;0;0|query_marker:0;0;0;0;0;0;160|query_entity:0;0;0;0;0;0;160|context:0;0;0;0;0;0;160,kv_delayed_reservoir,0.000000000000,0,4.231108408942,1.779862720408,0.000000000000,0.000000000000,0.000000000000,0.000000000000,14400,0.000000000000,1.329157576961,1.157652644838,0.817984529800,0.792907197755,0.651566836447,0.561382362308,0.021487306511,0.106413137531,0.272262693489,0.274836862469,0.182309671092,0.195156915973,58;55;47,846;866;854,0.000000000000,0.000000000000,0.000000000000,2.000000000000,0.100000000000,1350,0.000000000000,0.000000000000,0.000000000000,0.334114583333,0.665885416667,0.209114583333,0.079687500000,0.187500000000,0.187500000000,12.858333333333,263;273;267,0.338177083333,0.661822916667,0.213177083333,0.083732638889,0.145416666667,42.375000000000,18.000000000000,0.184027777778,0.184027777778,0.160416666667,0.184074074074,0.184074074074,0.151296296296,0.000000000000,1.561043121183,0.568750000000,0.543750000000,0.516666666667,1.610506822008,0.475000000000,0.318750000000,0.302083333333,1.720169455940,0.331250000000,0.200000000000,0.175000000000,1.695673013792,0.381250000000,0.187500000000,0.160416666667,1.771442746171,0.256250000000,0.087500000000,0.075000000000
kv_delayed_hard,6,1800,8,145,160,160,51,1.791759469228,2.896175073599,3.403185926383,1.417072706785,1.656638654783,0.550000000000,0.493750000000,107.000000000000,1.000000000000,0.456127450980,1.000000000000,3.289169812190,1.483792798505,1280;1280;1280;1280;1280;1280;480,entity:640;640;640;640;640;640;0|value:640;640;640;640;640;640;0|filler:0;0;0;0;0;0;0|query_marker:0;0;0;0;0;0;160|query_entity:0;0;0;0;0;0;160|context:0;0;0;0;0;0;160,kv_delayed_hard,0.000000000000,0,3.289169812190,1.483792798505,0.000000000000,0.000000000000,0.000000000000,0.000000000000,14400,0.000000000000,0.849526171987,0.955462190665,0.664334523987,0.738304288509,0.394430934609,0.451146125144,0.090764174525,0.045509661969,0.459235825475,0.448240338031,0.306432540258,0.265887174675,85;36;39,1710;1214;798,0.000000000000,0.497227404422,0.000000000000,2.000000000000,0.100000000000,1350,0.000000000000,0.508006739436,0.000000000000,0.484635416667,0.515364583333,0.359635416667,0.044791666667,0.362500000000,0.362500000000,14.277083333333,695;447;239,0.492951388889,0.507048611111,0.367951388889,0.048055555556,0.429583333333,42.375000000000,18.000000000000,0.398958333333,0.398958333333,0.431250000000,0.408194444444,0.408194444444,0.411388888889,0.000000000000,1.266936814269,0.706250000000,0.656250000000,0.654166666667,1.538129251544,0.556250000000,0.450000000000,0.443750000000,1.654512542864,0.493750000000,0.393750000000,0.420833333333,1.656638654783,0.493750000000,0.362500000000,0.431250000000,1.562388466880,0.550000000000,0.412500000000,0.416666666667
kv_delayed_annealed_direct,6,1800,8,145,160,160,51,1.791759469228,2.876458329824,3.442758477506,0.986935490514,1.173298937784,0.756250000000,0.700000000000,107.000000000000,1.000000000000,0.415931372549,1.000000000000,3.491904637705,1.054662025093,1280;1280;1280;1280;1280;1280;480,entity:640;640;640;640;640;640;0|value:640;640;640;640;640;640;0|filler:0;0;0;0;0;0;0|query_marker:0;0;0;0;0;0;160|query_entity:0;0;0;0;0;0;160|context:0;0;0;0;0;0;160,kv_delayed_annealed_direct,0.000000000000,0,3.491904637705,1.054662025093,0.000000000000,0.000000000000,0.000000000000,0.000000000000,14400,0.000000000000,0.850901296950,0.957353481643,0.429668111311,0.503949798810,0.395294006110,0.451641948122,0.100976528878,0.033591810452,0.687774216295,0.674201352126,0.532594568601,0.486826468022,77;45;38,1160;1118;1116,0.000000000000,0.453795453178,0.000000000000,2.000000000000,0.100000000000,1350,0.000000000000,0.436975766031,0.000000000000,0.441927083333,0.558072916667,0.316927083333,0.045052083333,0.637500000000,0.637500000000,14.058333333333,420;399;398,0.423125000000,0.576875000000,0.298125000000,0.042500000000,0.659166666667,42.375000000000,18.000000000000,0.362500000000,0.362500000000,0.637500000000,0.345277777778,0.345277777778,0.654722222222,0.000000000000,0.849473962337,0.818750000000,0.768750000000,0.783333333333,1.073246987696,0.737500000000,0.668750000000,0.668750000000,1.106290985480,0.725000000000,0.668750000000,0.668750000000,1.173298937784,0.700000000000,0.637500000000,0.637500000000,1.037967735778,0.768750000000,0.700000000000,0.700000000000
kv_delayed_annealed_curriculum,6,1800,8,145,160,160,51,1.791759469228,2.876458329824,3.442758477506,0.964270571599,1.259735912395,0.762500000000,0.712500000000,107.000000000000,1.000000000000,0.397794117647,1.000000000000,2.895986830857,1.079887010711,1280;1280;1280;1280;1280;1280;480,entity:640;640;640;640;640;640;0|value:640;640;640;640;640;640;0|filler:0;0;0;0;0;0;0|query_marker:0;0;0;0;0;0;160|query_entity:0;0;0;0;0;0;160|context:0;0;0;0;0;0;160,kv_delayed_annealed_curriculum,0.000000000000,0,2.895986830857,1.079887010711,0.000000000000,0.000000000000,0.000000000000,0.000000000000,14400,0.000000000000,0.850901296950,0.957353481643,0.425807527395,0.506097194356,0.395294006110,0.451641948122,0.134168769002,0.148105172623,0.686637645632,0.672693317800,0.535331295866,0.486142704098,74;44;42,1034;1150;1062,0.000000000000,0.440073290338,0.000000000000,2.000000000000,0.100000000000,1350,0.000000000000,0.424140921346,0.000000000000,0.422656250000,0.577343750000,0.297656250000,0.025781250000,0.637500000000,0.637500000000,13.910416666667,357;415;371,0.408368055556,0.591631944444,0.283368055556,0.024618055556,0.655000000000,42.375000000000,18.000000000000,0.362500000000,0.362500000000,0.637500000000,0.336666666667,0.336666666667,0.663333333333,0.000000000000,1.111942024610,0.762500000000,0.718750000000,0.718750000000,1.201502308265,0.725000000000,0.668750000000,0.668750000000,1.255349563548,0.712500000000,0.668750000000,0.668750000000,1.259735912395,0.712500000000,0.637500000000,0.637500000000,1.022085599940,0.787500000000,0.700000000000,0.700000000000
kv_delayed_oracle,7,1800,8,120,160,160,51,1.791759469228,0.052718538663,0.047644920809,0.003780462386,0.003708052309,1.000000000000,1.000000000000,72.000000000000,1.000000000000,0.117647058824,1.000000000000,0.029044140966,0.003732639799,1280;1280;1280;1280;1280;1280;480,entity:640;640;640;640;640;640;0|value:640;640;640;640;640;640;0|filler:0;0;0;0;0;0;0|query_marker:0;0;0;0;0;0;160|query_entity:0;0;0;0;0;0;160|context:0;0;0;0;0;0;160,kv_delayed_oracle,0.000000000000,0,0.029044140966,0.003732639799,0.000000000000,0.000000000000,0.000000000000,0.000000000000,14400,0.000000000000,0.004532352989,0.003714805804,0.000017151250,0.000016491824,0.051162852441,0.046442480159,0.003773304232,0.003701169723,0.996226695768,0.996298830277,0.996226695768,0.996298830277,50;59;51,320;320;320,0.000000000000,0.000000000000,0.000000000000,2.000000000000,0.100000000000,1350,0.000000000000,0.000000000000,0.000000000000,0.125000000000,0.875000000000,0.000000000000,0.000000000000,1.000000000000,1.000000000000,20.481250000000,0;0;0,0.125000000000,0.875000000000,0.000000000000,0.000000000000,1.000000000000,42.837500000000,18.000000000000,0.000000000000,0.000000000000,1.000000000000,0.000000000000,0.000000000000,1.000000000000,0.000000000000,0.003726748069,1.000000000000,1.000000000000,1.000000000000,0.003723403424,1.000000000000,1.000000000000,1.000000000000,0.003725424934,1.000000000000,1.000000000000,1.000000000000,0.003708052309,1.000000000000,1.000000000000,1.000000000000,0.003705502967,1.000000000000,1.000000000000,1.000000000000
kv_delayed_fifo,7,1800,8,120,160,160,51,1.791759469228,5.346684704804,4.900874050349,1.792550588422,1.793040983848,0.137500000000,0.181250000000,72.000000000000,1.000000000000,0.941176470588,1.000000000000,4.375641555111,1.791002177672,1280;1280;1280;1280;1280;1280;480,entity:640;640;640;640;640;640;0|value:640;640;640;640;640;640;0|filler:0;0;0;0;0;0;0|query_marker:0;0;0;0;0;0;160|query_entity:0;0;0;0;0;0;160|context:0;0;0;0;0;0;160,kv_delayed_fifo,0.000000000000,0,4.375641555111,1.791002177672,0.000000000000,0.000000000000,0.000000000000,0.000000000000,14400,0.000000000000,1.624809239887,1.541336077795,0.833592330478,0.833751606366,0.810813385320,0.768298809399,0.031440250865,0.012211073314,0.168940250865,0.169038926686,0.166556887693,0.166476704336,75;55;30,2560;2560;2560,0.000000000000,0.000000000000,0.000000000000,2.000000000000,0.100000000000,1350,0.000000000000,0.000000000000,0.000000000000,1.000000000000,0.000000000000,0.875000000000,0.125000000000,0.000000000000,0.000000000000,1.000000000000,1120;1120;1120,1.000000000000,0.000000000000,0.875000000000,0.125000000000,0.000000000000,42.837500000000,18.000000000000,1.000000000000,1.000000000000,0.000000000000,1.000000000000,1.000000000000,0.000000000000,0.000000000000,1.785775980855,0.581250000000,0.481250000000,0.481250000000,1.791180321269,0.193750000000,0.000000000000,0.000000000000,1.791848571537,0.218750000000,0.000000000000,0.000000000000,1.793040983848,0.181250000000,0.000000000000,0.000000000000,1.790760355167,0.225000000000,0.000000000000,0.000000000000
kv_delayed_reservoir,7,1800,8,120,160,160,51,1.791759469228,4.334747147261,4.065808212097,1.785619966094,1.784861582377,0.243750000000,0.300000000000,72.000000000000,1.000000000000,0.376715686275,1.000000000000,3.750362106212,1.785769544205,1280;1280;1280;1280;1280;1280;480,entity:640;640;640;640;640;640;0|value:640;640;640;640;640;640;0|filler:0;0;0;0;0;0;0|query_marker:0;0;0;0;0;0;160|query_entity:0;0;0;0;0;0;160|context:0;0;0;0;0;0;160,kv_delayed_reservoir,0.000000000000,0,3.750362106212,1.785769544205,0.000000000000,0.000000000000,0.000000000000,0.000000000000,14400,0.000000000000,1.425622551020,1.316380865908,0.830485154815,0.829080451694,0.706990193875,0.650356331845,0.062028462397,0.091181305133,0.211562931968,0.208818694867,0.170128872544,0.170747426381,82;41;37,920;1202;952,0.000000000000,0.000000000000,0.000000000000,2.000000000000,0.100000000000,1350,0.000000000000,0.000000000000,0.000000000000,0.400260416667,0.599739583333,0.275260416667,0.094791666667,0.100000000000,0.100000000000,10.408333333333,300;441;316,0.407100694444,0.592899305556,0.282100694444,0.093420138889,0.086666666667,42.837500000000,18.000000000000,0.258680555556,0.258680555556,0.075000000000,0.267253086420,0.267253086420,0.084537037037,0.000000000000,1.659810877710,0.631250000000,0.531250000000,0.504166666667,1.753231812615,0.337500000000,0.175000000000,0.179166666667,1.766077890549,0.312500000000,0.131250000000,0.127083333333,1.784861582377,0.300000000000,0.100000000000,0.075000000000,1.777931026067,0.268750000000,0.043750000000,0.050000000000
kv_delayed_hard,7,1800,8,145,160,160,51,1.791759469228,3.015000612505,3.457627077930,1.548514205334,1.648470690395,0.468750000000,0.431250000000,107.000000000000,1.000000000000,0.412009803922,1.000000000000,3.344551956566,1.605444577777,1280;1280;1280;1280;1280;1280;480,entity:640;640;640;640;640;640;0|value:640;640;640;640;640;640;0|filler:0;0;0;0;0;0;0|query_marker:0;0;0;0;0;0;160|query_entity:0;0;0;0;0;0;160|context:0;0;0;0;0;0;160,kv_delayed_hard,0.000000000000,0,3.344551956566,1.605444577777,0.000000000000,0.000000000000,0.000000000000,0.000000000000,14400,0.000000000000,1.003362566519,1.075617611992,0.725221181867,0.764193182446,0.480983373697,0.520491157151,0.060306164579,0.119960390709,0.408443835421,0.409497532544,0.257356908768,0.238180028657,92;45;23,1622;1038;702,0.000000000000,0.540881538985,0.000000000000,2.000000000000,0.100000000000,1350,0.000000000000,0.556413887467,0.000000000000,0.437760416667,0.562239583333,0.312760416667,0.052343750000,0.287500000000,0.287500000000,13.887500000000,651;359;191,0.452309027778,0.547690972222,0.327309027778,0.055625000000,0.273333333333,42.837500000000,18.000000000000,0.336805555556,0.336805555556,0.318750000000,0.352700617284,0.352700617284,0.282129629630,0.000000000000,1.364328492551,0.637500000000,0.506250000000,0.479166666667,1.586062836054,0.468750000000,0.343750000000,0.341666666667,1.692046590412,0.400000000000,0.300000000000,0.277083333333,1.648470690395,0.431250000000,0.287500000000,0.318750000000,1.736770047156,0.362500000000,0.243750000000,0.252083333333
kv_delayed_annealed_direct,7,1800,8,145,160,160,51,1.791759469228,3.008355691121,3.457627077930,0.918815840436,0.960138789675,0.775000000000,0.775000000000,107.000000000000,1.000000000000,0.318382352941,1.000000000000,3.595498819381,0.928376588989,1280;1280;1280;1280;1280;1280;480,entity:640;640;640;640;640;640;0|value:640;640;640;640;640;640;0|filler:0;0;0;0;0;0;0|query_marker:0;0;0;0;0;0;160|query_entity:0;0;0;0;0;0;160|context:0;0;0;0;0;0;160,kv_delayed_annealed_direct,0.000000000000,0,3.595498819381,0.928376588989,0.000000000000,0.000000000000,0.000000000000,0.000000000000,14400,0.000000000000,1.003592539012,1.075617611992,0.401231188762,0.400363055405,0.481116659449,0.520491157151,0.123930010820,0.085581594971,0.691835861181,0.689418405029,0.549804918624,0.548487031927,80;43;37,890;868;840,0.000000000000,0.403012496957,0.000000000000,2.000000000000,0.100000000000,1350,0.000000000000,0.431433877798,0.000000000000,0.338281250000,0.661718750000,0.213281250000,0.037500000000,0.700000000000,0.700000000000,15.285416666667,285;274;260,0.376197916667,0.623802083333,0.251197916667,0.042343750000,0.661250000000,42.837500000000,18.000000000000,0.239583333333,0.239583333333,0.700000000000,0.286095679012,0.286095679012,0.658333333333,0.000000000000,0.986171480498,0.762500000000,0.712500000000,0.722916666667,0.868760187256,0.806250000000,0.718750000000,0.718750000000,1.204533514731,0.675000000000,0.568750000000,0.568750000000,0.960138789675,0.775000000000,0.700000000000,0.700000000000,1.125482728205,0.706250000000,0.612500000000,0.612500000000
kv_delayed_annealed_curriculum,7,1800,8,145,160,160,51,1.791759469228,3.008355691121,3.457627077930,1.121369485248,1.144635486744,0.681250000000,0.712500000000,107.000000000000,1.000000000000,0.386029411765,1.000000000000,2.410310320861,1.076214635473,1280;1280;1280;1280;1280;1280;480,entity:640;640;640;640;640;640;0|value:640;640;640;640;640;640;0|filler:0;0;0;0;0;0;0|query_marker:0;0;0;0;0;0;160|query_entity:0;0;0;0;0;0;160|context:0;0;0;0;0;0;160,kv_delayed_annealed_curriculum,0.000000000000,0,2.410310320861,1.076214635473,0.000000000000,0.000000000000,0.000000000000,0.000000000000,14400,0.000000000000,1.003592539012,1.075617611992,0.512886791676,0.484942859086,0.481116659449,0.520491157151,0.037100032694,0.048496400642,0.718350032694,0.711486921989,0.510669157118,0.519853859442,72;51;37,1060;1084;1006,0.000000000000,0.476242821524,0.000000000000,2.000000000000,0.100000000000,1350,0.000000000000,0.450999448803,0.000000000000,0.410156250000,0.589843750000,0.285156250000,0.038020833333,0.631250000000,0.631250000000,14.047916666667,370;382;343,0.387500000000,0.612500000000,0.262500000000,0.034149305556,0.667916666667,42.837500000000,18.000000000000,0.329513888889,0.329513888889,0.631250000000,0.308209876543,0.308209876543,0.665555555556,0.000000000000,0.905106096060,0.787500000000,0.737500000000,0.739583333333,1.118933802704,0.718750000000,0.643750000000,0.643750000000,1.088729506246,0.743750000000,0.668750000000,0.668750000000,1.144635486744,0.712500000000,0.631250000000,0.631250000000,1.055606106863,0.731250000000,0.687500000000,0.687500000000
kv_delayed_oracle,8,1800,8,120,160,160,51,1.791759469228,0.202625301158,0.184441804970,0.003741536440,0.003762670431,1.000000000000,1.000000000000,72.000000000000,1.000000000000,0.117647058824,1.000000000000,0.128352652709,0.003750773914,1280;1280;1280;1280;1280;1280;480,entity:640;640;640;640;640;640;0|value:640;640;640;640;640;640;0|filler:0;0;0;0;0;0;0|query_marker:0;0;0;0;0;0;160|query_entity:0;0;0;0;0;0;160|context:0;0;0;0;0;0;160,kv_delayed_oracle,0.000000000000,0,0.128352652709,0.003750773914,0.000000000000,0.000000000000,0.000000000000,0.000000000000,14400,0.000000000000,0.071750437705,0.062829231078,0.000016785305,0.000016973750,0.173134534401,0.158520454948,0.003734529409,0.003755585166,0.996265470591,0.996244414834,0.996265470591,0.996244414834,47;59;54,320;320;320,0.000000000000,0.000000000000,0.000000000000,2.000000000000,0.100000000000,1350,0.000000000000,0.000000000000,0.000000000000,0.125000000000,0.875000000000,0.000000000000,0.000000000000,1.000000000000,1.000000000000,20.437500000000,0;0;0,0.125000000000,0.875000000000,0.000000000000,0.000000000000,1.000000000000,42.887500000000,18.000000000000,0.000000000000,0.000000000000,1.000000000000,0.000000000000,0.000000000000,1.000000000000,0.000000000000,0.003765238784,1.000000000000,1.000000000000,1.000000000000,0.003776600905,1.000000000000,1.000000000000,1.000000000000,0.003776692759,1.000000000000,1.000000000000,1.000000000000,0.003762670431,1.000000000000,1.000000000000,1.000000000000,0.003781317766,1.000000000000,1.000000000000,1.000000000000
kv_delayed_fifo,8,1800,8,120,160,160,51,1.791759469228,4.467524940285,3.864821173921,1.794249088009,1.794520256907,0.156250000000,0.225000000000,72.000000000000,1.000000000000,0.941176470588,1.000000000000,3.925195202713,1.791071184310,1280;1280;1280;1280;1280;1280;480,entity:640;640;640;640;640;640;0|value:640;640;640;640;640;640;0|filler:0;0;0;0;0;0;0|query_marker:0;0;0;0;0;0;160|query_entity:0;0;0;0;0;0;160|context:0;0;0;0;0;0;160,kv_delayed_fifo,0.000000000000,0,3.925195202713,1.791071184310,0.000000000000,0.000000000000,0.000000000000,0.000000000000,14400,0.000000000000,1.400101371997,1.299370496864,0.834167648600,0.834195493811,0.662771117098,0.603944161551,0.014931307076,0.053585323328,0.171181307076,0.171414676672,0.166315921153,0.166307865380,78;50;32,2560;2560;2560,0.000000000000,0.000000000000,0.000000000000,2.000000000000,0.100000000000,1350,0.000000000000,0.000000000000,0.000000000000,1.000000000000,0.000000000000,0.875000000000,0.125000000000,0.000000000000,0.000000000000,1.000000000000,1120;1120;1120,1.000000000000,0.000000000000,0.875000000000,0.125000000000,0.000000000000,42.887500000000,18.000000000000,1.000000000000,1.000000000000,0.000000000000,1.000000000000,1.000000000000,0.000000000000,0.000000000000,1.778877169493,0.575000000000,0.518750000000,0.495833333333,1.791072755306,0.225000000000,0.000000000000,0.000000000000,1.793691541095,0.193750000000,0.000000000000,0.000000000000,1.794520256907,0.225000000000,0.000000000000,0.000000000000,1.792212235683,0.231250000000,0.000000000000,0.000000000000
kv_delayed_reservoir,8,1800,8,120,160,160,51,1.791759469228,3.490284716627,3.467890032456,1.747930906613,1.767918683659,0.306250000000,0.306250000000,72.000000000000,1.000000000000,0.321813725490,1.000000000000,3.042094854058,1.785061628230,1280;1280;1280;1280;1280;1280;480,entity:640;640;640;640;640;640;0|value:640;640;640;640;640;640;0|filler:0;0;0;0;0;0;0|query_marker:0;0;0;0;0;0;160|query_entity:0;0;0;0;0;0;160|context:0;0;0;0;0;0;160,kv_delayed_reservoir,0.000000000000,0,3.042094854058,1.785061628230,0.000000000000,0.000000000000,0.000000000000,0.000000000000,14400,0.000000000000,1.176478073163,1.157013641706,0.816075844865,0.820010544593,0.527892635113,0.518550807837,0.035266326993,0.035477724356,0.270983673007,0.270772275644,0.185749750480,0.183491009704,59;66;35,824;858;944,0.000000000000,0.000000000000,0.000000000000,2.000000000000,0.100000000000,1350,0.000000000000,0.000000000000,0.000000000000,0.341927083333,0.658072916667,0.216927083333,0.082031250000,0.118750000000,0.118750000000,12.202083333333,252;269;312,0.356145833333,0.643854166667,0.231145833333,0.085190972222,0.135833333333,42.887500000000,18.000000000000,0.197916666667,0.197916666667,0.145833333333,0.211867283951,0.211867283951,0.138055555556,0.000000000000,1.607912721824,0.562500000000,0.475000000000,0.514583333333,1.690779512785,0.418750000000,0.312500000000,0.308333333333,1.796814650879,0.306250000000,0.143750000000,0.156250000000,1.767918683659,0.306250000000,0.118750000000,0.145833333333,1.819451638356,0.262500000000,0.143750000000,0.122916666667
kv_delayed_hard,8,1800,8,145,160,160,51,1.791759469228,3.368982916112,2.937324180923,1.683792552096,1.651164878344,0.387500000000,0.437500000000,107.000000000000,1.000000000000,0.379901960784,1.000000000000,2.227551696649,1.520041810951,1280;1280;1280;1280;1280;1280;480,entity:640;640;640;640;640;640;0|value:640;640;640;640;640;640;0|filler:0;0;0;0;0;0;0|query_marker:0;0;0;0;0;0;160|query_entity:0;0;0;0;0;0;160|context:0;0;0;0;0;0;160,kv_delayed_hard,0.000000000000,0,2.227551696649,1.520041810951,0.000000000000,0.000000000000,0.000000000000,0.000000000000,14400,0.000000000000,1.083942705085,0.972410651047,0.784243657216,0.765138111825,0.453509626483,0.400469560754,0.047061820865,0.081954579288,0.376135893944,0.369820640092,0.219687043930,0.227398183371,100;36;24,1552;874;674,0.000000000000,0.542869758936,0.000000000000,2.000000000000,0.100000000000,1350,0.000000000000,0.557281874494,0.000000000000,0.403645833333,0.596354166667,0.278645833333,0.053125000000,0.300000000000,0.300000000000,14.085416666667,616;277;177,0.425434027778,0.574565972222,0.300434027778,0.057343750000,0.277500000000,42.887500000000,18.000000000000,0.295486111111,0.295486111111,0.316666666667,0.319305555556,0.319305555556,0.272222222222,0.000000000000,1.498943323249,0.575000000000,0.506250000000,0.533333333333,1.644709374370,0.456250000000,0.343750000000,0.312500000000,1.799991151686,0.337500000000,0.237500000000,0.256250000000,1.651164878344,0.437500000000,0.300000000000,0.316666666667,1.668385055568,0.456250000000,0.318750000000,0.275000000000
kv_delayed_annealed_direct,8,1800,8,145,160,160,51,1.791759469228,3.378131387344,2.957147437803,0.986834612817,1.118090157950,0.756250000000,0.743750000000,107.000000000000,1.000000000000,0.322549019608,1.000000000000,3.101985056592,1.145871948979,1280;1280;1280;1280;1280;1280;480,entity:640;640;640;640;640;640;0|value:640;640;640;640;640;640;0|filler:0;0;0;0;0;0;0|query_marker:0;0;0;0;0;0;160|query_entity:0;0;0;0;0;0;160|context:0;0;0;0;0;0;160,kv_delayed_annealed_direct,0.000000000000,0,3.101985056592,1.145871948979,0.000000000000,0.000000000000,0.000000000000,0.000000000000,14400,0.000000000000,1.082102075430,0.975573086876,0.433076982215,0.472021780841,0.452395979437,0.402249144578,0.089982373304,0.133104949665,0.666267626696,0.634805853622,0.519471737771,0.481609820125,71;52;37,856;930;846,0.000000000000,0.385549425877,0.000000000000,2.000000000000,0.100000000000,1350,0.000000000000,0.445962098600,0.000000000000,0.342708333333,0.657291666667,0.217708333333,0.036718750000,0.706250000000,0.706250000000,15.222916666667,268;305;263,0.378802083333,0.621197916667,0.253802083333,0.043020833333,0.655833333333,42.887500000000,18.000000000000,0.244791666667,0.244791666667,0.706250000000,0.288811728395,0.288811728395,0.652777777778,0.000000000000,0.907289114772,0.825000000000,0.793750000000,0.770833333333,0.995745559780,0.787500000000,0.681250000000,0.681250000000,1.169998212678,0.731250000000,0.675000000000,0.675000000000,1.118090157950,0.743750000000,0.706250000000,0.706250000000,1.106363906223,0.756250000000,0.675000000000,0.675000000000
kv_delayed_annealed_curriculum,8,1800,8,145,160,160,51,1.791759469228,3.378131387344,2.957147437803,1.344859480492,1.102342726553,0.618750000000,0.756250000000,107.000000000000,1.000000000000,0.395588235294,1.000000000000,1.662494665800,1.139519765757,1280;1280;1280;1280;1280;1280;480,entity:640;640;640;640;640;640;0|value:640;640;640;640;640;640;0|filler:0;0;0;0;0;0;0|query_marker:0;0;0;0;0;0;160|query_entity:0;0;0;0;0;0;160|context:0;0;0;0;0;0;160,kv_delayed_annealed_curriculum,0.000000000000,0,1.662494665800,1.139519765757,0.000000000000,0.000000000000,0.000000000000,0.000000000000,14400,0.000000000000,1.082102075430,0.975573086876,0.618357541155,0.439241894410,0.452395979437,0.402249144578,0.125089055456,0.092438271113,0.743839055456,0.719231615931,0.476779272407,0.549092096953,71;50;39,1094;1106;1028,0.000000000000,0.435610058270,0.000000000000,2.000000000000,0.100000000000,1350,0.000000000000,0.434432679206,0.000000000000,0.420312500000,0.579687500000,0.295312500000,0.042187500000,0.662500000000,0.662500000000,14.647916666667,387;393;354,0.419218750000,0.580781250000,0.294218750000,0.042031250000,0.663750000000,42.887500000000,18.000000000000,0.337500000000,0.337500000000,0.662500000000,0.343333333333,0.343333333333,0.656666666667,0.000000000000,1.002539290015,0.787500000000,0.743750000000,0.741666666667,1.265854826197,0.706250000000,0.637500000000,0.637500000000,1.096826202399,0.750000000000,0.662500000000,0.662500000000,1.102342726553,0.756250000000,0.662500000000,0.662500000000,1.167049211144,0.737500000000,0.662500000000,0.662500000000
kv_delayed_oracle,9,1800,8,120,160,160,51,1.791759469228,0.026500720285,0.031178941256,0.003737900987,0.003764352163,1.000000000000,1.000000000000,72.000000000000,1.000000000000,0.117647058824,1.000000000000,0.017402603658,0.003746492432,1280;1280;1280;1280;1280;1280;480,entity:640;640;640;640;640;640;0|value:640;640;640;640;640;640;0|filler:0;0;0;0;0;0;0|query_marker:0;0;0;0;0;0;160|query_entity:0;0;0;0;0;0;160|context:0;0;0;0;0;0;160,kv_delayed_oracle,0.000000000000,0,0.017402603658,0.003746492432,0.000000000000,0.000000000000,0.000000000000,0.000000000000,14400,0.000000000000,0.001343811259,0.001799127531,0.000016747737,0.000016994875,0.026065469262,0.030597858808,0.003730909592,0.003757256765,0.996269090408,0.996242743235,0.996269090408,0.996242743235,56;51;53,320;320;320,0.000000000000,0.000000000000,0.000000000000,2.000000000000,0.100000000000,1350,0.000000000000,0.000000000000,0.000000000000,0.125000000000,0.875000000000,0.000000000000,0.000000000000,1.000000000000,1.000000000000,20.422916666667,0;0;0,0.125000000000,0.875000000000,0.000000000000,0.000000000000,1.000000000000,43.075000000000,18.000000000000,0.000000000000,0.000000000000,1.000000000000,0.000000000000,0.000000000000,1.000000000000,0.000000000000,0.003786906038,1.000000000000,1.000000000000,1.000000000000,0.003776336946,1.000000000000,1.000000000000,1.000000000000,0.003756798873,1.000000000000,1.000000000000,1.000000000000,0.003764352163,1.000000000000,1.000000000000,1.000000000000,0.003764041243,1.000000000000,1.000000000000,1.000000000000
kv_delayed_fifo,9,1800,8,120,160,160,51,1.791759469228,5.679882370865,5.122478767217,1.791146070058,1.791797089840,0.150000000000,0.200000000000,72.000000000000,1.000000000000,0.941176470588,1.000000000000,4.962098878956,1.791896600941,1280;1280;1280;1280;1280;1280;480,entity:640;640;640;640;640;640;0|value:640;640;640;640;640;640;0|filler:0;0;0;0;0;0;0|query_marker:0;0;0;0;0;0;160|query_entity:0;0;0;0;0;0;160|context:0;0;0;0;0;0;160,kv_delayed_fifo,0.000000000000,0,4.962098878956,1.791896600941,0.000000000000,0.000000000000,0.000000000000,0.000000000000,14400,0.000000000000,1.647752387911,1.549593403544,0.833130335326,0.833344783195,0.823447283564,0.772019876231,0.017549337286,0.032345441367,0.167549337286,0.167654558633,0.166771284562,0.166664189285,83;44;33,2560;2560;2560,0.000000000000,0.000000000000,0.000000000000,2.000000000000,0.100000000000,1350,0.000000000000,0.000000000000,0.000000000000,1.000000000000,0.000000000000,0.875000000000,0.125000000000,0.000000000000,0.000000000000,1.000000000000,1120;1120;1120,1.000000000000,0.000000000000,0.875000000000,0.125000000000,0.000000000000,43.075000000000,18.000000000000,1.000000000000,1.000000000000,0.000000000000,1.000000000000,1.000000000000,0.000000000000,0.000000000000,1.788609621639,0.612500000000,0.512500000000,0.510416666667,1.793171123775,0.175000000000,0.000000000000,0.000000000000,1.792394566696,0.181250000000,0.000000000000,0.000000000000,1.791797089840,0.200000000000,0.000000000000,0.000000000000,1.793036213086,0.237500000000,0.000000000000,0.000000000000
kv_delayed_reservoir,9,1800,8,120,160,160,51,1.791759469228,5.199815637180,4.535334892806,1.756539473034,1.782745978550,0.250000000000,0.300000000000,72.000000000000,1.000000000000,0.339950980392,1.000000000000,4.896925970985,1.813711265619,1280;1280;1280;1280;1280;1280;480,entity:640;640;640;640;640;640;0|value:640;640;640;640;640;640;0|filler:0;0;0;0;0;0;0|query_marker:0;0;0;0;0;0;160|query_entity:0;0;0;0;0;0;160|context:0;0;0;0;0;0;160,kv_delayed_reservoir,0.000000000000,0,4.896925970985,1.813711265619,0.000000000000,0.000000000000,0.000000000000,0.000000000000,14400,0.000000000000,1.455160644414,1.354033766183,0.822200173250,0.823004205921,0.722653641134,0.671613980516,0.053604183318,0.043202619473,0.303604183318,0.305366454531,0.187262181046,0.186996249534,71;60;29,854;964;956,0.000000000000,0.000000000000,0.000000000000,2.000000000000,0.100000000000,1350,0.000000000000,0.000000000000,0.000000000000,0.361197916667,0.638802083333,0.236197916667,0.086458333333,0.125000000000,0.125000000000,11.835416666667,267;322;318,0.363958333333,0.636041666667,0.238958333333,0.088055555556,0.127083333333,43.075000000000,18.000000000000,0.218055555556,0.218055555556,0.131250000000,0.219830246914,0.219830246914,0.127870370370,0.000000000000,1.497051731622,0.618750000000,0.518750000000,0.510416666667,1.754218109490,0.387500000000,0.187500000000,0.241666666667,1.760154954378,0.350000000000,0.225000000000,0.189583333333,1.782745978550,0.300000000000,0.125000000000,0.131250000000,1.814526048252,0.300000000000,0.118750000000,0.114583333333
kv_delayed_hard,9,1800,8,145,160,160,51,1.791759469228,3.797179752837,4.430522894816,1.583148382138,1.773788455165,0.456250000000,0.318750000000,107.000000000000,1.000000000000,0.452450980392,1.000000000000,3.631591638166,1.557175227043,1280;1280;1280;1280;1280;1280;480,entity:640;640;640;640;640;640;0|value:640;640;640;640;640;640;0|filler:0;0;0;0;0;0;0|query_marker:0;0;0;0;0;0;160|query_entity:0;0;0;0;0;0;160|context:0;0;0;0;0;0;160,kv_delayed_hard,0.000000000000,0,3.631591638166,1.557175227043,0.000000000000,0.000000000000,0.000000000000,0.000000000000,14400,0.000000000000,1.055070583391,1.315660731998,0.742140299438,0.821503691330,0.518578148786,0.652683946478,0.072806450312,0.086749870037,0.398592739174,0.405499870037,0.246626057494,0.208721369938,89;38;33,1914;980;798,0.000000000000,0.517066435640,0.000000000000,2.000000000000,0.100000000000,1350,0.000000000000,0.537055802326,0.000000000000,0.480729166667,0.519270833333,0.355729166667,0.062760416667,0.231250000000,0.231250000000,13.366666666667,797;330;239,0.496909722222,0.503090277778,0.371909722222,0.063854166667,0.294166666667,43.075000000000,18.000000000000,0.372916666667,0.372916666667,0.306250000000,0.394645061728,0.394645061728,0.295000000000,0.000000000000,1.456907602034,0.581250000000,0.443750000000,0.520833333333,1.669171872579,0.393750000000,0.300000000000,0.366666666667,1.679550888751,0.400000000000,0.262500000000,0.316666666667,1.773788455165,0.318750000000,0.231250000000,0.306250000000,1.613201729580,0.437500000000,0.343750000000,0.310416666667
kv_delayed_annealed_direct,9,1800,8,145,160,160,51,1.791759469228,3.782599446749,4.390165490016,1.797863804296,1.793579961210,0.106250000000,0.187500000000,107.000000000000,1.000000000000,0.833823529412,1.000000000000,3.360176320937,1.798239758026,1280;1280;1280;1280;1280;1280;480,entity:640;640;640;640;640;640;0|value:640;640;640;640;640;640;0|filler:0;0;0;0;0;0;0|query_marker:0;0;0;0;0;0;160|query_entity:0;0;0;0;0;0;160|context:0;0;0;0;0;0;160,kv_delayed_annealed_direct,0.000000000000,0,3.360176320937,1.798239758026,0.000000000000,0.000000000000,0.000000000000,0.000000000000,14400,0.000000000000,1.066746173616,1.329097519538,0.835310096699,0.833931887856,0.524831756306,0.659377911665,0.067777710455,0.013274787043,0.174027710455,0.174225212957,0.165844450080,0.166540936184,103;36;21,2320;2206;2278,0.000000000000,0.924503348093,0.000000000000,2.000000000000,0.100000000000,1350,0.000000000000,0.939788410297,0.000000000000,0.885937500000,0.114062500000,0.760937500000,0.092708333333,0.000000000000,0.000000000000,2.206250000000,1000;943;979,0.892118055556,0.107881944444,0.767118055556,0.094687500000,0.000000000000,43.075000000000,18.000000000000,0.895833333333,0.895833333333,0.000000000000,0.900864197531,0.900864197531,0.000000000000,0.000000000000,1.785747104254,0.418750000000,0.218750000000,0.220833333333,1.792025114596,0.218750000000,0.000000000000,0.000000000000,1.788374096651,0.256250000000,0.000000000000,0.000000000000,1.793579961210,0.187500000000,0.000000000000,0.000000000000,1.798743368784,0.200000000000,0.000000000000,0.000000000000
kv_delayed_annealed_curriculum,9,1800,8,145,160,160,51,1.791759469228,3.782599446749,4.390165490016,1.132244903425,1.226668624470,0.681250000000,0.706250000000,107.000000000000,1.000000000000,0.359068627451,1.000000000000,2.729392337649,0.985484252136,1280;1280;1280;1280;1280;1280;480,entity:640;640;640;640;640;640;0|value:640;640;640;640;640;640;0|filler:0;0;0;0;0;0;0|query_marker:0;0;0;0;0;0;160|query_entity:0;0;0;0;0;0;160|context:0;0;0;0;0;0;160,kv_delayed_annealed_curriculum,0.000000000000,0,2.729392337649,0.985484252136,0.000000000000,0.000000000000,0.000000000000,0.000000000000,14400,0.000000000000,1.066746173616,1.329097519538,0.515862410192,0.507146625300,0.524831756306,0.659377911665,0.028265080533,0.073975668973,0.709515080533,0.679205646859,0.504834022683,0.489421398522,88;38;34,890;972;1068,0.000000000000,0.450074042061,0.000000000000,2.000000000000,0.100000000000,1350,0.000000000000,0.436830570428,0.000000000000,0.381510416667,0.618489583333,0.256510416667,0.035677083333,0.643750000000,0.643750000000,14.218750000000,285;326;374,0.370121527778,0.629878472222,0.245121527778,0.034270833333,0.662500000000,43.075000000000,18.000000000000,0.294444444444,0.294444444444,0.643750000000,0.273101851852,0.273101851852,0.672500000000,0.000000000000,1.079217675288,0.762500000000,0.743750000000,0.745833333333,0.918443572014,0.812500000000,0.731250000000,0.731250000000,1.193110460130,0.725000000000,0.687500000000,0.687500000000,1.226668624470,0.706250000000,0.643750000000,0.643750000000,1.265657644382,0.706250000000,0.631250000000,0.631250000000
kv_delayed_oracle,10,1800,8,120,160,160,51,1.791759469228,0.045207015591,0.047979709384,0.003763446873,0.003732074599,1.000000000000,1.000000000000,72.000000000000,1.000000000000,0.117647058824,1.000000000000,0.022563738080,0.003733258480,1280;1280;1280;1280;1280;1280;480,entity:640;640;640;640;640;640;0|value:640;640;640;640;640;640;0|filler:0;0;0;0;0;0;0|query_marker:0;0;0;0;0;0;160|query_entity:0;0;0;0;0;0;160|context:0;0;0;0;0;0;160,kv_delayed_oracle,0.000000000000,0,0.022563738080,0.003733258480,0.000000000000,0.000000000000,0.000000000000,0.000000000000,14400,0.000000000000,0.005075507089,0.005573792818,0.000017039194,0.000016757009,0.043466399525,0.046089491908,0.003756338340,0.003725084464,0.996243661660,0.996274915536,0.996243661660,0.996274915536,53;52;55,320;320;320,0.000000000000,0.000000000000,0.000000000000,2.000000000000,0.100000000000,1350,0.000000000000,0.000000000000,0.000000000000,0.125000000000,0.875000000000,0.000000000000,0.000000000000,1.000000000000,1.000000000000,20.489583333333,0;0;0,0.125000000000,0.875000000000,0.000000000000,0.000000000000,1.000000000000,42.937500000000,18.000000000000,0.000000000000,0.000000000000,1.000000000000,0.000000000000,0.000000000000,1.000000000000,0.000000000000,0.003735341510,1.000000000000,1.000000000000,1.000000000000,0.003713598278,1.000000000000,1.000000000000,1.000000000000,0.003710658526,1.000000000000,1.000000000000,1.000000000000,0.003732074599,1.000000000000,1.000000000000,1.000000000000,0.003724697565,1.000000000000,1.000000000000,1.000000000000
kv_delayed_fifo,10,1800,8,120,160,160,51,1.791759469228,5.155668950622,4.793649503133,1.792827773680,1.790404550218,0.200000000000,0.275000000000,72.000000000000,1.000000000000,0.941176470588,1.000000000000,5.199802050567,1.789451360066,1280;1280;1280;1280;1280;1280;480,entity:640;640;640;640;640;640;0|value:640;640;640;640;640;640;0|filler:0;0;0;0;0;0;0|query_marker:0;0;0;0;0;0;160|query_entity:0;0;0;0;0;0;160|context:0;0;0;0;0;0;160,kv_delayed_fifo,0.000000000000,0,5.199802050567,1.789451360066,0.000000000000,0.000000000000,0.000000000000,0.000000000000,14400,0.000000000000,1.526773423007,1.388685525823,0.833636635693,0.832842660855,0.761206562539,0.682856330904,0.027152674514,0.102136838090,0.172847325486,0.172863161910,0.166635419630,0.167031337801,85;47;28,2560;2560;2560,0.000000000000,0.000000000000,0.000000000000,2.000000000000,0.100000000000,1350,0.000000000000,0.000000000000,0.000000000000,1.000000000000,0.000000000000,0.875000000000,0.125000000000,0.000000000000,0.000000000000,1.000000000000,1120;1120;1120,1.000000000000,0.000000000000,0.875000000000,0.125000000000,0.000000000000,42.937500000000,18.000000000000,1.000000000000,1.000000000000,0.000000000000,1.000000000000,1.000000000000,0.000000000000,0.000000000000,1.773085470711,0.637500000000,0.556250000000,0.520833333333,1.789782741071,0.181250000000,0.000000000000,0.000000000000,1.787156972986,0.206250000000,0.000000000000,0.000000000000,1.790404550218,0.275000000000,0.000000000000,0.000000000000,1.790310784376,0.212500000000,0.000000000000,0.000000000000
kv_delayed_reservoir,10,1800,8,120,160,160,51,1.791759469228,4.191997807741,4.386125977807,1.760270260104,1.737114894579,0.300000000000,0.331250000000,72.000000000000,1.000000000000,0.358333333333,1.000000000000,3.890861059225,1.780302051352,1280;1280;1280;1280;1280;1280;480,entity:640;640;640;640;640;640;0|value:640;640;640;640;640;640;0|filler:0;0;0;0;0;0;0|query_marker:0;0;0;0;0;0;160|query_entity:0;0;0;0;0;0;160|context:0;0;0;0;0;0;160,kv_delayed_reservoir,0.000000000000,0,3.890861059225,1.780302051352,0.000000000000,0.000000000000,0.000000000000,0.000000000000,14400,0.000000000000,1.324905384927,1.280552351805,0.820628181445,0.811862310138,0.656628465794,0.628879722487,0.045517051142,0.078828558389,0.254482948858,0.252421441611,0.178623400952,0.182727694184,63;66;31,844;924;1156,0.000000000000,0.000000000000,0.000000000000,2.000000000000,0.100000000000,1350,0.000000000000,0.000000000000,0.000000000000,0.380729166667,0.619270833333,0.255729166667,0.089583333333,0.150000000000,0.150000000000,11.777083333333,262;302;418,0.379861111111,0.620138888889,0.254861111111,0.090052083333,0.132916666667,42.937500000000,18.000000000000,0.227777777778,0.227777777778,0.125000000000,0.222700617284,0.222700617284,0.136203703704,0.000000000000,1.572017665343,0.650000000000,0.562500000000,0.516666666667,1.731410406245,0.337500000000,0.187500000000,0.227083333333,1.725897241849,0.337500000000,0.131250000000,0.147916666667,1.737114894579,0.331250000000,0.150000000000,0.125000000000,1.738622656267,0.331250000000,0.093750000000,0.097916666667
kv_delayed_hard,10,1800,8,145,160,160,51,1.791759469228,3.434965349243,2.797458246640,1.543227003347,1.450436744330,0.475000000000,0.568750000000,107.000000000000,1.000000000000,0.348529411765,1.000000000000,2.463750837881,1.612784396281,1280;1280;1280;1280;1280;1280;480,entity:640;640;640;640;640;640;0|value:640;640;640;640;640;640;0|filler:0;0;0;0;0;0;0|query_marker:0;0;0;0;0;0;160|query_entity:0;0;0;0;0;0;160|context:0;0;0;0;0;0;160,kv_delayed_hard,0.000000000000,0,2.463750837881,1.612784396281,0.000000000000,0.000000000000,0.000000000000,0.000000000000,14400,0.000000000000,1.006290157778,0.830964293555,0.721593748577,0.673328253117,0.483941874763,0.386737209555,0.033883475378,0.131811153415,0.441116524622,0.436938846585,0.270112279628,0.292862886602,83;40;37,1310;846;688,0.000000000000,0.490084416130,0.000000000000,2.000000000000,0.100000000000,1350,0.000000000000,0.478791280246,0.000000000000,0.370312500000,0.629687500000,0.245312500000,0.044791666667,0.450000000000,0.450000000000,15.022916666667,495;263;184,0.389322916667,0.610677083333,0.264322916667,0.051388888889,0.326666666667,42.937500000000,18.000000000000,0.260763888889,0.260763888889,0.372916666667,0.276373456790,0.276373456790,0.335555555556,0.000000000000,1.312918382576,0.668750000000,0.587500000000,0.537500000000,1.521846491944,0.531250000000,0.412500000000,0.377083333333,1.654856946668,0.431250000000,0.350000000000,0.377083333333,1.450436744330,0.568750000000,0.450000000000,0.372916666667,1.689102790843,0.418750000000,0.337500000000,0.352083333333
kv_delayed_annealed_direct,10,1800,8,145,160,160,51,1.791759469228,3.419830976751,2.807240401490,0.931637844756,0.974019487076,0.762500000000,0.756250000000,107.000000000000,1.000000000000,0.368872549020,1.000000000000,2.314350203540,0.809523035899,1280;1280;1280;1280;1280;1280;480,entity:640;640;640;640;640;640;0|value:640;640;640;640;640;640;0|filler:0;0;0;0;0;0;0|query_marker:0;0;0;0;0;0;160|query_entity:0;0;0;0;0;0;160|context:0;0;0;0;0;0;160,kv_delayed_annealed_direct,0.000000000000,0,2.314350203540,0.809523035899,0.000000000000,0.000000000000,0.000000000000,0.000000000000,14400,0.000000000000,0.995266066067,0.831199605117,0.410257143813,0.422767628348,0.478190054792,0.386843777687,0.027824289652,0.039031317444,0.734675710348,0.728376426114,0.572824046453,0.562275991752,80;39;41,956;1052;1002,0.000000000000,0.410567297761,0.000000000000,2.000000000000,0.100000000000,1350,0.000000000000,0.418495402473,0.000000000000,0.391927083333,0.608072916667,0.266927083333,0.038281250000,0.681250000000,0.681250000000,14.825000000000,318;366;341,0.402326388889,0.597673611111,0.277326388889,0.039756944444,0.670833333333,42.937500000000,18.000000000000,0.304861111111,0.304861111111,0.681250000000,0.317793209877,0.317793209877,0.669722222222,0.000000000000,0.847672720074,0.806250000000,0.768750000000,0.777083333333,1.198911900554,0.681250000000,0.637500000000,0.637500000000,0.920912580174,0.775000000000,0.718750000000,0.718750000000,0.974019487076,0.756250000000,0.681250000000,0.681250000000,0.891433750580,0.781250000000,0.706250000000,0.706250000000
kv_delayed_annealed_curriculum,10,1800,8,145,160,160,51,1.791759469228,3.419830976751,2.807240401490,1.108089780882,0.978689907835,0.700000000000,0.781250000000,107.000000000000,1.000000000000,0.341911764706,1.000000000000,2.316943580243,1.265653137057,1280;1280;1280;1280;1280;1280;480,entity:640;640;640;640;640;640;0|value:640;640;640;640;640;640;0|filler:0;0;0;0;0;0;0|query_marker:0;0;0;0;0;0;160|query_entity:0;0;0;0;0;0;160|context:0;0;0;0;0;0;160,kv_delayed_annealed_curriculum,0.000000000000,0,2.316943580243,1.265653137057,0.000000000000,0.000000000000,0.000000000000,0.000000000000,14400,0.000000000000,0.995266066067,0.831199605117,0.497549769426,0.400036076798,0.478190054792,0.386843777687,0.064615136539,0.066323471269,0.732219862790,0.714926528731,0.527720639114,0.564810025319,72;48;40,974;958;858,0.000000000000,0.377691773425,0.000000000000,2.000000000000,0.100000000000,1350,0.000000000000,0.425538054402,0.000000000000,0.363281250000,0.636718750000,0.238281250000,0.027343750000,0.718750000000,0.718750000000,15.452083333333,327;319;269,0.413836805556,0.586163194444,0.288836805556,0.035399305556,0.662083333333,42.937500000000,18.000000000000,0.281250000000,0.281250000000,0.718750000000,0.335277777778,0.335277777778,0.664722222222,0.000000000000,1.014462554065,0.762500000000,0.693750000000,0.695833333333,0.990455961901,0.768750000000,0.706250000000,0.706250000000,1.066245655057,0.750000000000,0.693750000000,0.693750000000,0.978689907835,0.781250000000,0.718750000000,0.718750000000,1.280635615862,0.675000000000,0.656250000000,0.656250000000
kv_delayed_oracle,11,1800,8,120,160,160,51,1.791759469228,0.096177592871,0.090744588287,0.003817176855,0.003803642823,1.000000000000,1.000000000000,72.000000000000,1.000000000000,0.117647058824,1.000000000000,0.046954708044,0.003700154152,1280;1280;1280;1280;1280;1280;480,entity:640;640;640;640;640;640;0|value:640;640;640;640;640;640;0|filler:0;0;0;0;0;0;0|query_marker:0;0;0;0;0;0;160|query_entity:0;0;0;0;0;0;160|context:0;0;0;0;0;0;160,kv_delayed_oracle,0.000000000000,0,0.046954708044,0.003700154152,0.000000000000,0.000000000000,0.000000000000,0.000000000000,14400,0.000000000000,0.019087383243,0.017356323624,0.000017603059,0.000017493879,0.090108935183,0.085147671709,0.003809838581,0.003796349536,0.996190161419,0.996203650464,0.996190161419,0.996203650464,47;52;61,320;320;320,0.000000000000,0.000000000000,0.000000000000,2.000000000000,0.100000000000,1350,0.000000000000,0.000000000000,0.000000000000,0.125000000000,0.875000000000,0.000000000000,0.000000000000,1.000000000000,1.000000000000,20.497916666667,0;0;0,0.125000000000,0.875000000000,0.000000000000,0.000000000000,1.000000000000,42.712500000000,18.000000000000,0.000000000000,0.000000000000,1.000000000000,0.000000000000,0.000000000000,1.000000000000,0.000000000000,0.003774058442,1.000000000000,1.000000000000,1.000000000000,0.003779809723,1.000000000000,1.000000000000,1.000000000000,0.003798240471,1.000000000000,1.000000000000,1.000000000000,0.003803642823,1.000000000000,1.000000000000,1.000000000000,0.003746418469,1.000000000000,1.000000000000,1.000000000000
kv_delayed_fifo,11,1800,8,120,160,160,51,1.791759469228,5.708415858940,5.034541606110,1.798539704140,1.791409542627,0.093750000000,0.212500000000,72.000000000000,1.000000000000,0.941176470588,1.000000000000,5.015424564907,1.794700176867,1280;1280;1280;1280;1280;1280;480,entity:640;640;640;640;640;640;0|value:640;640;640;640;640;640;0|filler:0;0;0;0;0;0;0|query_marker:0;0;0;0;0;0;160|query_entity:0;0;0;0;0;0;160|context:0;0;0;0;0;0;160,kv_delayed_fifo,0.000000000000,0,5.015424564907,1.794700176867,0.000000000000,0.000000000000,0.000000000000,0.000000000000,14400,0.000000000000,1.639700392554,1.434603297036,0.835569164695,0.833194615428,0.818061625076,0.698960048306,0.077584642932,0.041460736669,0.171334642932,0.171039263331,0.165622806321,0.166801791448,78;47;35,2560;2560;2560,0.000000000000,0.000000000000,0.000000000000,2.000000000000,0.100000000000,1350,0.000000000000,0.000000000000,0.000000000000,1.000000000000,0.000000000000,0.875000000000,0.125000000000,0.000000000000,0.000000000000,1.000000000000,1120;1120;1120,1.000000000000,0.000000000000,0.875000000000,0.125000000000,0.000000000000,42.712500000000,18.000000000000,1.000000000000,1.000000000000,0.000000000000,1.000000000000,1.000000000000,0.000000000000,0.000000000000,1.774328846878,0.668750000000,0.556250000000,0.522916666667,1.795603800094,0.187500000000,0.000000000000,0.000000000000,1.797411489047,0.181250000000,0.000000000000,0.000000000000,1.791409542627,0.212500000000,0.000000000000,0.000000000000,1.793198176168,0.143750000000,0.000000000000,0.000000000000
kv_delayed_reservoir,11,1800,8,120,160,160,51,1.791759469228,4.639931731560,4.155965316364,1.772002058510,1.742989829056,0.262500000000,0.325000000000,72.000000000000,1.000000000000,0.335539215686,1.000000000000,4.198949928039,1.755048291779,1280;1280;1280;1280;1280;1280;480,entity:640;640;640;640;640;640;0|value:640;640;640;640;640;640;0|filler:0;0;0;0;0;0;0|query_marker:0;0;0;0;0;0;160|query_entity:0;0;0;0;0;0;160|context:0;0;0;0;0;0;160,kv_delayed_reservoir,0.000000000000,0,4.198949928039,1.755048291779,0.000000000000,0.000000000000,0.000000000000,0.000000000000,14400,0.000000000000,1.348624409333,1.227989836476,0.825221201268,0.812681036852,0.661174514321,0.589286587033,0.005412821694,0.066314371735,0.257087178306,0.258685628265,0.177551181434,0.184068653238,70;45;45,1026;792;920,0.000000000000,0.000000000000,0.000000000000,2.000000000000,0.100000000000,1350,0.000000000000,0.000000000000,0.000000000000,0.356510416667,0.643489583333,0.231510416667,0.083072916667,0.168750000000,0.168750000000,11.943750000000,353;236;300,0.362743055556,0.637256944444,0.237743055556,0.085451388889,0.142083333333,42.712500000000,18.000000000000,0.203125000000,0.203125000000,0.145833333333,0.211635802469,0.211635802469,0.137685185185,0.000000000000,1.568916044435,0.587500000000,0.487500000000,0.481250000000,1.719150283154,0.375000000000,0.262500000000,0.281250000000,1.752909968429,0.337500000000,0.143750000000,0.162500000000,1.742989829056,0.325000000000,0.168750000000,0.145833333333,1.766802602360,0.281250000000,0.106250000000,0.114583333333
kv_delayed_hard,11,1800,8,145,160,160,51,1.791759469228,3.084644743141,3.197047302679,1.488619839954,1.573969972599,0.500000000000,0.525000000000,107.000000000000,1.000000000000,0.426225490196,1.000000000000,2.641130464712,1.538413155123,1280;1280;1280;1280;1280;1280;480,entity:640;640;640;640;640;640;0|value:640;640;640;640;640;640;0|filler:0;0;0;0;0;0;0|query_marker:0;0;0;0;0;0;160|query_entity:0;0;0;0;0;0;160|context:0;0;0;0;0;0;160,kv_delayed_hard,0.000000000000,0,2.641130464712,1.538413155123,0.000000000000,0.000000000000,0.000000000000,0.000000000000,14400,0.000000000000,0.904517705609,0.873976474688,0.699399896192,0.714950049684,0.409982909763,0.384337657138,0.017090993356,0.056678102982,0.495225026568,0.481304012175,0.301076268503,0.288190295493,88;36;36,1892;860;726,0.000000000000,0.521382944358,0.000000000000,2.000000000000,0.100000000000,1350,0.000000000000,0.529108241019,0.000000000000,0.452864583333,0.547135416667,0.327864583333,0.051041666667,0.375000000000,0.375000000000,14.358333333333,786;270;203,0.462621527778,0.537378472222,0.337621527778,0.053263888889,0.390833333333,42.712500000000,18.000000000000,0.364930555556,0.364930555556,0.391666666667,0.372283950617,0.372283950617,0.389907407407,0.000000000000,1.399045014096,0.625000000000,0.562500000000,0.575000000000,1.661604745472,0.481250000000,0.400000000000,0.443750000000,1.554418810719,0.537500000000,0.381250000000,0.368750000000,1.573969972599,0.525000000000,0.375000000000,0.391666666667,1.617052712443,0.493750000000,0.368750000000,0.341666666667
kv_delayed_annealed_direct,11,1800,8,145,160,160,51,1.791759469228,3.066637684806,3.056005469233,0.003826731184,0.003839963704,1.000000000000,1.000000000000,107.000000000000,1.000000000000,0.152205882353,1.000000000000,3.187424873565,0.003831860622,1280;1280;1280;1280;1280;1280;480,entity:640;640;640;640;640;640;0|value:640;640;640;640;640;640;0|filler:0;0;0;0;0;0;0|query_marker:0;0;0;0;0;0;160|query_entity:0;0;0;0;0;0;160|context:0;0;0;0;0;0;160,kv_delayed_annealed_direct,0.000000000000,0,3.187424873565,0.003831860622,0.000000000000,0.000000000000,0.000000000000,0.000000000000,14400,0.000000000000,0.895823402118,0.845437777897,0.000017522834,0.000017640560,0.404696221954,0.370630321955,0.003819414812,0.003832598373,0.996180585188,0.996167401627,0.996180585188,0.996167401627,54;52;54,396;444;402,0.000000000000,0.128149491922,0.000000000000,2.000000000000,0.100000000000,1350,0.000000000000,0.126048972325,0.000000000000,0.161718750000,0.838281250000,0.036718750000,0.000000000000,1.000000000000,1.000000000000,20.497916666667,38;62;41,0.160989583333,0.839010416667,0.035989583333,0.000000000000,1.000000000000,42.712500000000,18.000000000000,0.000000000000,0.000000000000,1.000000000000,0.000000000000,0.000000000000,1.000000000000,0.000000000000,0.003826608541,1.000000000000,1.000000000000,1.000000000000,0.003840030996,1.000000000000,1.000000000000,1.000000000000,0.003825489348,1.000000000000,1.000000000000,1.000000000000,0.003839963704,1.000000000000,1.000000000000,1.000000000000,0.003817245478,1.000000000000,1.000000000000,1.000000000000
kv_delayed_annealed_curriculum,11,1800,8,145,160,160,51,1.791759469228,3.066637684806,3.056005469233,1.069169861150,1.105796436878,0.718750000000,0.743750000000,107.000000000000,1.000000000000,0.364460784314,1.000000000000,1.841252093685,1.076451871663,1280;1280;1280;1280;1280;1280;480,entity:640;640;640;640;640;640;0|value:640;640;640;640;640;640;0|filler:0;0;0;0;0;0;0|query_marker:0;0;0;0;0;0;160|query_entity:0;0;0;0;0;0;160|context:0;0;0;0;0;0;160,kv_delayed_annealed_curriculum,0.000000000000,0,1.841252093685,1.076451871663,0.000000000000,0.000000000000,0.000000000000,0.000000000000,14400,0.000000000000,0.895823402118,0.845437777897,0.478467881832,0.456727030483,0.404696221954,0.370630321955,0.080528285505,0.105352792077,0.689773287334,0.662855916908,0.510959063606,0.504482152294,63;47;50,958;1000;1016,0.000000000000,0.406681651871,0.000000000000,2.000000000000,0.100000000000,1350,0.000000000000,0.410748945648,0.000000000000,0.387239583333,0.612760416667,0.262239583333,0.023177083333,0.681250000000,0.681250000000,14.785416666667,319;340;348,0.381493055556,0.618506944444,0.256493055556,0.023680555556,0.689583333333,42.712500000000,18.000000000000,0.318750000000,0.318750000000,0.681250000000,0.315555555556,0.315555555556,0.684444444444,0.000000000000,1.173237879372,0.718750000000,0.637500000000,0.637500000000,1.188418785462,0.712500000000,0.643750000000,0.643750000000,1.185964244097,0.712500000000,0.637500000000,0.637500000000,1.105796436878,0.743750000000,0.681250000000,0.681250000000,1.128430384362,0.743750000000,0.668750000000,0.668750000000
kv_delayed_oracle,12,1800,8,120,160,160,51,1.791759469228,0.064145226797,0.056643655066,0.003730851753,0.003755220110,1.000000000000,1.000000000000,72.000000000000,1.000000000000,0.117647058824,1.000000000000,0.041803078655,0.003753668858,1280;1280;1280;1280;1280;1280;480,entity:640;640;640;640;640;640;0|value:640;640;640;640;640;640;0|filler:0;0;0;0;0;0;0|query_marker:0;0;0;0;0;0;160|query_entity:0;0;0;0;0;0;160|context:0;0;0;0;0;0;160,kv_delayed_oracle,0.000000000000,0,0.041803078655,0.003753668858,0.000000000000,0.000000000000,0.000000000000,0.000000000000,14400,0.000000000000,0.007567796986,0.006392518627,0.000016657810,0.000016873800,0.061410823027,0.054335684723,0.003723895522,0.003748173547,0.996276104478,0.996251826453,0.996276104478,0.996251826453,51;54;55,320;320;320,0.000000000000,0.000000000000,0.000000000000,2.000000000000,0.100000000000,1350,0.000000000000,0.000000000000,0.000000000000,0.125000000000,0.875000000000,0.000000000000,0.000000000000,1.000000000000,1.000000000000,20.477083333333,0;0;0,0.125000000000,0.875000000000,0.000000000000,0.000000000000,1.000000000000,42.900000000000,18.000000000000,0.000000000000,0.000000000000,1.000000000000,0.000000000000,0.000000000000,1.000000000000,0.000000000000,0.003750695707,1.000000000000,1.000000000000,1.000000000000,0.003757531414,1.000000000000,1.000000000000,1.000000000000,0.003759950417,1.000000000000,1.000000000000,1.000000000000,0.003755220110,1.000000000000,1.000000000000,1.000000000000,0.003738976458,1.000000000000,1.000000000000,1.000000000000
kv_delayed_fifo,12,1800,8,120,160,160,51,1.791759469228,5.060396809890,4.832772832442,1.794303407809,1.789460584469,0.168750000000,0.181250000000,72.000000000000,1.000000000000,0.941176470588,1.000000000000,4.517337545870,1.792050431009,1280;1280;1280;1280;1280;1280;480,entity:640;640;640;640;640;640;0|value:640;640;640;640;640;640;0|filler:0;0;0;0;0;0;0|query_marker:0;0;0;0;0;0;160|query_entity:0;0;0;0;0;0;160|context:0;0;0;0;0;0;160,kv_delayed_fifo,0.000000000000,0,4.517337545870,1.792050431009,0.000000000000,0.000000000000,0.000000000000,0.000000000000,14400,0.000000000000,1.551108825333,1.516537405644,0.834162715018,0.832578073243,0.770418147100,0.752888478843,0.002768777894,0.009686518501,0.171518777894,0.171563481499,0.166295917661,0.167086570538,86;46;28,2560;2560;2560,0.000000000000,0.000000000000,0.000000000000,2.000000000000,0.100000000000,1350,0.000000000000,0.000000000000,0.000000000000,1.000000000000,0.000000000000,0.875000000000,0.125000000000,0.000000000000,0.000000000000,1.000000000000,1120;1120;1120,1.000000000000,0.000000000000,0.875000000000,0.125000000000,0.000000000000,42.900000000000,18.000000000000,1.000000000000,1.000000000000,0.000000000000,1.000000000000,1.000000000000,0.000000000000,0.000000000000,1.776739707100,0.556250000000,0.475000000000,0.493750000000,1.794388798536,0.187500000000,0.000000000000,0.000000000000,1.791907898339,0.175000000000,0.000000000000,0.000000000000,1.789460584469,0.181250000000,0.000000000000,0.000000000000,1.793777126800,0.175000000000,0.000000000000,0.000000000000
kv_delayed_reservoir,12,1800,8,120,160,160,51,1.791759469228,4.658176506413,4.140642885254,1.773204157491,1.771575711485,0.237500000000,0.293750000000,72.000000000000,1.000000000000,0.376470588235,1.000000000000,3.285065196072,1.794277808540,1280;1280;1280;1280;1280;1280;480,entity:640;640;640;640;640;640;0|value:640;640;640;640;640;640;0|filler:0;0;0;0;0;0;0|query_marker:0;0;0;0;0;0;160|query_entity:0;0;0;0;0;0;160|context:0;0;0;0;0;0;160,kv_delayed_reservoir,0.000000000000,0,3.285065196072,1.794277808540,0.000000000000,0.000000000000,0.000000000000,0.000000000000,14400,0.000000000000,1.425569682268,1.306527794997,0.826930628031,0.825825051958,0.701436367458,0.643617614039,0.036989294076,0.094628952606,0.200510705924,0.199121047394,0.171067629496,0.171558922788,65;56;39,1124;1034;914,0.000000000000,0.000000000000,0.000000000000,2.000000000000,0.100000000000,1350,0.000000000000,0.000000000000,0.000000000000,0.400000000000,0.600000000000,0.275000000000,0.089062500000,0.050000000000,0.050000000000,9.025000000000,402;357;297,0.400538194444,0.599461805556,0.275538194444,0.087430555556,0.085833333333,42.900000000000,18.000000000000,0.275347222222,0.275347222222,0.079166666667,0.279351851852,0.279351851852,0.079629629630,0.000000000000,1.698822346419,0.600000000000,0.562500000000,0.535416666667,1.741287892502,0.431250000000,0.300000000000,0.256250000000,1.767262786623,0.337500000000,0.150000000000,0.143750000000,1.771575711485,0.293750000000,0.050000000000,0.079166666667,1.772387729593,0.275000000000,0.050000000000,0.050000000000
kv_delayed_hard,12,1800,8,145,160,160,51,1.791759469228,4.043595237588,3.929486082020,1.755762241562,1.761734621460,0.306250000000,0.343750000000,107.000000000000,1.000000000000,0.462500000000,1.000000000000,3.799781130185,1.817077065921,1280;1280;1280;1280;1280;1280;480,entity:640;640;640;640;640;640;0|value:640;640;640;640;640;640;0|filler:0;0;0;0;0;0;0|query_marker:0;0;0;0;0;0;160|query_entity:0;0;0;0;0;0;160|context:0;0;0;0;0;0;160,kv_delayed_hard,0.000000000000,0,3.799781130185,1.817077065921,0.000000000000,0.000000000000,0.000000000000,0.000000000000,14400,0.000000000000,1.292927780493,1.216528455646,0.816153957263,0.816250856437,0.632409635308,0.592023294007,0.022877806288,0.066631066285,0.283372193712,0.277118933715,0.186729999884,0.186018330801,114;24;22,2084;900;790,0.000000000000,0.532934453886,0.000000000000,2.000000000000,0.100000000000,1350,0.000000000000,0.515918306787,0.000000000000,0.491406250000,0.508593750000,0.366406250000,0.068489583333,0.181250000000,0.181250000000,12.237500000000,882;290;235,0.473472222222,0.526527777778,0.348472222222,0.072256944444,0.147500000000,42.900000000000,18.000000000000,0.420138888889,0.420138888889,0.177083333333,0.400709876543,0.400709876543,0.153333333333,0.000000000000,1.539996579658,0.631250000000,0.506250000000,0.487500000000,1.750053290727,0.381250000000,0.218750000000,0.237500000000,1.774158998972,0.312500000000,0.168750000000,0.187500000000,1.761734621460,0.343750000000,0.181250000000,0.177083333333,1.781367200999,0.325000000000,0.131250000000,0.143750000000
kv_delayed_annealed_direct,12,1800,8,145,160,160,51,1.791759469228,4.094360701579,3.964667098549,1.154131729477,1.142860651228,0.681250000000,0.700000000000,107.000000000000,1.000000000000,0.342647058824,1.000000000000,3.940640302224,0.949241431668,1280;1280;1280;1280;1280;1280;480,entity:640;640;640;640;640;640;0|value:640;640;640;640;640;640;0|filler:0;0;0;0;0;0;0|query_marker:0;0;0;0;0;0;160|query_entity:0;0;0;0;0;0;160|context:0;0;0;0;0;0;160,kv_delayed_annealed_direct,0.000000000000,0,3.940640302224,0.949241431668,0.000000000000,0.000000000000,0.000000000000,0.000000000000,14400,0.000000000000,1.302921378582,1.197028399065,0.524889534893,0.494578732448,0.637492890475,0.580811384471,0.069078534639,0.035351970848,0.750328534639,0.735351970848,0.526349509169,0.531077670742,73;48;39,992;882;922,0.000000000000,0.435963792642,0.000000000000,2.000000000000,0.100000000000,1350,0.000000000000,0.410493562713,0.000000000000,0.364062500000,0.635937500000,0.239062500000,0.043489583333,0.625000000000,0.625000000000,14.272916666667,336;281;301,0.341562500000,0.658437500000,0.216562500000,0.039947916667,0.661250000000,42.900000000000,18.000000000000,0.260763888889,0.260763888889,0.625000000000,0.235709876543,0.235709876543,0.665833333333,0.000000000000,1.047723272174,0.737500000000,0.700000000000,0.710416666667,1.039543422644,0.743750000000,0.650000000000,0.650000000000,1.333726437730,0.643750000000,0.575000000000,0.575000000000,1.142860651228,0.700000000000,0.625000000000,0.625000000000,1.014709150077,0.750000000000,0.687500000000,0.687500000000
kv_delayed_annealed_curriculum,12,1800,8,145,160,160,51,1.791759469228,4.094360701579,3.964667098549,1.074111370567,0.912886738169,0.693750000000,0.806250000000,107.000000000000,1.000000000000,0.323284313725,1.000000000000,2.796204232851,1.321020200945,1280;1280;1280;1280;1280;1280;480,entity:640;640;640;640;640;640;0|value:640;640;640;640;640;640;0|filler:0;0;0;0;0;0;0|query_marker:0;0;0;0;0;0;160|query_entity:0;0;0;0;0;0;160|context:0;0;0;0;0;0;160,kv_delayed_annealed_curriculum,0.000000000000,0,2.796204232851,1.321020200945,0.000000000000,0.000000000000,0.000000000000,0.000000000000,14400,0.000000000000,1.302921378582,1.197028399065,0.494526290328,0.374468602922,0.637492890475,0.580811384471,0.008508173233,0.129396667884,0.700445890489,0.676853332116,0.508852474114,0.554253867108,71;46;43,948;852;838,0.000000000000,0.363932547898,0.000000000000,2.000000000000,0.100000000000,1350,0.000000000000,0.463056428578,0.000000000000,0.343489583333,0.656510416667,0.218489583333,0.030989583333,0.750000000000,0.750000000000,16.075000000000,314;266;259,0.423819444444,0.576180555556,0.298819444444,0.042256944444,0.657916666667,42.900000000000,18.000000000000,0.250000000000,0.250000000000,0.750000000000,0.338055555556,0.338055555556,0.661944444444,0.000000000000,0.912324215211,0.806250000000,0.737500000000,0.737500000000,0.914993582294,0.806250000000,0.750000000000,0.750000000000,0.973210577284,0.781250000000,0.731250000000,0.731250000000,0.912886738169,0.806250000000,0.750000000000,0.750000000000,1.146664620136,0.718750000000,0.662500000000,0.662500000000
kv_delayed_oracle,13,1800,8,120,160,160,51,1.791759469228,0.025590739724,0.030814835507,0.003739314751,0.003828064117,1.000000000000,1.000000000000,72.000000000000,1.000000000000,0.117647058824,1.000000000000,0.017099333019,0.003728521374,1280;1280;1280;1280;1280;1280;480,entity:640;640;640;640;640;640;0|value:640;640;640;640;640;640;0|filler:0;0;0;0;0;0;0|query_marker:0;0;0;0;0;0;160|query_entity:0;0;0;0;0;0;160|context:0;0;0;0;0;0;160,kv_delayed_oracle,0.000000000000,0,0.017099333019,0.003728521374,0.000000000000,0.000000000000,0.000000000000,0.000000000000,14400,0.000000000000,0.001080520354,0.001457941527,0.000016830460,0.000017636685,0.025181973621,0.030256920248,0.003732294406,0.003820706889,0.996267705594,0.996179293111,0.996267705594,0.996179293111,54;62;44,320;320;320,0.000000000000,0.000000000000,0.000000000000,2.000000000000,0.100000000000,1350,0.000000000000,0.000000000000,0.000000000000,0.125000000000,0.875000000000,0.000000000000,0.000000000000,1.000000000000,1.000000000000,20.454166666667,0;0;0,0.125000000000,0.875000000000,0.000000000000,0.000000000000,1.000000000000,43.200000000000,18.000000000000,0.000000000000,0.000000000000,1.000000000000,0.000000000000,0.000000000000,1.000000000000,0.000000000000,0.003836522665,1.000000000000,1.000000000000,1.000000000000,0.003843612536,1.000000000000,1.000000000000,1.000000000000,0.003841672245,1.000000000000,1.000000000000,1.000000000000,0.003828064117,1.000000000000,1.000000000000,1.000000000000,0.003844136815,1.000000000000,1.000000000000,1.000000000000
kv_delayed_fifo,13,1800,8,120,160,160,51,1.791759469228,5.335974577167,4.799690486914,1.791493071306,1.791230136356,0.162500000000,0.225000000000,72.000000000000,1.000000000000,0.941176470588,1.000000000000,4.822698220961,1.793253387312,1280;1280;1280;1280;1280;1280;480,entity:640;640;640;640;640;640;0|value:640;640;640;640;640;640;0|filler:0;0;0;0;0;0;0|query_marker:0;0;0;0;0;0;160|query_entity:0;0;0;0;0;0;160|context:0;0;0;0;0;0;160,kv_delayed_fifo,0.000000000000,0,4.822698220961,1.793253387312,0.000000000000,0.000000000000,0.000000000000,0.000000000000,14400,0.000000000000,1.620773443538,1.503064340268,0.833245893339,0.833154857159,0.809360213873,0.747491548438,0.006103279878,0.056502620322,0.168603279878,0.168497379678,0.166722110713,0.166767300711,90;46;24,2560;2560;2560,0.000000000000,0.000000000000,0.000000000000,2.000000000000,0.100000000000,1350,0.000000000000,0.000000000000,0.000000000000,1.000000000000,0.000000000000,0.875000000000,0.125000000000,0.000000000000,0.000000000000,1.000000000000,1120;1120;1120,1.000000000000,0.000000000000,0.875000000000,0.125000000000,0.000000000000,43.200000000000,18.000000000000,1.000000000000,1.000000000000,0.000000000000,1.000000000000,1.000000000000,0.000000000000,0.000000000000,1.786726929297,0.587500000000,0.475000000000,0.504166666667,1.793601032317,0.193750000000,0.000000000000,0.000000000000,1.791541605137,0.168750000000,0.000000000000,0.000000000000,1.791230136356,0.225000000000,0.000000000000,0.000000000000,1.791848176393,0.143750000000,0.000000000000,0.000000000000
kv_delayed_reservoir,13,1800,8,120,160,160,51,1.791759469228,4.514030459264,4.469722509769,1.771671001110,1.761409340895,0.300000000000,0.268750000000,72.000000000000,1.000000000000,0.374264705882,1.000000000000,4.564527599088,1.781805554079,1280;1280;1280;1280;1280;1280;480,entity:640;640;640;640;640;640;0|value:640;640;640;640;640;640;0|filler:0;0;0;0;0;0;0|query_marker:0;0;0;0;0;0;160|query_entity:0;0;0;0;0;0;160|context:0;0;0;0;0;0;160,kv_delayed_reservoir,0.000000000000,0,4.564527599088,1.781805554079,0.000000000000,0.000000000000,0.000000000000,0.000000000000,14400,0.000000000000,1.359141789373,1.418323945985,0.824327603546,0.821597667228,0.675767019618,0.703474733014,0.066651237749,0.035779056256,0.233348762251,0.232970943744,0.175219775943,0.176342946889,75;46;39,1064;1008;982,0.000000000000,0.000000000000,0.000000000000,2.000000000000,0.100000000000,1350,0.000000000000,0.000000000000,0.000000000000,0.397656250000,0.602343750000,0.272656250000,0.087239583333,0.150000000000,0.150000000000,10.058333333333,372;344;331,0.383663194444,0.616336805556,0.258663194444,0.087725694444,0.108333333333,43.200000000000,18.000000000000,0.250000000000,0.250000000000,0.112500000000,0.235956790123,0.235956790123,0.113981481481,0.000000000000,1.614773649992,0.637500000000,0.525000000000,0.481250000000,1.737905452416,0.375000000000,0.243750000000,0.264583333333,1.752402298066,0.306250000000,0.143750000000,0.158333333333,1.761409340895,0.268750000000,0.150000000000,0.112500000000,1.763080765738,0.281250000000,0.112500000000,0.083333333333
kv_delayed_hard,13,1800,8,145,160,160,51,1.791759469228,4.365819942757,4.372815234416,1.724185941813,1.766648334600,0.337500000000,0.306250000000,107.000000000000,1.000000000000,0.452696078431,1.000000000000,4.805522803486,1.684977189826,1280;1280;1280;1280;1280;1280;480,entity:640;640;640;640;640;640;0|value:640;640;640;640;640;640;0|filler:0;0;0;0;0;0;0|query_marker:0;0;0;0;0;0;160|query_entity:0;0;0;0;0;0;160|context:0;0;0;0;0;0;160,kv_delayed_hard,0.000000000000,0,4.805522803486,1.684977189826,0.000000000000,0.000000000000,0.000000000000,0.000000000000,14400,0.000000000000,1.285026251746,1.346648600200,0.805095222175,0.821343596868,0.637440953808,0.664638955337,0.019177204878,0.012114194726,0.322971693187,0.318364194726,0.197204430956,0.188236121628,104;37;19,2070;944;680,0.000000000000,0.575484356058,0.000000000000,2.000000000000,0.100000000000,1350,0.000000000000,0.581206135357,0.000000000000,0.480989583333,0.519010416667,0.355989583333,0.063281250000,0.175000000000,0.175000000000,12.937500000000,875;312;180,0.468576388889,0.531423611111,0.343576388889,0.066163194444,0.176666666667,43.200000000000,18.000000000000,0.405902777778,0.405902777778,0.191666666667,0.392006172840,0.392006172840,0.181296296296,0.000000000000,1.599655406573,0.518750000000,0.412500000000,0.422916666667,1.727578923978,0.375000000000,0.218750000000,0.204166666667,1.754623655844,0.331250000000,0.237500000000,0.212500000000,1.766648334600,0.306250000000,0.175000000000,0.191666666667,1.738312913751,0.350000000000,0.225000000000,0.183333333333
kv_delayed_annealed_direct,13,1800,8,145,160,160,51,1.791759469228,4.369201931655,4.254841176265,1.021095301372,1.101778806050,0.725000000000,0.743750000000,107.000000000000,1.000000000000,0.312254901961,1.000000000000,4.515471530840,1.159923399770,1280;1280;1280;1280;1280;1280;480,entity:640;640;640;640;640;640;0|value:640;640;640;640;640;640;0|filler:0;0;0;0;0;0;0|query_marker:0;0;0;0;0;0;160|query_entity:0;0;0;0;0;0;160|context:0;0;0;0;0;0;160,kv_delayed_annealed_direct,0.000000000000,0,4.515471530840,1.159923399770,0.000000000000,0.000000000000,0.000000000000,0.000000000000,14400,0.000000000000,1.297698396513,1.333163124344,0.461862406028,0.456446581079,0.643937824788,0.658030248904,0.065409077485,0.100038181282,0.725463331579,0.708536481296,0.541751583823,0.533026048614,75;53;32,876;870;802,0.000000000000,0.376467413514,0.000000000000,2.000000000000,0.100000000000,1350,0.000000000000,0.382424909902,0.000000000000,0.331770833333,0.668229166667,0.206770833333,0.038541666667,0.687500000000,0.687500000000,15.210416666667,278;275;241,0.345868055556,0.654131944444,0.220868055556,0.039791666667,0.680000000000,43.200000000000,18.000000000000,0.226388888889,0.226388888889,0.691666666667,0.241527777778,0.241527777778,0.685555555556,0.000000000000,0.710976664229,0.875000000000,0.856250000000,0.843750000000,1.185574449170,0.725000000000,0.637500000000,0.639583333333,1.070387342842,0.762500000000,0.706250000000,0.702083333333,1.101778806050,0.743750000000,0.687500000000,0.691666666667,1.190706113983,0.718750000000,0.687500000000,0.683333333333
kv_delayed_annealed_curriculum,13,1800,8,145,160,160,51,1.791759469228,4.369201931655,4.254841176265,1.009513743384,0.984267209090,0.737500000000,0.762500000000,107.000000000000,1.000000000000,0.342647058824,1.000000000000,2.717096837767,1.289934635090,1280;1280;1280;1280;1280;1280;480,entity:640;640;640;640;640;640;0|value:640;640;640;640;640;640;0|filler:0;0;0;0;0;0;0|query_marker:0;0;0;0;0;0;160|query_entity:0;0;0;0;0;0;160|context:0;0;0;0;0;0;160,kv_delayed_annealed_curriculum,0.000000000000,0,2.717096837767,1.289934635090,0.000000000000,0.000000000000,0.000000000000,0.000000000000,14400,0.000000000000,1.297698396513,1.333163124344,0.445082973906,0.419841276172,0.643937824788,0.658030248904,0.063880190682,0.063125410357,0.712257877163,0.702571716124,0.539926202635,0.546148964025,74;51;35,976;850;970,0.000000000000,0.374806308191,0.000000000000,2.000000000000,0.100000000000,1350,0.000000000000,0.402297067194,0.000000000000,0.364062500000,0.635937500000,0.239062500000,0.023437500000,0.712500000000,0.712500000000,15.222916666667,328;265;325,0.409479166667,0.590520833333,0.284479166667,0.028541666667,0.658750000000,43.200000000000,18.000000000000,0.287500000000,0.287500000000,0.712500000000,0.344444444444,0.344444444444,0.655555555556,0.000000000000,0.964639615850,0.768750000000,0.737500000000,0.747916666667,0.959932101221,0.768750000000,0.712500000000,0.712500000000,0.990269765648,0.762500000000,0.700000000000,0.700000000000,0.984267209090,0.762500000000,0.712500000000,0.712500000000,1.079365226823,0.731250000000,0.675000000000,0.675000000000
kv_delayed_oracle,14,1800,8,120,160,160,51,1.791759469228,0.085336788421,0.092303285501,0.003773820924,0.003767843964,1.000000000000,1.000000000000,72.000000000000,1.000000000000,0.117647058824,1.000000000000,0.051807474198,0.003770602301,1280;1280;1280;1280;1280;1280;480,entity:640;640;640;640;640;640;0|value:640;640;640;640;640;640;0|filler:0;0;0;0;0;0;0|query_marker:0;0;0;0;0;0;160|query_entity:0;0;0;0;0;0;160|context:0;0;0;0;0;0;160,kv_delayed_oracle,0.000000000000,0,0.051807474198,0.003770602301,0.000000000000,0.000000000000,0.000000000000,0.000000000000,14400,0.000000000000,0.012780814831,0.013697186036,0.000017146462,0.000017096889,0.080975400503,0.087610696911,0.003766669134,0.003760713202,0.996233330866,0.996239286798,0.996233330866,0.996239286798,60;55;45,320;320;320,0.000000000000,0.000000000000,0.000000000000,2.000000000000,0.100000000000,1350,0.000000000000,0.000000000000,0.000000000000,0.125000000000,0.875000000000,0.000000000000,0.000000000000,1.000000000000,1.000000000000,20.550000000000,0;0;0,0.125000000000,0.875000000000,0.000000000000,0.000000000000,1.000000000000,43.425000000000,18.000000000000,0.000000000000,0.000000000000,1.000000000000,0.000000000000,0.000000000000,1.000000000000,0.000000000000,0.003733137143,1.000000000000,1.000000000000,1.000000000000,0.003726595654,1.000000000000,1.000000000000,1.000000000000,0.003731917444,1.000000000000,1.000000000000,1.000000000000,0.003767843964,1.000000000000,1.000000000000,1.000000000000,0.003721220754,1.000000000000,1.000000000000,1.000000000000
kv_delayed_fifo,14,1800,8,120,160,160,51,1.791759469228,4.289539285596,4.218173432939,1.787882503501,1.800240453946,0.168750000000,0.181250000000,72.000000000000,1.000000000000,0.941176470588,1.000000000000,4.061134656578,1.800545920848,1280;1280;1280;1280;1280;1280;480,entity:640;640;640;640;640;640;0|value:640;640;640;640;640;640;0|filler:0;0;0;0;0;0;0|query_marker:0;0;0;0;0;0;160|query_entity:0;0;0;0;0;0;160|context:0;0;0;0;0;0;160,kv_delayed_fifo,0.000000000000,0,4.061134656578,1.800545920848,0.000000000000,0.000000000000,0.000000000000,0.000000000000,14400,0.000000000000,1.502691292576,1.494430087100,0.832009618352,0.835957232326,0.745621725515,0.738272123624,0.008291444097,0.004739407543,0.177041444097,0.176510592457,0.167696893043,0.165706530127,85;46;29,2560;2560;2560,0.000000000000,0.000000000000,0.000000000000,2.000000000000,0.100000000000,1350,0.000000000000,0.000000000000,0.000000000000,1.000000000000,0.000000000000,0.875000000000,0.125000000000,0.000000000000,0.000000000000,1.000000000000,1120;1120;1120,1.000000000000,0.000000000000,0.875000000000,0.125000000000,0.000000000000,43.425000000000,18.000000000000,1.000000000000,1.000000000000,0.000000000000,1.000000000000,1.000000000000,0.000000000000,0.000000000000,1.774582363783,0.481250000000,0.393750000000,0.450000000000,1.792384654906,0.175000000000,0.000000000000,0.000000000000,1.785337822907,0.275000000000,0.000000000000,0.000000000000,1.800240453946,0.181250000000,0.000000000000,0.000000000000,1.794959364467,0.187500000000,0.000000000000,0.000000000000
kv_delayed_reservoir,14,1800,8,120,160,160,51,1.791759469228,3.711595124692,3.884103952385,1.744222713451,1.774165731008,0.293750000000,0.256250000000,72.000000000000,1.000000000000,0.318137254902,1.000000000000,3.624215201486,1.700126552369,1280;1280;1280;1280;1280;1280;480,entity:640;640;640;640;640;640;0|value:640;640;640;640;640;640;0|filler:0;0;0;0;0;0;0|query_marker:0;0;0;0;0;0;160|query_entity:0;0;0;0;0;0;160|context:0;0;0;0;0;0;160,kv_delayed_reservoir,0.000000000000,0,3.624215201486,1.700126552369,0.000000000000,0.000000000000,0.000000000000,0.000000000000,14400,0.000000000000,1.285038860725,1.358429491834,0.814252865075,0.825949162835,0.621343237720,0.661644411740,0.017450601962,0.058069935700,0.293287491636,0.294367363860,0.186604624908,0.180864219867,74;56;30,844;930;822,0.000000000000,0.000000000000,0.000000000000,2.000000000000,0.100000000000,1350,0.000000000000,0.000000000000,0.000000000000,0.338020833333,0.661979166667,0.213020833333,0.086979166667,0.156250000000,0.156250000000,13.420833333333,262;305;251,0.339461805556,0.660538194444,0.214461805556,0.084843750000,0.169583333333,43.425000000000,18.000000000000,0.186805555556,0.186805555556,0.150000000000,0.182500000000,0.182500000000,0.170370370370,0.000000000000,1.495923404415,0.637500000000,0.550000000000,0.562500000000,1.698638183448,0.375000000000,0.268750000000,0.266666666667,1.659203815203,0.400000000000,0.218750000000,0.218750000000,1.774165731008,0.256250000000,0.156250000000,0.150000000000,1.750654269501,0.287500000000,0.118750000000,0.129166666667
kv_delayed_hard,14,1800,8,145,160,160,51,1.791759469228,3.298715457688,3.195793071162,1.703693576007,1.757038518127,0.356250000000,0.387500000000,107.000000000000,1.000000000000,0.482598039216,1.000000000000,3.201222537111,1.716050982714,1280;1280;1280;1280;1280;1280;480,entity:640;640;640;640;640;640;0|value:640;640;640;640;640;640;0|filler:0;0;0;0;0;0;0|query_marker:0;0;0;0;0;0;160|query_entity:0;0;0;0;0;0;160|context:0;0;0;0;0;0;160,kv_delayed_hard,0.000000000000,0,3.201222537111,1.716050982714,0.000000000000,0.000000000000,0.000000000000,0.000000000000,14400,0.000000000000,1.174428329075,1.120003954874,0.797596915642,0.807057207033,0.564620117419,0.522858506540,0.054216279628,0.075479367838,0.321235350817,0.314314413609,0.201500314400,0.195408226681,110;32;18,2132;1118;688,0.000000000000,0.551032362204,0.000000000000,2.000000000000,0.100000000000,1350,0.000000000000,0.537343542958,0.000000000000,0.512760416667,0.487239583333,0.387760416667,0.057812500000,0.262500000000,0.262500000000,12.589583333333,906;399;184,0.507534722222,0.492465277778,0.382534722222,0.059079861111,0.210833333333,43.425000000000,18.000000000000,0.446527777778,0.446527777778,0.220833333333,0.439768518519,0.439768518519,0.207685185185,0.000000000000,1.506247253521,0.643750000000,0.562500000000,0.497916666667,1.729451663256,0.400000000000,0.256250000000,0.275000000000,1.638668879757,0.487500000000,0.312500000000,0.235416666667,1.757038518127,0.387500000000,0.262500000000,0.220833333333,1.791961703276,0.337500000000,0.162500000000,0.197916666667
kv_delayed_annealed_direct,14,1800,8,145,160,160,51,1.791759469228,3.415052943347,3.130698238444,0.915641672750,1.352767824050,0.768750000000,0.637500000000,107.000000000000,1.000000000000,0.412009803922,1.000000000000,2.888440596890,1.099032493411,1280;1280;1280;1280;1280;1280;480,entity:640;640;640;640;640;640;0|value:640;640;640;640;640;640;0|filler:0;0;0;0;0;0;0|query_marker:0;0;0;0;0;0;160|query_entity:0;0;0;0;0;0;160|context:0;0;0;0;0;0;160,kv_delayed_annealed_direct,0.000000000000,0,2.888440596890,1.099032493411,0.000000000000,0.000000000000,0.000000000000,0.000000000000,14400,0.000000000000,1.200131983157,1.095982192463,0.399758175277,0.586630701046,0.577865602640,0.509191570583,0.044349671544,0.092288851281,0.733742916979,0.729788851281,0.577228574146,0.481077986649,87;45;28,1096;1170;1096,0.000000000000,0.430331021533,0.000000000000,2.000000000000,0.100000000000,1350,0.000000000000,0.361587198884,0.000000000000,0.437760416667,0.562239583333,0.312760416667,0.047916666667,0.568750000000,0.568750000000,13.000000000000,388;425;388,0.357725694444,0.642274305556,0.232725694444,0.036336805556,0.677500000000,43.425000000000,18.000000000000,0.358680555556,0.358680555556,0.568750000000,0.267129629630,0.267129629630,0.676388888889,0.000000000000,0.849536241343,0.806250000000,0.750000000000,0.764583333333,1.055025484760,0.743750000000,0.668750000000,0.668750000000,0.986816703857,0.762500000000,0.718750000000,0.718750000000,1.352767824050,0.637500000000,0.568750000000,0.568750000000,0.998388287490,0.756250000000,0.681250000000,0.681250000000
kv_delayed_annealed_curriculum,14,1800,8,145,160,160,51,1.791759469228,3.415052943347,3.130698238444,1.106268064988,1.133374558149,0.700000000000,0.725000000000,107.000000000000,1.000000000000,0.375000000000,1.000000000000,2.193493644215,1.044156044780,1280;1280;1280;1280;1280;1280;480,entity:640;640;640;640;640;640;0|value:640;640;640;640;640;640;0|filler:0;0;0;0;0;0;0|query_marker:0;0;0;0;0;0;160|query_entity:0;0;0;0;0;0;160|context:0;0;0;0;0;0;160,kv_delayed_annealed_curriculum,0.000000000000,0,2.193493644215,1.044156044780,0.000000000000,0.000000000000,0.000000000000,0.000000000000,14400,0.000000000000,1.200131983157,1.095982192463,0.498010633167,0.472465095227,0.577865602640,0.509191570583,0.049504616140,0.045607199896,0.702663342133,0.692860538701,0.508486421793,0.514498772204,72;49;39,1010;1064;986,0.000000000000,0.408972589446,0.000000000000,2.000000000000,0.100000000000,1350,0.000000000000,0.439475244949,0.000000000000,0.398437500000,0.601562500000,0.273437500000,0.025000000000,0.668750000000,0.668750000000,14.775000000000,345;372;333,0.414930555556,0.585069444444,0.289930555556,0.027430555556,0.650000000000,43.425000000000,18.000000000000,0.331250000000,0.331250000000,0.668750000000,0.341944444444,0.341944444444,0.658055555556,0.000000000000,1.232743393615,0.693750000000,0.600000000000,0.600000000000,1.166127363942,0.706250000000,0.650000000000,0.650000000000,1.164707730706,0.712500000000,0.606250000000,0.606250000000,1.133374558149,0.725000000000,0.668750000000,0.668750000000,1.069862918395,0.737500000000,0.637500000000,0.637500000000
kv_delayed_oracle,15,1800,8,120,160,160,51,1.791759469228,0.073113209995,0.078226811282,0.003704228805,0.003746589279,1.000000000000,1.000000000000,72.000000000000,1.000000000000,0.117647058824,1.000000000000,0.039986312671,0.003743646646,1280;1280;1280;1280;1280;1280;480,entity:640;640;640;640;640;640;0|value:640;640;640;640;640;640;0|filler:0;0;0;0;0;0;0|query_marker:0;0;0;0;0;0;160|query_entity:0;0;0;0;0;0;160|context:0;0;0;0;0;0;160,kv_delayed_oracle,0.000000000000,0,0.039986312671,0.003743646646,0.000000000000,0.000000000000,0.000000000000,0.000000000000,14400,0.000000000000,0.008397402301,0.009215019572,0.000016459839,0.000016835722,0.069938326133,0.074726878228,0.003697358820,0.003739562172,0.996302641180,0.996260437828,0.996302641180,0.996260437828,53;37;70,320;320;320,0.000000000000,0.000000000000,0.000000000000,2.000000000000,0.100000000000,1350,0.000000000000,0.000000000000,0.000000000000,0.125000000000,0.875000000000,0.000000000000,0.000000000000,1.000000000000,1.000000000000,20.462500000000,0;0;0,0.125000000000,0.875000000000,0.000000000000,0.000000000000,1.000000000000,42.512500000000,18.000000000000,0.000000000000,0.000000000000,1.000000000000,0.000000000000,0.000000000000,1.000000000000,0.000000000000,0.003766850661,1.000000000000,1.000000000000,1.000000000000,0.003738826227,1.000000000000,1.000000000000,1.000000000000,0.003738627864,1.000000000000,1.000000000000,1.000000000000,0.003746589279,1.000000000000,1.000000000000,1.000000000000,0.003786788546,1.000000000000,1.000000000000,1.000000000000
kv_delayed_fifo,15,1800,8,120,160,160,51,1.791759469228,5.060732182586,5.190276552876,1.789884688348,1.796364039768,0.131250000000,0.175000000000,72.000000000000,1.000000000000,0.941176470588,1.000000000000,4.156122205577,1.789376431929,1280;1280;1280;1280;1280;1280;480,entity:640;640;640;640;640;640;0|value:640;640;640;640;640;640;0|filler:0;0;0;0;0;0;0|query_marker:0;0;0;0;0;0;160|query_entity:0;0;0;0;0;0;160|context:0;0;0;0;0;0;160,kv_delayed_fifo,0.000000000000,0,4.156122205577,1.789376431929,0.000000000000,0.000000000000,0.000000000000,0.000000000000,14400,0.000000000000,1.610603472205,1.532515468823,0.832729026926,0.834821257391,0.804453446675,0.759497897933,0.042511865269,0.001092958507,0.173761865269,0.173907041493,0.167064594355,0.166023635047,75;54;31,2560;2560;2560,0.000000000000,0.000000000000,0.000000000000,2.000000000000,0.100000000000,1350,0.000000000000,0.000000000000,0.000000000000,1.000000000000,0.000000000000,0.875000000000,0.125000000000,0.000000000000,0.000000000000,1.000000000000,1120;1120;1120,1.000000000000,0.000000000000,0.875000000000,0.125000000000,0.000000000000,42.512500000000,18.000000000000,1.000000000000,1.000000000000,0.000000000000,1.000000000000,1.000000000000,0.000000000000,0.000000000000,1.767402233436,0.600000000000,0.531250000000,0.506250000000,1.798382632965,0.156250000000,0.000000000000,0.000000000000,1.801090746349,0.143750000000,0.000000000000,0.000000000000,1.796364039768,0.175000000000,0.000000000000,0.000000000000,1.797593847624,0.256250000000,0.000000000000,0.000000000000
kv_delayed_reservoir,15,1800,8,120,160,160,51,1.791759469228,4.029460941305,4.459193352920,1.755940062812,1.778623314784,0.293750000000,0.256250000000,72.000000000000,1.000000000000,0.375735294118,1.000000000000,3.510149267154,1.732570441805,1280;1280;1280;1280;1280;1280;480,entity:640;640;640;640;640;640;0|value:640;640;640;640;640;640;0|filler:0;0;0;0;0;0;0|query_marker:0;0;0;0;0;0;160|query_entity:0;0;0;0;0;0;160|context:0;0;0;0;0;0;160,kv_delayed_reservoir,0.000000000000,0,3.510149267154,1.732570441805,0.000000000000,0.000000000000,0.000000000000,0.000000000000,14400,0.000000000000,1.299634688788,1.384690952516,0.819053647381,0.826885186082,0.632469465830,0.678951866885,0.043925221729,0.010222333620,0.249824778271,0.246027666380,0.179611790030,0.175469263720,74;44;42,1126;1020;920,0.000000000000,0.000000000000,0.000000000000,2.000000000000,0.100000000000,1350,0.000000000000,0.000000000000,0.000000000000,0.399218750000,0.600781250000,0.274218750000,0.089062500000,0.112500000000,0.112500000000,10.616666666667,403;350;300,0.398697916667,0.601302083333,0.273697916667,0.090416666667,0.141250000000,42.512500000000,18.000000000000,0.263194444444,0.263194444444,0.118750000000,0.259475308642,0.259475308642,0.128333333333,0.000000000000,1.598029039516,0.650000000000,0.593750000000,0.537500000000,1.700867245179,0.412500000000,0.225000000000,0.235416666667,1.783200470953,0.250000000000,0.125000000000,0.154166666667,1.778623314784,0.256250000000,0.112500000000,0.118750000000,1.764347409542,0.281250000000,0.081250000000,0.110416666667
kv_delayed_hard,15,1800,8,145,160,160,51,1.791759469228,2.447564976719,2.089126034838,1.316596609205,1.237334483768,0.600000000000,0.668750000000,107.000000000000,1.000000000000,0.272303921569,1.000000000000,2.183300156572,1.140565703596,1280;1280;1280;1280;1280;1280;480,entity:640;640;640;640;640;640;0|value:640;640;640;640;640;640;0|filler:0;0;0;0;0;0;0|query_marker:0;0;0;0;0;0;160|query_entity:0;0;0;0;0;0;160|context:0;0;0;0;0;0;160,kv_delayed_hard,0.000000000000,0,2.183300156572,1.140565703596,0.000000000000,0.000000000000,0.000000000000,0.000000000000,14400,0.000000000000,0.746581670473,0.622216846672,0.612273036938,0.539137799686,0.329540575836,0.264033017363,0.054964004661,0.054200032786,0.654964004661,0.649047422999,0.422187943227,0.455017348618,55;52;53,918;762;542,0.000000000000,0.428869659750,0.000000000000,2.000000000000,0.100000000000,1350,0.000000000000,0.428047558212,0.000000000000,0.289322916667,0.710677083333,0.164322916667,0.034114583333,0.587500000000,0.587500000000,17.508333333333,299;221;111,0.289166666667,0.710833333333,0.164166666667,0.029600694444,0.570000000000,42.512500000000,18.000000000000,0.140972222222,0.140972222222,0.570833333333,0.144490740741,0.144490740741,0.566574074074,0.000000000000,1.137121170042,0.712500000000,0.650000000000,0.614583333333,1.223119673315,0.675000000000,0.600000000000,0.587500000000,1.357729711167,0.631250000000,0.575000000000,0.585416666667,1.237334483768,0.668750000000,0.587500000000,0.570833333333,1.432895000774,0.587500000000,0.518750000000,0.556250000000
kv_delayed_annealed_direct,15,1800,8,145,160,160,51,1.791759469228,2.444652527894,2.089126034838,1.061962639335,1.062967239438,0.718750000000,0.750000000000,107.000000000000,1.000000000000,0.340196078431,1.000000000000,1.982362197500,1.039380407267,1280;1280;1280;1280;1280;1280;480,entity:640;640;640;640;640;640;0|value:640;640;640;640;640;640;0|filler:0;0;0;0;0;0;0|query_marker:0;0;0;0;0;0;160|query_entity:0;0;0;0;0;0;160|context:0;0;0;0;0;0;160,kv_delayed_annealed_direct,0.000000000000,0,1.982362197500,1.039380407267,0.000000000000,0.000000000000,0.000000000000,0.000000000000,14400,0.000000000000,0.747176483124,0.622216846672,0.472978321649,0.443245648274,0.329876096975,0.264033017363,0.047148223491,0.040827478962,0.721511643871,0.709172521038,0.532991746002,0.539496019337,71;32;57,970;930;876,0.000000000000,0.379320333792,0.000000000000,2.000000000000,0.100000000000,1350,0.000000000000,0.430753867850,0.000000000000,0.361458333333,0.638541666667,0.236458333333,0.034375000000,0.725000000000,0.725000000000,15.614583333333,325;305;278,0.412847222222,0.587152777778,0.287847222222,0.041927083333,0.664583333333,42.512500000000,18.000000000000,0.269444444444,0.269444444444,0.725000000000,0.322947530864,0.322947530864,0.669722222222,0.000000000000,0.863135540305,0.806250000000,0.762500000000,0.756250000000,1.034956597233,0.756250000000,0.725000000000,0.725000000000,1.064460859605,0.737500000000,0.675000000000,0.675000000000,1.062967239438,0.750000000000,0.725000000000,0.725000000000,1.137087049024,0.712500000000,0.625000000000,0.625000000000
kv_delayed_annealed_curriculum,15,1800,8,145,160,160,51,1.791759469228,2.444652527894,2.089126034838,0.003860217682,0.003869653576,1.000000000000,1.000000000000,107.000000000000,1.000000000000,0.137745098039,1.000000000000,1.932522156994,0.003849650283,1280;1280;1280;1280;1280;1280;480,entity:640;640;640;640;640;640;0|value:640;640;640;640;640;640;0|filler:0;0;0;0;0;0;0|query_marker:0;0;0;0;0;0;160|query_entity:0;0;0;0;0;0;160|context:0;0;0;0;0;0;160,kv_delayed_annealed_curriculum,0.000000000000,0,1.932522156994,0.003849650283,0.000000000000,0.000000000000,0.000000000000,0.000000000000,14400,0.000000000000,0.747176483124,0.622216846672,0.000017820917,0.000017907285,0.329876096975,0.264033017363,0.003852774837,0.003862174398,0.996147225163,0.996137825602,0.996147225163,0.996137825602,56;37;67,372;374;378,0.000000000000,0.146958918595,0.000000000000,2.000000000000,0.100000000000,1350,0.000000000000,0.141677160826,0.000000000000,0.146354166667,0.853645833333,0.021354166667,0.000000000000,1.000000000000,1.000000000000,20.462500000000,26;27;29,0.150833333333,0.849166666667,0.025833333333,0.000000000000,1.000000000000,42.512500000000,18.000000000000,0.000000000000,0.000000000000,1.000000000000,0.000000000000,0.000000000000,1.000000000000,0.000000000000,0.003865918756,1.000000000000,1.000000000000,1.000000000000,0.003875398396,1.000000000000,1.000000000000,1.000000000000,0.003868327146,1.000000000000,1.000000000000,1.000000000000,0.003869653576,1.000000000000,1.000000000000,1.000000000000,0.003868293502,1.000000000000,1.000000000000,1.000000000000
kv_delayed_oracle,16,1800,8,120,160,160,51,1.791759469228,0.026744332788,0.026326103687,0.003741301452,0.003765535650,1.000000000000,1.000000000000,72.000000000000,1.000000000000,0.117647058824,1.000000000000,0.018979964323,0.003749221317,1280;1280;1280;1280;1280;1280;480,entity:640;640;640;640;640;640;0|value:640;640;640;640;640;640;0|filler:0;0;0;0;0;0;0|query_marker:0;0;0;0;0;0;160|query_entity:0;0;0;0;0;0;160|context:0;0;0;0;0;0;160,kv_delayed_oracle,0.000000000000,0,0.018979964323,0.003749221317,0.000000000000,0.000000000000,0.000000000000,0.000000000000,14400,0.000000000000,0.001872872471,0.001787151185,0.000016822746,0.000017021911,0.026169181423,0.025762280670,0.003734281353,0.003758432586,0.996265718647,0.996241567414,0.996265718647,0.996241567414,46;65;49,320;320;320,0.000000000000,0.000000000000,0.000000000000,2.000000000000,0.100000000000,1350,0.000000000000,0.000000000000,0.000000000000,0.125000000000,0.875000000000,0.000000000000,0.000000000000,1.000000000000,1.000000000000,20.610416666667,0;0;0,0.125000000000,0.875000000000,0.000000000000,0.000000000000,1.000000000000,43.112500000000,18.000000000000,0.000000000000,0.000000000000,1.000000000000,0.000000000000,0.000000000000,1.000000000000,0.000000000000,0.003769291202,1.000000000000,1.000000000000,1.000000000000,0.003755055404,1.000000000000,1.000000000000,1.000000000000,0.003766442012,1.000000000000,1.000000000000,1.000000000000,0.003765535650,1.000000000000,1.000000000000,1.000000000000,0.003748979129,1.000000000000,1.000000000000,1.000000000000
kv_delayed_fifo,16,1800,8,120,160,160,51,1.791759469228,5.579270954622,5.369208642477,1.790781496374,1.792511080268,0.156250000000,0.200000000000,72.000000000000,1.000000000000,0.941176470588,1.000000000000,4.978275083922,1.793234940388,1280;1280;1280;1280;1280;1280;480,entity:640;640;640;640;640;640;0|value:640;640;640;640;640;640;0|filler:0;0;0;0;0;0;0|query_marker:0;0;0;0;0;0;160|query_entity:0;0;0;0;0;0;160|context:0;0;0;0;0;0;160,kv_delayed_fifo,0.000000000000,0,4.978275083922,1.793234940388,0.000000000000,0.000000000000,0.000000000000,0.000000000000,14400,0.000000000000,1.630622725658,1.546661431392,0.833013233487,0.833571929444,0.815036252708,0.772900932169,0.012968162475,0.030648680142,0.169218162475,0.169351319858,0.166846316956,0.166568029303,82;33;45,2560;2560;2560,0.000000000000,0.000000000000,0.000000000000,2.000000000000,0.100000000000,1350,0.000000000000,0.000000000000,0.000000000000,1.000000000000,0.000000000000,0.875000000000,0.125000000000,0.000000000000,0.000000000000,1.000000000000,1120;1120;1120,1.000000000000,0.000000000000,0.875000000000,0.125000000000,0.000000000000,43.112500000000,18.000000000000,1.000000000000,1.000000000000,0.000000000000,1.000000000000,1.000000000000,0.000000000000,0.000000000000,1.782288934762,0.587500000000,0.462500000000,0.493750000000,1.792944211012,0.168750000000,0.000000000000,0.000000000000,1.793413119835,0.168750000000,0.000000000000,0.000000000000,1.792511080268,0.200000000000,0.000000000000,0.000000000000,1.792221464776,0.200000000000,0.000000000000,0.000000000000
kv_delayed_reservoir,16,1800,8,120,160,160,51,1.791759469228,5.029032839996,4.477997515882,1.770217811557,1.756748197720,0.256250000000,0.325000000000,72.000000000000,1.000000000000,0.341176470588,1.000000000000,4.782372259139,1.772746867906,1280;1280;1280;1280;1280;1280;480,entity:640;640;640;640;640;640;0|value:640;640;640;640;640;640;0|filler:0;0;0;0;0;0;0|query_marker:0;0;0;0;0;0;160|query_entity:0;0;0;0;0;0;160|context:0;0;0;0;0;0;160,kv_delayed_reservoir,0.000000000000,0,4.782372259139,1.772746867906,0.000000000000,0.000000000000,0.000000000000,0.000000000000,14400,0.000000000000,1.448495350903,1.302310733327,0.825563322698,0.820211881777,0.719464052176,0.647087892886,0.048346416318,0.115006745138,0.207903583682,0.212780435954,0.172903318215,0.175929686594,74;53;33,992;854;938,0.000000000000,0.000000000000,0.000000000000,2.000000000000,0.100000000000,1350,0.000000000000,0.000000000000,0.000000000000,0.362500000000,0.637500000000,0.237500000000,0.088541666667,0.118750000000,0.118750000000,10.860416666667,336;267;309,0.371979166667,0.628020833333,0.246979166667,0.086250000000,0.101250000000,43.112500000000,18.000000000000,0.214583333333,0.214583333333,0.114583333333,0.229166666667,0.229166666667,0.100277777778,0.000000000000,1.690237470617,0.593750000000,0.512500000000,0.487500000000,1.771947573155,0.350000000000,0.206250000000,0.218750000000,1.788649670484,0.268750000000,0.150000000000,0.156250000000,1.756748197720,0.325000000000,0.118750000000,0.114583333333,1.791380665736,0.237500000000,0.056250000000,0.054166666667
kv_delayed_hard,16,1800,8,145,160,160,51,1.791759469228,4.032477828829,4.127859227999,1.666394770228,1.692404664902,0.387500000000,0.387500000000,107.000000000000,1.000000000000,0.542156862745,1.000000000000,3.495615911753,1.766757242471,1280;1280;1280;1280;1280;1280;480,entity:640;640;640;640;640;640;0|value:640;640;640;640;640;640;0|filler:0;0;0;0;0;0;0|query_marker:0;0;0;0;0;0;160|query_entity:0;0;0;0;0;0;160|context:0;0;0;0;0;0;160,kv_delayed_hard,0.000000000000,0,3.495615911753,1.766757242471,0.000000000000,0.000000000000,0.000000000000,0.000000000000,14400,0.000000000000,1.182588412671,1.189554174594,0.778382423895,0.786923454593,0.585884207434,0.588002980050,0.026146011411,0.027417663511,0.361353988589,0.360082336489,0.218478312777,0.213639071007,84;52;24,2338;1350;736,0.000000000000,0.588178751079,0.000000000000,2.000000000000,0.100000000000,1350,0.000000000000,0.584671472878,0.000000000000,0.576041666667,0.423958333333,0.451041666667,0.058333333333,0.206250000000,0.206250000000,12.506250000000,1009;515;208,0.581545138889,0.418454861111,0.456545138889,0.055763888889,0.247083333333,43.112500000000,18.000000000000,0.517361111111,0.517361111111,0.250000000000,0.534583333333,0.534583333333,0.245092592593,0.000000000000,1.550780512417,0.512500000000,0.381250000000,0.404166666667,1.733505528831,0.325000000000,0.168750000000,0.258333333333,1.679771927892,0.406250000000,0.281250000000,0.252083333333,1.692404664902,0.387500000000,0.206250000000,0.250000000000,1.697728588598,0.350000000000,0.193750000000,0.252083333333
kv_delayed_annealed_direct,16,1800,8,145,160,160,51,1.791759469228,4.024110457883,4.031192901183,0.003915823740,0.003939248824,1.000000000000,1.000000000000,107.000000000000,1.000000000000,0.146078431373,1.000000000000,3.410212041563,0.003924030832,1280;1280;1280;1280;1280;1280;480,entity:640;640;640;640;640;640;0|value:640;640;640;640;640;640;0|filler:0;0;0;0;0;0;0|query_marker:0;0;0;0;0;0;160|query_entity:0;0;0;0;0;0;160|context:0;0;0;0;0;0;160,kv_delayed_annealed_direct,0.000000000000,0,3.410212041563,0.003924030832,0.000000000000,0.000000000000,0.000000000000,0.000000000000,14400,0.000000000000,1.184214422169,1.190373194176,0.000018349608,0.000018567896,0.586516099101,0.588130786821,0.003908161021,0.003931495183,0.996091838979,0.996068504817,0.996091838979,0.996068504817,52;60;48,400;400;392,0.000000000000,0.136924977898,0.000000000000,2.000000000000,0.100000000000,1350,0.000000000000,0.141865247290,0.000000000000,0.155208333333,0.844791666667,0.030208333333,0.000000000000,1.000000000000,1.000000000000,20.610416666667,40;40;36,0.158732638889,0.841267361111,0.033732638889,0.000000000000,1.000000000000,43.112500000000,18.000000000000,0.000000000000,0.000000000000,1.000000000000,0.000000000000,0.000000000000,1.000000000000,0.000000000000,0.003932454829,1.000000000000,1.000000000000,1.000000000000,0.003937097849,1.000000000000,1.000000000000,1.000000000000,0.003931678181,1.000000000000,1.000000000000,1.000000000000,0.003939248824,1.000000000000,1.000000000000,1.000000000000,0.003929525396,1.000000000000,1.000000000000,1.000000000000
kv_delayed_annealed_curriculum,16,1800,8,145,160,160,51,1.791759469228,4.024110457883,4.031192901183,1.022920246016,1.127061298373,0.737500000000,0.712500000000,107.000000000000,1.000000000000,0.364950980392,1.000000000000,2.831995466518,1.066684724460,1280;1280;1280;1280;1280;1280;480,entity:640;640;640;640;640;640;0|value:640;640;640;640;640;640;0|filler:0;0;0;0;0;0;0|query_marker:0;0;0;0;0;0;160|query_entity:0;0;0;0;0;0;160|context:0;0;0;0;0;0;160,kv_delayed_annealed_curriculum,0.000000000000,0,2.831995466518,1.066684724460,0.000000000000,0.000000000000,0.000000000000,0.000000000000,14400,0.000000000000,1.184214422169,1.190373194176,0.448417818466,0.487061305139,0.586516099101,0.588130786821,0.059238415848,0.086051943087,0.678261584152,0.667783520452,0.517385094254,0.491357038006,66;53;41,952;972;1054,0.000000000000,0.420156068688,0.000000000000,2.000000000000,0.100000000000,1350,0.000000000000,0.414860414965,0.000000000000,0.387760416667,0.612239583333,0.262760416667,0.038281250000,0.662500000000,0.662500000000,14.539583333333,316;326;367,0.376788194444,0.623211805556,0.251788194444,0.033350694444,0.676666666667,43.112500000000,18.000000000000,0.299305555556,0.299305555556,0.662500000000,0.292037037037,0.292037037037,0.676944444444,0.000000000000,0.833461683900,0.825000000000,0.768750000000,0.787500000000,1.122821123002,0.718750000000,0.643750000000,0.643750000000,1.102293751203,0.725000000000,0.681250000000,0.681250000000,1.127061298373,0.712500000000,0.662500000000,0.662500000000,0.930176594556,0.781250000000,0.687500000000,0.687500000000
kv_delayed_oracle,17,1800,8,120,160,160,51,1.791759469228,0.042336502134,0.033042181999,0.003769524123,0.003819634036,1.000000000000,1.000000000000,72.000000000000,1.000000000000,0.117647058824,1.000000000000,0.022705335161,0.003744932646,1280;1280;1280;1280;1280;1280;480,entity:640;640;640;640;640;640;0|value:640;640;640;640;640;640;0|filler:0;0;0;0;0;0;0|query_marker:0;0;0;0;0;0;160|query_entity:0;0;0;0;0;0;160|context:0;0;0;0;0;0;160,kv_delayed_oracle,0.000000000000,0,0.022705335161,0.003744932646,0.000000000000,0.000000000000,0.000000000000,0.000000000000,14400,0.000000000000,0.004353533425,0.002981514554,0.000017158663,0.000017626230,0.040864485996,0.032037493775,0.003762373913,0.003812289693,0.996237626087,0.996187710307,0.996237626087,0.996187710307,56;49;55,320;320;320,0.000000000000,0.000000000000,0.000000000000,2.000000000000,0.100000000000,1350,0.000000000000,0.000000000000,0.000000000000,0.125000000000,0.875000000000,0.000000000000,0.000000000000,1.000000000000,1.000000000000,20.556250000000,0;0;0,0.125000000000,0.875000000000,0.000000000000,0.000000000000,1.000000000000,43.287500000000,18.000000000000,0.000000000000,0.000000000000,1.000000000000,0.000000000000,0.000000000000,1.000000000000,0.000000000000,0.003841000664,1.000000000000,1.000000000000,1.000000000000,0.003918305322,1.000000000000,1.000000000000,1.000000000000,0.003853828125,1.000000000000,1.000000000000,1.000000000000,0.003819634036,1.000000000000,1.000000000000,1.000000000000,0.003904025028,1.000000000000,1.000000000000,1.000000000000
kv_delayed_fifo,17,1800,8,120,160,160,51,1.791759469228,5.357076764319,5.107713201109,1.792565940095,1.792804672043,0.118750000000,0.193750000000,72.000000000000,1.000000000000,0.941176470588,1.000000000000,4.727873113411,1.790264582451,1280;1280;1280;1280;1280;1280;480,entity:640;640;640;640;640;640;0|value:640;640;640;640;640;640;0|filler:0;0;0;0;0;0;0|query_marker:0;0;0;0;0;0;160|query_entity:0;0;0;0;0;0;160|context:0;0;0;0;0;0;160,kv_delayed_fifo,0.000000000000,0,4.727873113411,1.790264582451,0.000000000000,0.000000000000,0.000000000000,0.000000000000,14400,0.000000000000,1.682755961330,1.536404359012,0.833618521875,0.833674010098,0.839991772268,0.765859272781,0.052851975858,0.022013055384,0.171601975858,0.171736944616,0.166577884546,0.166553192093,83;47;30,2560;2560;2560,0.000000000000,0.000000000000,0.000000000000,2.000000000000,0.100000000000,1350,0.000000000000,0.000000000000,0.000000000000,1.000000000000,0.000000000000,0.875000000000,0.125000000000,0.000000000000,0.000000000000,1.000000000000,1120;1120;1120,1.000000000000,0.000000000000,0.875000000000,0.125000000000,0.000000000000,43.287500000000,18.000000000000,1.000000000000,1.000000000000,0.000000000000,1.000000000000,1.000000000000,0.000000000000,0.000000000000,1.778855635858,0.581250000000,0.493750000000,0.504166666667,1.792277430866,0.250000000000,0.000000000000,0.000000000000,1.794143567171,0.200000000000,0.000000000000,0.000000000000,1.792804672043,0.193750000000,0.000000000000,0.000000000000,1.796471960401,0.181250000000,0.000000000000,0.000000000000
kv_delayed_reservoir,17,1800,8,120,160,160,51,1.791759469228,4.930301085450,4.816536334216,1.800221131554,1.801464192799,0.237500000000,0.237500000000,72.000000000000,1.000000000000,0.361764705882,1.000000000000,4.433087566640,1.742925403998,1280;1280;1280;1280;1280;1280;480,entity:640;640;640;640;640;640;0|value:640;640;640;640;640;640;0|filler:0;0;0;0;0;0;0|query_marker:0;0;0;0;0;0;160|query_entity:0;0;0;0;0;0;160|context:0;0;0;0;0;0;160,kv_delayed_reservoir,0.000000000000,0,4.433087566640,1.742925403998,0.000000000000,0.000000000000,0.000000000000,0.000000000000,14400,0.000000000000,1.466137545195,1.453886922449,0.835827108606,0.834029653696,0.723335179365,0.722644846029,0.014440198785,0.014981888425,0.251940198785,0.252481888425,0.171112680053,0.172033137890,71;53;36,1076;1026;850,0.000000000000,0.000000000000,0.000000000000,2.000000000000,0.100000000000,1350,0.000000000000,0.000000000000,0.000000000000,0.384375000000,0.615625000000,0.259375000000,0.085677083333,0.093750000000,0.093750000000,11.452083333333,378;353;265,0.376909722222,0.623090277778,0.251909722222,0.084722222222,0.122916666667,43.287500000000,18.000000000000,0.228125000000,0.228125000000,0.129166666667,0.220108024691,0.220108024691,0.117962962963,0.000000000000,1.608426746029,0.556250000000,0.475000000000,0.460416666667,1.701985450253,0.400000000000,0.262500000000,0.227083333333,1.732640628473,0.331250000000,0.143750000000,0.141666666667,1.801464192799,0.237500000000,0.093750000000,0.129166666667,1.808622289980,0.250000000000,0.137500000000,0.129166666667
kv_delayed_hard,17,1800,8,145,160,160,51,1.791759469228,3.733888933552,3.713231840157,1.660501767833,1.658430484114,0.387500000000,0.400000000000,107.000000000000,1.000000000000,0.484068627451,1.000000000000,3.761216374204,1.693356202020,1280;1280;1280;1280;1280;1280;480,entity:640;640;640;640;640;640;0|value:640;640;640;640;640;640;0|filler:0;0;0;0;0;0;0|query_marker:0;0;0;0;0;0;160|query_entity:0;0;0;0;0;0;160|context:0;0;0;0;0;0;160,kv_delayed_hard,0.000000000000,0,3.761216374204,1.693356202020,0.000000000000,0.000000000000,0.000000000000,0.000000000000,14400,0.000000000000,1.165608773919,1.142029271971,0.776221564720,0.774090999231,0.569008596711,0.559757359256,0.023333620001,0.033915415094,0.364166379999,0.366084584906,0.219886872274,0.221430201883,82;40;38,2174;1056;720,0.000000000000,0.604533585037,0.000000000000,2.000000000000,0.100000000000,1350,0.000000000000,0.608140567454,0.000000000000,0.514322916667,0.485677083333,0.389322916667,0.063281250000,0.250000000000,0.250000000000,12.960416666667,927;368;200,0.503246527778,0.496753472222,0.378246527778,0.061770833333,0.253750000000,43.287500000000,18.000000000000,0.421875000000,0.421875000000,0.254166666667,0.409104938272,0.409104938272,0.250370370370,0.000000000000,1.580053111017,0.481250000000,0.425000000000,0.391666666667,1.761368459439,0.318750000000,0.268750000000,0.295833333333,1.693355441365,0.387500000000,0.243750000000,0.270833333333,1.658430484114,0.400000000000,0.250000000000,0.254166666667,1.602129756127,0.443750000000,0.306250000000,0.239583333333
kv_delayed_annealed_direct,17,1800,8,145,160,160,51,1.791759469228,3.774117323305,3.726963168685,1.795157823960,1.793706183742,0.143750000000,0.193750000000,107.000000000000,1.000000000000,0.750490196078,1.000000000000,4.252322626606,1.794861306536,1280;1280;1280;1280;1280;1280;480,entity:640;640;640;640;640;640;0|value:640;640;640;640;640;640;0|filler:0;0;0;0;0;0;0|query_marker:0;0;0;0;0;0;160|query_entity:0;0;0;0;0;0;160|context:0;0;0;0;0;0;160,kv_delayed_annealed_direct,0.000000000000,0,4.252322626606,1.794861306536,0.000000000000,0.000000000000,0.000000000000,0.000000000000,14400,0.000000000000,1.167269251201,1.142104427008,0.834447623014,0.833952287078,0.569037082698,0.559787191439,0.026413112010,0.023229516272,0.170163112010,0.170520483728,0.166156057610,0.166406496678,109;25;26,2004;2104;2016,0.000000000000,1.004432776313,0.000000000000,2.000000000000,0.100000000000,1350,0.000000000000,1.003380450461,0.000000000000,0.797395833333,0.202604166667,0.672395833333,0.085937500000,0.000000000000,0.000000000000,2.827083333333,842;892;848,0.801059027778,0.198940972222,0.676059027778,0.081128472222,0.000000000000,43.287500000000,18.000000000000,0.785763888889,0.785763888889,0.000000000000,0.795864197531,0.795864197531,0.000000000000,0.000000000000,1.792504197156,0.256250000000,0.087500000000,0.072916666667,1.788800048240,0.206250000000,0.000000000000,0.000000000000,1.793519200763,0.175000000000,0.000000000000,0.000000000000,1.793706183742,0.193750000000,0.000000000000,0.000000000000,1.789334405412,0.218750000000,0.000000000000,0.000000000000
kv_delayed_annealed_curriculum,17,1800,8,145,160,160,51,1.791759469228,3.774117323305,3.726963168685,0.952644748584,1.171274129183,0.762500000000,0.712500000000,107.000000000000,1.000000000000,0.381372549020,1.000000000000,2.130242807709,1.155156334839,1280;1280;1280;1280;1280;1280;480,entity:640;640;640;640;640;640;0|value:640;640;640;640;640;640;0|filler:0;0;0;0;0;0;0|query_marker:0;0;0;0;0;0;160|query_entity:0;0;0;0;0;0;160|context:0;0;0;0;0;0;160,kv_delayed_annealed_curriculum,0.000000000000,0,2.130242807709,1.155156334839,0.000000000000,0.000000000000,0.000000000000,0.000000000000,14400,0.000000000000,1.167269251201,1.142104427008,0.413552348723,0.489516124942,0.569037082698,0.559787191439,0.032747224730,0.053660350346,0.729752775270,0.717546879676,0.567953237181,0.521662180226,85;33;42,920;1164;1028,0.000000000000,0.414833189765,0.000000000000,2.000000000000,0.100000000000,1350,0.000000000000,0.400699457730,0.000000000000,0.405208333333,0.594791666667,0.280208333333,0.039583333333,0.662500000000,0.662500000000,17.566666666667,300;422;354,0.379583333333,0.620416666667,0.254583333333,0.038003472222,0.683333333333,43.287500000000,18.000000000000,0.320833333333,0.320833333333,0.662500000000,0.294891975309,0.294891975309,0.678055555556,0.000000000000,0.939021372356,0.787500000000,0.756250000000,0.756250000000,0.975249229147,0.768750000000,0.731250000000,0.731250000000,1.015843834456,0.768750000000,0.718750000000,0.718750000000,1.171274129183,0.712500000000,0.662500000000,0.662500000000,1.119747946969,0.725000000000,0.662500000000,0.662500000000
kv_delayed_oracle,18,1800,8,120,160,160,51,1.791759469228,0.024792977992,0.027783931359,0.003728117195,0.003770740977,1.000000000000,1.000000000000,72.000000000000,1.000000000000,0.117647058824,1.000000000000,0.014933685354,0.003861070606,1280;1280;1280;1280;1280;1280;480,entity:640;640;640;640;640;640;0|value:640;640;640;640;640;640;0|filler:0;0;0;0;0;0;0|query_marker:0;0;0;0;0;0;160|query_entity:0;0;0;0;0;0;160|context:0;0;0;0;0;0;160,kv_delayed_oracle,0.000000000000,0,0.014933685354,0.003861070606,0.000000000000,0.000000000000,0.000000000000,0.000000000000,14400,0.000000000000,0.001306858033,0.001540143243,0.000016658193,0.000017038963,0.024359339900,0.027273944720,0.003721163103,0.003763628359,0.996278836897,0.996236371641,0.996278836897,0.996236371641,65;46;49,320;320;320,0.000000000000,0.000000000000,0.000000000000,2.000000000000,0.100000000000,1350,0.000000000000,0.000000000000,0.000000000000,0.125000000000,0.875000000000,0.000000000000,0.000000000000,1.000000000000,1.000000000000,20.587500000000,0;0;0,0.125000000000,0.875000000000,0.000000000000,0.000000000000,1.000000000000,43.525000000000,18.000000000000,0.000000000000,0.000000000000,1.000000000000,0.000000000000,0.000000000000,1.000000000000,0.000000000000,0.003787154217,1.000000000000,1.000000000000,1.000000000000,0.003794370860,1.000000000000,1.000000000000,1.000000000000,0.003769405297,1.000000000000,1.000000000000,1.000000000000,0.003770740977,1.000000000000,1.000000000000,1.000000000000,0.003764030478,1.000000000000,1.000000000000,1.000000000000
kv_delayed_fifo,18,1800,8,120,160,160,51,1.791759469228,5.388747453976,5.652475305916,1.791698610379,1.792893111100,0.181250000000,0.131250000000,72.000000000000,1.000000000000,0.941176470588,1.000000000000,5.376791212389,1.792951168919,1280;1280;1280;1280;1280;1280;480,entity:640;640;640;640;640;640;0|value:640;640;640;640;640;640;0|filler:0;0;0;0;0;0;0|query_marker:0;0;0;0;0;0;160|query_entity:0;0;0;0;0;0;160|context:0;0;0;0;0;0;160,kv_delayed_fifo,0.000000000000,0,5.376791212389,1.792951168919,0.000000000000,0.000000000000,0.000000000000,0.000000000000,14400,0.000000000000,1.592872202285,1.692505270207,0.833313153099,0.833709687575,0.796127485751,0.845959091925,0.013395267212,0.036575501023,0.167854732788,0.167825501023,0.166682291879,0.166483562860,76;54;30,2560;2560;2560,0.000000000000,0.000000000000,0.000000000000,2.000000000000,0.100000000000,1350,0.000000000000,0.000000000000,0.000000000000,1.000000000000,0.000000000000,0.875000000000,0.125000000000,0.000000000000,0.000000000000,1.000000000000,1120;1120;1120,1.000000000000,0.000000000000,0.875000000000,0.125000000000,0.000000000000,43.525000000000,18.000000000000,1.000000000000,1.000000000000,0.000000000000,1.000000000000,1.000000000000,0.000000000000,0.000000000000,1.788150689860,0.556250000000,0.493750000000,0.500000000000,1.791813790054,0.243750000000,0.000000000000,0.000000000000,1.790895489117,0.275000000000,0.000000000000,0.000000000000,1.792893111100,0.131250000000,0.000000000000,0.000000000000,1.791426298088,0.325000000000,0.000000000000,0.000000000000
kv_delayed_reservoir,18,1800,8,120,160,160,51,1.791759469228,4.817236375239,4.480336529030,1.776314751237,1.760197181046,0.268750000000,0.306250000000,72.000000000000,1.000000000000,0.351960784314,1.000000000000,5.264425344249,1.789181508412,1280;1280;1280;1280;1280;1280;480,entity:640;640;640;640;640;640;0|value:640;640;640;640;640;640;0|filler:0;0;0;0;0;0;0|query_marker:0;0;0;0;0;0;160|query_entity:0;0;0;0;0;0;160|context:0;0;0;0;0;0;160,kv_delayed_reservoir,0.000000000000,0,5.264425344249,1.789181508412,0.000000000000,0.000000000000,0.000000000000,0.000000000000,14400,0.000000000000,1.421373548968,1.350708094316,0.826756595943,0.819406924152,0.707220877003,0.670183618037,0.029573687999,0.069866412228,0.239176312001,0.236383587772,0.174513894081,0.178063012819,78;40;42,972;986;914,0.000000000000,0.000000000000,0.000000000000,2.000000000000,0.100000000000,1350,0.000000000000,0.000000000000,0.000000000000,0.373958333333,0.626041666667,0.248958333333,0.090104166667,0.106250000000,0.106250000000,11.327083333333,326;333;297,0.375381944444,0.624618055556,0.250381944444,0.085607638889,0.110416666667,43.525000000000,18.000000000000,0.238194444444,0.238194444444,0.093750000000,0.237731481481,0.237731481481,0.113888888889,0.000000000000,1.656215099866,0.562500000000,0.493750000000,0.539583333333,1.740320079245,0.393750000000,0.206250000000,0.225000000000,1.756200185620,0.312500000000,0.118750000000,0.125000000000,1.760197181046,0.306250000000,0.106250000000,0.093750000000,1.758651795318,0.287500000000,0.087500000000,0.087500000000
kv_delayed_hard,18,1800,8,145,160,160,51,1.791759469228,2.684199742030,1.943038627157,1.321288057224,1.085651969619,0.593750000000,0.718750000000,107.000000000000,1.000000000000,0.445098039216,1.000000000000,2.469962026928,1.093433770339,1280;1280;1280;1280;1280;1280;480,entity:640;640;640;640;640;640;0|value:640;640;640;640;640;640;0|filler:0;0;0;0;0;0;0|query_marker:0;0;0;0;0;0;160|query_entity:0;0;0;0;0;0;160|context:0;0;0;0;0;0;160,kv_delayed_hard,0.000000000000,0,2.469962026928,1.093433770339,0.000000000000,0.000000000000,0.000000000000,0.000000000000,14400,0.000000000000,0.791209195114,0.548423024763,0.612528314985,0.484500546771,0.382707550047,0.254149385767,0.054804096740,0.089335191140,0.628444058629,0.629414808860,0.405714190287,0.470236597586,63;49;48,1446;1242;944,0.000000000000,0.553908747519,0.000000000000,2.000000000000,0.100000000000,1350,0.000000000000,0.522153087530,0.000000000000,0.472916666667,0.527083333333,0.347916666667,0.046093750000,0.650000000000,0.650000000000,14.679166666667,563;461;312,0.471059027778,0.528940972222,0.346059027778,0.048090277778,0.561250000000,43.525000000000,18.000000000000,0.354166666667,0.354166666667,0.587500000000,0.350756172840,0.350756172840,0.567870370370,0.000000000000,0.918507783358,0.793750000000,0.768750000000,0.777083333333,1.129052042188,0.693750000000,0.650000000000,0.608333333333,1.310248412492,0.612500000000,0.556250000000,0.564583333333,1.085651969619,0.718750000000,0.650000000000,0.587500000000,1.321918864386,0.600000000000,0.550000000000,0.568750000000
kv_delayed_annealed_direct,18,1800,8,145,160,160,51,1.791759469228,2.684199742030,1.943038627157,1.149580160516,1.211507011997,0.681250000000,0.700000000000,107.000000000000,1.000000000000,0.395588235294,1.000000000000,3.384811437669,0.939966546419,1280;1280;1280;1280;1280;1280;480,entity:640;640;640;640;640;640;0|value:640;640;640;640;640;640;0|filler:0;0;0;0;0;0;0|query_marker:0;0;0;0;0;0;160|query_entity:0;0;0;0;0;0;160|context:0;0;0;0;0;0;160,kv_delayed_annealed_direct,0.000000000000,0,3.384811437669,0.939966546419,0.000000000000,0.000000000000,0.000000000000,0.000000000000,14400,0.000000000000,0.791209195114,0.548423024763,0.524522342512,0.504141424141,0.382707550047,0.254149385767,0.097303570342,0.024408952893,0.740134351414,0.724408952893,0.520667139636,0.520076604641,81;36;43,1126;1012;1090,0.000000000000,0.470526528591,0.000000000000,2.000000000000,0.100000000000,1350,0.000000000000,0.409143900481,0.000000000000,0.420312500000,0.579687500000,0.295312500000,0.046875000000,0.600000000000,0.600000000000,13.683333333333,403;346;385,0.361406250000,0.638593750000,0.236406250000,0.036857638889,0.672500000000,43.525000000000,18.000000000000,0.331250000000,0.331250000000,0.600000000000,0.268487654321,0.268487654321,0.671111111111,0.000000000000,1.218831896903,0.700000000000,0.668750000000,0.658333333333,1.230281055061,0.693750000000,0.606250000000,0.606250000000,1.245543169516,0.687500000000,0.606250000000,0.606250000000,1.211507011997,0.700000000000,0.600000000000,0.600000000000,1.109312449272,0.737500000000,0.668750000000,0.668750000000
kv_delayed_annealed_curriculum,18,1800,8,145,160,160,51,1.791759469228,2.684199742030,1.943038627157,0.005232656390,0.005266519534,1.000000000000,1.000000000000,107.000000000000,1.000000000000,0.136764705882,1.000000000000,0.916389941563,0.005227384697,1280;1280;1280;1280;1280;1280;480,entity:640;640;640;640;640;640;0|value:640;640;640;640;640;640;0|filler:0;0;0;0;0;0;0|query_marker:0;0;0;0;0;0;160|query_entity:0;0;0;0;0;0;160|context:0;0;0;0;0;0;160,kv_delayed_annealed_curriculum,0.000000000000,0,0.916389941563,0.005227384697,0.000000000000,0.000000000000,0.000000000000,0.000000000000,14400,0.000000000000,0.791209195114,0.548423024763,0.000032794871,0.000033234645,0.382707550047,0.254149385767,0.005218976369,0.005252658152,0.994781023631,0.994747341848,0.994781023631,0.994747341848,62;51;47,368;372;376,0.000000000000,0.144699263192,0.000000000000,2.000000000000,0.100000000000,1350,0.000000000000,0.149246784564,0.000000000000,0.145312500000,0.854687500000,0.020312500000,0.000000000000,1.000000000000,1.000000000000,20.587500000000,24;26;28,0.145711805556,0.854288194444,0.020711805556,0.000000000000,1.000000000000,43.525000000000,18.000000000000,0.000000000000,0.000000000000,1.000000000000,0.000000000000,0.000000000000,1.000000000000,0.000000000000,0.005266623003,1.000000000000,1.000000000000,1.000000000000,0.005266047764,1.000000000000,1.000000000000,1.000000000000,0.005263493126,1.000000000000,1.000000000000,1.000000000000,0.005266519534,1.000000000000,1.000000000000,1.000000000000,0.005252334187,1.000000000000,1.000000000000,1.000000000000
kv_delayed_oracle,19,1800,8,120,160,160,51,1.791759469228,0.016821713884,0.018562573393,0.003758592450,0.003784754848,1.000000000000,1.000000000000,72.000000000000,1.000000000000,0.117647058824,1.000000000000,0.010600233544,0.003765495926,1280;1280;1280;1280;1280;1280;480,entity:640;640;640;640;640;640;0|value:640;640;640;640;640;640;0|filler:0;0;0;0;0;0;0|query_marker:0;0;0;0;0;0;160|query_entity:0;0;0;0;0;0;160|context:0;0;0;0;0;0;160,kv_delayed_oracle,0.000000000000,0,0.010600233544,0.003765495926,0.000000000000,0.000000000000,0.000000000000,0.000000000000,14400,0.000000000000,0.000518571303,0.000620750316,0.000017040983,0.000017293227,0.016657530498,0.018373889467,0.003751489389,0.003777546130,0.996248510611,0.996222453870,0.996248510611,0.996222453870,38;59;63,320;320;320,0.000000000000,0.000000000000,0.000000000000,2.000000000000,0.100000000000,1350,0.000000000000,0.000000000000,0.000000000000,0.125000000000,0.875000000000,0.000000000000,0.000000000000,1.000000000000,1.000000000000,20.462500000000,0;0;0,0.125000000000,0.875000000000,0.000000000000,0.000000000000,1.000000000000,42.325000000000,18.000000000000,0.000000000000,0.000000000000,1.000000000000,0.000000000000,0.000000000000,1.000000000000,0.000000000000,0.003811430562,1.000000000000,1.000000000000,1.000000000000,0.003819011036,1.000000000000,1.000000000000,1.000000000000,0.003815781045,1.000000000000,1.000000000000,1.000000000000,0.003784754848,1.000000000000,1.000000000000,1.000000000000,0.003809808506,1.000000000000,1.000000000000,1.000000000000
kv_delayed_fifo,19,1800,8,120,160,160,51,1.791759469228,5.728267405856,5.467376152648,1.797355245377,1.802255479896,0.150000000000,0.200000000000,72.000000000000,1.000000000000,0.941176470588,1.000000000000,6.151419781620,1.801368359299,1280;1280;1280;1280;1280;1280;480,entity:640;640;640;640;640;640;0|value:640;640;640;640;640;640;0|filler:0;0;0;0;0;0;0|query_marker:0;0;0;0;0;0;160|query_entity:0;0;0;0;0;0;160|context:0;0;0;0;0;0;160,kv_delayed_fifo,0.000000000000,0,6.151419781620,1.801368359299,0.000000000000,0.000000000000,0.000000000000,0.000000000000,14400,0.000000000000,1.665895376988,1.568546334322,0.835287303828,0.836561640378,0.833082766290,0.783118813680,0.029853909730,0.020100365030,0.179853909730,0.179899634970,0.166258589908,0.165647182452,73;48;39,2560;2560;2560,0.000000000000,0.000000000000,0.000000000000,2.000000000000,0.100000000000,1350,0.000000000000,0.000000000000,0.000000000000,1.000000000000,0.000000000000,0.875000000000,0.125000000000,0.000000000000,0.000000000000,1.000000000000,1120;1120;1120,1.000000000000,0.000000000000,0.875000000000,0.125000000000,0.000000000000,42.325000000000,18.000000000000,1.000000000000,1.000000000000,0.000000000000,1.000000000000,1.000000000000,0.000000000000,0.000000000000,1.757226884647,0.656250000000,0.550000000000,0.508333333333,1.789058438516,0.225000000000,0.000000000000,0.000000000000,1.797017849194,0.287500000000,0.000000000000,0.000000000000,1.802255479896,0.200000000000,0.000000000000,0.000000000000,1.809396143662,0.193750000000,0.000000000000,0.000000000000
kv_delayed_reservoir,19,1800,8,120,160,160,51,1.791759469228,4.792098498776,4.663318077357,1.768725413369,1.761487259911,0.268750000000,0.325000000000,72.000000000000,1.000000000000,0.361029411765,1.000000000000,5.994495266004,1.814663255281,1280;1280;1280;1280;1280;1280;480,entity:640;640;640;640;640;640;0|value:640;640;640;640;640;640;0|filler:0;0;0;0;0;0;0|query_marker:0;0;0;0;0;0;160|query_entity:0;0;0;0;0;0;160|context:0;0;0;0;0;0;160,kv_delayed_reservoir,0.000000000000,0,5.994495266004,1.814663255281,0.000000000000,0.000000000000,0.000000000000,0.000000000000,14400,0.000000000000,1.431830234591,1.323652155298,0.824410075798,0.819843000961,0.714149491928,0.657957260234,0.041610821466,0.095792006623,0.227139178534,0.229207993377,0.174534774166,0.177025390818,76;51;33,892;1096;958,0.000000000000,0.000000000000,0.000000000000,2.000000000000,0.100000000000,1350,0.000000000000,0.000000000000,0.000000000000,0.383593750000,0.616406250000,0.258593750000,0.092968750000,0.118750000000,0.118750000000,11.683333333333,286;388;319,0.388888888889,0.611111111111,0.263888888889,0.093402777778,0.107083333333,42.325000000000,18.000000000000,0.230208333333,0.230208333333,0.104166666667,0.241543209877,0.241543209877,0.110925925926,0.000000000000,1.669577988759,0.587500000000,0.506250000000,0.500000000000,1.756252359021,0.350000000000,0.181250000000,0.189583333333,1.786374133206,0.306250000000,0.150000000000,0.156250000000,1.761487259911,0.325000000000,0.118750000000,0.104166666667,1.793165036804,0.293750000000,0.100000000000,0.091666666667
kv_delayed_hard,19,1800,8,145,160,160,51,1.791759469228,3.725895203372,3.096512273812,1.574002829974,1.480582607538,0.437500000000,0.543750000000,107.000000000000,1.000000000000,0.400245098039,1.000000000000,3.693971927093,1.454817908894,1280;1280;1280;1280;1280;1280;480,entity:640;640;640;640;640;640;0|value:640;640;640;640;640;640;0|filler:0;0;0;0;0;0;0|query_marker:0;0;0;0;0;0;160|query_entity:0;0;0;0;0;0;160|context:0;0;0;0;0;0;160,kv_delayed_hard,0.000000000000,0,3.693971927093,1.454817908894,0.000000000000,0.000000000000,0.000000000000,0.000000000000,14400,0.000000000000,1.103789872630,0.893272326131,0.739534276312,0.680300808294,0.547018223460,0.436897933109,0.030834641231,0.089922378765,0.456737060646,0.453827621235,0.265818038420,0.294605541463,84;39;37,1524;914;828,0.000000000000,0.464330438155,0.000000000000,2.000000000000,0.100000000000,1350,0.000000000000,0.466183664998,0.000000000000,0.425260416667,0.574739583333,0.300260416667,0.044531250000,0.462500000000,0.462500000000,14.681250000000,602;297;254,0.446232638889,0.553767361111,0.321232638889,0.050781250000,0.390416666667,42.325000000000,18.000000000000,0.326388888889,0.326388888889,0.460416666667,0.343688271605,0.343688271605,0.404537037037,0.000000000000,1.278597614275,0.693750000000,0.600000000000,0.577083333333,1.493402699940,0.531250000000,0.437500000000,0.447916666667,1.604631559205,0.462500000000,0.400000000000,0.429166666667,1.480582607538,0.543750000000,0.462500000000,0.460416666667,1.488712077540,0.518750000000,0.443750000000,0.416666666667
kv_delayed_annealed_direct,19,1800,8,145,160,160,51,1.791759469228,3.613303537862,3.139619460907,1.173944877211,1.017769917229,0.662500000000,0.781250000000,107.000000000000,1.000000000000,0.320588235294,1.000000000000,3.194224129510,1.053377843679,1280;1280;1280;1280;1280;1280;480,entity:640;640;640;640;640;640;0|value:640;640;640;640;640;640;0|filler:0;0;0;0;0;0;0|query_marker:0;0;0;0;0;0;160|query_entity:0;0;0;0;0;0;160|context:0;0;0;0;0;0;160,kv_delayed_annealed_direct,0.000000000000,0,3.194224129510,1.053377843679,0.000000000000,0.000000000000,0.000000000000,0.000000000000,14400,0.000000000000,1.079151350430,0.905526288552,0.540484991496,0.419534822187,0.534507753021,0.443063513752,0.061291284469,0.157371970018,0.674920605327,0.649242054711,0.470031356339,0.515262956532,61;51;48,892;894;830,0.000000000000,0.430667786433,0.000000000000,2.000000000000,0.100000000000,1350,0.000000000000,0.472474353041,0.000000000000,0.340625000000,0.659375000000,0.215625000000,0.039843750000,0.681250000000,0.681250000000,15.002083333333,286;287;255,0.371736111111,0.628263888889,0.246736111111,0.043454861111,0.647083333333,42.325000000000,18.000000000000,0.234375000000,0.234375000000,0.681250000000,0.265740740741,0.265740740741,0.657222222222,0.000000000000,0.819047986015,0.850000000000,0.818750000000,0.785416666667,1.041010473648,0.768750000000,0.687500000000,0.689583333333,1.125419816209,0.743750000000,0.687500000000,0.687500000000,1.017769917229,0.781250000000,0.681250000000,0.681250000000,1.210717875160,0.706250000000,0.637500000000,0.637500000000
kv_delayed_annealed_curriculum,19,1800,8,145,160,160,51,1.791759469228,3.613303537862,3.139619460907,1.025841089968,0.881557774467,0.725000000000,0.793750000000,107.000000000000,1.000000000000,0.269117647059,1.000000000000,2.141101151564,1.090736550164,1280;1280;1280;1280;1280;1280;480,entity:640;640;640;640;640;640;0|value:640;640;640;640;640;640;0|filler:0;0;0;0;0;0;0|query_marker:0;0;0;0;0;0;160|query_entity:0;0;0;0;0;0;160|context:0;0;0;0;0;0;160,kv_delayed_annealed_curriculum,0.000000000000,0,2.141101151564,1.090736550164,0.000000000000,0.000000000000,0.000000000000,0.000000000000,14400,0.000000000000,1.079151350430,0.905526288552,0.457415161744,0.368833910643,0.534507753021,0.443063513752,0.026065718921,0.072581476316,0.723444221740,0.721168523684,0.541449471823,0.584310615808,66;44;50,758;700;738,0.000000000000,0.350524237504,0.000000000000,2.000000000000,0.100000000000,1350,0.000000000000,0.397758510877,0.000000000000,0.285937500000,0.714062500000,0.160937500000,0.027343750000,0.718750000000,0.718750000000,15.866666666667,219;190;209,0.322569444444,0.677430555556,0.197569444444,0.030277777778,0.664166666667,42.325000000000,18.000000000000,0.178125000000,0.178125000000,0.718750000000,0.221172839506,0.221172839506,0.669444444444,0.000000000000,0.852451662722,0.806250000000,0.700000000000,0.693750000000,1.112459906903,0.706250000000,0.606250000000,0.606250000000,1.079960804285,0.718750000000,0.668750000000,0.668750000000,0.881557774467,0.793750000000,0.718750000000,0.718750000000,1.162243299454,0.693750000000,0.668750000000,0.668750000000
kv_delayed_oracle,20,1800,8,120,160,160,51,1.791759469228,0.014269418540,0.016910855569,0.003773117736,0.003719332253,1.000000000000,1.000000000000,72.000000000000,1.000000000000,0.117647058824,1.000000000000,0.007974279240,0.003816440495,1280;1280;1280;1280;1280;1280;480,entity:640;640;640;640;640;640;0|value:640;640;640;640;640;640;0|filler:0;0;0;0;0;0;0|query_marker:0;0;0;0;0;0;160|query_entity:0;0;0;0;0;0;160|context:0;0;0;0;0;0;160,kv_delayed_oracle,0.000000000000,0,0.007974279240,0.003816440495,0.000000000000,0.000000000000,0.000000000000,0.000000000000,14400,0.000000000000,0.000351958733,0.000459719368,0.000017095496,0.000016592758,0.014145889231,0.016750602110,0.003765983590,0.003712409166,0.996234016410,0.996287590834,0.996234016410,0.996287590834,52;53;55,320;320;320,0.000000000000,0.000000000000,0.000000000000,2.000000000000,0.100000000000,1350,0.000000000000,0.000000000000,0.000000000000,0.125000000000,0.875000000000,0.000000000000,0.000000000000,1.000000000000,1.000000000000,20.435416666667,0;0;0,0.125000000000,0.875000000000,0.000000000000,0.000000000000,1.000000000000,42.812500000000,18.000000000000,0.000000000000,0.000000000000,1.000000000000,0.000000000000,0.000000000000,1.000000000000,0.000000000000,0.003719949584,1.000000000000,1.000000000000,1.000000000000,0.003713000727,1.000000000000,1.000000000000,1.000000000000,0.003717665511,1.000000000000,1.000000000000,1.000000000000,0.003719332253,1.000000000000,1.000000000000,1.000000000000,0.003705515161,1.000000000000,1.000000000000,1.000000000000
kv_delayed_fifo,20,1800,8,120,160,160,51,1.791759469228,5.258895156956,5.339693539490,1.790925988660,1.787606760043,0.175000000000,0.212500000000,72.000000000000,1.000000000000,0.941176470588,1.000000000000,5.462550227709,1.800124505055,1280;1280;1280;1280;1280;1280;480,entity:640;640;640;640;640;640;0|value:640;640;640;640;640;640;0|filler:0;0;0;0;0;0;0|query_marker:0;0;0;0;0;0;160|query_entity:0;0;0;0;0;0;160|context:0;0;0;0;0;0;160,kv_delayed_fifo,0.000000000000,0,5.462550227709,1.800124505055,0.000000000000,0.000000000000,0.000000000000,0.000000000000,14400,0.000000000000,1.621982368969,1.551254556223,0.832988305333,0.831933291161,0.811084050396,0.774016879942,0.004226365397,0.033448332042,0.179226365397,0.179051667958,0.167272142483,0.167806808577,84;47;29,2560;2560;2560,0.000000000000,0.000000000000,0.000000000000,2.000000000000,0.100000000000,1350,0.000000000000,0.000000000000,0.000000000000,1.000000000000,0.000000000000,0.875000000000,0.125000000000,0.000000000000,0.000000000000,1.000000000000,1120;1120;1120,1.000000000000,0.000000000000,0.875000000000,0.125000000000,0.000000000000,42.812500000000,18.000000000000,1.000000000000,1.000000000000,0.000000000000,1.000000000000,1.000000000000,0.000000000000,0.000000000000,1.752297793447,0.650000000000,0.575000000000,0.533333333333,1.791133610104,0.181250000000,0.000000000000,0.000000000000,1.789260932295,0.168750000000,0.000000000000,0.000000000000,1.787606760043,0.212500000000,0.000000000000,0.000000000000,1.785410978678,0.200000000000,0.000000000000,0.000000000000
kv_delayed_reservoir,20,1800,8,120,160,160,51,1.791759469228,4.819842656775,4.511397960205,1.772430905448,1.780418549776,0.268750000000,0.293750000000,72.000000000000,1.000000000000,0.337990196078,1.000000000000,4.296573121458,1.852562447482,1280;1280;1280;1280;1280;1280;480,entity:640;640;640;640;640;640;0|value:640;640;640;640;640;640;0|filler:0;0;0;0;0;0;0|query_marker:0;0;0;0;0;0;160|query_entity:0;0;0;0;0;0;160|context:0;0;0;0;0;0;160,kv_delayed_reservoir,0.000000000000,0,4.296573121458,1.852562447482,0.000000000000,0.000000000000,0.000000000000,0.000000000000,14400,0.000000000000,1.439963273781,1.391544268359,0.825428207982,0.824467758038,0.718470589137,0.693196245301,0.003338333024,0.023402275010,0.272088333024,0.270347724990,0.178492696976,0.178808548152,76;41;43,976;872;910,0.000000000000,0.000000000000,0.000000000000,2.000000000000,0.100000000000,1350,0.000000000000,0.000000000000,0.000000000000,0.359114583333,0.640885416667,0.234114583333,0.089583333333,0.118750000000,0.118750000000,11.350000000000,328;276;295,0.353593750000,0.646406250000,0.228593750000,0.088229166667,0.150416666667,42.812500000000,18.000000000000,0.212152777778,0.212152777778,0.133333333333,0.203842592593,0.203842592593,0.141851851852,0.000000000000,1.504215392981,0.668750000000,0.568750000000,0.570833333333,1.608214624872,0.506250000000,0.331250000000,0.312500000000,1.743191866300,0.337500000000,0.200000000000,0.220833333333,1.780418549776,0.293750000000,0.118750000000,0.133333333333,1.783034137929,0.256250000000,0.093750000000,0.108333333333
kv_delayed_hard,20,1800,8,145,160,160,51,1.791759469228,5.082789600357,5.034261331765,1.775522022174,1.803079043771,0.237500000000,0.206250000000,107.000000000000,1.000000000000,0.477941176471,1.000000000000,5.106214132867,1.774437509215,1280;1280;1280;1280;1280;1280;480,entity:640;640;640;640;640;640;0|value:640;640;640;640;640;640;0|filler:0;0;0;0;0;0;0|query_marker:0;0;0;0;0;0;160|query_entity:0;0;0;0;0;0;160|context:0;0;0;0;0;0;160,kv_delayed_hard,0.000000000000,0,5.106214132867,1.774437509215,0.000000000000,0.000000000000,0.000000000000,0.000000000000,14400,0.000000000000,1.499735524551,1.561475209575,0.828340943733,0.836386136316,0.748753577086,0.779822275211,0.049101346427,0.029023987446,0.192288257926,0.191819175973,0.170260771173,0.166203007066,140;14;6,2268;864;768,0.000000000000,0.553601825721,0.000000000000,2.000000000000,0.100000000000,1350,0.000000000000,0.574171160200,0.000000000000,0.507812500000,0.492187500000,0.382812500000,0.073177083333,0.043750000000,0.043750000000,11.554166666667,974;272;224,0.527031250000,0.472968750000,0.402031250000,0.072812500000,0.086666666667,42.812500000000,18.000000000000,0.427430555556,0.427430555556,0.075000000000,0.451651234568,0.451651234568,0.080740740741,0.000000000000,1.720897406880,0.531250000000,0.431250000000,0.433333333333,1.785855374823,0.312500000000,0.106250000000,0.120833333333,1.783502942878,0.275000000000,0.112500000000,0.104166666667,1.803079043771,0.206250000000,0.043750000000,0.075000000000,1.801236979466,0.243750000000,0.068750000000,0.081250000000
kv_delayed_annealed_direct,20,1800,8,145,160,160,51,1.791759469228,5.048764078265,5.017692103253,1.079844589211,1.187388119459,0.712500000000,0.731250000000,107.000000000000,1.000000000000,0.375735294118,1.000000000000,4.811704273691,1.061881188932,1280;1280;1280;1280;1280;1280;480,entity:640;640;640;640;640;640;0|value:640;640;640;640;640;640;0|filler:0;0;0;0;0;0;0|query_marker:0;0;0;0;0;0;160|query_entity:0;0;0;0;0;0;160|context:0;0;0;0;0;0;160,kv_delayed_annealed_direct,0.000000000000,0,4.811704273691,1.061881188932,0.000000000000,0.000000000000,0.000000000000,0.000000000000,14400,0.000000000000,1.487556100736,1.560865921714,0.480659900511,0.474466136062,0.742729262913,0.779667839639,0.048524552811,0.159277145652,0.706059235784,0.684870494361,0.519910668867,0.508586815579,74;48;38,1038;1000;1028,0.000000000000,0.408573036226,0.000000000000,2.000000000000,0.100000000000,1350,0.000000000000,0.416063298919,0.000000000000,0.399218750000,0.600781250000,0.274218750000,0.039843750000,0.681250000000,0.681250000000,14.762500000000,359;340;354,0.409652777778,0.590347222222,0.284652777778,0.041822916667,0.665416666667,42.812500000000,18.000000000000,0.312500000000,0.312500000000,0.681250000000,0.324722222222,0.324722222222,0.665000000000,0.000000000000,0.937782969415,0.800000000000,0.756250000000,0.758333333333,1.159275203452,0.737500000000,0.675000000000,0.675000000000,1.251579169058,0.700000000000,0.625000000000,0.625000000000,1.187388119459,0.731250000000,0.681250000000,0.681250000000,1.211943191613,0.700000000000,0.637500000000,0.637500000000
kv_delayed_annealed_curriculum,20,1800,8,145,160,160,51,1.791759469228,5.048764078265,5.017692103253,1.001834985790,1.071186803015,0.737500000000,0.750000000000,107.000000000000,1.000000000000,0.308088235294,1.000000000000,2.611639905919,1.049807953031,1280;1280;1280;1280;1280;1280;480,entity:640;640;640;640;640;640;0|value:640;640;640;640;640;640;0|filler:0;0;0;0;0;0;0|query_marker:0;0;0;0;0;0;160|query_entity:0;0;0;0;0;0;160|context:0;0;0;0;0;0;160,kv_delayed_annealed_curriculum,0.000000000000,0,2.611639905919,1.049807953031,0.000000000000,0.000000000000,0.000000000000,0.000000000000,14400,0.000000000000,1.487556100736,1.560865921714,0.446725772337,0.435871488750,0.742729262913,0.779667839639,0.047957316810,0.038889883983,0.726640094471,0.711110116017,0.549916607294,0.544958335768,84;41;35,856;826;832,0.000000000000,0.391663875844,0.000000000000,2.000000000000,0.100000000000,1350,0.000000000000,0.417261236955,0.000000000000,0.327343750000,0.672656250000,0.202343750000,0.039843750000,0.681250000000,0.681250000000,14.945833333333,268;253;256,0.336562500000,0.663437500000,0.211562500000,0.041545138889,0.667083333333,42.812500000000,18.000000000000,0.216666666667,0.216666666667,0.681250000000,0.227932098765,0.227932098765,0.668425925926,0.000000000000,0.665129281175,0.881250000000,0.837500000000,0.818750000000,1.013023620195,0.768750000000,0.687500000000,0.683333333333,1.301129912922,0.681250000000,0.631250000000,0.633333333333,1.071186803015,0.750000000000,0.681250000000,0.681250000000,0.994577555652,0.768750000000,0.643750000000,0.639583333333
kv_delayed_oracle,21,1800,8,120,160,160,51,1.791759469228,0.171352519061,0.212923406399,0.003743741341,0.003723115546,1.000000000000,1.000000000000,72.000000000000,1.000000000000,0.117647058824,1.000000000000,0.093256703767,0.003740576027,1280;1280;1280;1280;1280;1280;480,entity:640;640;640;640;640;640;0|value:640;640;640;640;640;640;0|filler:0;0;0;0;0;0;0|query_marker:0;0;0;0;0;0;160|query_entity:0;0;0;0;0;0;160|context:0;0;0;0;0;0;160,kv_delayed_oracle,0.000000000000,0,0.093256703767,0.003740576027,0.000000000000,0.000000000000,0.000000000000,0.000000000000,14400,0.000000000000,0.059621396337,0.079974739926,0.000016776003,0.000016592098,0.152751006392,0.188163854857,0.003736737349,0.003716188238,0.996263262651,0.996283811762,0.996263262651,0.996283811762,58;47;55,320;320;320,0.000000000000,0.000000000000,0.000000000000,2.000000000000,0.100000000000,1350,0.000000000000,0.000000000000,0.000000000000,0.125000000000,0.875000000000,0.000000000000,0.000000000000,1.000000000000,1.000000000000,20.414583333333,0;0;0,0.125000000000,0.875000000000,0.000000000000,0.000000000000,1.000000000000,42.900000000000,18.000000000000,0.000000000000,0.000000000000,1.000000000000,0.000000000000,0.000000000000,1.000000000000,0.000000000000,0.003717938215,1.000000000000,1.000000000000,1.000000000000,0.003728771535,1.000000000000,1.000000000000,1.000000000000,0.003720792845,1.000000000000,1.000000000000,1.000000000000,0.003723115546,1.000000000000,1.000000000000,1.000000000000,0.003730136823,1.000000000000,1.000000000000,1.000000000000
kv_delayed_fifo,21,1800,8,120,160,160,51,1.791759469228,4.709499655887,4.984229314498,1.790058932648,1.792553438498,0.175000000000,0.187500000000,72.000000000000,1.000000000000,0.941176470588,1.000000000000,4.875547638793,1.792215367298,1280;1280;1280;1280;1280;1280;480,entity:640;640;640;640;640;640;0|value:640;640;640;640;640;640;0|filler:0;0;0;0;0;0;0|query_marker:0;0;0;0;0;0;160|query_entity:0;0;0;0;0;0;160|context:0;0;0;0;0;0;160,kv_delayed_fifo,0.000000000000,0,4.875547638793,1.792215367298,0.000000000000,0.000000000000,0.000000000000,0.000000000000,14400,0.000000000000,1.405551964874,1.401610816062,0.832769558892,0.833587865217,0.681958228554,0.663649655909,0.005531646969,0.017893912959,0.169468353031,0.169606087041,0.166965646128,0.166556979115,75;55;30,2560;2560;2560,0.000000000000,0.000000000000,0.000000000000,2.000000000000,0.100000000000,1350,0.000000000000,0.000000000000,0.000000000000,1.000000000000,0.000000000000,0.875000000000,0.125000000000,0.000000000000,0.000000000000,1.000000000000,1120;1120;1120,1.000000000000,0.000000000000,0.875000000000,0.125000000000,0.000000000000,42.900000000000,18.000000000000,1.000000000000,1.000000000000,0.000000000000,1.000000000000,1.000000000000,0.000000000000,0.000000000000,1.783839327820,0.550000000000,0.506250000000,0.497916666667,1.793450297001,0.218750000000,0.000000000000,0.000000000000,1.791522255321,0.237500000000,0.000000000000,0.000000000000,1.792553438498,0.187500000000,0.000000000000,0.000000000000,1.794593319368,0.175000000000,0.000000000000,0.000000000000
kv_delayed_reservoir,21,1800,8,120,160,160,51,1.791759469228,4.186576358615,4.722262260372,1.737600205965,1.759897839450,0.293750000000,0.275000000000,72.000000000000,1.000000000000,0.328676470588,1.000000000000,4.340498101846,1.757793471565,1280;1280;1280;1280;1280;1280;480,entity:640;640;640;640;640;640;0|value:640;640;640;640;640;640;0|filler:0;0;0;0;0;0;0|query_marker:0;0;0;0;0;0;160|query_entity:0;0;0;0;0;0;160|context:0;0;0;0;0;0;160,kv_delayed_reservoir,0.000000000000,0,4.340498101846,1.757793471565,0.000000000000,0.000000000000,0.000000000000,0.000000000000,14400,0.000000000000,1.216529914462,1.276393837880,0.813338875817,0.818216209293,0.554711225648,0.574649284019,0.040756066242,0.039305169642,0.260396431279,0.256246668154,0.183398983241,0.180560407210,59;47;54,934;954;794,0.000000000000,0.000000000000,0.000000000000,2.000000000000,0.100000000000,1350,0.000000000000,0.000000000000,0.000000000000,0.349218750000,0.650781250000,0.224218750000,0.077083333333,0.156250000000,0.156250000000,12.493750000000,307;317;237,0.352187500000,0.647812500000,0.227187500000,0.077100694444,0.142500000000,42.900000000000,18.000000000000,0.207638888889,0.207638888889,0.152083333333,0.211496913580,0.211496913580,0.146666666667,0.000000000000,1.605515284697,0.593750000000,0.512500000000,0.493750000000,1.690295532608,0.431250000000,0.331250000000,0.291666666667,1.754221593002,0.312500000000,0.193750000000,0.183333333333,1.759897839450,0.275000000000,0.156250000000,0.152083333333,1.808664054944,0.243750000000,0.112500000000,0.133333333333
kv_delayed_hard,21,1800,8,145,160,160,51,1.791759469228,4.055223994552,3.815350420610,1.739138294117,1.705098004026,0.300000000000,0.368750000000,107.000000000000,1.000000000000,0.493627450980,1.000000000000,3.915895978619,1.696586075382,1280;1280;1280;1280;1280;1280;480,entity:640;640;640;640;640;640;0|value:640;640;640;640;640;640;0|filler:0;0;0;0;0;0;0|query_marker:0;0;0;0;0;0;160|query_entity:0;0;0;0;0;0;160|context:0;0;0;0;0;0;160,kv_delayed_hard,0.000000000000,0,3.915895978619,1.696586075382,0.000000000000,0.000000000000,0.000000000000,0.000000000000,14400,0.000000000000,1.169185164364,1.113146656901,0.813204654633,0.798992316321,0.542913465292,0.461541446317,0.016590951785,0.141978558827,0.293732367883,0.287852204768,0.187592596749,0.193966363019,99;30;31,2464;858;706,0.000000000000,0.550735787406,0.000000000000,2.000000000000,0.100000000000,1350,0.000000000000,0.544747643425,0.000000000000,0.524479166667,0.475520833333,0.399479166667,0.061458333333,0.250000000000,0.250000000000,12.947916666667,1072;269;193,0.534218750000,0.465781250000,0.409218750000,0.066024305556,0.170000000000,42.900000000000,18.000000000000,0.450347222222,0.450347222222,0.231250000000,0.462854938272,0.462854938272,0.180370370370,0.000000000000,1.639315545844,0.475000000000,0.418750000000,0.456250000000,1.701636262480,0.393750000000,0.268750000000,0.239583333333,1.695360625288,0.393750000000,0.243750000000,0.204166666667,1.705098004026,0.368750000000,0.250000000000,0.231250000000,1.718575266161,0.362500000000,0.175000000000,0.177083333333
kv_delayed_annealed_direct,21,1800,8,145,160,160,51,1.791759469228,4.205226473387,3.712221414025,1.075643587478,1.080813489627,0.712500000000,0.725000000000,107.000000000000,1.000000000000,0.400490196078,1.000000000000,4.656516186442,0.896766774676,1280;1280;1280;1280;1280;1280;480,entity:640;640;640;640;640;640;0|value:640;640;640;640;640;640;0|filler:0;0;0;0;0;0;0|query_marker:0;0;0;0;0;0;160|query_entity:0;0;0;0;0;0;160|context:0;0;0;0;0;0;160,kv_delayed_annealed_direct,0.000000000000,0,4.656516186442,0.896766774676,0.000000000000,0.000000000000,0.000000000000,0.000000000000,14400,0.000000000000,1.187214877807,1.072425093017,0.483222017033,0.463224816117,0.551738964994,0.437369755192,0.056384446453,0.031863244721,0.768884446453,0.756863244721,0.560223557906,0.561473624383,75;45;40,1122;1108;1038,0.000000000000,0.453545104877,0.000000000000,2.000000000000,0.100000000000,1350,0.000000000000,0.441636038926,0.000000000000,0.425520833333,0.574479166667,0.300520833333,0.045312500000,0.637500000000,0.637500000000,14.202083333333,401;394;359,0.407881944444,0.592118055556,0.282881944444,0.042656250000,0.658750000000,42.900000000000,18.000000000000,0.340277777778,0.340277777778,0.637500000000,0.319089506173,0.319089506173,0.660277777778,0.000000000000,0.789108166226,0.831250000000,0.762500000000,0.766666666667,1.048189781979,0.743750000000,0.693750000000,0.693750000000,1.147937855220,0.712500000000,0.631250000000,0.631250000000,1.080813489627,0.725000000000,0.637500000000,0.637500000000,1.006323678453,0.756250000000,0.668750000000,0.668750000000
kv_delayed_annealed_curriculum,21,1800,8,145,160,160,51,1.791759469228,4.205226473387,3.712221414025,1.087032031679,1.188597527660,0.706250000000,0.706250000000,107.000000000000,1.000000000000,0.349264705882,1.000000000000,3.047276905612,1.164246483492,1280;1280;1280;1280;1280;1280;480,entity:640;640;640;640;640;640;0|value:640;640;640;640;640;640;0|filler:0;0;0;0;0;0;0|query_marker:0;0;0;0;0;0;160|query_entity:0;0;0;0;0;0;160|context:0;0;0;0;0;0;160,kv_delayed_annealed_curriculum,0.000000000000,0,3.047276905612,1.164246483492,0.000000000000,0.000000000000,0.000000000000,0.000000000000,14400,0.000000000000,1.187214877807,1.072425093017,0.489806197224,0.498078483625,0.551738964994,0.437369755192,0.064376172594,0.085918481550,0.741277336115,0.717475792867,0.537421014067,0.516998594860,68;48;44,994;944;912,0.000000000000,0.412728489976,0.000000000000,2.000000000000,0.100000000000,1350,0.000000000000,0.397036020186,0.000000000000,0.371093750000,0.628906250000,0.246093750000,0.045312500000,0.637500000000,0.637500000000,14.110416666667,337;312;296,0.349288194444,0.650711805556,0.224288194444,0.042291666667,0.659583333333,42.900000000000,18.000000000000,0.271875000000,0.271875000000,0.637500000000,0.245570987654,0.245570987654,0.663888888889,0.000000000000,0.794318757814,0.837500000000,0.781250000000,0.789583333333,1.043356661176,0.762500000000,0.693750000000,0.695833333333,1.147911695211,0.725000000000,0.631250000000,0.631250000000,1.188597527660,0.706250000000,0.637500000000,0.637500000000,1.081311724322,0.750000000000,0.668750000000,0.668750000000
kv_delayed_oracle,22,1800,8,120,160,160,51,1.791759469228,0.129966444528,0.133757136827,0.003733849773,0.003771433257,1.000000000000,1.000000000000,72.000000000000,1.000000000000,0.117647058824,1.000000000000,0.064043941762,0.003729192256,1280;1280;1280;1280;1280;1280;480,entity:640;640;640;640;640;640;0|value:640;640;640;640;640;640;0|filler:0;0;0;0;0;0;0|query_marker:0;0;0;0;0;0;160|query_entity:0;0;0;0;0;0;160|context:0;0;0;0;0;0;160,kv_delayed_oracle,0.000000000000,0,0.064043941762,0.003729192256,0.000000000000,0.000000000000,0.000000000000,0.000000000000,14400,0.000000000000,0.039585836909,0.041077727720,0.000016696434,0.000017038022,0.117622897627,0.121005785562,0.003726878382,0.003764318599,0.996273121618,0.996235681401,0.996273121618,0.996235681401,51;51;58,320;320;320,0.000000000000,0.000000000000,0.000000000000,2.000000000000,0.100000000000,1350,0.000000000000,0.000000000000,0.000000000000,0.125000000000,0.875000000000,0.000000000000,0.000000000000,1.000000000000,1.000000000000,20.627083333333,0;0;0,0.125000000000,0.875000000000,0.000000000000,0.000000000000,1.000000000000,43.112500000000,18.000000000000,0.000000000000,0.000000000000,1.000000000000,0.000000000000,0.000000000000,1.000000000000,0.000000000000,0.003766247744,1.000000000000,1.000000000000,1.000000000000,0.003755876082,1.000000000000,1.000000000000,1.000000000000,0.003761872076,1.000000000000,1.000000000000,1.000000000000,0.003771433257,1.000000000000,1.000000000000,1.000000000000,0.003761573793,1.000000000000,1.000000000000,1.000000000000
kv_delayed_fifo,22,1800,8,120,160,160,51,1.791759469228,5.362691903044,5.114515449729,1.808749538289,1.799710910277,0.100000000000,0.206250000000,72.000000000000,1.000000000000,0.941176470588,1.000000000000,5.017947723928,1.787380069731,1280;1280;1280;1280;1280;1280;480,entity:640;640;640;640;640;640;0|value:640;640;640;640;640;640;0|filler:0;0;0;0;0;0;0|query_marker:0;0;0;0;0;0;160|query_entity:0;0;0;0;0;0;160|context:0;0;0;0;0;0;160,kv_delayed_fifo,0.000000000000,0,5.017947723928,1.787380069731,0.000000000000,0.000000000000,0.000000000000,0.000000000000,14400,0.000000000000,1.588378219333,1.392811183790,0.838859626374,0.835387025062,0.789097136170,0.672223538321,0.082628126459,0.022795307794,0.182628126459,0.183454692206,0.164564812265,0.166372222894,87;53;20,2560;2560;2560,0.000000000000,0.000000000000,0.000000000000,2.000000000000,0.100000000000,1350,0.000000000000,0.000000000000,0.000000000000,1.000000000000,0.000000000000,0.875000000000,0.125000000000,0.000000000000,0.000000000000,1.000000000000,1120;1120;1120,1.000000000000,0.000000000000,0.875000000000,0.125000000000,0.000000000000,43.112500000000,18.000000000000,1.000000000000,1.000000000000,0.000000000000,1.000000000000,1.000000000000,0.000000000000,0.000000000000,1.753682494573,0.612500000000,0.537500000000,0.475000000000,1.807912751604,0.125000000000,0.000000000000,0.000000000000,1.814514910027,0.187500000000,0.000000000000,0.000000000000,1.799710910277,0.206250000000,0.000000000000,0.000000000000,1.801440384396,0.212500000000,0.000000000000,0.000000000000
kv_delayed_reservoir,22,1800,8,120,160,160,51,1.791759469228,4.607381771125,4.564919136447,1.775243818677,1.769990225447,0.275000000000,0.268750000000,72.000000000000,1.000000000000,0.371078431373,1.000000000000,4.339295878599,1.775955627318,1280;1280;1280;1280;1280;1280;480,entity:640;640;640;640;640;640;0|value:640;640;640;640;640;640;0|filler:0;0;0;0;0;0;0|query_marker:0;0;0;0;0;0;160|query_entity:0;0;0;0;0;0;160|context:0;0;0;0;0;0;160,kv_delayed_reservoir,0.000000000000,0,4.339295878599,1.775955627318,0.000000000000,0.000000000000,0.000000000000,0.000000000000,14400,0.000000000000,1.301470811318,1.298322955820,0.827504526589,0.825474529568,0.607120352346,0.617455101592,0.069431512896,0.060376313618,0.205568487104,0.208373686382,0.171506333822,0.172683195644,82;56;22,1064;1028;936,0.000000000000,0.000000000000,0.000000000000,2.000000000000,0.100000000000,1350,0.000000000000,0.000000000000,0.000000000000,0.394270833333,0.605729166667,0.269270833333,0.097916666667,0.087500000000,0.087500000000,10.802083333333,372;354;308,0.398697916667,0.601302083333,0.273697916667,0.096388888889,0.082500000000,43.112500000000,18.000000000000,0.239583333333,0.239583333333,0.083333333333,0.241388888889,0.241388888889,0.088425925926,0.000000000000,1.674069369871,0.625000000000,0.531250000000,0.483333333333,1.754859935222,0.362500000000,0.256250000000,0.247916666667,1.772011231668,0.237500000000,0.093750000000,0.129166666667,1.769990225447,0.268750000000,0.087500000000,0.083333333333,1.782730722080,0.218750000000,0.081250000000,0.064583333333
kv_delayed_hard,22,1800,8,145,160,160,51,1.791759469228,3.905961617349,3.215777453480,1.638090665906,1.636877875632,0.406250000000,0.456250000000,107.000000000000,1.000000000000,0.509068627451,1.000000000000,3.348708172312,1.636461270439,1280;1280;1280;1280;1280;1280;480,entity:640;640;640;640;640;640;0|value:640;640;640;640;640;640;0|filler:0;0;0;0;0;0;0|query_marker:0;0;0;0;0;0;160|query_entity:0;0;0;0;0;0;160|context:0;0;0;0;0;0;160,kv_delayed_hard,0.000000000000,0,3.348708172312,1.636461270439,0.000000000000,0.000000000000,0.000000000000,0.000000000000,14400,0.000000000000,1.062540121964,0.952528708699,0.766732205088,0.750887921901,0.461566132134,0.445294901574,0.050691893483,0.009657368437,0.456941893483,0.446592631563,0.252588154083,0.256668626468,107;35;18,2158;1024;972,0.000000000000,0.522169768462,0.000000000000,2.000000000000,0.100000000000,1350,0.000000000000,0.523848844310,0.000000000000,0.540885416667,0.459114583333,0.415885416667,0.058333333333,0.325000000000,0.325000000000,12.916666666667,919;352;326,0.518333333333,0.481666666667,0.393333333333,0.055503472222,0.318333333333,43.112500000000,18.000000000000,0.473958333333,0.473958333333,0.306250000000,0.444336419753,0.444336419753,0.327962962963,0.000000000000,1.359952054731,0.625000000000,0.512500000000,0.520833333333,1.615924117261,0.468750000000,0.350000000000,0.366666666667,1.672321159450,0.418750000000,0.287500000000,0.272916666667,1.636877875632,0.456250000000,0.325000000000,0.306250000000,1.662500692292,0.406250000000,0.312500000000,0.329166666667
kv_delayed_annealed_direct,22,1800,8,145,160,160,51,1.791759469228,3.709240768597,3.230680129307,0.942328853533,1.142629278977,0.750000000000,0.725000000000,107.000000000000,1.000000000000,0.362500000000,1.000000000000,3.801098798202,1.426210610500,1280;1280;1280;1280;1280;1280;480,entity:640;640;640;640;640;640;0|value:640;640;640;640;640;640;0|filler:0;0;0;0;0;0;0|query_marker:0;0;0;0;0;0;160|query_entity:0;0;0;0;0;0;160|context:0;0;0;0;0;0;160,kv_delayed_annealed_direct,0.000000000000,0,3.801098798202,1.426210610500,0.000000000000,0.000000000000,0.000000000000,0.000000000000,14400,0.000000000000,1.035456069119,0.950123666834,0.423759412880,0.473108643700,0.449054725147,0.440335587186,0.029123395791,0.043534310112,0.724936316929,0.706271481409,0.559672910311,0.522361007312,73;42;45,1054;950;954,0.000000000000,0.400983066604,0.000000000000,2.000000000000,0.100000000000,1350,0.000000000000,0.379488265462,0.000000000000,0.385156250000,0.614843750000,0.260156250000,0.029427083333,0.637500000000,0.637500000000,14.356250000000,367;315;317,0.367690972222,0.632309027778,0.242690972222,0.026284722222,0.663333333333,43.112500000000,18.000000000000,0.307638888889,0.307638888889,0.637500000000,0.290756172840,0.290756172840,0.663888888889,0.000000000000,1.070983405229,0.756250000000,0.656250000000,0.660416666667,1.063662948245,0.762500000000,0.681250000000,0.681250000000,1.373918682797,0.656250000000,0.587500000000,0.587500000000,1.142629278977,0.725000000000,0.637500000000,0.637500000000,1.260242437082,0.687500000000,0.643750000000,0.643750000000
kv_delayed_annealed_curriculum,22,1800,8,145,160,160,51,1.791759469228,3.709240768597,3.230680129307,0.003889957834,0.003916112690,1.000000000000,1.000000000000,107.000000000000,1.000000000000,0.142892156863,1.000000000000,2.454624866842,0.003904383756,1280;1280;1280;1280;1280;1280;480,entity:640;640;640;640;640;640;0|value:640;640;640;640;640;640;0|filler:0;0;0;0;0;0;0|query_marker:0;0;0;0;0;0;160|query_entity:0;0;0;0;0;0;160|context:0;0;0;0;0;0;160,kv_delayed_annealed_curriculum,0.000000000000,0,2.454624866842,0.003904383756,0.000000000000,0.000000000000,0.000000000000,0.000000000000,14400,0.000000000000,1.035456069119,0.950123666834,0.000018101576,0.000018346865,0.449054725147,0.440335587186,0.003882398244,0.003908451253,0.996117601756,0.996091548747,0.996117601756,0.996091548747,51;55;54,384;382;400,0.000000000000,0.129508435628,0.000000000000,2.000000000000,0.100000000000,1350,0.000000000000,0.135827177838,0.000000000000,0.151822916667,0.848177083333,0.026822916667,0.000000000000,1.000000000000,1.000000000000,20.627083333333,32;31;40,0.150972222222,0.849027777778,0.025972222222,0.000000000000,1.000000000000,43.112500000000,18.000000000000,0.000000000000,0.000000000000,1.000000000000,0.000000000000,0.000000000000,1.000000000000,0.000000000000,0.003910477324,1.000000000000,1.000000000000,1.000000000000,0.003916781205,1.000000000000,1.000000000000,1.000000000000,0.003911622602,1.000000000000,1.000000000000,1.000000000000,0.003916112690,1.000000000000,1.000000000000,1.000000000000,0.003912735888,1.000000000000,1.000000000000,1.000000000000
kv_delayed_oracle,23,1800,8,120,160,160,51,1.791759469228,0.029304906601,0.033249560413,0.003741930440,0.003808655432,1.000000000000,1.000000000000,72.000000000000,1.000000000000,0.117647058824,1.000000000000,0.020792887214,0.003734647773,1280;1280;1280;1280;1280;1280;480,entity:640;640;640;640;640;640;0|value:640;640;640;640;640;640;0|filler:0;0;0;0;0;0;0|query_marker:0;0;0;0;0;0;160|query_entity:0;0;0;0;0;0;160|context:0;0;0;0;0;0;160,kv_delayed_oracle,0.000000000000,0,0.020792887214,0.003734647773,0.000000000000,0.000000000000,0.000000000000,0.000000000000,14400,0.000000000000,0.001609806935,0.001995791968,0.000016832145,0.000017421435,0.028741428307,0.032555022039,0.003734909858,0.003801389558,0.996265090142,0.996198610442,0.996265090142,0.996198610442,50;49;61,320;320;320,0.000000000000,0.000000000000,0.000000000000,2.000000000000,0.100000000000,1350,0.000000000000,0.000000000000,0.000000000000,0.125000000000,0.875000000000,0.000000000000,0.000000000000,1.000000000000,1.000000000000,20.554166666667,0;0;0,0.125000000000,0.875000000000,0.000000000000,0.000000000000,1.000000000000,42.950000000000,18.000000000000,0.000000000000,0.000000000000,1.000000000000,0.000000000000,0.000000000000,1.000000000000,0.000000000000,0.003809356212,1.000000000000,1.000000000000,1.000000000000,0.003817637598,1.000000000000,1.000000000000,1.000000000000,0.003815256699,1.000000000000,1.000000000000,1.000000000000,0.003808655432,1.000000000000,1.000000000000,1.000000000000,0.003815435172,1.000000000000,1.000000000000,1.000000000000
kv_delayed_fifo,23,1800,8,120,160,160,51,1.791759469228,5.303417877607,5.044685862926,1.792045337790,1.791280717507,0.156250000000,0.162500000000,72.000000000000,1.000000000000,0.941176470588,1.000000000000,5.013508826224,1.793007712042,1280;1280;1280;1280;1280;1280;480,entity:640;640;640;640;640;640;0|value:640;640;640;640;640;640;0|filler:0;0;0;0;0;0;0|query_marker:0;0;0;0;0;0;160|query_entity:0;0;0;0;0;0;160|context:0;0;0;0;0;0;160,kv_delayed_fifo,0.000000000000,0,5.013508826224,1.793007712042,0.000000000000,0.000000000000,0.000000000000,0.000000000000,14400,0.000000000000,1.631543164592,1.616509355665,0.833428906086,0.833176122231,0.815354953859,0.807415355493,0.011479377336,0.005253947229,0.167729377336,0.167753947229,0.166623704266,0.166750052676,86;53;21,2560;2560;2560,0.000000000000,0.000000000000,0.000000000000,2.000000000000,0.100000000000,1350,0.000000000000,0.000000000000,0.000000000000,1.000000000000,0.000000000000,0.875000000000,0.125000000000,0.000000000000,0.000000000000,1.000000000000,1120;1120;1120,1.000000000000,0.000000000000,0.875000000000,0.125000000000,0.000000000000,42.950000000000,18.000000000000,1.000000000000,1.000000000000,0.000000000000,1.000000000000,1.000000000000,0.000000000000,0.000000000000,1.788198714605,0.618750000000,0.587500000000,0.500000000000,1.791698252124,0.206250000000,0.000000000000,0.000000000000,1.790985531009,0.175000000000,0.000000000000,0.000000000000,1.791280717507,0.162500000000,0.000000000000,0.000000000000,1.791232220424,0.250000000000,0.000000000000,0.000000000000
kv_delayed_reservoir,23,1800,8,120,160,160,51,1.791759469228,4.357613856292,4.216586161791,1.759913557686,1.755812612897,0.293750000000,0.318750000000,72.000000000000,1.000000000000,0.342647058824,1.000000000000,4.608679544405,1.759706590284,1280;1280;1280;1280;1280;1280;480,entity:640;640;640;640;640;640;0|value:640;640;640;640;640;640;0|filler:0;0;0;0;0;0;0|query_marker:0;0;0;0;0;0;160|query_entity:0;0;0;0;0;0;160|context:0;0;0;0;0;0;160,kv_delayed_reservoir,0.000000000000,0,4.608679544405,1.759706590284,0.000000000000,0.000000000000,0.000000000000,0.000000000000,14400,0.000000000000,1.363356547983,1.314655436078,0.821134260997,0.819039701116,0.675744881158,0.648909737552,0.057970199344,0.083278488503,0.235779800656,0.235471511497,0.176478866873,0.177443329450,73;55;32,890;946;960,0.000000000000,0.000000000000,0.000000000000,2.000000000000,0.100000000000,1350,0.000000000000,0.000000000000,0.000000000000,0.364062500000,0.635937500000,0.239062500000,0.086718750000,0.093750000000,0.093750000000,11.235416666667,285;313;320,0.359253472222,0.640746527778,0.234253472222,0.086250000000,0.118750000000,42.950000000000,18.000000000000,0.214236111111,0.214236111111,0.108333333333,0.207469135802,0.207469135802,0.118425925926,0.000000000000,1.638764557068,0.531250000000,0.468750000000,0.497916666667,1.677519192071,0.456250000000,0.318750000000,0.245833333333,1.719476914429,0.368750000000,0.168750000000,0.156250000000,1.755812612897,0.318750000000,0.093750000000,0.108333333333,1.766689562340,0.300000000000,0.106250000000,0.110416666667
kv_delayed_hard,23,1800,8,145,160,160,51,1.791759469228,3.366143636132,3.549115471314,1.552896513096,1.654355431622,0.481250000000,0.456250000000,107.000000000000,1.000000000000,0.479166666667,1.000000000000,3.768321306944,1.547120460379,1280;1280;1280;1280;1280;1280;480,entity:640;640;640;640;640;640;0|value:640;640;640;640;640;640;0|filler:0;0;0;0;0;0;0|query_marker:0;0;0;0;0;0;160|query_entity:0;0;0;0;0;0;160|context:0;0;0;0;0;0;160,kv_delayed_hard,0.000000000000,0,3.768321306944,1.547120460379,0.000000000000,0.000000000000,0.000000000000,0.000000000000,14400,0.000000000000,1.001712004210,1.056679265088,0.725384519956,0.753363373198,0.488223375658,0.512429402630,0.073201810895,0.037913351704,0.420744496133,0.424525103043,0.262634341824,0.249877572041,95;39;26,1942;1240;728,0.000000000000,0.674828296739,0.000000000000,2.000000000000,0.100000000000,1350,0.000000000000,0.653942119412,0.000000000000,0.509114583333,0.490885416667,0.384114583333,0.046875000000,0.331250000000,0.331250000000,13.208333333333,811;460;204,0.515746527778,0.484253472222,0.390746527778,0.045312500000,0.354583333333,42.950000000000,18.000000000000,0.435069444444,0.435069444444,0.322916666667,0.440262345679,0.440262345679,0.349629629630,0.000000000000,1.527346700966,0.543750000000,0.518750000000,0.518750000000,1.564032525420,0.512500000000,0.400000000000,0.358333333333,1.668135842933,0.462500000000,0.375000000000,0.318750000000,1.654355431622,0.456250000000,0.331250000000,0.322916666667,1.695789837328,0.431250000000,0.318750000000,0.335416666667
kv_delayed_annealed_direct,23,1800,8,145,160,160,51,1.791759469228,3.349306624375,3.459019060814,0.912178732034,1.033236500846,0.768750000000,0.743750000000,107.000000000000,1.000000000000,0.380392156863,1.000000000000,3.015763367223,0.915712163897,1280;1280;1280;1280;1280;1280;480,entity:640;640;640;640;640;640;0|value:640;640;640;640;640;640;0|filler:0;0;0;0;0;0;0|query_marker:0;0;0;0;0;0;160|query_entity:0;0;0;0;0;0;160|context:0;0;0;0;0;0;160,kv_delayed_annealed_direct,0.000000000000,0,3.015763367223,0.915712163897,0.000000000000,0.000000000000,0.000000000000,0.000000000000,14400,0.000000000000,1.012798918362,1.032380906111,0.403232986178,0.444473129437,0.494688943952,0.500085543302,0.078607029291,0.062501995544,0.690142970709,0.681248004456,0.546810689044,0.520785124640,70;45;45,1008;1108;988,0.000000000000,0.428846721425,0.000000000000,2.000000000000,0.100000000000,1350,0.000000000000,0.443120026806,0.000000000000,0.404166666667,0.595833333333,0.279166666667,0.035416666667,0.675000000000,0.675000000000,14.743750000000,344;394;334,0.415260416667,0.584739583333,0.290260416667,0.036197916667,0.661250000000,42.950000000000,18.000000000000,0.325000000000,0.325000000000,0.675000000000,0.329722222222,0.329722222222,0.670277777778,0.000000000000,1.040564784812,0.743750000000,0.718750000000,0.702083333333,0.905123858015,0.787500000000,0.737500000000,0.737500000000,1.147580456578,0.700000000000,0.650000000000,0.650000000000,1.033236500846,0.743750000000,0.675000000000,0.675000000000,0.942062573764,0.781250000000,0.737500000000,0.737500000000
kv_delayed_annealed_curriculum,23,1800,8,145,160,160,51,1.791759469228,3.349306624375,3.459019060814,1.090987804265,1.043519974698,0.700000000000,0.756250000000,107.000000000000,1.000000000000,0.362990196078,1.000000000000,1.991588920723,1.114155502706,1280;1280;1280;1280;1280;1280;480,entity:640;640;640;640;640;640;0|value:640;640;640;640;640;640;0|filler:0;0;0;0;0;0;0|query_marker:0;0;0;0;0;0;160|query_entity:0;0;0;0;0;0;160|context:0;0;0;0;0;0;160,kv_delayed_annealed_curriculum,0.000000000000,0,1.991588920723,1.114155502706,0.000000000000,0.000000000000,0.000000000000,0.000000000000,14400,0.000000000000,1.012798918362,1.032380906111,0.493618953847,0.431466809500,0.494688943952,0.500085543302,0.033662374121,0.110961144461,0.714452920133,0.703905959736,0.517523834442,0.541616371552,65;44;51,962;990;1010,0.000000000000,0.424567113259,0.000000000000,2.000000000000,0.100000000000,1350,0.000000000000,0.418257975311,0.000000000000,0.385677083333,0.614322916667,0.260677083333,0.028645833333,0.650000000000,0.650000000000,14.433333333333,321;335;345,0.381857638889,0.618142361111,0.256857638889,0.028958333333,0.660000000000,42.950000000000,18.000000000000,0.309375000000,0.309375000000,0.650000000000,0.303981481481,0.303981481481,0.661388888889,0.000000000000,1.036714758844,0.756250000000,0.725000000000,0.729166666667,1.149753877796,0.712500000000,0.600000000000,0.600000000000,1.142429579872,0.718750000000,0.662500000000,0.662500000000,1.043519974698,0.756250000000,0.650000000000,0.650000000000,1.148734502269,0.718750000000,0.637500000000,0.637500000000
kv_delayed_oracle,24,1800,8,120,160,160,51,1.791759469228,0.054345109221,0.051262690087,0.003724005882,0.003722638206,1.000000000000,1.000000000000,72.000000000000,1.000000000000,0.117647058824,1.000000000000,0.034932871133,0.003748729055,1280;1280;1280;1280;1280;1280;480,entity:640;640;640;640;640;640;0|value:640;640;640;640;640;640;0|filler:0;0;0;0;0;0;0|query_marker:0;0;0;0;0;0;160|query_entity:0;0;0;0;0;0;160|context:0;0;0;0;0;0;160,kv_delayed_oracle,0.000000000000,0,0.034932871133,0.003748729055,0.000000000000,0.000000000000,0.000000000000,0.000000000000,14400,0.000000000000,0.005125185581,0.004721110143,0.000016593957,0.000016579627,0.052612676635,0.049637376730,0.003717075753,0.003715714029,0.996282924247,0.996284285971,0.996282924247,0.996284285971,60;53;47,320;320;320,0.000000000000,0.000000000000,0.000000000000,2.000000000000,0.100000000000,1350,0.000000000000,0.000000000000,0.000000000000,0.125000000000,0.875000000000,0.000000000000,0.000000000000,1.000000000000,1.000000000000,20.418750000000,0;0;0,0.125000000000,0.875000000000,0.000000000000,0.000000000000,1.000000000000,43.150000000000,18.000000000000,0.000000000000,0.000000000000,1.000000000000,0.000000000000,0.000000000000,1.000000000000,0.000000000000,0.003723006253,1.000000000000,1.000000000000,1.000000000000,0.003712978318,1.000000000000,1.000000000000,1.000000000000,0.003716018262,1.000000000000,1.000000000000,1.000000000000,0.003722638206,1.000000000000,1.000000000000,1.000000000000,0.003714866858,1.000000000000,1.000000000000,1.000000000000
kv_delayed_fifo,24,1800,8,120,160,160,51,1.791759469228,5.461216171669,4.705488284298,1.788166400945,1.783441155279,0.156250000000,0.200000000000,72.000000000000,1.000000000000,0.941176470588,1.000000000000,5.340293509132,1.794513624438,1280;1280;1280;1280;1280;1280;480,entity:640;640;640;640;640;640;0|value:640;640;640;640;640;640;0|filler:0;0;0;0;0;0;0|query_marker:0;0;0;0;0;0;160|query_entity:0;0;0;0;0;0;160|context:0;0;0;0;0;0;160,kv_delayed_fifo,0.000000000000,0,5.340293509132,1.794513624438,0.000000000000,0.000000000000,0.000000000000,0.000000000000,14400,0.000000000000,1.579438971390,1.491058603038,0.832181660029,0.830660676935,0.786887652298,0.742651565369,0.017603562563,0.026340302067,0.173853562563,0.173659697933,0.167374688465,0.168137004011,84;43;33,2560;2560;2560,0.000000000000,0.000000000000,0.000000000000,2.000000000000,0.100000000000,1350,0.000000000000,0.000000000000,0.000000000000,1.000000000000,0.000000000000,0.875000000000,0.125000000000,0.000000000000,0.000000000000,1.000000000000,1120;1120;1120,1.000000000000,0.000000000000,0.875000000000,0.125000000000,0.000000000000,43.150000000000,18.000000000000,1.000000000000,1.000000000000,0.000000000000,1.000000000000,1.000000000000,0.000000000000,0.000000000000,1.778677312285,0.531250000000,0.475000000000,0.510416666667,1.791569947526,0.200000000000,0.000000000000,0.000000000000,1.787957232326,0.237500000000,0.000000000000,0.000000000000,1.783441155279,0.200000000000,0.000000000000,0.000000000000,1.791540055340,0.187500000000,0.000000000000,0.000000000000
kv_delayed_reservoir,24,1800,8,120,160,160,51,1.791759469228,4.999938335037,5.186823749099,1.777570299872,1.787180068046,0.281250000000,0.218750000000,72.000000000000,1.000000000000,0.345588235294,1.000000000000,5.114924585924,1.756386109780,1280;1280;1280;1280;1280;1280;480,entity:640;640;640;640;640;640;0|value:640;640;640;640;640;640;0|filler:0;0;0;0;0;0;0|query_marker:0;0;0;0;0;0;160|query_entity:0;0;0;0;0;0;160|context:0;0;0;0;0;0;160,kv_delayed_reservoir,0.000000000000,0,5.114924585924,1.756386109780,0.000000000000,0.000000000000,0.000000000000,0.000000000000,14400,0.000000000000,1.351381241504,1.463935760136,0.827257870966,0.830569801130,0.664003842742,0.725820269125,0.047803960204,0.015675025951,0.233446039796,0.234425025951,0.173128649066,0.171540539648,73;61;26,874;966;980,0.000000000000,0.000000000000,0.000000000000,2.000000000000,0.100000000000,1350,0.000000000000,0.000000000000,0.000000000000,0.367187500000,0.632812500000,0.242187500000,0.085416666667,0.093750000000,0.093750000000,11.947916666667,277;323;330,0.369375000000,0.630625000000,0.244375000000,0.085520833333,0.112916666667,43.150000000000,18.000000000000,0.218750000000,0.218750000000,0.110416666667,0.219891975309,0.219891975309,0.119814814815,0.000000000000,1.630172292413,0.587500000000,0.493750000000,0.487500000000,1.767327808785,0.300000000000,0.175000000000,0.208333333333,1.775492610435,0.275000000000,0.112500000000,0.156250000000,1.787180068046,0.218750000000,0.093750000000,0.110416666667,1.787409861445,0.256250000000,0.081250000000,0.100000000000
kv_delayed_hard,24,1800,8,145,160,160,51,1.791759469228,4.081504108331,3.740694672172,1.717813794592,1.678614351015,0.350000000000,0.450000000000,107.000000000000,1.000000000000,0.380392156863,1.000000000000,3.647910786346,1.709723788107,1280;1280;1280;1280;1280;1280;480,entity:640;640;640;640;640;640;0|value:640;640;640;640;640;640;0|filler:0;0;0;0;0;0;0|query_marker:0;0;0;0;0;0;160|query_entity:0;0;0;0;0;0;160|context:0;0;0;0;0;0;160,kv_delayed_hard,0.000000000000,0,3.647910786346,1.709723788107,0.000000000000,0.000000000000,0.000000000000,0.000000000000,14400,0.000000000000,1.206783804413,1.024057460927,0.804352416020,0.760147786714,0.592455784582,0.491191257359,0.122300455559,0.042844477569,0.411897978561,0.407155522431,0.220152950005,0.240664416498,114;23;23,1468;882;754,0.000000000000,0.518279421962,0.000000000000,2.000000000000,0.100000000000,1350,0.000000000000,0.504962602037,0.000000000000,0.404166666667,0.595833333333,0.279166666667,0.058854166667,0.331250000000,0.331250000000,13.922916666667,574;281;217,0.414791666667,0.585208333333,0.289791666667,0.055434027778,0.343333333333,43.150000000000,18.000000000000,0.297916666667,0.297916666667,0.306250000000,0.311327160494,0.311327160494,0.348796296296,0.000000000000,1.472035637880,0.587500000000,0.537500000000,0.550000000000,1.629911762025,0.462500000000,0.343750000000,0.375000000000,1.601874759540,0.493750000000,0.356250000000,0.352083333333,1.678614351015,0.450000000000,0.331250000000,0.306250000000,1.738151308528,0.393750000000,0.262500000000,0.306250000000
kv_delayed_annealed_direct,24,1800,8,145,160,160,51,1.791759469228,4.067249723009,3.623663751249,0.979501807545,1.292603057293,0.743750000000,0.675000000000,107.000000000000,1.000000000000,0.412745098039,1.000000000000,3.423873368076,1.160267922599,1280;1280;1280;1280;1280;1280;480,entity:640;640;640;640;640;640;0|value:640;640;640;640;640;640;0|filler:0;0;0;0;0;0;0|query_marker:0;0;0;0;0;0;160|query_entity:0;0;0;0;0;0;160|context:0;0;0;0;0;0;160,kv_delayed_annealed_direct,0.000000000000,0,3.423873368076,1.160267922599,0.000000000000,0.000000000000,0.000000000000,0.000000000000,14400,0.000000000000,1.206490525801,1.000762247781,0.435791730979,0.546240870404,0.592545085061,0.479002337675,0.034568806537,0.080217342906,0.709181193463,0.690439058104,0.544197432858,0.476731690875,78;45;37,1142;1104;1122,0.000000000000,0.461776341103,0.000000000000,2.000000000000,0.100000000000,1350,0.000000000000,0.401197138453,0.000000000000,0.438541666667,0.561458333333,0.313541666667,0.033854166667,0.606250000000,0.606250000000,13.458333333333,411;392;401,0.396354166667,0.603645833333,0.271354166667,0.029548611111,0.662083333333,43.150000000000,18.000000000000,0.372916666667,0.372916666667,0.606250000000,0.317901234568,0.317901234568,0.666388888889,0.000000000000,1.050572378143,0.768750000000,0.693750000000,0.668750000000,1.083106268563,0.750000000000,0.693750000000,0.693750000000,1.181188624209,0.718750000000,0.643750000000,0.643750000000,1.292603057293,0.675000000000,0.606250000000,0.606250000000,1.257605286629,0.693750000000,0.637500000000,0.637500000000
kv_delayed_annealed_curriculum,24,1800,8,145,160,160,51,1.791759469228,4.067249723009,3.623663751249,1.027619045962,1.229966220418,0.725000000000,0.675000000000,107.000000000000,1.000000000000,0.401470588235,1.000000000000,1.924151682868,1.162669149321,1280;1280;1280;1280;1280;1280;480,entity:640;640;640;640;640;640;0|value:640;640;640;640;640;640;0|filler:0;0;0;0;0;0;0|query_marker:0;0;0;0;0;0;160|query_entity:0;0;0;0;0;0;160|context:0;0;0;0;0;0;160,kv_delayed_annealed_curriculum,0.000000000000,0,1.924151682868,1.162669149321,0.000000000000,0.000000000000,0.000000000000,0.000000000000,14400,0.000000000000,1.206490525801,1.000762247781,0.458850231098,0.534082192009,0.592545085061,0.479002337675,0.033994469506,0.070343239067,0.721606440197,0.710872462502,0.539320857655,0.494524280905,79;39;42,1134;1030;1112,0.000000000000,0.475541798568,0.000000000000,2.000000000000,0.100000000000,1350,0.000000000000,0.403574637432,0.000000000000,0.426562500000,0.573437500000,0.301562500000,0.033593750000,0.606250000000,0.606250000000,13.483333333333,407;355;396,0.368437500000,0.631562500000,0.243437500000,0.028385416667,0.675000000000,43.150000000000,18.000000000000,0.357291666667,0.357291666667,0.606250000000,0.285293209877,0.285293209877,0.678055555556,0.000000000000,0.953051713044,0.775000000000,0.712500000000,0.681250000000,1.010117163127,0.756250000000,0.693750000000,0.693750000000,1.033538429140,0.750000000000,0.643750000000,0.643750000000,1.229966220418,0.675000000000,0.606250000000,0.606250000000,1.131024797143,0.712500000000,0.637500000000,0.637500000000
kv_delayed_oracle,25,1800,8,120,160,160,51,1.791759469228,0.038203692720,0.037793776793,0.003750025502,0.003693676453,1.000000000000,1.000000000000,72.000000000000,1.000000000000,0.117647058824,1.000000000000,0.023108236873,0.003766552484,1280;1280;1280;1280;1280;1280;480,entity:640;640;640;640;640;640;0|value:640;640;640;640;640;640;0|filler:0;0;0;0;0;0;0|query_marker:0;0;0;0;0;0;160|query_entity:0;0;0;0;0;0;160|context:0;0;0;0;0;0;160,kv_delayed_oracle,0.000000000000,0,0.023108236873,0.003766552484,0.000000000000,0.000000000000,0.000000000000,0.000000000000,14400,0.000000000000,0.002193402453,0.002183722842,0.000016884152,0.000016374665,0.037368706171,0.036956363525,0.003742979184,0.003686843480,0.996257020816,0.996313156520,0.996257020816,0.996313156520,59;51;50,320;320;320,0.000000000000,0.000000000000,0.000000000000,2.000000000000,0.100000000000,1350,0.000000000000,0.000000000000,0.000000000000,0.125000000000,0.875000000000,0.000000000000,0.000000000000,1.000000000000,1.000000000000,20.425000000000,0;0;0,0.125000000000,0.875000000000,0.000000000000,0.000000000000,1.000000000000,43.037500000000,18.000000000000,0.000000000000,0.000000000000,1.000000000000,0.000000000000,0.000000000000,1.000000000000,0.000000000000,0.003713055264,1.000000000000,1.000000000000,1.000000000000,0.003717348288,1.000000000000,1.000000000000,1.000000000000,0.003712596680,1.000000000000,1.000000000000,1.000000000000,0.003693676453,1.000000000000,1.000000000000,1.000000000000,0.003701482795,1.000000000000,1.000000000000,1.000000000000
kv_delayed_fifo,25,1800,8,120,160,160,51,1.791759469228,4.614375290874,4.611622339844,1.789056744440,1.787294689853,0.168750000000,0.137500000000,72.000000000000,1.000000000000,0.941176470588,1.000000000000,4.289965975895,1.791933719445,1280;1280;1280;1280;1280;1280;480,entity:640;640;640;640;640;640;0|value:640;640;640;640;640;640;0|filler:0;0;0;0;0;0;0|query_marker:0;0;0;0;0;0;160|query_entity:0;0;0;0;0;0;160|context:0;0;0;0;0;0;160,kv_delayed_fifo,0.000000000000,0,4.289965975895,1.791933719445,0.000000000000,0.000000000000,0.000000000000,0.000000000000,14400,0.000000000000,1.588943697349,1.646912436558,0.832436554934,0.831950824193,0.792686572091,0.824883574003,0.003935671526,0.035221594821,0.172685671526,0.172721594821,0.167257531449,0.167504548024,78;50;32,2560;2560;2560,0.000000000000,0.000000000000,0.000000000000,2.000000000000,0.100000000000,1350,0.000000000000,0.000000000000,0.000000000000,1.000000000000,0.000000000000,0.875000000000,0.125000000000,0.000000000000,0.000000000000,1.000000000000,1120;1120;1120,1.000000000000,0.000000000000,0.875000000000,0.125000000000,0.000000000000,43.037500000000,18.000000000000,1.000000000000,1.000000000000,0.000000000000,1.000000000000,1.000000000000,0.000000000000,0.000000000000,1.776269415493,0.531250000000,0.450000000000,0.506250000000,1.790616388681,0.200000000000,0.000000000000,0.000000000000,1.782078631343,0.200000000000,0.000000000000,0.000000000000,1.787294689853,0.137500000000,0.000000000000,0.000000000000,1.785516517250,0.187500000000,0.000000000000,0.000000000000
kv_delayed_reservoir,25,1800,8,120,160,160,51,1.791759469228,3.718275782879,4.073392031458,1.752845362689,1.783120630227,0.306250000000,0.243750000000,72.000000000000,1.000000000000,0.345833333333,1.000000000000,3.916072096176,1.801785203939,1280;1280;1280;1280;1280;1280;480,entity:640;640;640;640;640;640;0|value:640;640;640;640;640;640;0|filler:0;0;0;0;0;0;0|query_marker:0;0;0;0;0;0;160|query_entity:0;0;0;0;0;0;160|context:0;0;0;0;0;0;160,kv_delayed_reservoir,0.000000000000,0,3.916072096176,1.801785203939,0.000000000000,0.000000000000,0.000000000000,0.000000000000,14400,0.000000000000,1.323164871073,1.445018368364,0.818373085558,0.829555256491,0.655288683709,0.718486865055,0.074948393829,0.012768573590,0.231301606171,0.230981426410,0.177426100513,0.171789897193,74;49;37,1048;928;846,0.000000000000,0.000000000000,0.000000000000,2.000000000000,0.100000000000,1350,0.000000000000,0.000000000000,0.000000000000,0.367447916667,0.632552083333,0.242447916667,0.088541666667,0.100000000000,0.100000000000,11.616666666667,364;304;263,0.359913194444,0.640086805556,0.234913194444,0.085208333333,0.111250000000,43.037500000000,18.000000000000,0.229861111111,0.229861111111,0.104166666667,0.220462962963,0.220462962963,0.122407407407,0.000000000000,1.610499637432,0.656250000000,0.575000000000,0.529166666667,1.739836869980,0.343750000000,0.187500000000,0.256250000000,1.767542116915,0.268750000000,0.125000000000,0.131250000000,1.783120630227,0.243750000000,0.100000000000,0.104166666667,1.760621832672,0.281250000000,0.075000000000,0.072916666667
kv_delayed_hard,25,1800,8,145,160,160,51,1.791759469228,3.479503137382,3.581404213396,1.679302316971,1.718893110737,0.368750000000,0.343750000000,107.000000000000,1.000000000000,0.402696078431,1.000000000000,3.921338578446,1.638374226981,1280;1280;1280;1280;1280;1280;480,entity:640;640;640;640;640;640;0|value:640;640;640;640;640;640;0|filler:0;0;0;0;0;0;0|query_marker:0;0;0;0;0;0;160|query_entity:0;0;0;0;0;0;160|context:0;0;0;0;0;0;160,kv_delayed_hard,0.000000000000,0,3.921338578446,1.638374226981,0.000000000000,0.000000000000,0.000000000000,0.000000000000,14400,0.000000000000,1.203502565966,1.252721410418,0.784624420322,0.799967559432,0.591052419823,0.619107950587,0.011211694587,0.015156037669,0.357538305413,0.358906037669,0.213737398585,0.206450020524,113;29;18,1814;794;678,0.000000000000,0.552300859663,0.000000000000,2.000000000000,0.100000000000,1350,0.000000000000,0.547483766682,0.000000000000,0.427864583333,0.572135416667,0.302864583333,0.052864583333,0.212500000000,0.212500000000,13.995833333333,747;237;179,0.408958333333,0.591041666667,0.283958333333,0.055972222222,0.248333333333,43.037500000000,18.000000000000,0.344444444444,0.344444444444,0.252083333333,0.321697530864,0.321697530864,0.252962962963,0.000000000000,1.436902080832,0.600000000000,0.475000000000,0.491666666667,1.629976000065,0.431250000000,0.262500000000,0.306250000000,1.664115905885,0.400000000000,0.262500000000,0.256250000000,1.718893110737,0.343750000000,0.212500000000,0.252083333333,1.660057346263,0.393750000000,0.218750000000,0.231250000000
kv_delayed_annealed_direct,25,1800,8,145,160,160,51,1.791759469228,3.455976659648,3.614867678324,0.977958855313,0.944861222893,0.743750000000,0.787500000000,107.000000000000,1.000000000000,0.305392156863,1.000000000000,3.659852493985,0.902046125347,1280;1280;1280;1280;1280;1280;480,entity:640;640;640;640;640;640;0|value:640;640;640;640;640;640;0|filler:0;0;0;0;0;0;0|query_marker:0;0;0;0;0;0;160|query_entity:0;0;0;0;0;0;160|context:0;0;0;0;0;0;160,kv_delayed_annealed_direct,0.000000000000,0,3.659852493985,0.902046125347,0.000000000000,0.000000000000,0.000000000000,0.000000000000,14400,0.000000000000,1.203787627811,1.277006843567,0.436834361347,0.387985468209,0.591362573312,0.631879665726,0.048698695309,0.082170639995,0.720881085536,0.705329360005,0.550917554851,0.565161703083,75;46;39,876;798;818,0.000000000000,0.349531689984,0.000000000000,2.000000000000,0.100000000000,1350,0.000000000000,0.418880766513,0.000000000000,0.324479166667,0.675520833333,0.199479166667,0.032031250000,0.743750000000,0.743750000000,15.952083333333,278;239;249,0.385121527778,0.614878472222,0.260121527778,0.041875000000,0.664583333333,43.037500000000,18.000000000000,0.223263888889,0.223263888889,0.743750000000,0.290401234568,0.290401234568,0.668611111111,0.000000000000,0.942902946456,0.787500000000,0.756250000000,0.775000000000,1.000280031526,0.762500000000,0.668750000000,0.668750000000,0.884344652075,0.806250000000,0.725000000000,0.725000000000,0.944861222893,0.787500000000,0.743750000000,0.743750000000,0.898164787799,0.800000000000,0.756250000000,0.756250000000
kv_delayed_annealed_curriculum,25,1800,8,145,160,160,51,1.791759469228,3.455976659648,3.614867678324,0.976117385588,1.180568466155,0.743750000000,0.712500000000,107.000000000000,1.000000000000,0.360784313725,1.000000000000,2.928621242679,1.060821460160,1280;1280;1280;1280;1280;1280;480,entity:640;640;640;640;640;640;0|value:640;640;640;640;640;640;0|filler:0;0;0;0;0;0;0|query_marker:0;0;0;0;0;0;160|query_entity:0;0;0;0;0;0;160|context:0;0;0;0;0;0;160,kv_delayed_annealed_curriculum,0.000000000000,0,2.928621242679,1.060821460160,0.000000000000,0.000000000000,0.000000000000,0.000000000000,14400,0.000000000000,1.203787627811,1.277006843567,0.436716156185,0.495278728604,0.591362573312,0.631879665726,0.064238291156,0.062850014956,0.679511708844,0.669710998837,0.524952152667,0.489276937719,75;41;44,982;954;1008,0.000000000000,0.403190656082,0.000000000000,2.000000000000,0.100000000000,1350,0.000000000000,0.396437871688,0.000000000000,0.383333333333,0.616666666667,0.258333333333,0.042187500000,0.650000000000,0.650000000000,14.185416666667,331;317;344,0.376302083333,0.623697916667,0.251302083333,0.041371527778,0.659166666667,43.037500000000,18.000000000000,0.293402777778,0.293402777778,0.650000000000,0.280632716049,0.280632716049,0.663055555556,0.000000000000,1.044593829038,0.762500000000,0.725000000000,0.731250000000,1.008430743694,0.768750000000,0.662500000000,0.662500000000,1.101736002077,0.737500000000,0.631250000000,0.631250000000,1.180568466155,0.712500000000,0.650000000000,0.650000000000,1.186390013785,0.706250000000,0.581250000000,0.581250000000
kv_delayed_oracle,26,1800,8,120,160,160,51,1.791759469228,0.023990536868,0.025978643552,0.003738313705,0.003750138587,1.000000000000,1.000000000000,72.000000000000,1.000000000000,0.117647058824,1.000000000000,0.015315902964,0.003742585061,1280;1280;1280;1280;1280;1280;480,entity:640;640;640;640;640;640;0|value:640;640;640;640;640;640;0|filler:0;0;0;0;0;0;0|query_marker:0;0;0;0;0;0;160|query_entity:0;0;0;0;0;0;160|context:0;0;0;0;0;0;160,kv_delayed_oracle,0.000000000000,0,0.015315902964,0.003742585061,0.000000000000,0.000000000000,0.000000000000,0.000000000000,14400,0.000000000000,0.001155898593,0.001320024806,0.000016731720,0.000016836125,0.023616418682,0.025532344330,0.003731326866,0.003743108010,0.996268673134,0.996256891990,0.996268673134,0.996256891990,51;45;64,320;320;320,0.000000000000,0.000000000000,0.000000000000,2.000000000000,0.100000000000,1350,0.000000000000,0.000000000000,0.000000000000,0.125000000000,0.875000000000,0.000000000000,0.000000000000,1.000000000000,1.000000000000,20.456250000000,0;0;0,0.125000000000,0.875000000000,0.000000000000,0.000000000000,1.000000000000,42.625000000000,18.000000000000,0.000000000000,0.000000000000,1.000000000000,0.000000000000,0.000000000000,1.000000000000,0.000000000000,0.003738709404,1.000000000000,1.000000000000,1.000000000000,0.003736630972,1.000000000000,1.000000000000,1.000000000000,0.003739006688,1.000000000000,1.000000000000,1.000000000000,0.003750138587,1.000000000000,1.000000000000,1.000000000000,0.003719170942,1.000000000000,1.000000000000,1.000000000000
kv_delayed_fifo,26,1800,8,120,160,160,51,1.791759469228,5.753313926600,5.326255392003,1.791617259044,1.792008016343,0.162500000000,0.243750000000,72.000000000000,1.000000000000,0.941176470588,1.000000000000,5.602364919823,1.792868529331,1280;1280;1280;1280;1280;1280;480,entity:640;640;640;640;640;640;0|value:640;640;640;640;640;640;0|filler:0;0;0;0;0;0;0|query_marker:0;0;0;0;0;0;160|query_entity:0;0;0;0;0;0;160|context:0;0;0;0;0;0;160,kv_delayed_fifo,0.000000000000,0,5.602364919823,1.792868529331,0.000000000000,0.000000000000,0.000000000000,0.000000000000,14400,0.000000000000,1.627897976192,1.470702658723,0.833286922059,0.833413661832,0.813263501681,0.731885768078,0.005506392104,0.075886749649,0.168006392104,0.167863250351,0.166695356309,0.166631562277,84;42;34,2560;2560;2560,0.000000000000,0.000000000000,0.000000000000,2.000000000000,0.100000000000,1350,0.000000000000,0.000000000000,0.000000000000,1.000000000000,0.000000000000,0.875000000000,0.125000000000,0.000000000000,0.000000000000,1.000000000000,1120;1120;1120,1.000000000000,0.000000000000,0.875000000000,0.125000000000,0.000000000000,42.625000000000,18.000000000000,1.000000000000,1.000000000000,0.000000000000,1.000000000000,1.000000000000,0.000000000000,0.000000000000,1.788536082297,0.581250000000,0.518750000000,0.531250000000,1.791151972811,0.250000000000,0.000000000000,0.000000000000,1.792582329400,0.193750000000,0.000000000000,0.000000000000,1.792008016343,0.243750000000,0.000000000000,0.000000000000,1.792876622329,0.175000000000,0.000000000000,0.000000000000
kv_delayed_reservoir,26,1800,8,120,160,160,51,1.791759469228,3.971887280385,5.045806356910,1.690503710036,1.773066600819,0.400000000000,0.275000000000,72.000000000000,1.000000000000,0.332843137255,1.000000000000,4.428792485896,1.782989956217,1280;1280;1280;1280;1280;1280;480,entity:640;640;640;640;640;640;0|value:640;640;640;640;640;640;0|filler:0;0;0;0;0;0;0|query_marker:0;0;0;0;0;0;160|query_entity:0;0;0;0;0;0;160|context:0;0;0;0;0;0;160,kv_delayed_reservoir,0.000000000000,0,4.428792485896,1.782989956217,0.000000000000,0.000000000000,0.000000000000,0.000000000000,14400,0.000000000000,1.170096440006,1.411521852154,0.793484653993,0.824938218777,0.578396152395,0.701519776620,0.138788789043,0.013433957595,0.261211210957,0.261566042405,0.192738370634,0.176987615333,86;46;28,834;932;950,0.000000000000,0.000000000000,0.000000000000,2.000000000000,0.100000000000,1350,0.000000000000,0.000000000000,0.000000000000,0.353645833333,0.646354166667,0.228645833333,0.081770833333,0.125000000000,0.125000000000,11.216666666667,257;306;315,0.354253472222,0.645746527778,0.229253472222,0.085781250000,0.147083333333,42.625000000000,18.000000000000,0.208333333333,0.208333333333,0.160416666667,0.208194444444,0.208194444444,0.149814814815,0.000000000000,1.588042577552,0.581250000000,0.537500000000,0.543750000000,1.693023620999,0.400000000000,0.281250000000,0.293750000000,1.741530943609,0.331250000000,0.206250000000,0.202083333333,1.773066600819,0.275000000000,0.125000000000,0.160416666667,1.749586640571,0.312500000000,0.118750000000,0.127083333333
kv_delayed_hard,26,1800,8,145,160,160,51,1.791759469228,2.610401923251,2.262902519102,1.234002267232,1.329657545188,0.637500000000,0.643750000000,107.000000000000,1.000000000000,0.369607843137,1.000000000000,2.041089947991,1.355295051535,1280;1280;1280;1280;1280;1280;480,entity:640;640;640;640;640;640;0|value:640;640;640;640;640;640;0|filler:0;0;0;0;0;0;0|query_marker:0;0;0;0;0;0;160|query_entity:0;0;0;0;0;0;160|context:0;0;0;0;0;0;160,kv_delayed_hard,0.000000000000,0,2.041089947991,1.355295051535,0.000000000000,0.000000000000,0.000000000000,0.000000000000,14400,0.000000000000,0.705174402988,0.692664836893,0.565019328498,0.584616267283,0.337478301291,0.330964688302,0.024719669201,0.070103741165,0.612780330799,0.600280638587,0.421882996064,0.405283891724,67;50;43,1520;778;718,0.000000000000,0.439296472537,0.000000000000,2.000000000000,0.100000000000,1350,0.000000000000,0.433396017497,0.000000000000,0.392708333333,0.607291666667,0.267708333333,0.029947916667,0.606250000000,0.606250000000,16.183333333333,600;229;199,0.407135416667,0.592864583333,0.282135416667,0.036770833333,0.582083333333,42.625000000000,18.000000000000,0.278819444444,0.278819444444,0.627083333333,0.293024691358,0.293024691358,0.580740740741,0.000000000000,1.075148688389,0.743750000000,0.687500000000,0.695833333333,1.122342050586,0.725000000000,0.656250000000,0.658333333333,1.303340742864,0.656250000000,0.562500000000,0.535416666667,1.329657545188,0.643750000000,0.606250000000,0.627083333333,1.288745542171,0.656250000000,0.550000000000,0.587500000000
kv_delayed_annealed_direct,26,1800,8,145,160,160,51,1.791759469228,2.615849867869,2.246639202829,0.996367590145,1.053200420004,0.731250000000,0.737500000000,107.000000000000,1.000000000000,0.357107843137,1.000000000000,2.318937466652,1.209323780277,1280;1280;1280;1280;1280;1280;480,entity:640;640;640;640;640;640;0|value:640;640;640;640;640;640;0|filler:0;0;0;0;0;0;0|query_marker:0;0;0;0;0;0;160|query_entity:0;0;0;0;0;0;160|context:0;0;0;0;0;0;160,kv_delayed_annealed_direct,0.000000000000,0,2.318937466652,1.209323780277,0.000000000000,0.000000000000,0.000000000000,0.000000000000,14400,0.000000000000,0.693192067482,0.680552775389,0.448838065758,0.451628615626,0.331216863929,0.324676520554,0.017168094663,0.062971814653,0.748418094663,0.734812128708,0.562644790240,0.551964706190,65;42;53,964;926;1024,0.000000000000,0.398078425094,0.000000000000,2.000000000000,0.100000000000,1350,0.000000000000,0.417492494171,0.000000000000,0.379427083333,0.620572916667,0.254427083333,0.031770833333,0.700000000000,0.700000000000,15.045833333333,322;303;352,0.402222222222,0.597777777778,0.277222222222,0.033767361111,0.670833333333,42.625000000000,18.000000000000,0.296875000000,0.296875000000,0.700000000000,0.321342592593,0.321342592593,0.674722222222,0.000000000000,1.016818002989,0.750000000000,0.693750000000,0.712500000000,0.863862307840,0.806250000000,0.743750000000,0.743750000000,1.253285092850,0.668750000000,0.618750000000,0.618750000000,1.053200420004,0.737500000000,0.700000000000,0.700000000000,0.947430842327,0.775000000000,0.700000000000,0.700000000000
kv_delayed_annealed_curriculum,26,1800,8,145,160,160,51,1.791759469228,2.615849867869,2.246639202829,1.040070656328,0.960474216319,0.725000000000,0.768750000000,107.000000000000,1.000000000000,0.339215686275,1.000000000000,1.326915433937,1.043840632732,1280;1280;1280;1280;1280;1280;480,entity:640;640;640;640;640;640;0|value:640;640;640;640;640;640;0|filler:0;0;0;0;0;0;0|query_marker:0;0;0;0;0;0;160|query_entity:0;0;0;0;0;0;160|context:0;0;0;0;0;0;160,kv_delayed_annealed_curriculum,0.000000000000,0,1.326915433937,1.043840632732,0.000000000000,0.000000000000,0.000000000000,0.000000000000,14400,0.000000000000,0.693192067482,0.680552775389,0.460015176750,0.406915645302,0.331216863929,0.324676520554,0.001828112947,0.048633582237,0.726828112947,0.720116417763,0.541945933997,0.563993847190,73;39;48,886;914;968,0.000000000000,0.409451211217,0.000000000000,2.000000000000,0.100000000000,1350,0.000000000000,0.442624666279,0.000000000000,0.360416666667,0.639583333333,0.235416666667,0.035677083333,0.700000000000,0.700000000000,15.156250000000,283;297;324,0.377968750000,0.622031250000,0.252968750000,0.040329861111,0.672083333333,42.625000000000,18.000000000000,0.266319444444,0.266319444444,0.700000000000,0.288333333333,0.288333333333,0.668333333333,0.000000000000,0.911108362922,0.781250000000,0.712500000000,0.743750000000,0.836030373663,0.812500000000,0.743750000000,0.743750000000,1.161087358549,0.693750000000,0.618750000000,0.618750000000,0.960474216319,0.768750000000,0.700000000000,0.700000000000,0.848209477962,0.806250000000,0.700000000000,0.700000000000
kv_delayed_oracle,27,1800,8,120,160,160,51,1.791759469228,0.037368646156,0.031821841889,0.003745305284,0.003812705128,1.000000000000,1.000000000000,72.000000000000,1.000000000000,0.117647058824,1.000000000000,0.019990883310,0.003745726291,1280;1280;1280;1280;1280;1280;480,entity:640;640;640;640;640;640;0|value:640;640;640;640;640;640;0|filler:0;0;0;0;0;0;0|query_marker:0;0;0;0;0;0;160|query_entity:0;0;0;0;0;0;160|context:0;0;0;0;0;0;160,kv_delayed_oracle,0.000000000000,0,0.019990883310,0.003745726291,0.000000000000,0.000000000000,0.000000000000,0.000000000000,14400,0.000000000000,0.002437252786,0.001960497141,0.000016825446,0.000017426660,0.036488706206,0.031124100619,0.003738281745,0.003805431041,0.996261718255,0.996194568959,0.996261718255,0.996194568959,56;54;50,320;320;320,0.000000000000,0.000000000000,0.000000000000,2.000000000000,0.100000000000,1350,0.000000000000,0.000000000000,0.000000000000,0.125000000000,0.875000000000,0.000000000000,0.000000000000,1.000000000000,1.000000000000,20.570833333333,0;0;0,0.125000000000,0.875000000000,0.000000000000,0.000000000000,1.000000000000,43.337500000000,18.000000000000,0.000000000000,0.000000000000,1.000000000000,0.000000000000,0.000000000000,1.000000000000,0.000000000000,0.003805145207,1.000000000000,1.000000000000,1.000000000000,0.003815081123,1.000000000000,1.000000000000,1.000000000000,0.003788414737,1.000000000000,1.000000000000,1.000000000000,0.003812705128,1.000000000000,1.000000000000,1.000000000000,0.003815513164,1.000000000000,1.000000000000,1.000000000000
kv_delayed_fifo,27,1800,8,120,160,160,51,1.791759469228,5.215991809910,5.368702821921,1.794616478343,1.793408657715,0.187500000000,0.206250000000,72.000000000000,1.000000000000,0.941176470588,1.000000000000,5.782778770718,1.788358672040,1280;1280;1280;1280;1280;1280;480,entity:640;640;640;640;640;640;0|value:640;640;640;640;640;640;0|filler:0;0;0;0;0;0;0|query_marker:0;0;0;0;0;0;160|query_entity:0;0;0;0;0;0;160|context:0;0;0;0;0;0;160,kv_delayed_fifo,0.000000000000,0,5.782778770718,1.788358672040,0.000000000000,0.000000000000,0.000000000000,0.000000000000,14400,0.000000000000,1.558228681234,1.518581190371,0.834236987205,0.833808006840,0.778297483056,0.756073160061,0.014358219624,0.033316397252,0.173141780376,0.172933602748,0.166365949402,0.166572975627,89;47;24,2560;2560;2560,0.000000000000,0.000000000000,0.000000000000,2.000000000000,0.100000000000,1350,0.000000000000,0.000000000000,0.000000000000,1.000000000000,0.000000000000,0.875000000000,0.125000000000,0.000000000000,0.000000000000,1.000000000000,1120;1120;1120,1.000000000000,0.000000000000,0.875000000000,0.125000000000,0.000000000000,43.337500000000,18.000000000000,1.000000000000,1.000000000000,0.000000000000,1.000000000000,1.000000000000,0.000000000000,0.000000000000,1.778341623154,0.568750000000,0.518750000000,0.522916666667,1.800876061309,0.181250000000,0.000000000000,0.000000000000,1.791641190943,0.262500000000,0.000000000000,0.000000000000,1.793408657715,0.206250000000,0.000000000000,0.000000000000,1.801996244146,0.175000000000,0.000000000000,0.000000000000
kv_delayed_reservoir,27,1800,8,120,160,160,51,1.791759469228,4.871399676594,4.557760832611,1.767245085080,1.759886106449,0.268750000000,0.306250000000,72.000000000000,1.000000000000,0.349019607843,1.000000000000,5.348500723328,1.736033461743,1280;1280;1280;1280;1280;1280;480,entity:640;640;640;640;640;640;0|value:640;640;640;640;640;640;0|filler:0;0;0;0;0;0;0|query_marker:0;0;0;0;0;0;160|query_entity:0;0;0;0;0;0;160|context:0;0;0;0;0;0;160,kv_delayed_reservoir,0.000000000000,0,5.348500723328,1.736033461743,0.000000000000,0.000000000000,0.000000000000,0.000000000000,14400,0.000000000000,1.405190491651,1.330575776832,0.823133058845,0.818702547732,0.696695015458,0.658416871672,0.018445501486,0.055791462780,0.250304498514,0.250458537220,0.177436690154,0.179636803827,71;37;52,932;1106;810,0.000000000000,0.000000000000,0.000000000000,2.000000000000,0.100000000000,1350,0.000000000000,0.000000000000,0.000000000000,0.370833333333,0.629166666667,0.245833333333,0.083072916667,0.112500000000,0.112500000000,11.304166666667,306;393;245,0.366770833333,0.633229166667,0.241770833333,0.081597222222,0.120416666667,43.337500000000,18.000000000000,0.230902777778,0.230902777778,0.120833333333,0.225200617284,0.225200617284,0.122685185185,0.000000000000,1.636340679663,0.506250000000,0.443750000000,0.500000000000,1.715075289295,0.375000000000,0.231250000000,0.237500000000,1.742443970589,0.312500000000,0.137500000000,0.143750000000,1.759886106449,0.306250000000,0.112500000000,0.120833333333,1.806619433990,0.262500000000,0.125000000000,0.087500000000
kv_delayed_hard,27,1800,8,145,160,160,51,1.791759469228,5.372801113635,5.530058585179,1.793054133581,1.799059553513,0.200000000000,0.181250000000,107.000000000000,1.000000000000,0.461764705882,1.000000000000,5.199761464579,1.788308481523,1280;1280;1280;1280;1280;1280;480,entity:640;640;640;640;640;640;0|value:640;640;640;640;640;640;0|filler:0;0;0;0;0;0;0|query_marker:0;0;0;0;0;0;160|query_entity:0;0;0;0;0;0;160|context:0;0;0;0;0;0;160,kv_delayed_hard,0.000000000000,0,5.199761464579,1.788308481523,0.000000000000,0.000000000000,0.000000000000,0.000000000000,14400,0.000000000000,1.538356759995,1.571463873033,0.833731100051,0.835708794969,0.765749560241,0.783764159411,0.025283380560,0.006349319936,0.174716619440,0.174900680064,0.166585304641,0.165599204686,137;18;5,2120;822;826,0.000000000000,0.600596676302,0.000000000000,2.000000000000,0.100000000000,1350,0.000000000000,0.608709754714,0.000000000000,0.490625000000,0.509375000000,0.365625000000,0.080208333333,0.050000000000,0.050000000000,11.947916666667,900;251;253,0.495677083333,0.504322916667,0.370677083333,0.081579861111,0.035833333333,43.337500000000,18.000000000000,0.405208333333,0.405208333333,0.060416666667,0.408580246914,0.408580246914,0.042500000000,0.000000000000,1.772101699141,0.462500000000,0.387500000000,0.402083333333,1.792888177312,0.250000000000,0.112500000000,0.114583333333,1.791822188711,0.268750000000,0.081250000000,0.060416666667,1.799059553513,0.181250000000,0.050000000000,0.060416666667,1.798387318208,0.225000000000,0.043750000000,0.045833333333
kv_delayed_annealed_direct,27,1800,8,145,160,160,51,1.791759469228,5.330379434813,5.615204217018,1.795342926989,1.795678803606,0.187500000000,0.162500000000,107.000000000000,1.000000000000,0.680637254902,1.000000000000,5.294901514450,1.789604595383,1280;1280;1280;1280;1280;1280;480,entity:640;640;640;640;640;640;0|value:640;640;640;640;640;640;0|filler:0;0;0;0;0;0;0|query_marker:0;0;0;0;0;0;160|query_entity:0;0;0;0;0;0;160|context:0;0;0;0;0;0;160,kv_delayed_annealed_direct,0.000000000000,0,5.294901514450,1.789604595383,0.000000000000,0.000000000000,0.000000000000,0.000000000000,14400,0.000000000000,1.525168338134,1.594231799049,0.834460231682,0.834600611113,0.759104648280,0.795461299485,0.016134251960,0.008702610334,0.171365748040,0.171202610334,0.166180702214,0.166106431654,129;23;8,1936;1772;1846,0.000000000000,0.756308841788,0.000000000000,2.000000000000,0.100000000000,1350,0.000000000000,0.783881906748,0.000000000000,0.723177083333,0.276822916667,0.598177083333,0.084114583333,0.000000000000,0.000000000000,3.229166666667,808;726;763,0.736927083333,0.263072916667,0.611927083333,0.083802083333,0.000833333333,43.337500000000,18.000000000000,0.695486111111,0.695486111111,0.000000000000,0.712916666667,0.712916666667,0.000277777778,0.000000000000,1.788743562895,0.400000000000,0.262500000000,0.287500000000,1.796583609765,0.193750000000,0.018750000000,0.008333333333,1.794340794138,0.212500000000,0.000000000000,0.000000000000,1.795678803606,0.162500000000,0.000000000000,0.000000000000,1.796039834106,0.175000000000,0.000000000000,0.000000000000
kv_delayed_annealed_curriculum,27,1800,8,145,160,160,51,1.791759469228,5.330379434813,5.615204217018,0.849101749645,1.193773553654,0.787500000000,0.725000000000,107.000000000000,1.000000000000,0.399754901961,1.000000000000,3.151911074597,1.328106890911,1280;1280;1280;1280;1280;1280;480,entity:640;640;640;640;640;640;0|value:640;640;640;640;640;640;0|filler:0;0;0;0;0;0;0|query_marker:0;0;0;0;0;0;160|query_entity:0;0;0;0;0;0;160|context:0;0;0;0;0;0;160,kv_delayed_annealed_curriculum,0.000000000000,0,3.151911074597,1.328106890911,0.000000000000,0.000000000000,0.000000000000,0.000000000000,14400,0.000000000000,1.525168338134,1.594231799049,0.376415708953,0.477211887363,0.759104648280,0.795461299485,0.074198282762,0.042222275527,0.713860742032,0.692362358770,0.578017841060,0.513064490539,76;50;34,1118;1072;1072,0.000000000000,0.440202838385,0.000000000000,2.000000000000,0.100000000000,1350,0.000000000000,0.430144483483,0.000000000000,0.424739583333,0.575260416667,0.299739583333,0.037239583333,0.650000000000,0.650000000000,14.264583333333,399;376;376,0.410104166667,0.589895833333,0.285104166667,0.035416666667,0.667083333333,43.337500000000,18.000000000000,0.350000000000,0.350000000000,0.650000000000,0.333611111111,0.333611111111,0.666388888889,0.000000000000,1.050551277556,0.775000000000,0.756250000000,0.750000000000,1.280485281861,0.681250000000,0.625000000000,0.625000000000,1.342459305648,0.675000000000,0.600000000000,0.600000000000,1.193773553654,0.725000000000,0.650000000000,0.650000000000,1.276023984917,0.700000000000,0.625000000000,0.625000000000
kv_delayed_oracle,28,1800,8,120,160,160,51,1.791759469228,0.067823469046,0.085601688387,0.003729849496,0.003734835308,1.000000000000,1.000000000000,72.000000000000,1.000000000000,0.117647058824,1.000000000000,0.043437026078,0.003744942978,1280;1280;1280;1280;1280;1280;480,entity:640;640;640;640;640;640;0|value:640;640;640;640;640;640;0|filler:0;0;0;0;0;0;0|query_marker:0;0;0;0;0;0;160|query_entity:0;0;0;0;0;0;160|context:0;0;0;0;0;0;160,kv_delayed_oracle,0.000000000000,0,0.043437026078,0.003744942978,0.000000000000,0.000000000000,0.000000000000,0.000000000000,14400,0.000000000000,0.008306553005,0.011183009004,0.000016637340,0.000016683857,0.064717429812,0.081333165913,0.003722900770,0.003727867082,0.996277099230,0.996272132918,0.996277099230,0.996272132918,51;62;47,320;320;320,0.000000000000,0.000000000000,0.000000000000,2.000000000000,0.100000000000,1350,0.000000000000,0.000000000000,0.000000000000,0.125000000000,0.875000000000,0.000000000000,0.000000000000,1.000000000000,1.000000000000,20.535416666667,0;0;0,0.125000000000,0.875000000000,0.000000000000,0.000000000000,1.000000000000,43.150000000000,18.000000000000,0.000000000000,0.000000000000,1.000000000000,0.000000000000,0.000000000000,1.000000000000,0.000000000000,0.003733913274,1.000000000000,1.000000000000,1.000000000000,0.003732930101,1.000000000000,1.000000000000,1.000000000000,0.003717818537,1.000000000000,1.000000000000,1.000000000000,0.003734835308,1.000000000000,1.000000000000,1.000000000000,0.003727970204,1.000000000000,1.000000000000,1.000000000000
kv_delayed_fifo,28,1800,8,120,160,160,51,1.791759469228,5.028949709548,4.688331564149,1.795149342693,1.793690779262,0.175000000000,0.193750000000,72.000000000000,1.000000000000,0.941176470588,1.000000000000,4.178232957888,1.792911859923,1280;1280;1280;1280;1280;1280;480,entity:640;640;640;640;640;640;0|value:640;640;640;640;640;640;0|filler:0;0;0;0;0;0;0|query_marker:0;0;0;0;0;0;160|query_entity:0;0;0;0;0;0;160|context:0;0;0;0;0;0;160,kv_delayed_fifo,0.000000000000,0,4.178232957888,1.792911859923,0.000000000000,0.000000000000,0.000000000000,0.000000000000,14400,0.000000000000,1.521652911867,1.486818561754,0.834453607446,0.833935230089,0.755301020456,0.735147320872,0.003290038451,0.021737945339,0.171709961549,0.172012054661,0.166207314813,0.166472705662,83;49;28,2560;2560;2560,0.000000000000,0.000000000000,0.000000000000,2.000000000000,0.100000000000,1350,0.000000000000,0.000000000000,0.000000000000,1.000000000000,0.000000000000,0.875000000000,0.125000000000,0.000000000000,0.000000000000,1.000000000000,1120;1120;1120,1.000000000000,0.000000000000,0.875000000000,0.125000000000,0.000000000000,43.150000000000,18.000000000000,1.000000000000,1.000000000000,0.000000000000,1.000000000000,1.000000000000,0.000000000000,0.000000000000,1.779874663771,0.575000000000,0.462500000000,0.520833333333,1.796601968956,0.187500000000,0.000000000000,0.000000000000,1.791010940259,0.181250000000,0.000000000000,0.000000000000,1.793690779262,0.193750000000,0.000000000000,0.000000000000,1.799955754793,0.168750000000,0.000000000000,0.000000000000
kv_delayed_reservoir,28,1800,8,120,160,160,51,1.791759469228,4.565555802210,4.533981587400,1.775070219465,1.797431606320,0.268750000000,0.206250000000,72.000000000000,1.000000000000,0.392647058824,1.000000000000,4.801946180189,1.791435984382,1280;1280;1280;1280;1280;1280;480,entity:640;640;640;640;640;640;0|value:640;640;640;640;640;640;0|filler:0;0;0;0;0;0;0|query_marker:0;0;0;0;0;0;160|query_entity:0;0;0;0;0;0;160|context:0;0;0;0;0;0;160,kv_delayed_reservoir,0.000000000000,0,4.801946180189,1.791435984382,0.000000000000,0.000000000000,0.000000000000,0.000000000000,14400,0.000000000000,1.346723168564,1.457435562921,0.827277445973,0.835179852532,0.659639038130,0.718639221493,0.055994446237,0.005722105382,0.212755553763,0.211972105382,0.172297961201,0.168369775503,82;42;36,1042;986;1176,0.000000000000,0.000000000000,0.000000000000,2.000000000000,0.100000000000,1350,0.000000000000,0.000000000000,0.000000000000,0.417187500000,0.582812500000,0.292187500000,0.094270833333,0.043750000000,0.043750000000,9.808333333333,361;333;428,0.416024305556,0.583975694444,0.291024305556,0.094322916667,0.072083333333,43.150000000000,18.000000000000,0.285416666667,0.285416666667,0.058333333333,0.281311728395,0.281311728395,0.077037037037,0.000000000000,1.670284866750,0.593750000000,0.525000000000,0.506250000000,1.754388274041,0.375000000000,0.218750000000,0.216666666667,1.763983445959,0.275000000000,0.106250000000,0.108333333333,1.797431606320,0.206250000000,0.043750000000,0.058333333333,1.769795107120,0.287500000000,0.056250000000,0.041666666667
kv_delayed_hard,28,1800,8,145,160,160,51,1.791759469228,3.884529058748,3.962153456164,1.636824783837,1.767003935245,0.400000000000,0.343750000000,107.000000000000,1.000000000000,0.582843137255,1.000000000000,3.467265846433,1.712236505655,1280;1280;1280;1280;1280;1280;480,entity:640;640;640;640;640;640;0|value:640;640;640;640;640;640;0|filler:0;0;0;0;0;0;0|query_marker:0;0;0;0;0;0;160|query_entity:0;0;0;0;0;0;160|context:0;0;0;0;0;0;160,kv_delayed_hard,0.000000000000,0,3.467265846433,1.712236505655,0.000000000000,0.000000000000,0.000000000000,0.000000000000,14400,0.000000000000,1.116752892406,1.227081279914,0.767986551989,0.814483739986,0.532289982421,0.597660975593,0.043099426999,0.013655460081,0.372535370371,0.357405460081,0.227173516139,0.199958235543,72;54;34,2422;1606;728,0.000000000000,0.731584953793,0.000000000000,2.000000000000,0.100000000000,1350,0.000000000000,0.713662826370,0.000000000000,0.619270833333,0.380729166667,0.494270833333,0.063281250000,0.300000000000,0.300000000000,12.862500000000,1051;643;204,0.610173611111,0.389826388889,0.485173611111,0.065868055556,0.299583333333,43.150000000000,18.000000000000,0.559027777778,0.559027777778,0.291666666667,0.546450617284,0.546450617284,0.286018518519,0.000000000000,1.602842088192,0.512500000000,0.425000000000,0.416666666667,1.700229253598,0.425000000000,0.287500000000,0.285416666667,1.645620930300,0.450000000000,0.318750000000,0.272916666667,1.767003935245,0.343750000000,0.300000000000,0.291666666667,1.644640453115,0.462500000000,0.343750000000,0.272916666667
kv_delayed_annealed_direct,28,1800,8,145,160,160,51,1.791759469228,3.979685965903,3.843595932706,1.042180386090,1.139692068886,0.718750000000,0.731250000000,107.000000000000,1.000000000000,0.365441176471,1.000000000000,3.703204703511,1.219786674101,1280;1280;1280;1280;1280;1280;480,entity:640;640;640;640;640;640;0|value:640;640;640;640;640;640;0|filler:0;0;0;0;0;0;0|query_marker:0;0;0;0;0;0;160|query_entity:0;0;0;0;0;0;160|context:0;0;0;0;0;0;160,kv_delayed_annealed_direct,0.000000000000,0,3.703204703511,1.219786674101,0.000000000000,0.000000000000,0.000000000000,0.000000000000,14400,0.000000000000,1.152212166299,1.212941376109,0.467050891182,0.466267634305,0.551601016761,0.590213574392,0.035202344841,0.056839575617,0.722063804592,0.705317817785,0.537708957142,0.526801130716,66;57;37,994;1018;970,0.000000000000,0.395320425540,0.000000000000,2.000000000000,0.100000000000,1350,0.000000000000,0.416536205802,0.000000000000,0.388281250000,0.611718750000,0.263281250000,0.035677083333,0.687500000000,0.687500000000,14.947916666667,337;349;325,0.404791666667,0.595208333333,0.279791666667,0.038125000000,0.670833333333,43.150000000000,18.000000000000,0.303472222222,0.303472222222,0.687500000000,0.323209876543,0.323209876543,0.670555555556,0.000000000000,1.048983399914,0.762500000000,0.725000000000,0.741666666667,1.173628413239,0.731250000000,0.650000000000,0.650000000000,1.102458220449,0.750000000000,0.687500000000,0.687500000000,1.139692068886,0.731250000000,0.687500000000,0.687500000000,1.123260761462,0.737500000000,0.687500000000,0.687500000000
kv_delayed_annealed_curriculum,28,1800,8,145,160,160,51,1.791759469228,3.979685965903,3.843595932706,0.960005529514,1.052687641155,0.743750000000,0.750000000000,107.000000000000,1.000000000000,0.339950980392,1.000000000000,3.122414551301,0.769375392814,1280;1280;1280;1280;1280;1280;480,entity:640;640;640;640;640;640;0|value:640;640;640;640;640;640;0|filler:0;0;0;0;0;0;0|query_marker:0;0;0;0;0;0;160|query_entity:0;0;0;0;0;0;160|context:0;0;0;0;0;0;160,kv_delayed_annealed_curriculum,0.000000000000,0,3.122414551301,0.769375392814,0.000000000000,0.000000000000,0.000000000000,0.000000000000,14400,0.000000000000,1.152212166299,1.212941376109,0.432005164421,0.442974079810,0.551601016761,0.590213574392,0.020858560382,0.079143362457,0.722891439618,0.706048876477,0.553959120133,0.537246408223,65;54;41,952;948;874,0.000000000000,0.420347830577,0.000000000000,2.000000000000,0.100000000000,1350,0.000000000000,0.461965791661,0.000000000000,0.361197916667,0.638802083333,0.236197916667,0.038541666667,0.693750000000,0.693750000000,15.293750000000,316;314;277,0.384114583333,0.615885416667,0.259114583333,0.042013888889,0.662083333333,43.150000000000,18.000000000000,0.262847222222,0.262847222222,0.691666666667,0.284182098765,0.284182098765,0.667962962963,0.000000000000,0.770825408573,0.843750000000,0.831250000000,0.829166666667,1.109004430470,0.731250000000,0.656250000000,0.660416666667,1.003812036441,0.768750000000,0.693750000000,0.695833333333,1.052687641155,0.750000000000,0.693750000000,0.691666666667,1.058834233343,0.743750000000,0.687500000000,0.693750000000
kv_delayed_oracle,29,1800,8,120,160,160,51,1.791759469228,0.051194615988,0.041282353943,0.003731805049,0.003810713234,1.000000000000,1.000000000000,72.000000000000,1.000000000000,0.117647058824,1.000000000000,0.025770061584,0.003778250799,1280;1280;1280;1280;1280;1280;480,entity:640;640;640;640;640;640;0|value:640;640;640;640;640;640;0|filler:0;0;0;0;0;0;0|query_marker:0;0;0;0;0;0;160|query_entity:0;0;0;0;0;0;160|context:0;0;0;0;0;0;160,kv_delayed_oracle,0.000000000000,0,0.025770061584,0.003778250799,0.000000000000,0.000000000000,0.000000000000,0.000000000000,14400,0.000000000000,0.006502343013,0.004840791660,0.000016748785,0.000017475765,0.049052334546,0.039673212297,0.003724817760,0.003803423145,0.996275182240,0.996196576855,0.996275182240,0.996196576855,51;54;55,320;320;320,0.000000000000,0.000000000000,0.000000000000,2.000000000000,0.100000000000,1350,0.000000000000,0.000000000000,0.000000000000,0.125000000000,0.875000000000,0.000000000000,0.000000000000,1.000000000000,1.000000000000,20.506250000000,0;0;0,0.125000000000,0.875000000000,0.000000000000,0.000000000000,1.000000000000,42.800000000000,18.000000000000,0.000000000000,0.000000000000,1.000000000000,0.000000000000,0.000000000000,1.000000000000,0.000000000000,0.003751726694,1.000000000000,1.000000000000,1.000000000000,0.003777661526,1.000000000000,1.000000000000,1.000000000000,0.003834436725,1.000000000000,1.000000000000,1.000000000000,0.003810713234,1.000000000000,1.000000000000,1.000000000000,0.003743833230,1.000000000000,1.000000000000,1.000000000000
kv_delayed_fifo,29,1800,8,120,160,160,51,1.791759469228,4.434081754385,4.430391638243,1.792033887102,1.791533505751,0.212500000000,0.243750000000,72.000000000000,1.000000000000,0.941176470588,1.000000000000,4.303600451408,1.792197660323,1280;1280;1280;1280;1280;1280;480,entity:640;640;640;640;640;640;0|value:640;640;640;640;640;640;0|filler:0;0;0;0;0;0;0|query_marker:0;0;0;0;0;0;160|query_entity:0;0;0;0;0;0;160|context:0;0;0;0;0;0;160,kv_delayed_fifo,0.000000000000,0,4.303600451408,1.792197660323,0.000000000000,0.000000000000,0.000000000000,0.000000000000,14400,0.000000000000,1.500323304066,1.442089007901,0.833415899790,0.833224808551,0.744797897164,0.715337738223,0.041160406768,0.073232051474,0.171339593232,0.170517948526,0.166693546543,0.166780279597,84;50;26,2560;2560;2560,0.000000000000,0.000000000000,0.000000000000,2.000000000000,0.100000000000,1350,0.000000000000,0.000000000000,0.000000000000,1.000000000000,0.000000000000,0.875000000000,0.125000000000,0.000000000000,0.000000000000,1.000000000000,1120;1120;1120,1.000000000000,0.000000000000,0.875000000000,0.125000000000,0.000000000000,42.800000000000,18.000000000000,1.000000000000,1.000000000000,0.000000000000,1.000000000000,1.000000000000,0.000000000000,0.000000000000,1.777907255454,0.606250000000,0.487500000000,0.493750000000,1.789740675517,0.262500000000,0.000000000000,0.000000000000,1.795307347563,0.206250000000,0.000000000000,0.000000000000,1.791533505751,0.243750000000,0.000000000000,0.000000000000,1.793603888065,0.175000000000,0.000000000000,0.000000000000
kv_delayed_reservoir,29,1800,8,120,160,160,51,1.791759469228,3.639362125558,3.963772326070,1.717943300353,1.751916206170,0.350000000000,0.312500000000,72.000000000000,1.000000000000,0.362009803922,1.000000000000,3.711251916989,1.769083822322,1280;1280;1280;1280;1280;1280;480,entity:640;640;640;640;640;640;0|value:640;640;640;640;640;640;0|filler:0;0;0;0;0;0;0|query_marker:0;0;0;0;0;0;160|query_entity:0;0;0;0;0;0;160|context:0;0;0;0;0;0;160,kv_delayed_reservoir,0.000000000000,0,3.711251916989,1.769083822322,0.000000000000,0.000000000000,0.000000000000,0.000000000000,14400,0.000000000000,1.231508304728,1.306567787219,0.805220928975,0.817606348238,0.600511061093,0.640857324364,0.105503476917,0.067382072389,0.244496523083,0.245117927611,0.185207990100,0.179017385638,81;41;38,948;1182;824,0.000000000000,0.000000000000,0.000000000000,2.000000000000,0.100000000000,1350,0.000000000000,0.000000000000,0.000000000000,0.384635416667,0.615364583333,0.259635416667,0.096614583333,0.087500000000,0.087500000000,11.816666666667,314;431;252,0.388958333333,0.611041666667,0.263958333333,0.096319444444,0.135833333333,42.800000000000,18.000000000000,0.219791666667,0.219791666667,0.133333333333,0.228256172840,0.228256172840,0.137870370370,0.000000000000,1.565992117330,0.650000000000,0.556250000000,0.514583333333,1.682376381560,0.431250000000,0.293750000000,0.291666666667,1.727968520727,0.356250000000,0.156250000000,0.172916666667,1.751916206170,0.312500000000,0.087500000000,0.133333333333,1.755937445581,0.281250000000,0.112500000000,0.114583333333
kv_delayed_hard,29,1800,8,145,160,160,51,1.791759469228,3.439121052030,3.574872352599,1.656412767672,1.659732336777,0.393750000000,0.393750000000,107.000000000000,1.000000000000,0.397794117647,1.000000000000,3.559499915737,1.724110627227,1280;1280;1280;1280;1280;1280;480,entity:640;640;640;640;640;640;0|value:640;640;640;640;640;640;0|filler:0;0;0;0;0;0;0|query_marker:0;0;0;0;0;0;160|query_entity:0;0;0;0;0;0;160|context:0;0;0;0;0;0;160,kv_delayed_hard,0.000000000000,0,3.559499915737,1.724110627227,0.000000000000,0.000000000000,0.000000000000,0.000000000000,14400,0.000000000000,1.151756066146,1.151633135468,0.777277913562,0.779322927688,0.554112531458,0.557905480132,0.070500814880,0.073910315120,0.323249185120,0.319839684880,0.210794859283,0.209092061656,123;23;14,1834;738;674,0.000000000000,0.439139507748,0.000000000000,2.000000000000,0.100000000000,1350,0.000000000000,0.455482414874,0.000000000000,0.422656250000,0.577343750000,0.297656250000,0.081510416667,0.200000000000,0.200000000000,12.933333333333,757;209;177,0.433680555556,0.566319444444,0.308680555556,0.077760416667,0.195000000000,42.800000000000,18.000000000000,0.320138888889,0.320138888889,0.202083333333,0.333734567901,0.333734567901,0.196111111111,0.000000000000,1.396722747920,0.700000000000,0.618750000000,0.627083333333,1.599337599082,0.475000000000,0.312500000000,0.322916666667,1.662257170683,0.375000000000,0.206250000000,0.222916666667,1.659732336777,0.393750000000,0.200000000000,0.202083333333,1.719058444525,0.331250000000,0.187500000000,0.206250000000
kv_delayed_annealed_direct,29,1800,8,145,160,160,51,1.791759469228,3.498291124365,3.532221614854,0.955051648259,1.266905836450,0.756250000000,0.681250000000,107.000000000000,1.000000000000,0.357843137255,1.000000000000,3.473579682800,1.041035477097,1280;1280;1280;1280;1280;1280;480,entity:640;640;640;640;640;640;0|value:640;640;640;640;640;640;0|filler:0;0;0;0;0;0;0|query_marker:0;0;0;0;0;0;160|query_entity:0;0;0;0;0;0;160|context:0;0;0;0;0;0;160,kv_delayed_annealed_direct,0.000000000000,0,3.473579682800,1.041035477097,0.000000000000,0.000000000000,0.000000000000,0.000000000000,14400,0.000000000000,1.170499941425,1.139623541727,0.425166612820,0.532541960778,0.565500187037,0.552643096675,0.064844832996,0.082944358357,0.722354601300,0.704305327992,0.557812019142,0.492163021563,76;43;41,976;992;952,0.000000000000,0.437552742356,0.000000000000,2.000000000000,0.100000000000,1350,0.000000000000,0.391255924549,0.000000000000,0.380208333333,0.619791666667,0.255208333333,0.049739583333,0.600000000000,0.600000000000,13.795833333333,328;336;316,0.347222222222,0.652777777778,0.222222222222,0.042309027778,0.661250000000,42.800000000000,18.000000000000,0.280902777778,0.280902777778,0.602083333333,0.248441358025,0.248441358025,0.660462962963,0.000000000000,0.800828459275,0.843750000000,0.800000000000,0.822916666667,1.091442145509,0.743750000000,0.693750000000,0.685416666667,1.250792754245,0.687500000000,0.631250000000,0.631250000000,1.266905836450,0.681250000000,0.600000000000,0.602083333333,1.071826979534,0.750000000000,0.712500000000,0.712500000000
kv_delayed_annealed_curriculum,29,1800,8,145,160,160,51,1.791759469228,3.498291124365,3.532221614854,0.003858028709,0.003899157026,1.000000000000,1.000000000000,107.000000000000,1.000000000000,0.148774509804,1.000000000000,1.597558815697,0.003868871550,1280;1280;1280;1280;1280;1280;480,entity:640;640;640;640;640;640;0|value:640;640;640;640;640;640;0|filler:0;0;0;0;0;0;0|query_marker:0;0;0;0;0;0;160|query_entity:0;0;0;0;0;0;160|context:0;0;0;0;0;0;160,kv_delayed_annealed_curriculum,0.000000000000,0,1.597558815697,0.003868871550,0.000000000000,0.000000000000,0.000000000000,0.000000000000,14400,0.000000000000,1.170499941425,1.139623541727,0.000017815048,0.000018201356,0.565500187037,0.552643096675,0.003850589179,0.003891555718,0.996149410821,0.996108444282,0.996149410821,0.996108444282,47;63;50,414;400;400,0.000000000000,0.133916662095,0.000000000000,2.000000000000,0.100000000000,1350,0.000000000000,0.137151378078,0.000000000000,0.158072916667,0.841927083333,0.033072916667,0.000000000000,1.000000000000,1.000000000000,20.506250000000,47;40;40,0.155538194444,0.844461805556,0.030538194444,0.000000000000,1.000000000000,42.800000000000,18.000000000000,0.000000000000,0.000000000000,1.000000000000,0.000000000000,0.000000000000,1.000000000000,0.000000000000,0.003873534044,1.000000000000,1.000000000000,1.000000000000,0.003883400438,1.000000000000,1.000000000000,1.000000000000,0.003910094477,1.000000000000,1.000000000000,1.000000000000,0.003899157026,1.000000000000,1.000000000000,1.000000000000,0.003870882563,1.000000000000,1.000000000000,1.000000000000
