seed,intervention,holdout_nll,holdout_accuracy,nll_delta_vs_intact,accuracy_delta_vs_intact,mean_active_mechanisms_per_token,mean_writers_per_token,mean_recipients_per_token,mechanism_load,role_mechanism_load,condition,holdout_brier,holdout_ece,holdout_max_confidence,holdout_true_class_probability,brier_delta_vs_intact,ece_delta_vs_intact,max_confidence_delta_vs_intact,true_class_probability_delta_vs_intact,read_slot_load,write_slot_load,mean_write_collision_rate,mean_routing_entropy,mean_routing_disagreement_rate
0,intact,0.002284472668,1.000000000000,0.000000000000,0.000000000000,1.000000000000,0.750000000000,1.000000000000,320;320;320;320,entity:160;160;160;0|value:160;160;160;0|filler:0;0;0;0|query_marker:0;0;0;160|query_entity:0;0;0;160,kv_annealed_router,0.000006560852,0.002281848386,0.997718151614,0.997718151614,0.000000000000,0.000000000000,0.000000000000,0.000000000000,62;50;48,320;320;320,0.000000000000,0.031169583290,0.000000000000
0,no_broadcast,1.609437912434,0.343750000000,1.607153439766,-0.656250000000,1.000000000000,0.750000000000,1.000000000000,320;320;320;320,entity:160;160;160;0|value:160;160;160;0|filler:0;0;0;0|query_marker:0;0;0;160|query_entity:0;0;0;160,kv_annealed_router,0.800000000000,0.143750000000,0.200000000000,0.200000000000,0.799993439148,0.141468151614,-0.797718151614,-0.797718151614,62;50;48,320;320;320,0.000000000000,0.031169583290,0.000000000000
0,no_workspace_persistence,1.609437912434,0.343750000000,1.607153439766,-0.656250000000,1.000000000000,0.750000000000,1.000000000000,320;320;320;320,entity:160;160;160;0|value:160;160;160;0|filler:0;0;0;0|query_marker:0;0;0;160|query_entity:0;0;0;160,kv_annealed_router,0.800000000000,0.143750000000,0.200000000000,0.200000000000,0.799993439148,0.141468151614,-0.797718151614,-0.797718151614,160;0;0,486;328;146,0.000000000000,0.041610763775,0.000000000000
0,no_workspace_output,1.609437912434,0.343750000000,1.607153439766,-0.656250000000,1.000000000000,0.750000000000,1.000000000000,320;320;320;320,entity:160;160;160;0|value:160;160;160;0|filler:0;0;0;0|query_marker:0;0;0;160|query_entity:0;0;0;160,kv_annealed_router,0.800000000000,0.143750000000,0.200000000000,0.200000000000,0.799993439148,0.141468151614,-0.797718151614,-0.797718151614,62;50;48,320;320;320,0.000000000000,0.031169583290,0.000000000000
0,no_spine_workspace,0.002284472668,1.000000000000,0.000000000000,0.000000000000,1.000000000000,0.750000000000,1.000000000000,320;320;320;320,entity:160;160;160;0|value:160;160;160;0|filler:0;0;0;0|query_marker:0;0;0;160|query_entity:0;0;0;160,kv_annealed_router,0.000006560852,0.002281848386,0.997718151614,0.997718151614,0.000000000000,0.000000000000,0.000000000000,0.000000000000,62;50;48,320;320;320,0.000000000000,0.031169583290,0.000000000000
0,no_mechanism_output,1.609437912434,0.343750000000,1.607153439766,-0.656250000000,1.000000000000,0.750000000000,1.000000000000,320;320;320;320,entity:160;160;160;0|value:160;160;160;0|filler:0;0;0;0|query_marker:0;0;0;160|query_entity:0;0;0;160,kv_annealed_router,0.800000000000,0.143750000000,0.200000000000,0.200000000000,0.799993439148,0.141468151614,-0.797718151614,-0.797718151614,62;50;48,320;320;320,0.000000000000,0.031169583290,0.000000000000
0,workspace_disconnected,1.609437912434,0.343750000000,1.607153439766,-0.656250000000,1.000000000000,0.750000000000,1.000000000000,320;320;320;320,entity:160;160;160;0|value:160;160;160;0|filler:0;0;0;0|query_marker:0;0;0;160|query_entity:0;0;0;160,kv_annealed_router,0.800000000000,0.143750000000,0.200000000000,0.200000000000,0.799993439148,0.141468151614,-0.797718151614,-0.797718151614,62;50;48,320;320;320,0.000000000000,0.031169583290,0.000000000000
0,no_workspace_writes,1.609437912434,0.343750000000,1.607153439766,-0.656250000000,1.000000000000,0.750000000000,1.000000000000,320;320;320;320,entity:160;160;160;0|value:160;160;160;0|filler:0;0;0;0|query_marker:0;0;0;160|query_entity:0;0;0;160,kv_annealed_router,0.800000000000,0.143750000000,0.200000000000,0.200000000000,0.799993439148,0.141468151614,-0.797718151614,-0.797718151614,160;0;0,320;320;320,0.000000000000,0.031169583290,0.000000000000
0,zero_reader_inbox,1.609437912434,0.343750000000,1.607153439766,-0.656250000000,1.000000000000,0.750000000000,1.000000000000,320;320;320;320,entity:160;160;160;0|value:160;160;160;0|filler:0;0;0;0|query_marker:0;0;0;160|query_entity:0;0;0;160,kv_annealed_router,0.800000000000,0.143750000000,0.200000000000,0.200000000000,0.799993439148,0.141468151614,-0.797718151614,-0.797718151614,62;50;48,320;320;320,0.000000000000,0.031169583290,0.000000000000
0,permuted_workspace_keys,5.941331239395,0.206250000000,5.939046766727,-0.793750000000,1.000000000000,0.750000000000,1.000000000000,320;320;320;320,entity:160;160;160;0|value:160;160;160;0|filler:0;0;0;0|query_marker:0;0;0;160|query_entity:0;0;0;160,kv_annealed_router,1.583123704200,0.791548517463,0.997798517463,0.206239713088,1.583117143347,0.789266669076,0.000080365849,-0.791478438526,50;48;62,320;320;320,0.000000000000,0.031169583290,0.000000000000
0,zero_query_key,3.626683893295,0.518750000000,3.624399420627,-0.481250000000,1.000000000000,0.750000000000,1.000000000000,320;320;320;320,entity:160;160;160;0|value:160;160;160;0|filler:0;0;0;0|query_marker:0;0;0;160|query_entity:0;0;0;160,kv_annealed_router,0.959885445577,0.478989237526,0.997739237526,0.517799733439,0.959878884724,0.476707389139,0.000021085912,-0.479918418175,160;0;0,320;320;320,0.000000000000,0.031169583290,0.000000000000
0,randomized_write_slots,2.813402392158,0.362500000000,2.811117919491,-0.637500000000,1.000000000000,0.750000000000,1.000000000000,320;320;320;320,entity:160;160;160;0|value:160;160;160;0|filler:0;0;0;0|query_marker:0;0;0;160|query_entity:0;0;0;160,kv_annealed_router,0.966155531944,0.291764025634,0.419264025634,0.226187635191,0.966148971092,0.289482177247,-0.578454125980,-0.771530516423,33;89;38,245;358;357,0.383333333333,0.076779236131,0.000000000000
0,cleared_writer_assignment,1.609437912434,0.343750000000,1.607153439766,-0.656250000000,1.000000000000,0.375000000000,1.000000000000,320;320;320;320,entity:160;160;160;0|value:160;160;160;0|filler:0;0;0;0|query_marker:0;0;0;160|query_entity:0;0;0;160,kv_annealed_router,0.800000000000,0.143750000000,0.200000000000,0.200000000000,0.799993439148,0.141468151614,-0.797718151614,-0.797718151614,62;50;48,160;160;160,0.000000000000,0.031169583290,0.000000000000
0,allow_write_collisions,1.103476644123,0.562500000000,1.101192171455,-0.437500000000,1.000000000000,0.750000000000,1.000000000000,320;320;320;320,entity:160;160;160;0|value:160;160;160;0|filler:0;0;0;0|query_marker:0;0;0;160|query_entity:0;0;0;160,kv_annealed_router,0.599481444047,0.165607699892,0.693406345634,0.534075573792,0.599474883195,0.163325851506,-0.304311805980,-0.463642577822,156;4;0,960;0;0,0.666666666667,0.041610763775,0.000000000000
0,permuted_recipients,0.002284472668,1.000000000000,0.000000000000,0.000000000000,1.000000000000,0.750000000000,1.000000000000,320;320;320;320,entity:160;160;160;0|value:160;160;160;0|filler:0;0;0;0|query_marker:0;0;0;160|query_entity:0;0;0;160,kv_annealed_router,0.000006560852,0.002281848386,0.997718151614,0.997718151614,0.000000000000,0.000000000000,0.000000000000,0.000000000000,62;50;48,320;320;320,0.000000000000,0.031169583290,0.000000000000
1,intact,0.002250409713,1.000000000000,0.000000000000,0.000000000000,1.000000000000,0.750000000000,1.000000000000,320;320;320;320,entity:160;160;160;0|value:160;160;160;0|filler:0;0;0;0|query_marker:0;0;0;160|query_entity:0;0;0;160,kv_annealed_router,0.000006357992,0.002247867287,0.997752132713,0.997752132713,0.000000000000,0.000000000000,0.000000000000,0.000000000000,42;59;59,320;320;320,0.000000000000,0.042374721447,0.000000000000
1,no_broadcast,1.609437912434,0.262500000000,1.607187502721,-0.737500000000,1.000000000000,0.750000000000,1.000000000000,320;320;320;320,entity:160;160;160;0|value:160;160;160;0|filler:0;0;0;0|query_marker:0;0;0;160|query_entity:0;0;0;160,kv_annealed_router,0.800000000000,0.062500000000,0.200000000000,0.200000000000,0.799993642008,0.060252132713,-0.797752132713,-0.797752132713,42;59;59,320;320;320,0.000000000000,0.042374721447,0.000000000000
1,no_workspace_persistence,1.609437912434,0.262500000000,1.607187502721,-0.737500000000,1.000000000000,0.750000000000,1.000000000000,320;320;320;320,entity:160;160;160;0|value:160;160;160;0|filler:0;0;0;0|query_marker:0;0;0;160|query_entity:0;0;0;160,kv_annealed_router,0.800000000000,0.062500000000,0.200000000000,0.200000000000,0.799993642008,0.060252132713,-0.797752132713,-0.797752132713,160;0;0,338;314;308,0.000000000000,0.058094966876,0.000000000000
1,no_workspace_output,1.609437912434,0.262500000000,1.607187502721,-0.737500000000,1.000000000000,0.750000000000,1.000000000000,320;320;320;320,entity:160;160;160;0|value:160;160;160;0|filler:0;0;0;0|query_marker:0;0;0;160|query_entity:0;0;0;160,kv_annealed_router,0.800000000000,0.062500000000,0.200000000000,0.200000000000,0.799993642008,0.060252132713,-0.797752132713,-0.797752132713,42;59;59,320;320;320,0.000000000000,0.042374721447,0.000000000000
1,no_spine_workspace,0.002250409713,1.000000000000,0.000000000000,0.000000000000,1.000000000000,0.750000000000,1.000000000000,320;320;320;320,entity:160;160;160;0|value:160;160;160;0|filler:0;0;0;0|query_marker:0;0;0;160|query_entity:0;0;0;160,kv_annealed_router,0.000006357992,0.002247867287,0.997752132713,0.997752132713,0.000000000000,0.000000000000,0.000000000000,0.000000000000,42;59;59,320;320;320,0.000000000000,0.042374721447,0.000000000000
1,no_mechanism_output,1.609437912434,0.262500000000,1.607187502721,-0.737500000000,1.000000000000,0.750000000000,1.000000000000,320;320;320;320,entity:160;160;160;0|value:160;160;160;0|filler:0;0;0;0|query_marker:0;0;0;160|query_entity:0;0;0;160,kv_annealed_router,0.800000000000,0.062500000000,0.200000000000,0.200000000000,0.799993642008,0.060252132713,-0.797752132713,-0.797752132713,42;59;59,320;320;320,0.000000000000,0.042374721447,0.000000000000
1,workspace_disconnected,1.609437912434,0.262500000000,1.607187502721,-0.737500000000,1.000000000000,0.750000000000,1.000000000000,320;320;320;320,entity:160;160;160;0|value:160;160;160;0|filler:0;0;0;0|query_marker:0;0;0;160|query_entity:0;0;0;160,kv_annealed_router,0.800000000000,0.062500000000,0.200000000000,0.200000000000,0.799993642008,0.060252132713,-0.797752132713,-0.797752132713,42;59;59,320;320;320,0.000000000000,0.042374721447,0.000000000000
1,no_workspace_writes,1.609437912434,0.262500000000,1.607187502721,-0.737500000000,1.000000000000,0.750000000000,1.000000000000,320;320;320;320,entity:160;160;160;0|value:160;160;160;0|filler:0;0;0;0|query_marker:0;0;0;160|query_entity:0;0;0;160,kv_annealed_router,0.800000000000,0.062500000000,0.200000000000,0.200000000000,0.799993642008,0.060252132713,-0.797752132713,-0.797752132713,160;0;0,320;320;320,0.000000000000,0.042374721447,0.000000000000
1,zero_reader_inbox,1.609437912434,0.262500000000,1.607187502721,-0.737500000000,1.000000000000,0.750000000000,1.000000000000,320;320;320;320,entity:160;160;160;0|value:160;160;160;0|filler:0;0;0;0|query_marker:0;0;0;160|query_entity:0;0;0;160,kv_annealed_router,0.800000000000,0.062500000000,0.200000000000,0.200000000000,0.799993642008,0.060252132713,-0.797752132713,-0.797752132713,42;59;59,320;320;320,0.000000000000,0.042374721447,0.000000000000
1,permuted_workspace_keys,6.183166847029,0.175000000000,6.180916437316,-0.825000000000,1.000000000000,0.750000000000,1.000000000000,320;320;320;320,entity:160;160;160;0|value:160;160;160;0|filler:0;0;0;0|query_marker:0;0;0;160|query_entity:0;0;0;160,kv_annealed_router,1.645427610643,0.822779951679,0.997779951679,0.175069246487,1.645421252651,0.820532084392,0.000027818967,-0.822682886225,59;59;42,320;320;320,0.000000000000,0.042374721447,0.000000000000
1,zero_query_key,4.158770321005,0.443750000000,4.156519911292,-0.556250000000,1.000000000000,0.750000000000,1.000000000000,320;320;320;320,entity:160;160;160;0|value:160;160;160;0|filler:0;0;0;0|query_marker:0;0;0;160|query_entity:0;0;0;160,kv_annealed_router,1.109389710750,0.554026315881,0.997776315881,0.443084570835,1.109383352758,0.551778448594,0.000024183169,-0.554667561877,160;0;0,320;320;320,0.000000000000,0.042374721447,0.000000000000
1,randomized_write_slots,2.749801161415,0.293750000000,2.747550751702,-0.706250000000,1.000000000000,0.750000000000,1.000000000000,320;320;320;320,entity:160;160;160;0|value:160;160;160;0|filler:0;0;0;0|query_marker:0;0;0;160|query_entity:0;0;0;160,kv_annealed_router,0.961176487089,0.230447248712,0.436697248712,0.237360528146,0.961170129097,0.228199381424,-0.561054884001,-0.760391604567,48;48;64,332;300;328,0.350000000000,0.064658709612,0.000000000000
1,cleared_writer_assignment,1.609437912434,0.262500000000,1.607187502721,-0.737500000000,1.000000000000,0.375000000000,1.000000000000,320;320;320;320,entity:160;160;160;0|value:160;160;160;0|filler:0;0;0;0|query_marker:0;0;0;160|query_entity:0;0;0;160,kv_annealed_router,0.800000000000,0.062500000000,0.200000000000,0.200000000000,0.799993642008,0.060252132713,-0.797752132713,-0.797752132713,42;59;59,160;160;160,0.000000000000,0.042374721447,0.000000000000
1,allow_write_collisions,0.995108495046,0.556250000000,0.992858085333,-0.443750000000,1.000000000000,0.750000000000,1.000000000000,320;320;320;320,entity:160;160;160;0|value:160;160;160;0|filler:0;0;0;0|query_marker:0;0;0;160|query_entity:0;0;0;160,kv_annealed_router,0.552930423413,0.108854029207,0.665104029207,0.543942104180,0.552924065421,0.106606161919,-0.332648103506,-0.453810028533,160;0;0,960;0;0,0.666666666667,0.058094966876,0.000000000000
1,permuted_recipients,0.002250409713,1.000000000000,0.000000000000,0.000000000000,1.000000000000,0.750000000000,1.000000000000,320;320;320;320,entity:160;160;160;0|value:160;160;160;0|filler:0;0;0;0|query_marker:0;0;0;160|query_entity:0;0;0;160,kv_annealed_router,0.000006357992,0.002247867287,0.997752132713,0.997752132713,0.000000000000,0.000000000000,0.000000000000,0.000000000000,42;59;59,320;320;320,0.000000000000,0.042374721447,0.000000000000
2,intact,0.002247839574,1.000000000000,0.000000000000,0.000000000000,1.000000000000,0.750000000000,1.000000000000,320;320;320;320,entity:160;160;160;0|value:160;160;160;0|filler:0;0;0;0|query_marker:0;0;0;160|query_entity:0;0;0;160,kv_annealed_router,0.000006316275,0.002245311250,0.997754688750,0.997754688750,0.000000000000,0.000000000000,0.000000000000,0.000000000000,52;56;52,320;320;320,0.000000000000,0.062810167026,0.000000000000
2,no_broadcast,1.609437912434,0.362500000000,1.607190072860,-0.637500000000,1.000000000000,0.750000000000,1.000000000000,320;320;320;320,entity:160;160;160;0|value:160;160;160;0|filler:0;0;0;0|query_marker:0;0;0;160|query_entity:0;0;0;160,kv_annealed_router,0.800000000000,0.162500000000,0.200000000000,0.200000000000,0.799993683725,0.160254688750,-0.797754688750,-0.797754688750,52;56;52,320;320;320,0.000000000000,0.062810167026,0.000000000000
2,no_workspace_persistence,1.609437912434,0.362500000000,1.607190072860,-0.637500000000,1.000000000000,0.750000000000,1.000000000000,320;320;320;320,entity:160;160;160;0|value:160;160;160;0|filler:0;0;0;0|query_marker:0;0;0;160|query_entity:0;0;0;160,kv_annealed_router,0.800000000000,0.162500000000,0.200000000000,0.200000000000,0.799993683725,0.160254688750,-0.797754688750,-0.797754688750,160;0;0,334;308;318,0.000000000000,0.117745008100,0.000000000000
2,no_workspace_output,1.609437912434,0.362500000000,1.607190072860,-0.637500000000,1.000000000000,0.750000000000,1.000000000000,320;320;320;320,entity:160;160;160;0|value:160;160;160;0|filler:0;0;0;0|query_marker:0;0;0;160|query_entity:0;0;0;160,kv_annealed_router,0.800000000000,0.162500000000,0.200000000000,0.200000000000,0.799993683725,0.160254688750,-0.797754688750,-0.797754688750,52;56;52,320;320;320,0.000000000000,0.062810167026,0.000000000000
2,no_spine_workspace,0.002247839574,1.000000000000,0.000000000000,0.000000000000,1.000000000000,0.750000000000,1.000000000000,320;320;320;320,entity:160;160;160;0|value:160;160;160;0|filler:0;0;0;0|query_marker:0;0;0;160|query_entity:0;0;0;160,kv_annealed_router,0.000006316275,0.002245311250,0.997754688750,0.997754688750,0.000000000000,0.000000000000,0.000000000000,0.000000000000,52;56;52,320;320;320,0.000000000000,0.062810167026,0.000000000000
2,no_mechanism_output,1.609437912434,0.362500000000,1.607190072860,-0.637500000000,1.000000000000,0.750000000000,1.000000000000,320;320;320;320,entity:160;160;160;0|value:160;160;160;0|filler:0;0;0;0|query_marker:0;0;0;160|query_entity:0;0;0;160,kv_annealed_router,0.800000000000,0.162500000000,0.200000000000,0.200000000000,0.799993683725,0.160254688750,-0.797754688750,-0.797754688750,52;56;52,320;320;320,0.000000000000,0.062810167026,0.000000000000
2,workspace_disconnected,1.609437912434,0.362500000000,1.607190072860,-0.637500000000,1.000000000000,0.750000000000,1.000000000000,320;320;320;320,entity:160;160;160;0|value:160;160;160;0|filler:0;0;0;0|query_marker:0;0;0;160|query_entity:0;0;0;160,kv_annealed_router,0.800000000000,0.162500000000,0.200000000000,0.200000000000,0.799993683725,0.160254688750,-0.797754688750,-0.797754688750,52;56;52,320;320;320,0.000000000000,0.062810167026,0.000000000000
2,no_workspace_writes,1.609437912434,0.362500000000,1.607190072860,-0.637500000000,1.000000000000,0.750000000000,1.000000000000,320;320;320;320,entity:160;160;160;0|value:160;160;160;0|filler:0;0;0;0|query_marker:0;0;0;160|query_entity:0;0;0;160,kv_annealed_router,0.800000000000,0.162500000000,0.200000000000,0.200000000000,0.799993683725,0.160254688750,-0.797754688750,-0.797754688750,160;0;0,320;320;320,0.000000000000,0.062810167026,0.000000000000
2,zero_reader_inbox,1.609437912434,0.362500000000,1.607190072860,-0.637500000000,1.000000000000,0.750000000000,1.000000000000,320;320;320;320,entity:160;160;160;0|value:160;160;160;0|filler:0;0;0;0|query_marker:0;0;0;160|query_entity:0;0;0;160,kv_annealed_router,0.800000000000,0.162500000000,0.200000000000,0.200000000000,0.799993683725,0.160254688750,-0.797754688750,-0.797754688750,52;56;52,320;320;320,0.000000000000,0.062810167026,0.000000000000
2,permuted_workspace_keys,5.852931161416,0.218750000000,5.850683321842,-0.781250000000,1.000000000000,0.750000000000,1.000000000000,320;320;320;320,entity:160;160;160;0|value:160;160;160;0|filler:0;0;0;0|query_marker:0;0;0;160|query_entity:0;0;0;160,kv_annealed_router,1.558184675159,0.779033648651,0.997783648651,0.218694389004,1.558178358884,0.776788337401,0.000028959901,-0.779060299746,56;52;52,320;320;320,0.000000000000,0.062810167026,0.000000000000
2,zero_query_key,4.028724860328,0.462500000000,4.026477020754,-0.537500000000,1.000000000000,0.750000000000,1.000000000000,320;320;320;320,entity:160;160;160;0|value:160;160;160;0|filler:0;0;0;0|query_marker:0;0;0;160|query_entity:0;0;0;160,kv_annealed_router,1.072031100857,0.535264761098,0.997764761098,0.461752340541,1.072024784582,0.533019449848,0.000010072348,-0.536002348209,160;0;0,320;320;320,0.000000000000,0.062810167026,0.000000000000
2,randomized_write_slots,2.766390547257,0.362500000000,2.764142707683,-0.637500000000,1.000000000000,0.750000000000,1.000000000000,320;320;320;320,entity:160;160;160;0|value:160;160;160;0|filler:0;0;0;0|query_marker:0;0;0;160|query_entity:0;0;0;160,kv_annealed_router,0.983764630160,0.309355340252,0.389355340252,0.202474248578,0.983758313885,0.307110029003,-0.608399348498,-0.795280440173,47;60;53,279;340;341,0.416666666667,0.106740975538,0.000000000000
2,cleared_writer_assignment,1.609437912434,0.362500000000,1.607190072860,-0.637500000000,1.000000000000,0.375000000000,1.000000000000,320;320;320;320,entity:160;160;160;0|value:160;160;160;0|filler:0;0;0;0|query_marker:0;0;0;160|query_entity:0;0;0;160,kv_annealed_router,0.800000000000,0.162500000000,0.200000000000,0.200000000000,0.799993683725,0.160254688750,-0.797754688750,-0.797754688750,52;56;52,160;160;160,0.000000000000,0.062810167026,0.000000000000
2,allow_write_collisions,1.001427511845,0.606250000000,0.999179672271,-0.393750000000,1.000000000000,0.750000000000,1.000000000000,320;320;320;320,entity:160;160;160;0|value:160;160;160;0|filler:0;0;0;0|query_marker:0;0;0;160|query_entity:0;0;0;160,kv_annealed_router,0.550262181064,0.157495616465,0.681285532080,0.555182557800,0.550255864790,0.155250305215,-0.316469156670,-0.442572130950,157;3;0,960;0;0,0.666666666667,0.117745008100,0.000000000000
2,permuted_recipients,0.002247839574,1.000000000000,0.000000000000,0.000000000000,1.000000000000,0.750000000000,1.000000000000,320;320;320;320,entity:160;160;160;0|value:160;160;160;0|filler:0;0;0;0|query_marker:0;0;0;160|query_entity:0;0;0;160,kv_annealed_router,0.000006316275,0.002245311250,0.997754688750,0.997754688750,0.000000000000,0.000000000000,0.000000000000,0.000000000000,52;56;52,320;320;320,0.000000000000,0.062810167026,0.000000000000
3,intact,0.002244242852,1.000000000000,0.000000000000,0.000000000000,1.000000000000,0.750000000000,1.000000000000,320;320;320;320,entity:160;160;160;0|value:160;160;160;0|filler:0;0;0;0|query_marker:0;0;0;160|query_entity:0;0;0;160,kv_annealed_router,0.000006299441,0.002241720851,0.997758279149,0.997758279149,0.000000000000,0.000000000000,0.000000000000,0.000000000000,56;52;52,320;320;320,0.000000000000,0.098995930442,0.000000000000
3,no_broadcast,1.609437912434,0.343750000000,1.607193669582,-0.656250000000,1.000000000000,0.750000000000,1.000000000000,320;320;320;320,entity:160;160;160;0|value:160;160;160;0|filler:0;0;0;0|query_marker:0;0;0;160|query_entity:0;0;0;160,kv_annealed_router,0.800000000000,0.143750000000,0.200000000000,0.200000000000,0.799993700559,0.141508279149,-0.797758279149,-0.797758279149,56;52;52,320;320;320,0.000000000000,0.098995930442,0.000000000000
3,no_workspace_persistence,1.609437912434,0.343750000000,1.607193669582,-0.656250000000,1.000000000000,0.750000000000,1.000000000000,320;320;320;320,entity:160;160;160;0|value:160;160;160;0|filler:0;0;0;0|query_marker:0;0;0;160|query_entity:0;0;0;160,kv_annealed_router,0.800000000000,0.143750000000,0.200000000000,0.200000000000,0.799993700559,0.141508279149,-0.797758279149,-0.797758279149,160;0;0,336;624;0,0.000000000000,0.124294837009,0.000000000000
3,no_workspace_output,1.609437912434,0.343750000000,1.607193669582,-0.656250000000,1.000000000000,0.750000000000,1.000000000000,320;320;320;320,entity:160;160;160;0|value:160;160;160;0|filler:0;0;0;0|query_marker:0;0;0;160|query_entity:0;0;0;160,kv_annealed_router,0.800000000000,0.143750000000,0.200000000000,0.200000000000,0.799993700559,0.141508279149,-0.797758279149,-0.797758279149,56;52;52,320;320;320,0.000000000000,0.098995930442,0.000000000000
3,no_spine_workspace,0.002244242852,1.000000000000,0.000000000000,0.000000000000,1.000000000000,0.750000000000,1.000000000000,320;320;320;320,entity:160;160;160;0|value:160;160;160;0|filler:0;0;0;0|query_marker:0;0;0;160|query_entity:0;0;0;160,kv_annealed_router,0.000006299441,0.002241720851,0.997758279149,0.997758279149,0.000000000000,0.000000000000,0.000000000000,0.000000000000,56;52;52,320;320;320,0.000000000000,0.098995930442,0.000000000000
3,no_mechanism_output,1.609437912434,0.343750000000,1.607193669582,-0.656250000000,1.000000000000,0.750000000000,1.000000000000,320;320;320;320,entity:160;160;160;0|value:160;160;160;0|filler:0;0;0;0|query_marker:0;0;0;160|query_entity:0;0;0;160,kv_annealed_router,0.800000000000,0.143750000000,0.200000000000,0.200000000000,0.799993700559,0.141508279149,-0.797758279149,-0.797758279149,56;52;52,320;320;320,0.000000000000,0.098995930442,0.000000000000
3,workspace_disconnected,1.609437912434,0.343750000000,1.607193669582,-0.656250000000,1.000000000000,0.750000000000,1.000000000000,320;320;320;320,entity:160;160;160;0|value:160;160;160;0|filler:0;0;0;0|query_marker:0;0;0;160|query_entity:0;0;0;160,kv_annealed_router,0.800000000000,0.143750000000,0.200000000000,0.200000000000,0.799993700559,0.141508279149,-0.797758279149,-0.797758279149,56;52;52,320;320;320,0.000000000000,0.098995930442,0.000000000000
3,no_workspace_writes,1.609437912434,0.343750000000,1.607193669582,-0.656250000000,1.000000000000,0.750000000000,1.000000000000,320;320;320;320,entity:160;160;160;0|value:160;160;160;0|filler:0;0;0;0|query_marker:0;0;0;160|query_entity:0;0;0;160,kv_annealed_router,0.800000000000,0.143750000000,0.200000000000,0.200000000000,0.799993700559,0.141508279149,-0.797758279149,-0.797758279149,160;0;0,320;320;320,0.000000000000,0.098995930442,0.000000000000
3,zero_reader_inbox,1.609437912434,0.343750000000,1.607193669582,-0.656250000000,1.000000000000,0.750000000000,1.000000000000,320;320;320;320,entity:160;160;160;0|value:160;160;160;0|filler:0;0;0;0|query_marker:0;0;0;160|query_entity:0;0;0;160,kv_annealed_router,0.800000000000,0.143750000000,0.200000000000,0.200000000000,0.799993700559,0.141508279149,-0.797758279149,-0.797758279149,56;52;52,320;320;320,0.000000000000,0.098995930442,0.000000000000
3,permuted_workspace_keys,5.625471895589,0.250000000000,5.623227652737,-0.750000000000,1.000000000000,0.750000000000,1.000000000000,320;320;320;320,entity:160;160;160;0|value:160;160;160;0|filler:0;0;0;0|query_marker:0;0;0;160|query_entity:0;0;0;160,kv_annealed_router,1.495883805456,0.747792528621,0.997792528621,0.249853678308,1.495877506015,0.745550807770,0.000034249473,-0.747904600840,52;52;56,320;320;320,0.000000000000,0.098995930442,0.000000000000
3,zero_query_key,3.598694923713,0.518750000000,3.596450680861,-0.481250000000,1.000000000000,0.750000000000,1.000000000000,320;320;320;320,entity:160;160;160;0|value:160;160;160;0|filler:0;0;0;0|query_marker:0;0;0;160|query_entity:0;0;0;160,kv_annealed_router,0.959842009674,0.479044929679,0.997794929679,0.517876970467,0.959835710233,0.476803208828,0.000036650530,-0.479881308682,160;0;0,320;320;320,0.000000000000,0.098995930442,0.000000000000
3,randomized_write_slots,2.268862761837,0.312500000000,2.266618518985,-0.687500000000,1.000000000000,0.750000000000,1.000000000000,320;320;320;320,entity:160;160;160;0|value:160;160;160;0|filler:0;0;0;0|query_marker:0;0;0;160|query_entity:0;0;0;160,kv_annealed_router,0.899264669418,0.187124701910,0.312124701910,0.206243061815,0.899258369977,0.184882981058,-0.685633577239,-0.791515217333,0;100;60,189;291;480,0.514583333333,0.131770800469,0.000000000000
3,cleared_writer_assignment,1.609437912434,0.343750000000,1.607193669582,-0.656250000000,1.000000000000,0.375000000000,1.000000000000,320;320;320;320,entity:160;160;160;0|value:160;160;160;0|filler:0;0;0;0|query_marker:0;0;0;160|query_entity:0;0;0;160,kv_annealed_router,0.800000000000,0.143750000000,0.200000000000,0.200000000000,0.799993700559,0.141508279149,-0.797758279149,-0.797758279149,56;52;52,160;160;160,0.000000000000,0.098995930442,0.000000000000
3,allow_write_collisions,1.065291659785,0.612500000000,1.063047416933,-0.387500000000,1.000000000000,0.750000000000,1.000000000000,320;320;320;320,entity:160;160;160;0|value:160;160;160;0|filler:0;0;0;0|query_marker:0;0;0;160|query_entity:0;0;0;160,kv_annealed_router,0.582946105969,0.192455807114,0.694798952270,0.546117062686,0.582939806528,0.190214086263,-0.302959326878,-0.451641216463,160;0;0,960;0;0,0.666666666667,0.124294837009,0.000000000000
3,permuted_recipients,0.002244242852,1.000000000000,0.000000000000,0.000000000000,1.000000000000,0.750000000000,1.000000000000,320;320;320;320,entity:160;160;160;0|value:160;160;160;0|filler:0;0;0;0|query_marker:0;0;0;160|query_entity:0;0;0;160,kv_annealed_router,0.000006299441,0.002241720851,0.997758279149,0.997758279149,0.000000000000,0.000000000000,0.000000000000,0.000000000000,56;52;52,320;320;320,0.000000000000,0.098995930442,0.000000000000
4,intact,0.002273437885,1.000000000000,0.000000000000,0.000000000000,1.000000000000,0.750000000000,1.000000000000,320;320;320;320,entity:160;160;160;0|value:160;160;160;0|filler:0;0;0;0|query_marker:0;0;0;160|query_entity:0;0;0;160,kv_annealed_router,0.000006496388,0.002270839763,0.997729160237,0.997729160237,0.000000000000,0.000000000000,0.000000000000,0.000000000000,59;55;46,320;320;320,0.000000000000,0.115180410605,0.000000000000
4,no_broadcast,1.609437912434,0.300000000000,1.607164474549,-0.700000000000,1.000000000000,0.750000000000,1.000000000000,320;320;320;320,entity:160;160;160;0|value:160;160;160;0|filler:0;0;0;0|query_marker:0;0;0;160|query_entity:0;0;0;160,kv_annealed_router,0.800000000000,0.100000000000,0.200000000000,0.200000000000,0.799993503612,0.097729160237,-0.797729160237,-0.797729160237,59;55;46,320;320;320,0.000000000000,0.115180410605,0.000000000000
4,no_workspace_persistence,1.609437912434,0.300000000000,1.607164474549,-0.700000000000,1.000000000000,0.750000000000,1.000000000000,320;320;320;320,entity:160;160;160;0|value:160;160;160;0|filler:0;0;0;0|query_marker:0;0;0;160|query_entity:0;0;0;160,kv_annealed_router,0.800000000000,0.100000000000,0.200000000000,0.200000000000,0.799993503612,0.097729160237,-0.797729160237,-0.797729160237,160;0;0,792;168;0,0.000000000000,0.182215793495,0.000000000000
4,no_workspace_output,1.609437912434,0.300000000000,1.607164474549,-0.700000000000,1.000000000000,0.750000000000,1.000000000000,320;320;320;320,entity:160;160;160;0|value:160;160;160;0|filler:0;0;0;0|query_marker:0;0;0;160|query_entity:0;0;0;160,kv_annealed_router,0.800000000000,0.100000000000,0.200000000000,0.200000000000,0.799993503612,0.097729160237,-0.797729160237,-0.797729160237,59;55;46,320;320;320,0.000000000000,0.115180410605,0.000000000000
4,no_spine_workspace,0.002273437885,1.000000000000,0.000000000000,0.000000000000,1.000000000000,0.750000000000,1.000000000000,320;320;320;320,entity:160;160;160;0|value:160;160;160;0|filler:0;0;0;0|query_marker:0;0;0;160|query_entity:0;0;0;160,kv_annealed_router,0.000006496388,0.002270839763,0.997729160237,0.997729160237,0.000000000000,0.000000000000,0.000000000000,0.000000000000,59;55;46,320;320;320,0.000000000000,0.115180410605,0.000000000000
4,no_mechanism_output,1.609437912434,0.300000000000,1.607164474549,-0.700000000000,1.000000000000,0.750000000000,1.000000000000,320;320;320;320,entity:160;160;160;0|value:160;160;160;0|filler:0;0;0;0|query_marker:0;0;0;160|query_entity:0;0;0;160,kv_annealed_router,0.800000000000,0.100000000000,0.200000000000,0.200000000000,0.799993503612,0.097729160237,-0.797729160237,-0.797729160237,59;55;46,320;320;320,0.000000000000,0.115180410605,0.000000000000
4,workspace_disconnected,1.609437912434,0.300000000000,1.607164474549,-0.700000000000,1.000000000000,0.750000000000,1.000000000000,320;320;320;320,entity:160;160;160;0|value:160;160;160;0|filler:0;0;0;0|query_marker:0;0;0;160|query_entity:0;0;0;160,kv_annealed_router,0.800000000000,0.100000000000,0.200000000000,0.200000000000,0.799993503612,0.097729160237,-0.797729160237,-0.797729160237,59;55;46,320;320;320,0.000000000000,0.115180410605,0.000000000000
4,no_workspace_writes,1.609437912434,0.300000000000,1.607164474549,-0.700000000000,1.000000000000,0.750000000000,1.000000000000,320;320;320;320,entity:160;160;160;0|value:160;160;160;0|filler:0;0;0;0|query_marker:0;0;0;160|query_entity:0;0;0;160,kv_annealed_router,0.800000000000,0.100000000000,0.200000000000,0.200000000000,0.799993503612,0.097729160237,-0.797729160237,-0.797729160237,160;0;0,320;320;320,0.000000000000,0.115180410605,0.000000000000
4,zero_reader_inbox,1.609437912434,0.300000000000,1.607164474549,-0.700000000000,1.000000000000,0.750000000000,1.000000000000,320;320;320;320,entity:160;160;160;0|value:160;160;160;0|filler:0;0;0;0|query_marker:0;0;0;160|query_entity:0;0;0;160,kv_annealed_router,0.800000000000,0.100000000000,0.200000000000,0.200000000000,0.799993503612,0.097729160237,-0.797729160237,-0.797729160237,59;55;46,320;320;320,0.000000000000,0.115180410605,0.000000000000
4,permuted_workspace_keys,5.856395635809,0.218750000000,5.854122197924,-0.781250000000,1.000000000000,0.750000000000,1.000000000000,320;320;320;320,entity:160;160;160;0|value:160;160;160;0|filler:0;0;0;0|query_marker:0;0;0;160|query_entity:0;0;0;160,kv_annealed_router,1.558207309735,0.779045067993,0.997795067993,0.218694473461,1.558200813347,0.776774228229,0.000065907756,-0.779034686776,55;46;59,320;320;320,0.000000000000,0.115180410605,0.000000000000
4,zero_query_key,3.459734409647,0.537500000000,3.457460971762,-0.462500000000,1.000000000000,0.750000000000,1.000000000000,320;320;320;320,entity:160;160;160;0|value:160;160;160;0|filler:0;0;0;0|query_marker:0;0;0;160|query_entity:0;0;0;160,kv_annealed_router,0.922448819835,0.460275702908,0.997775702908,0.536554406906,0.922442323447,0.458004863145,0.000046542671,-0.461174753331,160;0;0,320;320;320,0.000000000000,0.115180410605,0.000000000000
4,randomized_write_slots,1.747987880736,0.250000000000,1.745714442852,-0.750000000000,1.000000000000,0.750000000000,1.000000000000,320;320;320;320,entity:160;160;160;0|value:160;160;160;0|filler:0;0;0;0|query_marker:0;0;0;160|query_entity:0;0;0;160,kv_annealed_router,0.816061290127,0.084916711230,0.214916711230,0.199386299803,0.816054793740,0.082645871467,-0.782812449007,-0.798342860434,0;152;8,24;456;480,0.616666666667,0.153074588205,0.000000000000
4,cleared_writer_assignment,1.609437912434,0.300000000000,1.607164474549,-0.700000000000,1.000000000000,0.375000000000,1.000000000000,320;320;320;320,entity:160;160;160;0|value:160;160;160;0|filler:0;0;0;0|query_marker:0;0;0;160|query_entity:0;0;0;160,kv_annealed_router,0.800000000000,0.100000000000,0.200000000000,0.200000000000,0.799993503612,0.097729160237,-0.797729160237,-0.797729160237,59;55;46,160;160;160,0.000000000000,0.115180410605,0.000000000000
4,allow_write_collisions,1.031002769269,0.643750000000,1.028729331384,-0.356250000000,1.000000000000,0.750000000000,1.000000000000,320;320;320;320,entity:160;160;160;0|value:160;160;160;0|filler:0;0;0;0|query_marker:0;0;0;160|query_entity:0;0;0;160,kv_annealed_router,0.566410172011,0.205301955267,0.700965155161,0.554853550536,0.566403675623,0.203031115504,-0.296764005076,-0.442875609701,160;0;0,960;0;0,0.666666666667,0.182215793495,0.000000000000
4,permuted_recipients,0.002273437885,1.000000000000,0.000000000000,0.000000000000,1.000000000000,0.750000000000,1.000000000000,320;320;320;320,entity:160;160;160;0|value:160;160;160;0|filler:0;0;0;0|query_marker:0;0;0;160|query_entity:0;0;0;160,kv_annealed_router,0.000006496388,0.002270839763,0.997729160237,0.997729160237,0.000000000000,0.000000000000,0.000000000000,0.000000000000,59;55;46,320;320;320,0.000000000000,0.115180410605,0.000000000000
5,intact,0.002219647084,1.000000000000,0.000000000000,0.000000000000,1.000000000000,0.750000000000,1.000000000000,320;320;320;320,entity:160;160;160;0|value:160;160;160;0|filler:0;0;0;0|query_marker:0;0;0;160|query_entity:0;0;0;160,kv_annealed_router,0.000006152343,0.002217183475,0.997782816525,0.997782816525,0.000000000000,0.000000000000,0.000000000000,0.000000000000,51;58;51,320;320;320,0.000000000000,0.064531743351,0.000000000000
5,no_broadcast,1.609437912434,0.343750000000,1.607218265351,-0.656250000000,1.000000000000,0.750000000000,1.000000000000,320;320;320;320,entity:160;160;160;0|value:160;160;160;0|filler:0;0;0;0|query_marker:0;0;0;160|query_entity:0;0;0;160,kv_annealed_router,0.800000000000,0.143750000000,0.200000000000,0.200000000000,0.799993847657,0.141532816525,-0.797782816525,-0.797782816525,51;58;51,320;320;320,0.000000000000,0.064531743351,0.000000000000
5,no_workspace_persistence,1.609437912434,0.343750000000,1.607218265351,-0.656250000000,1.000000000000,0.750000000000,1.000000000000,320;320;320;320,entity:160;160;160;0|value:160;160;160;0|filler:0;0;0;0|query_marker:0;0;0;160|query_entity:0;0;0;160,kv_annealed_router,0.800000000000,0.143750000000,0.200000000000,0.200000000000,0.799993847657,0.141532816525,-0.797782816525,-0.797782816525,160;0;0,164;468;328,0.000000000000,0.101828352027,0.000000000000
5,no_workspace_output,1.609437912434,0.343750000000,1.607218265351,-0.656250000000,1.000000000000,0.750000000000,1.000000000000,320;320;320;320,entity:160;160;160;0|value:160;160;160;0|filler:0;0;0;0|query_marker:0;0;0;160|query_entity:0;0;0;160,kv_annealed_router,0.800000000000,0.143750000000,0.200000000000,0.200000000000,0.799993847657,0.141532816525,-0.797782816525,-0.797782816525,51;58;51,320;320;320,0.000000000000,0.064531743351,0.000000000000
5,no_spine_workspace,0.002219647084,1.000000000000,0.000000000000,0.000000000000,1.000000000000,0.750000000000,1.000000000000,320;320;320;320,entity:160;160;160;0|value:160;160;160;0|filler:0;0;0;0|query_marker:0;0;0;160|query_entity:0;0;0;160,kv_annealed_router,0.000006152343,0.002217183475,0.997782816525,0.997782816525,0.000000000000,0.000000000000,0.000000000000,0.000000000000,51;58;51,320;320;320,0.000000000000,0.064531743351,0.000000000000
5,no_mechanism_output,1.609437912434,0.343750000000,1.607218265351,-0.656250000000,1.000000000000,0.750000000000,1.000000000000,320;320;320;320,entity:160;160;160;0|value:160;160;160;0|filler:0;0;0;0|query_marker:0;0;0;160|query_entity:0;0;0;160,kv_annealed_router,0.800000000000,0.143750000000,0.200000000000,0.200000000000,0.799993847657,0.141532816525,-0.797782816525,-0.797782816525,51;58;51,320;320;320,0.000000000000,0.064531743351,0.000000000000
5,workspace_disconnected,1.609437912434,0.343750000000,1.607218265351,-0.656250000000,1.000000000000,0.750000000000,1.000000000000,320;320;320;320,entity:160;160;160;0|value:160;160;160;0|filler:0;0;0;0|query_marker:0;0;0;160|query_entity:0;0;0;160,kv_annealed_router,0.800000000000,0.143750000000,0.200000000000,0.200000000000,0.799993847657,0.141532816525,-0.797782816525,-0.797782816525,51;58;51,320;320;320,0.000000000000,0.064531743351,0.000000000000
5,no_workspace_writes,1.609437912434,0.343750000000,1.607218265351,-0.656250000000,1.000000000000,0.750000000000,1.000000000000,320;320;320;320,entity:160;160;160;0|value:160;160;160;0|filler:0;0;0;0|query_marker:0;0;0;160|query_entity:0;0;0;160,kv_annealed_router,0.800000000000,0.143750000000,0.200000000000,0.200000000000,0.799993847657,0.141532816525,-0.797782816525,-0.797782816525,160;0;0,320;320;320,0.000000000000,0.064531743351,0.000000000000
5,zero_reader_inbox,1.609437912434,0.343750000000,1.607218265351,-0.656250000000,1.000000000000,0.750000000000,1.000000000000,320;320;320;320,entity:160;160;160;0|value:160;160;160;0|filler:0;0;0;0|query_marker:0;0;0;160|query_entity:0;0;0;160,kv_annealed_router,0.800000000000,0.143750000000,0.200000000000,0.200000000000,0.799993847657,0.141532816525,-0.797782816525,-0.797782816525,51;58;51,320;320;320,0.000000000000,0.064531743351,0.000000000000
5,permuted_workspace_keys,5.577518037729,0.256250000000,5.575298390645,-0.743750000000,1.000000000000,0.750000000000,1.000000000000,320;320;320;320,entity:160;160;160;0|value:160;160;160;0|filler:0;0;0;0|query_marker:0;0;0;160|query_entity:0;0;0;160,kv_annealed_router,1.483386205500,0.741533322137,0.997783322137,0.256093294363,1.483380053157,0.739316138662,0.000000505612,-0.741689522162,58;51;51,320;320;320,0.000000000000,0.064531743351,0.000000000000
5,zero_query_key,3.842701870249,0.487500000000,3.840482223166,-0.512500000000,1.000000000000,0.750000000000,1.000000000000,320;320;320;320,entity:160;160;160;0|value:160;160;160;0|filler:0;0;0;0|query_marker:0;0;0;160|query_entity:0;0;0;160,kv_annealed_router,1.022165255618,0.510280609940,0.997780609940,0.486701064673,1.022159103275,0.508063426465,-0.000002206585,-0.511081751852,160;0;0,320;320;320,0.000000000000,0.064531743351,0.000000000000
5,randomized_write_slots,2.590754582891,0.293750000000,2.588534935808,-0.706250000000,1.000000000000,0.750000000000,1.000000000000,320;320;320;320,entity:160;160;160;0|value:160;160;160;0|filler:0;0;0;0|query_marker:0;0;0;160|query_entity:0;0;0;160,kv_annealed_router,0.940769541683,0.216266570307,0.370016570307,0.214320521007,0.940763389340,0.214049386832,-0.627766246218,-0.783462295518,44;23;93,406;202;352,0.418750000000,0.110074179871,0.000000000000
5,cleared_writer_assignment,1.609437912434,0.343750000000,1.607218265351,-0.656250000000,1.000000000000,0.375000000000,1.000000000000,320;320;320;320,entity:160;160;160;0|value:160;160;160;0|filler:0;0;0;0|query_marker:0;0;0;160|query_entity:0;0;0;160,kv_annealed_router,0.800000000000,0.143750000000,0.200000000000,0.200000000000,0.799993847657,0.141532816525,-0.797782816525,-0.797782816525,51;58;51,160;160;160,0.000000000000,0.064531743351,0.000000000000
5,allow_write_collisions,0.960638999072,0.581250000000,0.958419351989,-0.418750000000,1.000000000000,0.750000000000,1.000000000000,320;320;320;320,entity:160;160;160;0|value:160;160;160;0|filler:0;0;0;0|query_marker:0;0;0;160|query_entity:0;0;0;160,kv_annealed_router,0.532511434828,0.108252390272,0.677443726758,0.563612550040,0.532505282486,0.106035206797,-0.320339089767,-0.434170266485,159;1;0,960;0;0,0.666666666667,0.101828352027,0.000000000000
5,permuted_recipients,0.002219647084,1.000000000000,0.000000000000,0.000000000000,1.000000000000,0.750000000000,1.000000000000,320;320;320;320,entity:160;160;160;0|value:160;160;160;0|filler:0;0;0;0|query_marker:0;0;0;160|query_entity:0;0;0;160,kv_annealed_router,0.000006152343,0.002217183475,0.997782816525,0.997782816525,0.000000000000,0.000000000000,0.000000000000,0.000000000000,51;58;51,320;320;320,0.000000000000,0.064531743351,0.000000000000
6,intact,0.002247525289,1.000000000000,0.000000000000,0.000000000000,1.000000000000,0.750000000000,1.000000000000,320;320;320;320,entity:160;160;160;0|value:160;160;160;0|filler:0;0;0;0|query_marker:0;0;0;160|query_entity:0;0;0;160,kv_annealed_router,0.000006327751,0.002244993291,0.997755006709,0.997755006709,0.000000000000,0.000000000000,0.000000000000,0.000000000000,56;47;57,320;320;320,0.000000000000,0.173311513118,0.000000000000
6,no_broadcast,1.609437912434,0.306250000000,1.607190387145,-0.693750000000,1.000000000000,0.750000000000,1.000000000000,320;320;320;320,entity:160;160;160;0|value:160;160;160;0|filler:0;0;0;0|query_marker:0;0;0;160|query_entity:0;0;0;160,kv_annealed_router,0.800000000000,0.106250000000,0.200000000000,0.200000000000,0.799993672249,0.104005006709,-0.797755006709,-0.797755006709,56;47;57,320;320;320,0.000000000000,0.173311513118,0.000000000000
6,no_workspace_persistence,1.609437912434,0.306250000000,1.607190387145,-0.693750000000,1.000000000000,0.750000000000,1.000000000000,320;320;320;320,entity:160;160;160;0|value:160;160;160;0|filler:0;0;0;0|query_marker:0;0;0;160|query_entity:0;0;0;160,kv_annealed_router,0.800000000000,0.106250000000,0.200000000000,0.200000000000,0.799993672249,0.104005006709,-0.797755006709,-0.797755006709,160;0;0,184;302;474,0.000000000000,0.289851920424,0.000000000000
6,no_workspace_output,1.609437912434,0.306250000000,1.607190387145,-0.693750000000,1.000000000000,0.750000000000,1.000000000000,320;320;320;320,entity:160;160;160;0|value:160;160;160;0|filler:0;0;0;0|query_marker:0;0;0;160|query_entity:0;0;0;160,kv_annealed_router,0.800000000000,0.106250000000,0.200000000000,0.200000000000,0.799993672249,0.104005006709,-0.797755006709,-0.797755006709,56;47;57,320;320;320,0.000000000000,0.173311513118,0.000000000000
6,no_spine_workspace,0.002247525289,1.000000000000,0.000000000000,0.000000000000,1.000000000000,0.750000000000,1.000000000000,320;320;320;320,entity:160;160;160;0|value:160;160;160;0|filler:0;0;0;0|query_marker:0;0;0;160|query_entity:0;0;0;160,kv_annealed_router,0.000006327751,0.002244993291,0.997755006709,0.997755006709,0.000000000000,0.000000000000,0.000000000000,0.000000000000,56;47;57,320;320;320,0.000000000000,0.173311513118,0.000000000000
6,no_mechanism_output,1.609437912434,0.306250000000,1.607190387145,-0.693750000000,1.000000000000,0.750000000000,1.000000000000,320;320;320;320,entity:160;160;160;0|value:160;160;160;0|filler:0;0;0;0|query_marker:0;0;0;160|query_entity:0;0;0;160,kv_annealed_router,0.800000000000,0.106250000000,0.200000000000,0.200000000000,0.799993672249,0.104005006709,-0.797755006709,-0.797755006709,56;47;57,320;320;320,0.000000000000,0.173311513118,0.000000000000
6,workspace_disconnected,1.609437912434,0.306250000000,1.607190387145,-0.693750000000,1.000000000000,0.750000000000,1.000000000000,320;320;320;320,entity:160;160;160;0|value:160;160;160;0|filler:0;0;0;0|query_marker:0;0;0;160|query_entity:0;0;0;160,kv_annealed_router,0.800000000000,0.106250000000,0.200000000000,0.200000000000,0.799993672249,0.104005006709,-0.797755006709,-0.797755006709,56;47;57,320;320;320,0.000000000000,0.173311513118,0.000000000000
6,no_workspace_writes,1.609437912434,0.306250000000,1.607190387145,-0.693750000000,1.000000000000,0.750000000000,1.000000000000,320;320;320;320,entity:160;160;160;0|value:160;160;160;0|filler:0;0;0;0|query_marker:0;0;0;160|query_entity:0;0;0;160,kv_annealed_router,0.800000000000,0.106250000000,0.200000000000,0.200000000000,0.799993672249,0.104005006709,-0.797755006709,-0.797755006709,160;0;0,320;320;320,0.000000000000,0.173311513118,0.000000000000
6,zero_reader_inbox,1.609437912434,0.306250000000,1.607190387145,-0.693750000000,1.000000000000,0.750000000000,1.000000000000,320;320;320;320,entity:160;160;160;0|value:160;160;160;0|filler:0;0;0;0|query_marker:0;0;0;160|query_entity:0;0;0;160,kv_annealed_router,0.800000000000,0.106250000000,0.200000000000,0.200000000000,0.799993672249,0.104005006709,-0.797755006709,-0.797755006709,56;47;57,320;320;320,0.000000000000,0.173311513118,0.000000000000
6,permuted_workspace_keys,5.630043480109,0.250000000000,5.627795954820,-0.750000000000,1.000000000000,0.750000000000,1.000000000000,320;320;320;320,entity:160;160;160;0|value:160;160;160;0|filler:0;0;0;0|query_marker:0;0;0;160|query_entity:0;0;0;160,kv_annealed_router,1.495910579903,0.747806751975,0.997806751975,0.249854480633,1.495904252153,0.745561758684,0.000051745267,-0.747900526076,47;57;56,320;320;320,0.000000000000,0.173311513118,0.000000000000
6,zero_query_key,3.467941435426,0.537500000000,3.465693910137,-0.462500000000,1.000000000000,0.750000000000,1.000000000000,320;320;320;320,entity:160;160;160;0|value:160;160;160;0|filler:0;0;0;0|query_marker:0;0;0;160|query_entity:0;0;0;160,kv_annealed_router,0.922458537223,0.460281561985,0.997781561985,0.536555382033,0.922452209472,0.458036568694,0.000026555277,-0.461199624675,160;0;0,320;320;320,0.000000000000,0.173311513118,0.000000000000
6,randomized_write_slots,2.982866024524,0.281250000000,2.980618499234,-0.718750000000,1.000000000000,0.750000000000,1.000000000000,320;320;320;320,entity:160;160;160;0|value:160;160;160;0|filler:0;0;0;0|query_marker:0;0;0;160|query_entity:0;0;0;160,kv_annealed_router,0.986571640075,0.281061571139,0.429811571139,0.221214873180,0.986565312324,0.278816577848,-0.567943435569,-0.776540133529,65;48;47,338;331;291,0.385416666667,0.168144250785,0.000000000000
6,cleared_writer_assignment,1.609437912434,0.306250000000,1.607190387145,-0.693750000000,1.000000000000,0.375000000000,1.000000000000,320;320;320;320,entity:160;160;160;0|value:160;160;160;0|filler:0;0;0;0|query_marker:0;0;0;160|query_entity:0;0;0;160,kv_annealed_router,0.800000000000,0.106250000000,0.200000000000,0.200000000000,0.799993672249,0.104005006709,-0.797755006709,-0.797755006709,56;47;57,160;160;160,0.000000000000,0.173311513118,0.000000000000
6,allow_write_collisions,0.889842619072,0.687500000000,0.887595093783,-0.312500000000,1.000000000000,0.750000000000,1.000000000000,320;320;320;320,entity:160;160;160;0|value:160;160;160;0|filler:0;0;0;0|query_marker:0;0;0;160|query_entity:0;0;0;160,kv_annealed_router,0.493844996845,0.175893711845,0.689064797766,0.587895830037,0.493838669095,0.173648718554,-0.308690208943,-0.409859176671,160;0;0,960;0;0,0.666666666667,0.289851920424,0.000000000000
6,permuted_recipients,0.002247525289,1.000000000000,0.000000000000,0.000000000000,1.000000000000,0.750000000000,1.000000000000,320;320;320;320,entity:160;160;160;0|value:160;160;160;0|filler:0;0;0;0|query_marker:0;0;0;160|query_entity:0;0;0;160,kv_annealed_router,0.000006327751,0.002244993291,0.997755006709,0.997755006709,0.000000000000,0.000000000000,0.000000000000,0.000000000000,56;47;57,320;320;320,0.000000000000,0.173311513118,0.000000000000
7,intact,0.002265265747,1.000000000000,0.000000000000,0.000000000000,1.000000000000,0.750000000000,1.000000000000,320;320;320;320,entity:160;160;160;0|value:160;160;160;0|filler:0;0;0;0|query_marker:0;0;0;160|query_entity:0;0;0;160,kv_annealed_router,0.000006426403,0.002262694610,0.997737305390,0.997737305390,0.000000000000,0.000000000000,0.000000000000,0.000000000000,57;58;45,320;320;320,0.000000000000,0.148307101064,0.000000000000
7,no_broadcast,1.609437912434,0.450000000000,1.607172646687,-0.550000000000,1.000000000000,0.750000000000,1.000000000000,320;320;320;320,entity:160;160;160;0|value:160;160;160;0|filler:0;0;0;0|query_marker:0;0;0;160|query_entity:0;0;0;160,kv_annealed_router,0.800000000000,0.250000000000,0.200000000000,0.200000000000,0.799993573597,0.247737305390,-0.797737305390,-0.797737305390,57;58;45,320;320;320,0.000000000000,0.148307101064,0.000000000000
7,no_workspace_persistence,1.609437912434,0.450000000000,1.607172646687,-0.550000000000,1.000000000000,0.750000000000,1.000000000000,320;320;320;320,entity:160;160;160;0|value:160;160;160;0|filler:0;0;0;0|query_marker:0;0;0;160|query_entity:0;0;0;160,kv_annealed_router,0.800000000000,0.250000000000,0.200000000000,0.200000000000,0.799993573597,0.247737305390,-0.797737305390,-0.797737305390,160;0;0,326;344;290,0.000000000000,0.283885275395,0.000000000000
7,no_workspace_output,1.609437912434,0.450000000000,1.607172646687,-0.550000000000,1.000000000000,0.750000000000,1.000000000000,320;320;320;320,entity:160;160;160;0|value:160;160;160;0|filler:0;0;0;0|query_marker:0;0;0;160|query_entity:0;0;0;160,kv_annealed_router,0.800000000000,0.250000000000,0.200000000000,0.200000000000,0.799993573597,0.247737305390,-0.797737305390,-0.797737305390,57;58;45,320;320;320,0.000000000000,0.148307101064,0.000000000000
7,no_spine_workspace,0.002265265747,1.000000000000,0.000000000000,0.000000000000,1.000000000000,0.750000000000,1.000000000000,320;320;320;320,entity:160;160;160;0|value:160;160;160;0|filler:0;0;0;0|query_marker:0;0;0;160|query_entity:0;0;0;160,kv_annealed_router,0.000006426403,0.002262694610,0.997737305390,0.997737305390,0.000000000000,0.000000000000,0.000000000000,0.000000000000,57;58;45,320;320;320,0.000000000000,0.148307101064,0.000000000000
7,no_mechanism_output,1.609437912434,0.450000000000,1.607172646687,-0.550000000000,1.000000000000,0.750000000000,1.000000000000,320;320;320;320,entity:160;160;160;0|value:160;160;160;0|filler:0;0;0;0|query_marker:0;0;0;160|query_entity:0;0;0;160,kv_annealed_router,0.800000000000,0.250000000000,0.200000000000,0.200000000000,0.799993573597,0.247737305390,-0.797737305390,-0.797737305390,57;58;45,320;320;320,0.000000000000,0.148307101064,0.000000000000
7,workspace_disconnected,1.609437912434,0.450000000000,1.607172646687,-0.550000000000,1.000000000000,0.750000000000,1.000000000000,320;320;320;320,entity:160;160;160;0|value:160;160;160;0|filler:0;0;0;0|query_marker:0;0;0;160|query_entity:0;0;0;160,kv_annealed_router,0.800000000000,0.250000000000,0.200000000000,0.200000000000,0.799993573597,0.247737305390,-0.797737305390,-0.797737305390,57;58;45,320;320;320,0.000000000000,0.148307101064,0.000000000000
7,no_workspace_writes,1.609437912434,0.450000000000,1.607172646687,-0.550000000000,1.000000000000,0.750000000000,1.000000000000,320;320;320;320,entity:160;160;160;0|value:160;160;160;0|filler:0;0;0;0|query_marker:0;0;0;160|query_entity:0;0;0;160,kv_annealed_router,0.800000000000,0.250000000000,0.200000000000,0.200000000000,0.799993573597,0.247737305390,-0.797737305390,-0.797737305390,160;0;0,320;320;320,0.000000000000,0.148307101064,0.000000000000
7,zero_reader_inbox,1.609437912434,0.450000000000,1.607172646687,-0.550000000000,1.000000000000,0.750000000000,1.000000000000,320;320;320;320,entity:160;160;160;0|value:160;160;160;0|filler:0;0;0;0|query_marker:0;0;0;160|query_entity:0;0;0;160,kv_annealed_router,0.800000000000,0.250000000000,0.200000000000,0.200000000000,0.799993573597,0.247737305390,-0.797737305390,-0.797737305390,57;58;45,320;320;320,0.000000000000,0.148307101064,0.000000000000
7,permuted_workspace_keys,5.790864560522,0.225000000000,5.788599294775,-0.775000000000,1.000000000000,0.750000000000,1.000000000000,320;320;320;320,entity:160;160;160;0|value:160;160;160;0|filler:0;0;0;0|query_marker:0;0;0;160|query_entity:0;0;0;160,kv_annealed_router,1.545683591910,0.772769972942,0.997769972942,0.224931296997,1.545677165507,0.770507278332,0.000032667552,-0.772806008393,58;45;57,320;320;320,0.000000000000,0.148307101064,0.000000000000
7,zero_query_key,3.557237429946,0.525000000000,3.554972164198,-0.475000000000,1.000000000000,0.750000000000,1.000000000000,320;320;320;320,entity:160;160;160;0|value:160;160;160;0|filler:0;0;0;0|query_marker:0;0;0;160|query_entity:0;0;0;160,kv_annealed_router,0.947377616087,0.472761842057,0.997761842057,0.524076177007,0.947371189684,0.470499147447,0.000024536667,-0.473661128383,160;0;0,320;320;320,0.000000000000,0.148307101064,0.000000000000
7,randomized_write_slots,2.638821295982,0.387500000000,2.636556030235,-0.612500000000,1.000000000000,0.750000000000,1.000000000000,320;320;320;320,entity:160;160;160;0|value:160;160;160;0|filler:0;0;0;0|query_marker:0;0;0;160|query_entity:0;0;0;160,kv_annealed_router,0.931909152284,0.313669749993,0.391169749993,0.229279131916,0.931902725881,0.311407055383,-0.606567555397,-0.768458173474,41;67;52,306;323;331,0.362500000000,0.171340631122,0.000000000000
7,cleared_writer_assignment,1.609437912434,0.450000000000,1.607172646687,-0.550000000000,1.000000000000,0.375000000000,1.000000000000,320;320;320;320,entity:160;160;160;0|value:160;160;160;0|filler:0;0;0;0|query_marker:0;0;0;160|query_entity:0;0;0;160,kv_annealed_router,0.800000000000,0.250000000000,0.200000000000,0.200000000000,0.799993573597,0.247737305390,-0.797737305390,-0.797737305390,57;58;45,160;160;160,0.000000000000,0.148307101064,0.000000000000
7,allow_write_collisions,0.982521219242,0.612500000000,0.980255953495,-0.387500000000,1.000000000000,0.750000000000,1.000000000000,320;320;320;320,entity:160;160;160;0|value:160;160;160;0|filler:0;0;0;0|query_marker:0;0;0;160|query_entity:0;0;0;160,kv_annealed_router,0.541727536727,0.150719474440,0.690069217173,0.562827553644,0.541721110324,0.148456779831,-0.307668088217,-0.434909751746,159;1;0,960;0;0,0.666666666667,0.283885275395,0.000000000000
7,permuted_recipients,0.002265265747,1.000000000000,0.000000000000,0.000000000000,1.000000000000,0.750000000000,1.000000000000,320;320;320;320,entity:160;160;160;0|value:160;160;160;0|filler:0;0;0;0|query_marker:0;0;0;160|query_entity:0;0;0;160,kv_annealed_router,0.000006426403,0.002262694610,0.997737305390,0.997737305390,0.000000000000,0.000000000000,0.000000000000,0.000000000000,57;58;45,320;320;320,0.000000000000,0.148307101064,0.000000000000
8,intact,0.002220851395,1.000000000000,0.000000000000,0.000000000000,1.000000000000,0.750000000000,1.000000000000,320;320;320;320,entity:160;160;160;0|value:160;160;160;0|filler:0;0;0;0|query_marker:0;0;0;160|query_entity:0;0;0;160,kv_annealed_router,0.000006158903,0.002218385016,0.997781614984,0.997781614984,0.000000000000,0.000000000000,0.000000000000,0.000000000000,63;39;58,320;320;320,0.000000000000,0.199596613549,0.000000000000
8,no_broadcast,1.609437912434,0.293750000000,1.607217061039,-0.706250000000,1.000000000000,0.750000000000,1.000000000000,320;320;320;320,entity:160;160;160;0|value:160;160;160;0|filler:0;0;0;0|query_marker:0;0;0;160|query_entity:0;0;0;160,kv_annealed_router,0.800000000000,0.093750000000,0.200000000000,0.200000000000,0.799993841097,0.091531614984,-0.797781614984,-0.797781614984,63;39;58,320;320;320,0.000000000000,0.199596613549,0.000000000000
8,no_workspace_persistence,1.609437912434,0.293750000000,1.607217061039,-0.706250000000,1.000000000000,0.750000000000,1.000000000000,320;320;320;320,entity:160;160;160;0|value:160;160;160;0|filler:0;0;0;0|query_marker:0;0;0;160|query_entity:0;0;0;160,kv_annealed_router,0.800000000000,0.093750000000,0.200000000000,0.200000000000,0.799993841097,0.091531614984,-0.797781614984,-0.797781614984,160;0;0,334;136;490,0.000000000000,0.336812113933,0.000000000000
8,no_workspace_output,1.609437912434,0.293750000000,1.607217061039,-0.706250000000,1.000000000000,0.750000000000,1.000000000000,320;320;320;320,entity:160;160;160;0|value:160;160;160;0|filler:0;0;0;0|query_marker:0;0;0;160|query_entity:0;0;0;160,kv_annealed_router,0.800000000000,0.093750000000,0.200000000000,0.200000000000,0.799993841097,0.091531614984,-0.797781614984,-0.797781614984,63;39;58,320;320;320,0.000000000000,0.199596613549,0.000000000000
8,no_spine_workspace,0.002220851395,1.000000000000,0.000000000000,0.000000000000,1.000000000000,0.750000000000,1.000000000000,320;320;320;320,entity:160;160;160;0|value:160;160;160;0|filler:0;0;0;0|query_marker:0;0;0;160|query_entity:0;0;0;160,kv_annealed_router,0.000006158903,0.002218385016,0.997781614984,0.997781614984,0.000000000000,0.000000000000,0.000000000000,0.000000000000,63;39;58,320;320;320,0.000000000000,0.199596613549,0.000000000000
8,no_mechanism_output,1.609437912434,0.293750000000,1.607217061039,-0.706250000000,1.000000000000,0.750000000000,1.000000000000,320;320;320;320,entity:160;160;160;0|value:160;160;160;0|filler:0;0;0;0|query_marker:0;0;0;160|query_entity:0;0;0;160,kv_annealed_router,0.800000000000,0.093750000000,0.200000000000,0.200000000000,0.799993841097,0.091531614984,-0.797781614984,-0.797781614984,63;39;58,320;320;320,0.000000000000,0.199596613549,0.000000000000
8,workspace_disconnected,1.609437912434,0.293750000000,1.607217061039,-0.706250000000,1.000000000000,0.750000000000,1.000000000000,320;320;320;320,entity:160;160;160;0|value:160;160;160;0|filler:0;0;0;0|query_marker:0;0;0;160|query_entity:0;0;0;160,kv_annealed_router,0.800000000000,0.093750000000,0.200000000000,0.200000000000,0.799993841097,0.091531614984,-0.797781614984,-0.797781614984,63;39;58,320;320;320,0.000000000000,0.199596613549,0.000000000000
8,no_workspace_writes,1.609437912434,0.293750000000,1.607217061039,-0.706250000000,1.000000000000,0.750000000000,1.000000000000,320;320;320;320,entity:160;160;160;0|value:160;160;160;0|filler:0;0;0;0|query_marker:0;0;0;160|query_entity:0;0;0;160,kv_annealed_router,0.800000000000,0.093750000000,0.200000000000,0.200000000000,0.799993841097,0.091531614984,-0.797781614984,-0.797781614984,160;0;0,320;320;320,0.000000000000,0.199596613549,0.000000000000
8,zero_reader_inbox,1.609437912434,0.293750000000,1.607217061039,-0.706250000000,1.000000000000,0.750000000000,1.000000000000,320;320;320;320,entity:160;160;160;0|value:160;160;160;0|filler:0;0;0;0|query_marker:0;0;0;160|query_entity:0;0;0;160,kv_annealed_router,0.800000000000,0.093750000000,0.200000000000,0.200000000000,0.799993841097,0.091531614984,-0.797781614984,-0.797781614984,63;39;58,320;320;320,0.000000000000,0.199596613549,0.000000000000
8,permuted_workspace_keys,5.904504663812,0.212500000000,5.902283812417,-0.787500000000,1.000000000000,0.750000000000,1.000000000000,320;320;320;320,entity:160;160;160;0|value:160;160;160;0|filler:0;0;0;0|query_marker:0;0;0;160|query_entity:0;0;0;160,kv_annealed_router,1.570650310948,0.785290995696,0.997790995696,0.212468894025,1.570644152045,0.783072610680,0.000009380712,-0.785312720959,39;58;63,320;320;320,0.000000000000,0.199596613549,0.000000000000
8,zero_query_key,3.657641917465,0.512500000000,3.655421066069,-0.487500000000,1.000000000000,0.750000000000,1.000000000000,320;320;320;320,entity:160;160;160;0|value:160;160;160;0|filler:0;0;0;0|query_marker:0;0;0;160|query_entity:0;0;0;160,kv_annealed_router,0.972306104147,0.485279150078,0.997779150078,0.511629183966,0.972299945244,0.483060765062,-0.000002464906,-0.486152431018,160;0;0,320;320;320,0.000000000000,0.199596613549,0.000000000000
8,randomized_write_slots,3.218026989082,0.237500000000,3.215806137687,-0.762500000000,1.000000000000,0.750000000000,1.000000000000,320;320;320;320,entity:160;160;160;0|value:160;160;160;0|filler:0;0;0;0|query_marker:0;0;0;160|query_entity:0;0;0;160,kv_annealed_router,1.041994779042,0.299064803738,0.486564803738,0.221819096608,1.041988620139,0.296846418722,-0.511216811246,-0.775962518376,75;36;49,376;329;255,0.350000000000,0.221181045903,0.000000000000
8,cleared_writer_assignment,1.609437912434,0.293750000000,1.607217061039,-0.706250000000,1.000000000000,0.375000000000,1.000000000000,320;320;320;320,entity:160;160;160;0|value:160;160;160;0|filler:0;0;0;0|query_marker:0;0;0;160|query_entity:0;0;0;160,kv_annealed_router,0.800000000000,0.093750000000,0.200000000000,0.200000000000,0.799993841097,0.091531614984,-0.797781614984,-0.797781614984,63;39;58,160;160;160,0.000000000000,0.199596613549,0.000000000000
8,allow_write_collisions,1.129038311000,0.537500000000,1.126817459605,-0.462500000000,1.000000000000,0.750000000000,1.000000000000,320;320;320;320,entity:160;160;160;0|value:160;160;160;0|filler:0;0;0;0|query_marker:0;0;0;160|query_entity:0;0;0;160,kv_annealed_router,0.616119997070,0.152136840883,0.639254465081,0.503986854768,0.616113838168,0.149918455867,-0.358527149903,-0.493794760216,149;11;0,960;0;0,0.666666666667,0.336812113933,0.000000000000
8,permuted_recipients,0.002220851395,1.000000000000,0.000000000000,0.000000000000,1.000000000000,0.750000000000,1.000000000000,320;320;320;320,entity:160;160;160;0|value:160;160;160;0|filler:0;0;0;0|query_marker:0;0;0;160|query_entity:0;0;0;160,kv_annealed_router,0.000006158903,0.002218385016,0.997781614984,0.997781614984,0.000000000000,0.000000000000,0.000000000000,0.000000000000,63;39;58,320;320;320,0.000000000000,0.199596613549,0.000000000000
9,intact,0.002239981551,1.000000000000,0.000000000000,0.000000000000,1.000000000000,0.750000000000,1.000000000000,320;320;320;320,entity:160;160;160;0|value:160;160;160;0|filler:0;0;0;0|query_marker:0;0;0;160|query_entity:0;0;0;160,kv_annealed_router,0.000006294328,0.002237465223,0.997762534777,0.997762534777,0.000000000000,0.000000000000,0.000000000000,0.000000000000,54;50;56,320;320;320,0.000000000000,0.020187629144,0.000000000000
9,no_broadcast,1.609437912434,0.306250000000,1.607197930883,-0.693750000000,1.000000000000,0.750000000000,1.000000000000,320;320;320;320,entity:160;160;160;0|value:160;160;160;0|filler:0;0;0;0|query_marker:0;0;0;160|query_entity:0;0;0;160,kv_annealed_router,0.800000000000,0.106250000000,0.200000000000,0.200000000000,0.799993705672,0.104012534777,-0.797762534777,-0.797762534777,54;50;56,320;320;320,0.000000000000,0.020187629144,0.000000000000
9,no_workspace_persistence,1.609437912434,0.306250000000,1.607197930883,-0.693750000000,1.000000000000,0.750000000000,1.000000000000,320;320;320;320,entity:160;160;160;0|value:160;160;160;0|filler:0;0;0;0|query_marker:0;0;0;160|query_entity:0;0;0;160,kv_annealed_router,0.800000000000,0.106250000000,0.200000000000,0.200000000000,0.799993705672,0.104012534777,-0.797762534777,-0.797762534777,160;0;0,156;320;484,0.000000000000,0.027574580476,0.000000000000
9,no_workspace_output,1.609437912434,0.306250000000,1.607197930883,-0.693750000000,1.000000000000,0.750000000000,1.000000000000,320;320;320;320,entity:160;160;160;0|value:160;160;160;0|filler:0;0;0;0|query_marker:0;0;0;160|query_entity:0;0;0;160,kv_annealed_router,0.800000000000,0.106250000000,0.200000000000,0.200000000000,0.799993705672,0.104012534777,-0.797762534777,-0.797762534777,54;50;56,320;320;320,0.000000000000,0.020187629144,0.000000000000
9,no_spine_workspace,0.002239981551,1.000000000000,0.000000000000,0.000000000000,1.000000000000,0.750000000000,1.000000000000,320;320;320;320,entity:160;160;160;0|value:160;160;160;0|filler:0;0;0;0|query_marker:0;0;0;160|query_entity:0;0;0;160,kv_annealed_router,0.000006294328,0.002237465223,0.997762534777,0.997762534777,0.000000000000,0.000000000000,0.000000000000,0.000000000000,54;50;56,320;320;320,0.000000000000,0.020187629144,0.000000000000
9,no_mechanism_output,1.609437912434,0.306250000000,1.607197930883,-0.693750000000,1.000000000000,0.750000000000,1.000000000000,320;320;320;320,entity:160;160;160;0|value:160;160;160;0|filler:0;0;0;0|query_marker:0;0;0;160|query_entity:0;0;0;160,kv_annealed_router,0.800000000000,0.106250000000,0.200000000000,0.200000000000,0.799993705672,0.104012534777,-0.797762534777,-0.797762534777,54;50;56,320;320;320,0.000000000000,0.020187629144,0.000000000000
9,workspace_disconnected,1.609437912434,0.306250000000,1.607197930883,-0.693750000000,1.000000000000,0.750000000000,1.000000000000,320;320;320;320,entity:160;160;160;0|value:160;160;160;0|filler:0;0;0;0|query_marker:0;0;0;160|query_entity:0;0;0;160,kv_annealed_router,0.800000000000,0.106250000000,0.200000000000,0.200000000000,0.799993705672,0.104012534777,-0.797762534777,-0.797762534777,54;50;56,320;320;320,0.000000000000,0.020187629144,0.000000000000
9,no_workspace_writes,1.609437912434,0.306250000000,1.607197930883,-0.693750000000,1.000000000000,0.750000000000,1.000000000000,320;320;320;320,entity:160;160;160;0|value:160;160;160;0|filler:0;0;0;0|query_marker:0;0;0;160|query_entity:0;0;0;160,kv_annealed_router,0.800000000000,0.106250000000,0.200000000000,0.200000000000,0.799993705672,0.104012534777,-0.797762534777,-0.797762534777,160;0;0,320;320;320,0.000000000000,0.020187629144,0.000000000000
9,zero_reader_inbox,1.609437912434,0.306250000000,1.607197930883,-0.693750000000,1.000000000000,0.750000000000,1.000000000000,320;320;320;320,entity:160;160;160;0|value:160;160;160;0|filler:0;0;0;0|query_marker:0;0;0;160|query_entity:0;0;0;160,kv_annealed_router,0.800000000000,0.106250000000,0.200000000000,0.200000000000,0.799993705672,0.104012534777,-0.797762534777,-0.797762534777,54;50;56,320;320;320,0.000000000000,0.020187629144,0.000000000000
9,permuted_workspace_keys,4.913966661682,0.343750000000,4.911726680131,-0.656250000000,1.000000000000,0.750000000000,1.000000000000,320;320;320;320,entity:160;160;160;0|value:160;160;160;0|filler:0;0;0;0|query_marker:0;0;0;160|query_entity:0;0;0;160,kv_annealed_router,1.308825534814,0.654007823108,0.997757823108,0.343348216317,1.308819240487,0.651770357886,-0.000004711669,-0.654414318461,50;56;54,320;320;320,0.000000000000,0.020187629144,0.000000000000
9,zero_query_key,3.471017072657,0.537500000000,3.468777091106,-0.462500000000,1.000000000000,0.750000000000,1.000000000000,320;320;320;320,entity:160;160;160;0|value:160;160;160;0|filler:0;0;0;0|query_marker:0;0;0;160|query_entity:0;0;0;160,kv_annealed_router,0.922431995931,0.460256148989,0.997756148989,0.536543315150,0.922425701603,0.458018683767,-0.000006385788,-0.461219219628,160;0;0,320;320;320,0.000000000000,0.020187629144,0.000000000000
9,randomized_write_slots,2.585174877473,0.331250000000,2.582934895922,-0.668750000000,1.000000000000,0.750000000000,1.000000000000,320;320;320;320,entity:160;160;160;0|value:160;160;160;0|filler:0;0;0;0|query_marker:0;0;0;160|query_entity:0;0;0;160,kv_annealed_router,0.908135749545,0.246059498236,0.439809498236,0.265430665331,0.908129455217,0.243822033013,-0.557953036542,-0.732331869446,61;37;62,365;303;292,0.385416666667,0.053467329424,0.000000000000
9,cleared_writer_assignment,1.609437912434,0.306250000000,1.607197930883,-0.693750000000,1.000000000000,0.375000000000,1.000000000000,320;320;320;320,entity:160;160;160;0|value:160;160;160;0|filler:0;0;0;0|query_marker:0;0;0;160|query_entity:0;0;0;160,kv_annealed_router,0.800000000000,0.106250000000,0.200000000000,0.200000000000,0.799993705672,0.104012534777,-0.797762534777,-0.797762534777,54;50;56,160;160;160,0.000000000000,0.020187629144,0.000000000000
9,allow_write_collisions,0.712062842329,0.631250000000,0.709822860778,-0.368750000000,1.000000000000,0.750000000000,1.000000000000,320;320;320;320,entity:160;160;160;0|value:160;160;160;0|filler:0;0;0;0|query_marker:0;0;0;160|query_entity:0;0;0;160,kv_annealed_router,0.399942810591,0.099354960277,0.730604960277,0.654294549836,0.399936516264,0.097117495054,-0.267157574501,-0.343467984941,160;0;0,960;0;0,0.666666666667,0.027574580476,0.000000000000
9,permuted_recipients,0.002239981551,1.000000000000,0.000000000000,0.000000000000,1.000000000000,0.750000000000,1.000000000000,320;320;320;320,entity:160;160;160;0|value:160;160;160;0|filler:0;0;0;0|query_marker:0;0;0;160|query_entity:0;0;0;160,kv_annealed_router,0.000006294328,0.002237465223,0.997762534777,0.997762534777,0.000000000000,0.000000000000,0.000000000000,0.000000000000,54;50;56,320;320;320,0.000000000000,0.020187629144,0.000000000000
10,intact,0.002233409506,1.000000000000,0.000000000000,0.000000000000,1.000000000000,0.750000000000,1.000000000000,320;320;320;320,entity:160;160;160;0|value:160;160;160;0|filler:0;0;0;0|query_marker:0;0;0;160|query_entity:0;0;0;160,kv_annealed_router,0.000006273036,0.002230902894,0.997769097106,0.997769097106,0.000000000000,0.000000000000,0.000000000000,0.000000000000,60;56;44,320;320;320,0.000000000000,0.033449920365,0.000000000000
10,no_broadcast,1.609437912434,0.362500000000,1.607204502928,-0.637500000000,1.000000000000,0.750000000000,1.000000000000,320;320;320;320,entity:160;160;160;0|value:160;160;160;0|filler:0;0;0;0|query_marker:0;0;0;160|query_entity:0;0;0;160,kv_annealed_router,0.800000000000,0.162500000000,0.200000000000,0.200000000000,0.799993726964,0.160269097106,-0.797769097106,-0.797769097106,60;56;44,320;320;320,0.000000000000,0.033449920365,0.000000000000
10,no_workspace_persistence,1.609437912434,0.362500000000,1.607204502928,-0.637500000000,1.000000000000,0.750000000000,1.000000000000,320;320;320;320,entity:160;160;160;0|value:160;160;160;0|filler:0;0;0;0|query_marker:0;0;0;160|query_entity:0;0;0;160,kv_annealed_router,0.800000000000,0.162500000000,0.200000000000,0.200000000000,0.799993726964,0.160269097106,-0.797769097106,-0.797769097106,160;0;0,334;158;468,0.000000000000,0.067265300882,0.000000000000
10,no_workspace_output,1.609437912434,0.362500000000,1.607204502928,-0.637500000000,1.000000000000,0.750000000000,1.000000000000,320;320;320;320,entity:160;160;160;0|value:160;160;160;0|filler:0;0;0;0|query_marker:0;0;0;160|query_entity:0;0;0;160,kv_annealed_router,0.800000000000,0.162500000000,0.200000000000,0.200000000000,0.799993726964,0.160269097106,-0.797769097106,-0.797769097106,60;56;44,320;320;320,0.000000000000,0.033449920365,0.000000000000
10,no_spine_workspace,0.002233409506,1.000000000000,0.000000000000,0.000000000000,1.000000000000,0.750000000000,1.000000000000,320;320;320;320,entity:160;160;160;0|value:160;160;160;0|filler:0;0;0;0|query_marker:0;0;0;160|query_entity:0;0;0;160,kv_annealed_router,0.000006273036,0.002230902894,0.997769097106,0.997769097106,0.000000000000,0.000000000000,0.000000000000,0.000000000000,60;56;44,320;320;320,0.000000000000,0.033449920365,0.000000000000
10,no_mechanism_output,1.609437912434,0.362500000000,1.607204502928,-0.637500000000,1.000000000000,0.750000000000,1.000000000000,320;320;320;320,entity:160;160;160;0|value:160;160;160;0|filler:0;0;0;0|query_marker:0;0;0;160|query_entity:0;0;0;160,kv_annealed_router,0.800000000000,0.162500000000,0.200000000000,0.200000000000,0.799993726964,0.160269097106,-0.797769097106,-0.797769097106,60;56;44,320;320;320,0.000000000000,0.033449920365,0.000000000000
10,workspace_disconnected,1.609437912434,0.362500000000,1.607204502928,-0.637500000000,1.000000000000,0.750000000000,1.000000000000,320;320;320;320,entity:160;160;160;0|value:160;160;160;0|filler:0;0;0;0|query_marker:0;0;0;160|query_entity:0;0;0;160,kv_annealed_router,0.800000000000,0.162500000000,0.200000000000,0.200000000000,0.799993726964,0.160269097106,-0.797769097106,-0.797769097106,60;56;44,320;320;320,0.000000000000,0.033449920365,0.000000000000
10,no_workspace_writes,1.609437912434,0.362500000000,1.607204502928,-0.637500000000,1.000000000000,0.750000000000,1.000000000000,320;320;320;320,entity:160;160;160;0|value:160;160;160;0|filler:0;0;0;0|query_marker:0;0;0;160|query_entity:0;0;0;160,kv_annealed_router,0.800000000000,0.162500000000,0.200000000000,0.200000000000,0.799993726964,0.160269097106,-0.797769097106,-0.797769097106,160;0;0,320;320;320,0.000000000000,0.033449920365,0.000000000000
10,zero_reader_inbox,1.609437912434,0.362500000000,1.607204502928,-0.637500000000,1.000000000000,0.750000000000,1.000000000000,320;320;320;320,entity:160;160;160;0|value:160;160;160;0|filler:0;0;0;0|query_marker:0;0;0;160|query_entity:0;0;0;160,kv_annealed_router,0.800000000000,0.162500000000,0.200000000000,0.200000000000,0.799993726964,0.160269097106,-0.797769097106,-0.797769097106,60;56;44,320;320;320,0.000000000000,0.033449920365,0.000000000000
10,permuted_workspace_keys,5.617423186529,0.250000000000,5.615189777023,-0.750000000000,1.000000000000,0.750000000000,1.000000000000,320;320;320;320,entity:160;160;160;0|value:160;160;160;0|filler:0;0;0;0|query_marker:0;0;0;160|query_entity:0;0;0;160,kv_annealed_router,1.495789969210,0.747766682699,0.997766682699,0.249874847006,1.495783696174,0.745535779805,-0.000002414407,-0.747894250100,56;44;60,320;320;320,0.000000000000,0.033449920365,0.000000000000
10,zero_query_key,3.723102064104,0.500000000000,3.720868654597,-0.500000000000,1.000000000000,0.750000000000,1.000000000000,320;320;320;320,entity:160;160;160;0|value:160;160;160;0|filler:0;0;0;0|query_marker:0;0;0;160|query_entity:0;0;0;160,kv_annealed_router,0.997156113954,0.497791609714,0.997791609714,0.499216627671,0.997149840917,0.495560706820,0.000022512608,-0.498552469435,160;0;0,320;320;320,0.000000000000,0.033449920365,0.000000000000
10,randomized_write_slots,2.874255903653,0.343750000000,2.872022494146,-0.656250000000,1.000000000000,0.750000000000,1.000000000000,320;320;320;320,entity:160;160;160;0|value:160;160;160;0|filler:0;0;0;0|query_marker:0;0;0;160|query_entity:0;0;0;160,kv_annealed_router,0.982949123031,0.308595416727,0.414845416727,0.215559957171,0.982942849995,0.306364513833,-0.582923680379,-0.782209139935,77;45;38,329;371;260,0.387500000000,0.062651483309,0.000000000000
10,cleared_writer_assignment,1.609437912434,0.362500000000,1.607204502928,-0.637500000000,1.000000000000,0.375000000000,1.000000000000,320;320;320;320,entity:160;160;160;0|value:160;160;160;0|filler:0;0;0;0|query_marker:0;0;0;160|query_entity:0;0;0;160,kv_annealed_router,0.800000000000,0.162500000000,0.200000000000,0.200000000000,0.799993726964,0.160269097106,-0.797769097106,-0.797769097106,60;56;44,160;160;160,0.000000000000,0.033449920365,0.000000000000
10,allow_write_collisions,1.065186817426,0.450000000000,1.062953407919,-0.550000000000,1.000000000000,0.750000000000,1.000000000000,320;320;320;320,entity:160;160;160;0|value:160;160;160;0|filler:0;0;0;0|query_marker:0;0;0;160|query_entity:0;0;0;160,kv_annealed_router,0.587448965220,0.172395983766,0.622395983766,0.506944924758,0.587442692184,0.170165080872,-0.375373113339,-0.490824172348,148;12;0,960;0;0,0.666666666667,0.067265300882,0.000000000000
10,permuted_recipients,0.002233409506,1.000000000000,0.000000000000,0.000000000000,1.000000000000,0.750000000000,1.000000000000,320;320;320;320,entity:160;160;160;0|value:160;160;160;0|filler:0;0;0;0|query_marker:0;0;0;160|query_entity:0;0;0;160,kv_annealed_router,0.000006273036,0.002230902894,0.997769097106,0.997769097106,0.000000000000,0.000000000000,0.000000000000,0.000000000000,60;56;44,320;320;320,0.000000000000,0.033449920365,0.000000000000
11,intact,0.002318014339,1.000000000000,0.000000000000,0.000000000000,1.000000000000,0.750000000000,1.000000000000,320;320;320;320,entity:160;160;160;0|value:160;160;160;0|filler:0;0;0;0|query_marker:0;0;0;160|query_entity:0;0;0;160,kv_annealed_router,0.000006852241,0.002315287155,0.997684712845,0.997684712845,0.000000000000,0.000000000000,0.000000000000,0.000000000000,55;56;49,320;320;320,0.000000000000,0.180730724240,0.000000000000
11,no_broadcast,1.609437912434,0.337500000000,1.607119898095,-0.662500000000,1.000000000000,0.750000000000,1.000000000000,320;320;320;320,entity:160;160;160;0|value:160;160;160;0|filler:0;0;0;0|query_marker:0;0;0;160|query_entity:0;0;0;160,kv_annealed_router,0.800000000000,0.137500000000,0.200000000000,0.200000000000,0.799993147759,0.135184712845,-0.797684712845,-0.797684712845,55;56;49,320;320;320,0.000000000000,0.180730724240,0.000000000000
11,no_workspace_persistence,1.609437912434,0.337500000000,1.607119898095,-0.662500000000,1.000000000000,0.750000000000,1.000000000000,320;320;320;320,entity:160;160;160;0|value:160;160;160;0|filler:0;0;0;0|query_marker:0;0;0;160|query_entity:0;0;0;160,kv_annealed_router,0.800000000000,0.137500000000,0.200000000000,0.200000000000,0.799993147759,0.135184712845,-0.797684712845,-0.797684712845,160;0;0,630;0;330,0.000000000000,0.333383320245,0.000000000000
11,no_workspace_output,1.609437912434,0.337500000000,1.607119898095,-0.662500000000,1.000000000000,0.750000000000,1.000000000000,320;320;320;320,entity:160;160;160;0|value:160;160;160;0|filler:0;0;0;0|query_marker:0;0;0;160|query_entity:0;0;0;160,kv_annealed_router,0.800000000000,0.137500000000,0.200000000000,0.200000000000,0.799993147759,0.135184712845,-0.797684712845,-0.797684712845,55;56;49,320;320;320,0.000000000000,0.180730724240,0.000000000000
11,no_spine_workspace,0.002318014339,1.000000000000,0.000000000000,0.000000000000,1.000000000000,0.750000000000,1.000000000000,320;320;320;320,entity:160;160;160;0|value:160;160;160;0|filler:0;0;0;0|query_marker:0;0;0;160|query_entity:0;0;0;160,kv_annealed_router,0.000006852241,0.002315287155,0.997684712845,0.997684712845,0.000000000000,0.000000000000,0.000000000000,0.000000000000,55;56;49,320;320;320,0.000000000000,0.180730724240,0.000000000000
11,no_mechanism_output,1.609437912434,0.337500000000,1.607119898095,-0.662500000000,1.000000000000,0.750000000000,1.000000000000,320;320;320;320,entity:160;160;160;0|value:160;160;160;0|filler:0;0;0;0|query_marker:0;0;0;160|query_entity:0;0;0;160,kv_annealed_router,0.800000000000,0.137500000000,0.200000000000,0.200000000000,0.799993147759,0.135184712845,-0.797684712845,-0.797684712845,55;56;49,320;320;320,0.000000000000,0.180730724240,0.000000000000
11,workspace_disconnected,1.609437912434,0.337500000000,1.607119898095,-0.662500000000,1.000000000000,0.750000000000,1.000000000000,320;320;320;320,entity:160;160;160;0|value:160;160;160;0|filler:0;0;0;0|query_marker:0;0;0;160|query_entity:0;0;0;160,kv_annealed_router,0.800000000000,0.137500000000,0.200000000000,0.200000000000,0.799993147759,0.135184712845,-0.797684712845,-0.797684712845,55;56;49,320;320;320,0.000000000000,0.180730724240,0.000000000000
11,no_workspace_writes,1.609437912434,0.337500000000,1.607119898095,-0.662500000000,1.000000000000,0.750000000000,1.000000000000,320;320;320;320,entity:160;160;160;0|value:160;160;160;0|filler:0;0;0;0|query_marker:0;0;0;160|query_entity:0;0;0;160,kv_annealed_router,0.800000000000,0.137500000000,0.200000000000,0.200000000000,0.799993147759,0.135184712845,-0.797684712845,-0.797684712845,160;0;0,320;320;320,0.000000000000,0.180730724240,0.000000000000
11,zero_reader_inbox,1.609437912434,0.337500000000,1.607119898095,-0.662500000000,1.000000000000,0.750000000000,1.000000000000,320;320;320;320,entity:160;160;160;0|value:160;160;160;0|filler:0;0;0;0|query_marker:0;0;0;160|query_entity:0;0;0;160,kv_annealed_router,0.800000000000,0.137500000000,0.200000000000,0.200000000000,0.799993147759,0.135184712845,-0.797684712845,-0.797684712845,55;56;49,320;320;320,0.000000000000,0.180730724240,0.000000000000
11,permuted_workspace_keys,5.701813621639,0.237500000000,5.699495607300,-0.762500000000,1.000000000000,0.750000000000,1.000000000000,320;320;320;320,entity:160;160;160;0|value:160;160;160;0|filler:0;0;0;0|query_marker:0;0;0;160|query_entity:0;0;0;160,kv_annealed_router,1.520619066229,0.760197224008,0.997697224008,0.237391084526,1.520612213988,0.757881936853,0.000012511163,-0.760293628319,56;49;55,320;320;320,0.000000000000,0.180730724240,0.000000000000
11,zero_query_key,3.766215020371,0.500000000000,3.763897006033,-0.500000000000,1.000000000000,0.750000000000,1.000000000000,320;320;320;320,entity:160;160;160;0|value:160;160;160;0|filler:0;0;0;0|query_marker:0;0;0;160|query_entity:0;0;0;160,kv_annealed_router,0.997145366863,0.497636569050,0.997636569050,0.499067438603,0.997138514622,0.495321281895,-0.000048143795,-0.498617274242,160;0;0,320;320;320,0.000000000000,0.180730724240,0.000000000000
11,randomized_write_slots,2.631839173333,0.350000000000,2.629521158994,-0.650000000000,1.000000000000,0.750000000000,1.000000000000,320;320;320;320,entity:160;160;160;0|value:160;160;160;0|filler:0;0;0;0|query_marker:0;0;0;160|query_entity:0;0;0;160,kv_annealed_router,0.946231701202,0.271795993405,0.401795993405,0.227431530644,0.946224848960,0.269480706250,-0.595888719439,-0.770253182200,77;63;20,283;422;255,0.425000000000,0.166525950364,0.000000000000
11,cleared_writer_assignment,1.609437912434,0.337500000000,1.607119898095,-0.662500000000,1.000000000000,0.375000000000,1.000000000000,320;320;320;320,entity:160;160;160;0|value:160;160;160;0|filler:0;0;0;0|query_marker:0;0;0;160|query_entity:0;0;0;160,kv_annealed_router,0.800000000000,0.137500000000,0.200000000000,0.200000000000,0.799993147759,0.135184712845,-0.797684712845,-0.797684712845,55;56;49,160;160;160,0.000000000000,0.180730724240,0.000000000000
11,allow_write_collisions,1.016240392323,0.537500000000,1.013922377984,-0.462500000000,1.000000000000,0.750000000000,1.000000000000,320;320;320;320,entity:160;160;160;0|value:160;160;160;0|filler:0;0;0;0|query_marker:0;0;0;160|query_entity:0;0;0;160,kv_annealed_router,0.547298124383,0.138142444930,0.660651698816,0.545899157606,0.547291272141,0.135827157775,-0.337033014029,-0.451785555239,138;22;0,960;0;0,0.666666666667,0.333383320245,0.000000000000
11,permuted_recipients,0.002318014339,1.000000000000,0.000000000000,0.000000000000,1.000000000000,0.750000000000,1.000000000000,320;320;320;320,entity:160;160;160;0|value:160;160;160;0|filler:0;0;0;0|query_marker:0;0;0;160|query_entity:0;0;0;160,kv_annealed_router,0.000006852241,0.002315287155,0.997684712845,0.997684712845,0.000000000000,0.000000000000,0.000000000000,0.000000000000,55;56;49,320;320;320,0.000000000000,0.180730724240,0.000000000000
12,intact,0.002253801744,1.000000000000,0.000000000000,0.000000000000,1.000000000000,0.750000000000,1.000000000000,320;320;320;320,entity:160;160;160;0|value:160;160;160;0|filler:0;0;0;0|query_marker:0;0;0;160|query_entity:0;0;0;160,kv_annealed_router,0.000006361270,0.002251255666,0.997748744334,0.997748744334,0.000000000000,0.000000000000,0.000000000000,0.000000000000,52;52;56,320;320;320,0.000000000000,0.021688216375,0.000000000000
12,no_broadcast,1.609437912434,0.306250000000,1.607184110690,-0.693750000000,1.000000000000,0.750000000000,1.000000000000,320;320;320;320,entity:160;160;160;0|value:160;160;160;0|filler:0;0;0;0|query_marker:0;0;0;160|query_entity:0;0;0;160,kv_annealed_router,0.800000000000,0.106250000000,0.200000000000,0.200000000000,0.799993638730,0.103998744334,-0.797748744334,-0.797748744334,52;52;56,320;320;320,0.000000000000,0.021688216375,0.000000000000
12,no_workspace_persistence,1.609437912434,0.306250000000,1.607184110690,-0.693750000000,1.000000000000,0.750000000000,1.000000000000,320;320;320;320,entity:160;160;160;0|value:160;160;160;0|filler:0;0;0;0|query_marker:0;0;0;160|query_entity:0;0;0;160,kv_annealed_router,0.800000000000,0.106250000000,0.200000000000,0.200000000000,0.799993638730,0.103998744334,-0.797748744334,-0.797748744334,160;0;0,152;346;462,0.000000000000,0.016807514778,0.000000000000
12,no_workspace_output,1.609437912434,0.306250000000,1.607184110690,-0.693750000000,1.000000000000,0.750000000000,1.000000000000,320;320;320;320,entity:160;160;160;0|value:160;160;160;0|filler:0;0;0;0|query_marker:0;0;0;160|query_entity:0;0;0;160,kv_annealed_router,0.800000000000,0.106250000000,0.200000000000,0.200000000000,0.799993638730,0.103998744334,-0.797748744334,-0.797748744334,52;52;56,320;320;320,0.000000000000,0.021688216375,0.000000000000
12,no_spine_workspace,0.002253801744,1.000000000000,0.000000000000,0.000000000000,1.000000000000,0.750000000000,1.000000000000,320;320;320;320,entity:160;160;160;0|value:160;160;160;0|filler:0;0;0;0|query_marker:0;0;0;160|query_entity:0;0;0;160,kv_annealed_router,0.000006361270,0.002251255666,0.997748744334,0.997748744334,0.000000000000,0.000000000000,0.000000000000,0.000000000000,52;52;56,320;320;320,0.000000000000,0.021688216375,0.000000000000
12,no_mechanism_output,1.609437912434,0.306250000000,1.607184110690,-0.693750000000,1.000000000000,0.750000000000,1.000000000000,320;320;320;320,entity:160;160;160;0|value:160;160;160;0|filler:0;0;0;0|query_marker:0;0;0;160|query_entity:0;0;0;160,kv_annealed_router,0.800000000000,0.106250000000,0.200000000000,0.200000000000,0.799993638730,0.103998744334,-0.797748744334,-0.797748744334,52;52;56,320;320;320,0.000000000000,0.021688216375,0.000000000000
12,workspace_disconnected,1.609437912434,0.306250000000,1.607184110690,-0.693750000000,1.000000000000,0.750000000000,1.000000000000,320;320;320;320,entity:160;160;160;0|value:160;160;160;0|filler:0;0;0;0|query_marker:0;0;0;160|query_entity:0;0;0;160,kv_annealed_router,0.800000000000,0.106250000000,0.200000000000,0.200000000000,0.799993638730,0.103998744334,-0.797748744334,-0.797748744334,52;52;56,320;320;320,0.000000000000,0.021688216375,0.000000000000
12,no_workspace_writes,1.609437912434,0.306250000000,1.607184110690,-0.693750000000,1.000000000000,0.750000000000,1.000000000000,320;320;320;320,entity:160;160;160;0|value:160;160;160;0|filler:0;0;0;0|query_marker:0;0;0;160|query_entity:0;0;0;160,kv_annealed_router,0.800000000000,0.106250000000,0.200000000000,0.200000000000,0.799993638730,0.103998744334,-0.797748744334,-0.797748744334,160;0;0,320;320;320,0.000000000000,0.021688216375,0.000000000000
12,zero_reader_inbox,1.609437912434,0.306250000000,1.607184110690,-0.693750000000,1.000000000000,0.750000000000,1.000000000000,320;320;320;320,entity:160;160;160;0|value:160;160;160;0|filler:0;0;0;0|query_marker:0;0;0;160|query_entity:0;0;0;160,kv_annealed_router,0.800000000000,0.106250000000,0.200000000000,0.200000000000,0.799993638730,0.103998744334,-0.797748744334,-0.797748744334,52;52;56,320;320;320,0.000000000000,0.021688216375,0.000000000000
12,permuted_workspace_keys,5.658118351737,0.243750000000,5.655864549992,-0.756250000000,1.000000000000,0.750000000000,1.000000000000,320;320;320;320,entity:160;160;160;0|value:160;160;160;0|filler:0;0;0;0|query_marker:0;0;0;160|query_entity:0;0;0;160,kv_annealed_router,1.508300871117,0.754031109283,0.997781109283,0.243633761845,1.508294509847,0.751779853617,0.000032364949,-0.754114982489,52;56;52,320;320;320,0.000000000000,0.021688216375,0.000000000000
12,zero_query_key,3.891832247432,0.481250000000,3.889578445688,-0.518750000000,1.000000000000,0.750000000000,1.000000000000,320;320;320;320,entity:160;160;160;0|value:160;160;160;0|filler:0;0;0;0|query_marker:0;0;0;160|query_entity:0;0;0;160,kv_annealed_router,1.034640802006,0.516510206609,0.997760206609,0.480442953382,1.034634440736,0.514258950943,0.000011462275,-0.517305790952,160;0;0,320;320;320,0.000000000000,0.021688216375,0.000000000000
12,randomized_write_slots,2.573754605272,0.306250000000,2.571500803528,-0.693750000000,1.000000000000,0.750000000000,1.000000000000,320;320;320;320,entity:160;160;160;0|value:160;160;160;0|filler:0;0;0;0|query_marker:0;0;0;160|query_entity:0;0;0;160,kv_annealed_router,0.931350800925,0.269258195343,0.410508195343,0.239209253765,0.931344439655,0.267006939677,-0.587240548991,-0.758539490569,54;50;56,340;328;292,0.385416666667,0.023932520998,0.000000000000
12,cleared_writer_assignment,1.609437912434,0.306250000000,1.607184110690,-0.693750000000,1.000000000000,0.375000000000,1.000000000000,320;320;320;320,entity:160;160;160;0|value:160;160;160;0|filler:0;0;0;0|query_marker:0;0;0;160|query_entity:0;0;0;160,kv_annealed_router,0.800000000000,0.106250000000,0.200000000000,0.200000000000,0.799993638730,0.103998744334,-0.797748744334,-0.797748744334,52;52;56,160;160;160,0.000000000000,0.021688216375,0.000000000000
12,allow_write_collisions,1.246404864102,0.487500000000,1.244151062358,-0.512500000000,1.000000000000,0.750000000000,1.000000000000,320;320;320;320,entity:160;160;160;0|value:160;160;160;0|filler:0;0;0;0|query_marker:0;0;0;160|query_entity:0;0;0;160,kv_annealed_router,0.666075856399,0.152187365046,0.602288864060,0.459429029255,0.666069495129,0.149936109380,-0.395459880274,-0.538319715079,131;29;0,960;0;0,0.666666666667,0.016807514778,0.000000000000
12,permuted_recipients,0.002253801744,1.000000000000,0.000000000000,0.000000000000,1.000000000000,0.750000000000,1.000000000000,320;320;320;320,entity:160;160;160;0|value:160;160;160;0|filler:0;0;0;0|query_marker:0;0;0;160|query_entity:0;0;0;160,kv_annealed_router,0.000006361270,0.002251255666,0.997748744334,0.997748744334,0.000000000000,0.000000000000,0.000000000000,0.000000000000,52;52;56,320;320;320,0.000000000000,0.021688216375,0.000000000000
13,intact,0.002254937204,1.000000000000,0.000000000000,0.000000000000,1.000000000000,0.750000000000,1.000000000000,320;320;320;320,entity:160;160;160;0|value:160;160;160;0|filler:0;0;0;0|query_marker:0;0;0;160|query_entity:0;0;0;160,kv_annealed_router,0.000006380058,0.002252386078,0.997747613922,0.997747613922,0.000000000000,0.000000000000,0.000000000000,0.000000000000,54;55;51,320;320;320,0.000000000000,0.058403214503,0.000000000000
13,no_broadcast,1.609437912434,0.375000000000,1.607182975230,-0.625000000000,1.000000000000,0.750000000000,1.000000000000,320;320;320;320,entity:160;160;160;0|value:160;160;160;0|filler:0;0;0;0|query_marker:0;0;0;160|query_entity:0;0;0;160,kv_annealed_router,0.800000000000,0.175000000000,0.200000000000,0.200000000000,0.799993619942,0.172747613922,-0.797747613922,-0.797747613922,54;55;51,320;320;320,0.000000000000,0.058403214503,0.000000000000
13,no_workspace_persistence,1.609437912434,0.375000000000,1.607182975230,-0.625000000000,1.000000000000,0.750000000000,1.000000000000,320;320;320;320,entity:160;160;160;0|value:160;160;160;0|filler:0;0;0;0|query_marker:0;0;0;160|query_entity:0;0;0;160,kv_annealed_router,0.800000000000,0.175000000000,0.200000000000,0.200000000000,0.799993619942,0.172747613922,-0.797747613922,-0.797747613922,160;0;0,158;802;0,0.000000000000,0.052970889447,0.000000000000
13,no_workspace_output,1.609437912434,0.375000000000,1.607182975230,-0.625000000000,1.000000000000,0.750000000000,1.000000000000,320;320;320;320,entity:160;160;160;0|value:160;160;160;0|filler:0;0;0;0|query_marker:0;0;0;160|query_entity:0;0;0;160,kv_annealed_router,0.800000000000,0.175000000000,0.200000000000,0.200000000000,0.799993619942,0.172747613922,-0.797747613922,-0.797747613922,54;55;51,320;320;320,0.000000000000,0.058403214503,0.000000000000
13,no_spine_workspace,0.002254937204,1.000000000000,0.000000000000,0.000000000000,1.000000000000,0.750000000000,1.000000000000,320;320;320;320,entity:160;160;160;0|value:160;160;160;0|filler:0;0;0;0|query_marker:0;0;0;160|query_entity:0;0;0;160,kv_annealed_router,0.000006380058,0.002252386078,0.997747613922,0.997747613922,0.000000000000,0.000000000000,0.000000000000,0.000000000000,54;55;51,320;320;320,0.000000000000,0.058403214503,0.000000000000
13,no_mechanism_output,1.609437912434,0.375000000000,1.607182975230,-0.625000000000,1.000000000000,0.750000000000,1.000000000000,320;320;320;320,entity:160;160;160;0|value:160;160;160;0|filler:0;0;0;0|query_marker:0;0;0;160|query_entity:0;0;0;160,kv_annealed_router,0.800000000000,0.175000000000,0.200000000000,0.200000000000,0.799993619942,0.172747613922,-0.797747613922,-0.797747613922,54;55;51,320;320;320,0.000000000000,0.058403214503,0.000000000000
13,workspace_disconnected,1.609437912434,0.375000000000,1.607182975230,-0.625000000000,1.000000000000,0.750000000000,1.000000000000,320;320;320;320,entity:160;160;160;0|value:160;160;160;0|filler:0;0;0;0|query_marker:0;0;0;160|query_entity:0;0;0;160,kv_annealed_router,0.800000000000,0.175000000000,0.200000000000,0.200000000000,0.799993619942,0.172747613922,-0.797747613922,-0.797747613922,54;55;51,320;320;320,0.000000000000,0.058403214503,0.000000000000
13,no_workspace_writes,1.609437912434,0.375000000000,1.607182975230,-0.625000000000,1.000000000000,0.750000000000,1.000000000000,320;320;320;320,entity:160;160;160;0|value:160;160;160;0|filler:0;0;0;0|query_marker:0;0;0;160|query_entity:0;0;0;160,kv_annealed_router,0.800000000000,0.175000000000,0.200000000000,0.200000000000,0.799993619942,0.172747613922,-0.797747613922,-0.797747613922,160;0;0,320;320;320,0.000000000000,0.058403214503,0.000000000000
13,zero_reader_inbox,1.609437912434,0.375000000000,1.607182975230,-0.625000000000,1.000000000000,0.750000000000,1.000000000000,320;320;320;320,entity:160;160;160;0|value:160;160;160;0|filler:0;0;0;0|query_marker:0;0;0;160|query_entity:0;0;0;160,kv_annealed_router,0.800000000000,0.175000000000,0.200000000000,0.200000000000,0.799993619942,0.172747613922,-0.797747613922,-0.797747613922,54;55;51,320;320;320,0.000000000000,0.058403214503,0.000000000000
13,permuted_workspace_keys,5.891980071807,0.212500000000,5.889725134603,-0.787500000000,1.000000000000,0.750000000000,1.000000000000,320;320;320;320,entity:160;160;160;0|value:160;160;160;0|filler:0;0;0;0|query_marker:0;0;0;160|query_entity:0;0;0;160,kv_annealed_router,1.570590459275,0.785258862166,0.997758862166,0.212466793230,1.570584079217,0.783006476088,0.000011248244,-0.785280820692,55;51;54,320;320;320,0.000000000000,0.058403214503,0.000000000000
13,zero_query_key,4.246871477034,0.431250000000,4.244616539829,-0.568750000000,1.000000000000,0.750000000000,1.000000000000,320;320;320;320,entity:160;160;160;0|value:160;160;160;0|filler:0;0;0;0|query_marker:0;0;0;160|query_entity:0;0;0;160,kv_annealed_router,1.134288642258,0.566500879104,0.997750879104,0.430609739211,1.134282262200,0.564248493026,0.000003265183,-0.567137874711,160;0;0,320;320;320,0.000000000000,0.058403214503,0.000000000000
13,randomized_write_slots,2.671325113800,0.331250000000,2.669070176595,-0.668750000000,1.000000000000,0.750000000000,1.000000000000,320;320;320;320,entity:160;160;160;0|value:160;160;160;0|filler:0;0;0;0|query_marker:0;0;0;160|query_entity:0;0;0;160,kv_annealed_router,0.990176766961,0.309511104340,0.358261104340,0.183798540368,0.990170386903,0.307258718262,-0.639486509582,-0.813949073554,6;42;112,342;157;461,0.525000000000,0.029644449816,0.000000000000
13,cleared_writer_assignment,1.609437912434,0.375000000000,1.607182975230,-0.625000000000,1.000000000000,0.375000000000,1.000000000000,320;320;320;320,entity:160;160;160;0|value:160;160;160;0|filler:0;0;0;0|query_marker:0;0;0;160|query_entity:0;0;0;160,kv_annealed_router,0.800000000000,0.175000000000,0.200000000000,0.200000000000,0.799993619942,0.172747613922,-0.797747613922,-0.797747613922,54;55;51,160;160;160,0.000000000000,0.058403214503,0.000000000000
13,allow_write_collisions,1.137704788132,0.612500000000,1.135449850927,-0.387500000000,1.000000000000,0.750000000000,1.000000000000,320;320;320;320,entity:160;160;160;0|value:160;160;160;0|filler:0;0;0;0|query_marker:0;0;0;160|query_entity:0;0;0;160,kv_annealed_router,0.620108693781,0.224742798559,0.616604615786,0.487671642492,0.620102313723,0.222490412481,-0.381142998135,-0.510075971430,144;16;0,960;0;0,0.666666666667,0.052970889447,0.000000000000
13,permuted_recipients,0.002254937204,1.000000000000,0.000000000000,0.000000000000,1.000000000000,0.750000000000,1.000000000000,320;320;320;320,entity:160;160;160;0|value:160;160;160;0|filler:0;0;0;0|query_marker:0;0;0;160|query_entity:0;0;0;160,kv_annealed_router,0.000006380058,0.002252386078,0.997747613922,0.997747613922,0.000000000000,0.000000000000,0.000000000000,0.000000000000,54;55;51,320;320;320,0.000000000000,0.058403214503,0.000000000000
14,intact,0.002238628148,1.000000000000,0.000000000000,0.000000000000,1.000000000000,0.750000000000,1.000000000000,320;320;320;320,entity:160;160;160;0|value:160;160;160;0|filler:0;0;0;0|query_marker:0;0;0;160|query_entity:0;0;0;160,kv_annealed_router,0.000006260484,0.002236122204,0.997763877796,0.997763877796,0.000000000000,0.000000000000,0.000000000000,0.000000000000,53;46;61,320;320;320,0.000000000000,0.042569500916,0.000000000000
14,no_broadcast,1.609437912434,0.412500000000,1.607199284286,-0.587500000000,1.000000000000,0.750000000000,1.000000000000,320;320;320;320,entity:160;160;160;0|value:160;160;160;0|filler:0;0;0;0|query_marker:0;0;0;160|query_entity:0;0;0;160,kv_annealed_router,0.800000000000,0.212500000000,0.200000000000,0.200000000000,0.799993739516,0.210263877796,-0.797763877796,-0.797763877796,53;46;61,320;320;320,0.000000000000,0.042569500916,0.000000000000
14,no_workspace_persistence,1.609437912434,0.412500000000,1.607199284286,-0.587500000000,1.000000000000,0.750000000000,1.000000000000,320;320;320;320,entity:160;160;160;0|value:160;160;160;0|filler:0;0;0;0|query_marker:0;0;0;160|query_entity:0;0;0;160,kv_annealed_router,0.800000000000,0.212500000000,0.200000000000,0.200000000000,0.799993739516,0.210263877796,-0.797763877796,-0.797763877796,160;0;0,306;152;502,0.000000000000,0.040003898809,0.000000000000
14,no_workspace_output,1.609437912434,0.412500000000,1.607199284286,-0.587500000000,1.000000000000,0.750000000000,1.000000000000,320;320;320;320,entity:160;160;160;0|value:160;160;160;0|filler:0;0;0;0|query_marker:0;0;0;160|query_entity:0;0;0;160,kv_annealed_router,0.800000000000,0.212500000000,0.200000000000,0.200000000000,0.799993739516,0.210263877796,-0.797763877796,-0.797763877796,53;46;61,320;320;320,0.000000000000,0.042569500916,0.000000000000
14,no_spine_workspace,0.002238628148,1.000000000000,0.000000000000,0.000000000000,1.000000000000,0.750000000000,1.000000000000,320;320;320;320,entity:160;160;160;0|value:160;160;160;0|filler:0;0;0;0|query_marker:0;0;0;160|query_entity:0;0;0;160,kv_annealed_router,0.000006260484,0.002236122204,0.997763877796,0.997763877796,0.000000000000,0.000000000000,0.000000000000,0.000000000000,53;46;61,320;320;320,0.000000000000,0.042569500916,0.000000000000
14,no_mechanism_output,1.609437912434,0.412500000000,1.607199284286,-0.587500000000,1.000000000000,0.750000000000,1.000000000000,320;320;320;320,entity:160;160;160;0|value:160;160;160;0|filler:0;0;0;0|query_marker:0;0;0;160|query_entity:0;0;0;160,kv_annealed_router,0.800000000000,0.212500000000,0.200000000000,0.200000000000,0.799993739516,0.210263877796,-0.797763877796,-0.797763877796,53;46;61,320;320;320,0.000000000000,0.042569500916,0.000000000000
14,workspace_disconnected,1.609437912434,0.412500000000,1.607199284286,-0.587500000000,1.000000000000,0.750000000000,1.000000000000,320;320;320;320,entity:160;160;160;0|value:160;160;160;0|filler:0;0;0;0|query_marker:0;0;0;160|query_entity:0;0;0;160,kv_annealed_router,0.800000000000,0.212500000000,0.200000000000,0.200000000000,0.799993739516,0.210263877796,-0.797763877796,-0.797763877796,53;46;61,320;320;320,0.000000000000,0.042569500916,0.000000000000
14,no_workspace_writes,1.609437912434,0.412500000000,1.607199284286,-0.587500000000,1.000000000000,0.750000000000,1.000000000000,320;320;320;320,entity:160;160;160;0|value:160;160;160;0|filler:0;0;0;0|query_marker:0;0;0;160|query_entity:0;0;0;160,kv_annealed_router,0.800000000000,0.212500000000,0.200000000000,0.200000000000,0.799993739516,0.210263877796,-0.797763877796,-0.797763877796,160;0;0,320;320;320,0.000000000000,0.042569500916,0.000000000000
14,zero_reader_inbox,1.609437912434,0.412500000000,1.607199284286,-0.587500000000,1.000000000000,0.750000000000,1.000000000000,320;320;320;320,entity:160;160;160;0|value:160;160;160;0|filler:0;0;0;0|query_marker:0;0;0;160|query_entity:0;0;0;160,kv_annealed_router,0.800000000000,0.212500000000,0.200000000000,0.200000000000,0.799993739516,0.210263877796,-0.797763877796,-0.797763877796,53;46;61,320;320;320,0.000000000000,0.042569500916,0.000000000000
14,permuted_workspace_keys,5.526947756924,0.262500000000,5.524709128776,-0.737500000000,1.000000000000,0.750000000000,1.000000000000,320;320;320;320,entity:160;160;160;0|value:160;160;160;0|filler:0;0;0;0|query_marker:0;0;0;160|query_entity:0;0;0;160,kv_annealed_router,1.470933969816,0.735288434928,0.997788434928,0.262324511699,1.470927709333,0.733052312724,0.000024557131,-0.735439366097,46;61;53,320;320;320,0.000000000000,0.042569500916,0.000000000000
14,zero_query_key,3.984354097890,0.468750000000,3.982115469742,-0.531250000000,1.000000000000,0.750000000000,1.000000000000,320;320;320;320,entity:160;160;160;0|value:160;160;160;0|filler:0;0;0;0|query_marker:0;0;0;160|query_entity:0;0;0;160,kv_annealed_router,1.059573133030,0.529031056263,0.997781056263,0.467997572291,1.059566872546,0.526794934059,0.000017178467,-0.529766305505,160;0;0,320;320;320,0.000000000000,0.042569500916,0.000000000000
14,randomized_write_slots,2.848473607512,0.256250000000,2.846234979364,-0.743750000000,1.000000000000,0.750000000000,1.000000000000,320;320;320;320,entity:160;160;160;0|value:160;160;160;0|filler:0;0;0;0|query_marker:0;0;0;160|query_entity:0;0;0;160,kv_annealed_router,0.983620119336,0.296730956539,0.420480956539,0.218047392222,0.983613858852,0.294494834335,-0.577282921257,-0.779716485575,89;30;41,394;336;230,0.389583333333,0.085003627455,0.000000000000
14,cleared_writer_assignment,1.609437912434,0.412500000000,1.607199284286,-0.587500000000,1.000000000000,0.375000000000,1.000000000000,320;320;320;320,entity:160;160;160;0|value:160;160;160;0|filler:0;0;0;0|query_marker:0;0;0;160|query_entity:0;0;0;160,kv_annealed_router,0.800000000000,0.212500000000,0.200000000000,0.200000000000,0.799993739516,0.210263877796,-0.797763877796,-0.797763877796,53;46;61,160;160;160,0.000000000000,0.042569500916,0.000000000000
14,allow_write_collisions,0.956733026813,0.600000000000,0.954494398665,-0.400000000000,1.000000000000,0.750000000000,1.000000000000,320;320;320;320,entity:160;160;160;0|value:160;160;160;0|filler:0;0;0;0|query_marker:0;0;0;160|query_entity:0;0;0;160,kv_annealed_router,0.527238661620,0.126780631146,0.690162730999,0.572960363891,0.527232401136,0.124544508942,-0.307601146797,-0.424803513906,158;2;0,960;0;0,0.666666666667,0.040003898809,0.000000000000
14,permuted_recipients,0.002238628148,1.000000000000,0.000000000000,0.000000000000,1.000000000000,0.750000000000,1.000000000000,320;320;320;320,entity:160;160;160;0|value:160;160;160;0|filler:0;0;0;0|query_marker:0;0;0;160|query_entity:0;0;0;160,kv_annealed_router,0.000006260484,0.002236122204,0.997763877796,0.997763877796,0.000000000000,0.000000000000,0.000000000000,0.000000000000,53;46;61,320;320;320,0.000000000000,0.042569500916,0.000000000000
15,intact,0.002219776409,1.000000000000,0.000000000000,0.000000000000,1.000000000000,0.750000000000,1.000000000000,320;320;320;320,entity:160;160;160;0|value:160;160;160;0|filler:0;0;0;0|query_marker:0;0;0;160|query_entity:0;0;0;160,kv_annealed_router,0.000006149019,0.002217313898,0.997782686102,0.997782686102,0.000000000000,0.000000000000,0.000000000000,0.000000000000,55;49;56,320;320;320,0.000000000000,0.020490966716,0.000000000000
15,no_broadcast,1.609437912434,0.306250000000,1.607218136025,-0.693750000000,1.000000000000,0.750000000000,1.000000000000,320;320;320;320,entity:160;160;160;0|value:160;160;160;0|filler:0;0;0;0|query_marker:0;0;0;160|query_entity:0;0;0;160,kv_annealed_router,0.800000000000,0.106250000000,0.200000000000,0.200000000000,0.799993850981,0.104032686102,-0.797782686102,-0.797782686102,55;49;56,320;320;320,0.000000000000,0.020490966716,0.000000000000
15,no_workspace_persistence,1.609437912434,0.306250000000,1.607218136025,-0.693750000000,1.000000000000,0.750000000000,1.000000000000,320;320;320;320,entity:160;160;160;0|value:160;160;160;0|filler:0;0;0;0|query_marker:0;0;0;160|query_entity:0;0;0;160,kv_annealed_router,0.800000000000,0.106250000000,0.200000000000,0.200000000000,0.799993850981,0.104032686102,-0.797782686102,-0.797782686102,160;0;0,322;310;328,0.000000000000,0.018750186148,0.000000000000
15,no_workspace_output,1.609437912434,0.306250000000,1.607218136025,-0.693750000000,1.000000000000,0.750000000000,1.000000000000,320;320;320;320,entity:160;160;160;0|value:160;160;160;0|filler:0;0;0;0|query_marker:0;0;0;160|query_entity:0;0;0;160,kv_annealed_router,0.800000000000,0.106250000000,0.200000000000,0.200000000000,0.799993850981,0.104032686102,-0.797782686102,-0.797782686102,55;49;56,320;320;320,0.000000000000,0.020490966716,0.000000000000
15,no_spine_workspace,0.002219776409,1.000000000000,0.000000000000,0.000000000000,1.000000000000,0.750000000000,1.000000000000,320;320;320;320,entity:160;160;160;0|value:160;160;160;0|filler:0;0;0;0|query_marker:0;0;0;160|query_entity:0;0;0;160,kv_annealed_router,0.000006149019,0.002217313898,0.997782686102,0.997782686102,0.000000000000,0.000000000000,0.000000000000,0.000000000000,55;49;56,320;320;320,0.000000000000,0.020490966716,0.000000000000
15,no_mechanism_output,1.609437912434,0.306250000000,1.607218136025,-0.693750000000,1.000000000000,0.750000000000,1.000000000000,320;320;320;320,entity:160;160;160;0|value:160;160;160;0|filler:0;0;0;0|query_marker:0;0;0;160|query_entity:0;0;0;160,kv_annealed_router,0.800000000000,0.106250000000,0.200000000000,0.200000000000,0.799993850981,0.104032686102,-0.797782686102,-0.797782686102,55;49;56,320;320;320,0.000000000000,0.020490966716,0.000000000000
15,workspace_disconnected,1.609437912434,0.306250000000,1.607218136025,-0.693750000000,1.000000000000,0.750000000000,1.000000000000,320;320;320;320,entity:160;160;160;0|value:160;160;160;0|filler:0;0;0;0|query_marker:0;0;0;160|query_entity:0;0;0;160,kv_annealed_router,0.800000000000,0.106250000000,0.200000000000,0.200000000000,0.799993850981,0.104032686102,-0.797782686102,-0.797782686102,55;49;56,320;320;320,0.000000000000,0.020490966716,0.000000000000
15,no_workspace_writes,1.609437912434,0.306250000000,1.607218136025,-0.693750000000,1.000000000000,0.750000000000,1.000000000000,320;320;320;320,entity:160;160;160;0|value:160;160;160;0|filler:0;0;0;0|query_marker:0;0;0;160|query_entity:0;0;0;160,kv_annealed_router,0.800000000000,0.106250000000,0.200000000000,0.200000000000,0.799993850981,0.104032686102,-0.797782686102,-0.797782686102,160;0;0,320;320;320,0.000000000000,0.020490966716,0.000000000000
15,zero_reader_inbox,1.609437912434,0.306250000000,1.607218136025,-0.693750000000,1.000000000000,0.750000000000,1.000000000000,320;320;320;320,entity:160;160;160;0|value:160;160;160;0|filler:0;0;0;0|query_marker:0;0;0;160|query_entity:0;0;0;160,kv_annealed_router,0.800000000000,0.106250000000,0.200000000000,0.200000000000,0.799993850981,0.104032686102,-0.797782686102,-0.797782686102,55;49;56,320;320;320,0.000000000000,0.020490966716,0.000000000000
15,permuted_workspace_keys,5.713923624799,0.237500000000,5.711703848389,-0.762500000000,1.000000000000,0.750000000000,1.000000000000,320;320;320;320,entity:160;160;160;0|value:160;160;160;0|filler:0;0;0;0|query_marker:0;0;0;160|query_entity:0;0;0;160,kv_annealed_router,1.520789866514,0.760290740269,0.997790740269,0.237398859522,1.520783717495,0.758073426371,0.000008054167,-0.760383826580,49;56;55,320;320;320,0.000000000000,0.020490966716,0.000000000000
15,zero_query_key,3.885940329218,0.481250000000,3.883720552809,-0.518750000000,1.000000000000,0.750000000000,1.000000000000,320;320;320;320,entity:160;160;160;0|value:160;160;160;0|filler:0;0;0;0|query_marker:0;0;0;160|query_entity:0;0;0;160,kv_annealed_router,1.034635333584,0.516540016310,0.997790016310,0.480475403907,1.034629184565,0.514322702412,0.000007330208,-0.517307282194,160;0;0,320;320;320,0.000000000000,0.020490966716,0.000000000000
15,randomized_write_slots,3.064399193424,0.287500000000,3.062179417015,-0.712500000000,1.000000000000,0.750000000000,1.000000000000,320;320;320;320,entity:160;160;160;0|value:160;160;160;0|filler:0;0;0;0|query_marker:0;0;0;160|query_entity:0;0;0;160,kv_annealed_router,1.016550534374,0.279798049643,0.449798049643,0.216211797494,1.016544385355,0.277580735745,-0.547984636459,-0.781570888608,52;57;51,324;312;324,0.358333333333,0.067270227108,0.000000000000
15,cleared_writer_assignment,1.609437912434,0.306250000000,1.607218136025,-0.693750000000,1.000000000000,0.375000000000,1.000000000000,320;320;320;320,entity:160;160;160;0|value:160;160;160;0|filler:0;0;0;0|query_marker:0;0;0;160|query_entity:0;0;0;160,kv_annealed_router,0.800000000000,0.106250000000,0.200000000000,0.200000000000,0.799993850981,0.104032686102,-0.797782686102,-0.797782686102,55;49;56,160;160;160,0.000000000000,0.020490966716,0.000000000000
15,allow_write_collisions,0.971722510476,0.593750000000,0.969502734066,-0.406250000000,1.000000000000,0.750000000000,1.000000000000,320;320;320;320,entity:160;160;160;0|value:160;160;160;0|filler:0;0;0;0|query_marker:0;0;0;160|query_entity:0;0;0;160,kv_annealed_router,0.537283529778,0.125875840068,0.669457464458,0.557690153861,0.537277380759,0.123658526170,-0.328325221644,-0.440092532241,156;4;0,960;0;0,0.666666666667,0.018750186148,0.000000000000
15,permuted_recipients,0.002219776409,1.000000000000,0.000000000000,0.000000000000,1.000000000000,0.750000000000,1.000000000000,320;320;320;320,entity:160;160;160;0|value:160;160;160;0|filler:0;0;0;0|query_marker:0;0;0;160|query_entity:0;0;0;160,kv_annealed_router,0.000006149019,0.002217313898,0.997782686102,0.997782686102,0.000000000000,0.000000000000,0.000000000000,0.000000000000,55;49;56,320;320;320,0.000000000000,0.020490966716,0.000000000000
16,intact,0.002276574014,1.000000000000,0.000000000000,0.000000000000,1.000000000000,0.750000000000,1.000000000000,320;320;320;320,entity:160;160;160;0|value:160;160;160;0|filler:0;0;0;0|query_marker:0;0;0;160|query_entity:0;0;0;160,kv_annealed_router,0.000006523796,0.002273968210,0.997726031790,0.997726031790,0.000000000000,0.000000000000,0.000000000000,0.000000000000,56;47;57,320;320;320,0.000000000000,0.014155611004,0.000000000000
16,no_broadcast,1.609437912434,0.343750000000,1.607161338420,-0.656250000000,1.000000000000,0.750000000000,1.000000000000,320;320;320;320,entity:160;160;160;0|value:160;160;160;0|filler:0;0;0;0|query_marker:0;0;0;160|query_entity:0;0;0;160,kv_annealed_router,0.800000000000,0.143750000000,0.200000000000,0.200000000000,0.799993476204,0.141476031790,-0.797726031790,-0.797726031790,56;47;57,320;320;320,0.000000000000,0.014155611004,0.000000000000
16,no_workspace_persistence,1.609437912434,0.343750000000,1.607161338420,-0.656250000000,1.000000000000,0.750000000000,1.000000000000,320;320;320;320,entity:160;160;160;0|value:160;160;160;0|filler:0;0;0;0|query_marker:0;0;0;160|query_entity:0;0;0;160,kv_annealed_router,0.800000000000,0.143750000000,0.200000000000,0.200000000000,0.799993476204,0.141476031790,-0.797726031790,-0.797726031790,160;0;0,344;290;326,0.000000000000,0.022067768917,0.000000000000
16,no_workspace_output,1.609437912434,0.343750000000,1.607161338420,-0.656250000000,1.000000000000,0.750000000000,1.000000000000,320;320;320;320,entity:160;160;160;0|value:160;160;160;0|filler:0;0;0;0|query_marker:0;0;0;160|query_entity:0;0;0;160,kv_annealed_router,0.800000000000,0.143750000000,0.200000000000,0.200000000000,0.799993476204,0.141476031790,-0.797726031790,-0.797726031790,56;47;57,320;320;320,0.000000000000,0.014155611004,0.000000000000
16,no_spine_workspace,0.002276574014,1.000000000000,0.000000000000,0.000000000000,1.000000000000,0.750000000000,1.000000000000,320;320;320;320,entity:160;160;160;0|value:160;160;160;0|filler:0;0;0;0|query_marker:0;0;0;160|query_entity:0;0;0;160,kv_annealed_router,0.000006523796,0.002273968210,0.997726031790,0.997726031790,0.000000000000,0.000000000000,0.000000000000,0.000000000000,56;47;57,320;320;320,0.000000000000,0.014155611004,0.000000000000
16,no_mechanism_output,1.609437912434,0.343750000000,1.607161338420,-0.656250000000,1.000000000000,0.750000000000,1.000000000000,320;320;320;320,entity:160;160;160;0|value:160;160;160;0|filler:0;0;0;0|query_marker:0;0;0;160|query_entity:0;0;0;160,kv_annealed_router,0.800000000000,0.143750000000,0.200000000000,0.200000000000,0.799993476204,0.141476031790,-0.797726031790,-0.797726031790,56;47;57,320;320;320,0.000000000000,0.014155611004,0.000000000000
16,workspace_disconnected,1.609437912434,0.343750000000,1.607161338420,-0.656250000000,1.000000000000,0.750000000000,1.000000000000,320;320;320;320,entity:160;160;160;0|value:160;160;160;0|filler:0;0;0;0|query_marker:0;0;0;160|query_entity:0;0;0;160,kv_annealed_router,0.800000000000,0.143750000000,0.200000000000,0.200000000000,0.799993476204,0.141476031790,-0.797726031790,-0.797726031790,56;47;57,320;320;320,0.000000000000,0.014155611004,0.000000000000
16,no_workspace_writes,1.609437912434,0.343750000000,1.607161338420,-0.656250000000,1.000000000000,0.750000000000,1.000000000000,320;320;320;320,entity:160;160;160;0|value:160;160;160;0|filler:0;0;0;0|query_marker:0;0;0;160|query_entity:0;0;0;160,kv_annealed_router,0.800000000000,0.143750000000,0.200000000000,0.200000000000,0.799993476204,0.141476031790,-0.797726031790,-0.797726031790,160;0;0,320;320;320,0.000000000000,0.014155611004,0.000000000000
16,zero_reader_inbox,1.609437912434,0.343750000000,1.607161338420,-0.656250000000,1.000000000000,0.750000000000,1.000000000000,320;320;320;320,entity:160;160;160;0|value:160;160;160;0|filler:0;0;0;0|query_marker:0;0;0;160|query_entity:0;0;0;160,kv_annealed_router,0.800000000000,0.143750000000,0.200000000000,0.200000000000,0.799993476204,0.141476031790,-0.797726031790,-0.797726031790,56;47;57,320;320;320,0.000000000000,0.014155611004,0.000000000000
16,permuted_workspace_keys,5.570102163960,0.256250000000,5.567825589945,-0.743750000000,1.000000000000,0.750000000000,1.000000000000,320;320;320;320,entity:160;160;160;0|value:160;160;160;0|filler:0;0;0;0|query_marker:0;0;0;160|query_entity:0;0;0;160,kv_annealed_router,1.483340161403,0.741496103613,0.997746103613,0.256079230489,1.483333637607,0.739222135404,0.000020071823,-0.741646801301,47;57;56,320;320;320,0.000000000000,0.014155611004,0.000000000000
16,zero_query_key,3.519745740842,0.525000000000,3.517469166827,-0.475000000000,1.000000000000,0.750000000000,1.000000000000,320;320;320;320,entity:160;160;160;0|value:160;160;160;0|filler:0;0;0;0|query_marker:0;0;0;160|query_entity:0;0;0;160,kv_annealed_router,0.947266675502,0.472767125500,0.997767125500,0.524136934236,0.947260151706,0.470493157290,0.000041093710,-0.473589097554,160;0;0,320;320;320,0.000000000000,0.014155611004,0.000000000000
16,randomized_write_slots,2.916276496412,0.281250000000,2.913999922397,-0.718750000000,1.000000000000,0.750000000000,1.000000000000,320;320;320;320,entity:160;160;160;0|value:160;160;160;0|filler:0;0;0;0|query_marker:0;0;0;160|query_entity:0;0;0;160,kv_annealed_router,1.007926152641,0.333623799540,0.414873799540,0.203099694659,1.007919628845,0.331349831330,-0.582852232250,-0.794626337132,71;48;41,344;343;273,0.379166666667,0.039725961881,0.000000000000
16,cleared_writer_assignment,1.609437912434,0.343750000000,1.607161338420,-0.656250000000,1.000000000000,0.375000000000,1.000000000000,320;320;320;320,entity:160;160;160;0|value:160;160;160;0|filler:0;0;0;0|query_marker:0;0;0;160|query_entity:0;0;0;160,kv_annealed_router,0.800000000000,0.143750000000,0.200000000000,0.200000000000,0.799993476204,0.141476031790,-0.797726031790,-0.797726031790,56;47;57,160;160;160,0.000000000000,0.014155611004,0.000000000000
16,allow_write_collisions,1.033714282008,0.575000000000,1.031437707994,-0.425000000000,1.000000000000,0.750000000000,1.000000000000,320;320;320;320,entity:160;160;160;0|value:160;160;160;0|filler:0;0;0;0|query_marker:0;0;0;160|query_entity:0;0;0;160,kv_annealed_router,0.561432912197,0.124216069476,0.677387327959,0.546502379701,0.561426388402,0.121942101266,-0.320338703831,-0.451223652090,147;13;0,960;0;0,0.666666666667,0.022067768917,0.000000000000
16,permuted_recipients,0.002276574014,1.000000000000,0.000000000000,0.000000000000,1.000000000000,0.750000000000,1.000000000000,320;320;320;320,entity:160;160;160;0|value:160;160;160;0|filler:0;0;0;0|query_marker:0;0;0;160|query_entity:0;0;0;160,kv_annealed_router,0.000006523796,0.002273968210,0.997726031790,0.997726031790,0.000000000000,0.000000000000,0.000000000000,0.000000000000,56;47;57,320;320;320,0.000000000000,0.014155611004,0.000000000000
17,intact,0.002237338519,1.000000000000,0.000000000000,0.000000000000,1.000000000000,0.750000000000,1.000000000000,320;320;320;320,entity:160;160;160;0|value:160;160;160;0|filler:0;0;0;0|query_marker:0;0;0;160|query_entity:0;0;0;160,kv_annealed_router,0.000006253489,0.002234834222,0.997765165778,0.997765165778,0.000000000000,0.000000000000,0.000000000000,0.000000000000,40;62;58,320;320;320,0.000000000000,0.063542245436,0.000000000000
17,no_broadcast,1.609437912434,0.331250000000,1.607200573916,-0.668750000000,1.000000000000,0.750000000000,1.000000000000,320;320;320;320,entity:160;160;160;0|value:160;160;160;0|filler:0;0;0;0|query_marker:0;0;0;160|query_entity:0;0;0;160,kv_annealed_router,0.800000000000,0.131250000000,0.200000000000,0.200000000000,0.799993746511,0.129015165778,-0.797765165778,-0.797765165778,40;62;58,320;320;320,0.000000000000,0.063542245436,0.000000000000
17,no_workspace_persistence,1.609437912434,0.331250000000,1.607200573916,-0.668750000000,1.000000000000,0.750000000000,1.000000000000,320;320;320;320,entity:160;160;160;0|value:160;160;160;0|filler:0;0;0;0|query_marker:0;0;0;160|query_entity:0;0;0;160,kv_annealed_router,0.800000000000,0.131250000000,0.200000000000,0.200000000000,0.799993746511,0.129015165778,-0.797765165778,-0.797765165778,160;0;0,636;156;168,0.000000000000,0.006490347195,0.000000000000
17,no_workspace_output,1.609437912434,0.331250000000,1.607200573916,-0.668750000000,1.000000000000,0.750000000000,1.000000000000,320;320;320;320,entity:160;160;160;0|value:160;160;160;0|filler:0;0;0;0|query_marker:0;0;0;160|query_entity:0;0;0;160,kv_annealed_router,0.800000000000,0.131250000000,0.200000000000,0.200000000000,0.799993746511,0.129015165778,-0.797765165778,-0.797765165778,40;62;58,320;320;320,0.000000000000,0.063542245436,0.000000000000
17,no_spine_workspace,0.002237338519,1.000000000000,0.000000000000,0.000000000000,1.000000000000,0.750000000000,1.000000000000,320;320;320;320,entity:160;160;160;0|value:160;160;160;0|filler:0;0;0;0|query_marker:0;0;0;160|query_entity:0;0;0;160,kv_annealed_router,0.000006253489,0.002234834222,0.997765165778,0.997765165778,0.000000000000,0.000000000000,0.000000000000,0.000000000000,40;62;58,320;320;320,0.000000000000,0.063542245436,0.000000000000
17,no_mechanism_output,1.609437912434,0.331250000000,1.607200573916,-0.668750000000,1.000000000000,0.750000000000,1.000000000000,320;320;320;320,entity:160;160;160;0|value:160;160;160;0|filler:0;0;0;0|query_marker:0;0;0;160|query_entity:0;0;0;160,kv_annealed_router,0.800000000000,0.131250000000,0.200000000000,0.200000000000,0.799993746511,0.129015165778,-0.797765165778,-0.797765165778,40;62;58,320;320;320,0.000000000000,0.063542245436,0.000000000000
17,workspace_disconnected,1.609437912434,0.331250000000,1.607200573916,-0.668750000000,1.000000000000,0.750000000000,1.000000000000,320;320;320;320,entity:160;160;160;0|value:160;160;160;0|filler:0;0;0;0|query_marker:0;0;0;160|query_entity:0;0;0;160,kv_annealed_router,0.800000000000,0.131250000000,0.200000000000,0.200000000000,0.799993746511,0.129015165778,-0.797765165778,-0.797765165778,40;62;58,320;320;320,0.000000000000,0.063542245436,0.000000000000
17,no_workspace_writes,1.609437912434,0.331250000000,1.607200573916,-0.668750000000,1.000000000000,0.750000000000,1.000000000000,320;320;320;320,entity:160;160;160;0|value:160;160;160;0|filler:0;0;0;0|query_marker:0;0;0;160|query_entity:0;0;0;160,kv_annealed_router,0.800000000000,0.131250000000,0.200000000000,0.200000000000,0.799993746511,0.129015165778,-0.797765165778,-0.797765165778,160;0;0,320;320;320,0.000000000000,0.063542245436,0.000000000000
17,zero_reader_inbox,1.609437912434,0.331250000000,1.607200573916,-0.668750000000,1.000000000000,0.750000000000,1.000000000000,320;320;320;320,entity:160;160;160;0|value:160;160;160;0|filler:0;0;0;0|query_marker:0;0;0;160|query_entity:0;0;0;160,kv_annealed_router,0.800000000000,0.131250000000,0.200000000000,0.200000000000,0.799993746511,0.129015165778,-0.797765165778,-0.797765165778,40;62;58,320;320;320,0.000000000000,0.063542245436,0.000000000000
17,permuted_workspace_keys,6.089548938463,0.187500000000,6.087311599945,-0.812500000000,1.000000000000,0.750000000000,1.000000000000,320;320;320;320,entity:160;160;160;0|value:160;160;160;0|filler:0;0;0;0|query_marker:0;0;0;160|query_entity:0;0;0;160,kv_annealed_router,1.620535116768,0.810303563157,0.997803563157,0.187539023134,1.620528863279,0.808068728935,0.000038397379,-0.810226142644,62;58;40,320;320;320,0.000000000000,0.063542245436,0.000000000000
17,zero_query_key,4.078902045222,0.456250000000,4.076664706703,-0.543750000000,1.000000000000,0.750000000000,1.000000000000,320;320;320;320,entity:160;160;160;0|value:160;160;160;0|filler:0;0;0;0|query_marker:0;0;0;160|query_entity:0;0;0;160,kv_annealed_router,1.084508500051,0.541526310612,0.997776310612,0.455525155858,1.084502246562,0.539291476390,0.000011144834,-0.542240009920,160;0;0,320;320;320,0.000000000000,0.063542245436,0.000000000000
17,randomized_write_slots,2.730317761778,0.250000000000,2.728080423259,-0.750000000000,1.000000000000,0.750000000000,1.000000000000,320;320;320;320,entity:160;160;160;0|value:160;160;160;0|filler:0;0;0;0|query_marker:0;0;0;160|query_entity:0;0;0;160,kv_annealed_router,0.960632067692,0.217471425651,0.399971425651,0.219344065810,0.960625814203,0.215236591429,-0.597793740127,-0.778421099968,59;79;22,232;406;322,0.393750000000,0.022214266469,0.000000000000
17,cleared_writer_assignment,1.609437912434,0.331250000000,1.607200573916,-0.668750000000,1.000000000000,0.375000000000,1.000000000000,320;320;320;320,entity:160;160;160;0|value:160;160;160;0|filler:0;0;0;0|query_marker:0;0;0;160|query_entity:0;0;0;160,kv_annealed_router,0.800000000000,0.131250000000,0.200000000000,0.200000000000,0.799993746511,0.129015165778,-0.797765165778,-0.797765165778,40;62;58,160;160;160,0.000000000000,0.063542245436,0.000000000000
17,allow_write_collisions,1.038890136469,0.618750000000,1.036652797950,-0.381250000000,1.000000000000,0.750000000000,1.000000000000,320;320;320;320,entity:160;160;160;0|value:160;160;160;0|filler:0;0;0;0|query_marker:0;0;0;160|query_entity:0;0;0;160,kv_annealed_router,0.572501883711,0.205223830782,0.644547839746,0.527704296854,0.572495630222,0.202988996560,-0.353217326033,-0.470060868924,154;6;0,960;0;0,0.666666666667,0.006490347195,0.000000000000
17,permuted_recipients,0.002237338519,1.000000000000,0.000000000000,0.000000000000,1.000000000000,0.750000000000,1.000000000000,320;320;320;320,entity:160;160;160;0|value:160;160;160;0|filler:0;0;0;0|query_marker:0;0;0;160|query_entity:0;0;0;160,kv_annealed_router,0.000006253489,0.002234834222,0.997765165778,0.997765165778,0.000000000000,0.000000000000,0.000000000000,0.000000000000,40;62;58,320;320;320,0.000000000000,0.063542245436,0.000000000000
18,intact,0.002279793776,1.000000000000,0.000000000000,0.000000000000,1.000000000000,0.750000000000,1.000000000000,320;320;320;320,entity:160;160;160;0|value:160;160;160;0|filler:0;0;0;0|query_marker:0;0;0;160|query_entity:0;0;0;160,kv_annealed_router,0.000006560679,0.002277175004,0.997722824996,0.997722824996,0.000000000000,0.000000000000,0.000000000000,0.000000000000,51;53;56,320;320;320,0.000000000000,0.012125361870,0.000000000000
18,no_broadcast,1.609437912434,0.312500000000,1.607158118658,-0.687500000000,1.000000000000,0.750000000000,1.000000000000,320;320;320;320,entity:160;160;160;0|value:160;160;160;0|filler:0;0;0;0|query_marker:0;0;0;160|query_entity:0;0;0;160,kv_annealed_router,0.800000000000,0.112500000000,0.200000000000,0.200000000000,0.799993439321,0.110222824996,-0.797722824996,-0.797722824996,51;53;56,320;320;320,0.000000000000,0.012125361870,0.000000000000
18,no_workspace_persistence,1.609437912434,0.312500000000,1.607158118658,-0.687500000000,1.000000000000,0.750000000000,1.000000000000,320;320;320;320,entity:160;160;160;0|value:160;160;160;0|filler:0;0;0;0|query_marker:0;0;0;160|query_entity:0;0;0;160,kv_annealed_router,0.800000000000,0.112500000000,0.200000000000,0.200000000000,0.799993439321,0.110222824996,-0.797722824996,-0.797722824996,160;0;0,164;136;660,0.000000000000,0.020152010231,0.000000000000
18,no_workspace_output,1.609437912434,0.312500000000,1.607158118658,-0.687500000000,1.000000000000,0.750000000000,1.000000000000,320;320;320;320,entity:160;160;160;0|value:160;160;160;0|filler:0;0;0;0|query_marker:0;0;0;160|query_entity:0;0;0;160,kv_annealed_router,0.800000000000,0.112500000000,0.200000000000,0.200000000000,0.799993439321,0.110222824996,-0.797722824996,-0.797722824996,51;53;56,320;320;320,0.000000000000,0.012125361870,0.000000000000
18,no_spine_workspace,0.002279793776,1.000000000000,0.000000000000,0.000000000000,1.000000000000,0.750000000000,1.000000000000,320;320;320;320,entity:160;160;160;0|value:160;160;160;0|filler:0;0;0;0|query_marker:0;0;0;160|query_entity:0;0;0;160,kv_annealed_router,0.000006560679,0.002277175004,0.997722824996,0.997722824996,0.000000000000,0.000000000000,0.000000000000,0.000000000000,51;53;56,320;320;320,0.000000000000,0.012125361870,0.000000000000
18,no_mechanism_output,1.609437912434,0.312500000000,1.607158118658,-0.687500000000,1.000000000000,0.750000000000,1.000000000000,320;320;320;320,entity:160;160;160;0|value:160;160;160;0|filler:0;0;0;0|query_marker:0;0;0;160|query_entity:0;0;0;160,kv_annealed_router,0.800000000000,0.112500000000,0.200000000000,0.200000000000,0.799993439321,0.110222824996,-0.797722824996,-0.797722824996,51;53;56,320;320;320,0.000000000000,0.012125361870,0.000000000000
18,workspace_disconnected,1.609437912434,0.312500000000,1.607158118658,-0.687500000000,1.000000000000,0.750000000000,1.000000000000,320;320;320;320,entity:160;160;160;0|value:160;160;160;0|filler:0;0;0;0|query_marker:0;0;0;160|query_entity:0;0;0;160,kv_annealed_router,0.800000000000,0.112500000000,0.200000000000,0.200000000000,0.799993439321,0.110222824996,-0.797722824996,-0.797722824996,51;53;56,320;320;320,0.000000000000,0.012125361870,0.000000000000
18,no_workspace_writes,1.609437912434,0.312500000000,1.607158118658,-0.687500000000,1.000000000000,0.750000000000,1.000000000000,320;320;320;320,entity:160;160;160;0|value:160;160;160;0|filler:0;0;0;0|query_marker:0;0;0;160|query_entity:0;0;0;160,kv_annealed_router,0.800000000000,0.112500000000,0.200000000000,0.200000000000,0.799993439321,0.110222824996,-0.797722824996,-0.797722824996,160;0;0,320;320;320,0.000000000000,0.012125361870,0.000000000000
18,zero_reader_inbox,1.609437912434,0.312500000000,1.607158118658,-0.687500000000,1.000000000000,0.750000000000,1.000000000000,320;320;320;320,entity:160;160;160;0|value:160;160;160;0|filler:0;0;0;0|query_marker:0;0;0;160|query_entity:0;0;0;160,kv_annealed_router,0.800000000000,0.112500000000,0.200000000000,0.200000000000,0.799993439321,0.110222824996,-0.797722824996,-0.797722824996,51;53;56,320;320;320,0.000000000000,0.012125361870,0.000000000000
18,permuted_workspace_keys,5.769347762662,0.231250000000,5.767067968886,-0.768750000000,1.000000000000,0.750000000000,1.000000000000,320;320;320;320,entity:160;160;160;0|value:160;160;160;0|filler:0;0;0;0|query_marker:0;0;0;160|query_entity:0;0;0;160,kv_annealed_router,1.533216633305,0.766496884965,0.997746884965,0.231141787302,1.533210072626,0.764219709961,0.000024059969,-0.766581037694,53;56;51,320;320;320,0.000000000000,0.012125361870,0.000000000000
18,zero_query_key,4.086393859897,0.456250000000,4.084114066121,-0.543750000000,1.000000000000,0.750000000000,1.000000000000,320;320;320;320,entity:160;160;160;0|value:160;160;160;0|filler:0;0;0;0|query_marker:0;0;0;160|query_entity:0;0;0;160,kv_annealed_router,1.084491011260,0.541497863965,0.997747863965,0.455505573123,1.084484450581,0.539220688962,0.000025038969,-0.542217251873,160;0;0,320;320;320,0.000000000000,0.012125361870,0.000000000000
18,randomized_write_slots,2.845037770283,0.300000000000,2.842757976507,-0.700000000000,1.000000000000,0.750000000000,1.000000000000,320;320;320;320,entity:160;160;160;0|value:160;160;160;0|filler:0;0;0;0|query_marker:0;0;0;160|query_entity:0;0;0;160,kv_annealed_router,0.997453777392,0.291832286342,0.406832286342,0.204356627871,0.997447216713,0.289555111338,-0.590890538654,-0.793366197126,91;17;52,427;319;214,0.425000000000,0.062645597788,0.000000000000
18,cleared_writer_assignment,1.609437912434,0.312500000000,1.607158118658,-0.687500000000,1.000000000000,0.375000000000,1.000000000000,320;320;320;320,entity:160;160;160;0|value:160;160;160;0|filler:0;0;0;0|query_marker:0;0;0;160|query_entity:0;0;0;160,kv_annealed_router,0.800000000000,0.112500000000,0.200000000000,0.200000000000,0.799993439321,0.110222824996,-0.797722824996,-0.797722824996,51;53;56,160;160;160,0.000000000000,0.012125361870,0.000000000000
18,allow_write_collisions,1.105087280686,0.512500000000,1.102807486910,-0.487500000000,1.000000000000,0.750000000000,1.000000000000,320;320;320;320,entity:160;160;160;0|value:160;160;160;0|filler:0;0;0;0|query_marker:0;0;0;160|query_entity:0;0;0;160,kv_annealed_router,0.605968290365,0.172102983840,0.684602983840,0.528009050652,0.605961729686,0.169825808836,-0.313119841156,-0.469713774344,160;0;0,960;0;0,0.666666666667,0.020152010231,0.000000000000
18,permuted_recipients,0.002279793776,1.000000000000,0.000000000000,0.000000000000,1.000000000000,0.750000000000,1.000000000000,320;320;320;320,entity:160;160;160;0|value:160;160;160;0|filler:0;0;0;0|query_marker:0;0;0;160|query_entity:0;0;0;160,kv_annealed_router,0.000006560679,0.002277175004,0.997722824996,0.997722824996,0.000000000000,0.000000000000,0.000000000000,0.000000000000,51;53;56,320;320;320,0.000000000000,0.012125361870,0.000000000000
19,intact,0.002222293644,1.000000000000,0.000000000000,0.000000000000,1.000000000000,0.750000000000,1.000000000000,320;320;320;320,entity:160;160;160;0|value:160;160;160;0|filler:0;0;0;0|query_marker:0;0;0;160|query_entity:0;0;0;160,kv_annealed_router,0.000006175242,0.002219821656,0.997780178344,0.997780178344,0.000000000000,0.000000000000,0.000000000000,0.000000000000,52;52;56,320;320;320,0.000000000000,0.085562106209,0.000000000000
19,no_broadcast,1.609437912434,0.343750000000,1.607215618790,-0.656250000000,1.000000000000,0.750000000000,1.000000000000,320;320;320;320,entity:160;160;160;0|value:160;160;160;0|filler:0;0;0;0|query_marker:0;0;0;160|query_entity:0;0;0;160,kv_annealed_router,0.800000000000,0.143750000000,0.200000000000,0.200000000000,0.799993824758,0.141530178344,-0.797780178344,-0.797780178344,52;52;56,320;320;320,0.000000000000,0.085562106209,0.000000000000
19,no_workspace_persistence,1.609437912434,0.343750000000,1.607215618790,-0.656250000000,1.000000000000,0.750000000000,1.000000000000,320;320;320;320,entity:160;160;160;0|value:160;160;160;0|filler:0;0;0;0|query_marker:0;0;0;160|query_entity:0;0;0;160,kv_annealed_router,0.800000000000,0.143750000000,0.200000000000,0.200000000000,0.799993824758,0.141530178344,-0.797780178344,-0.797780178344,160;0;0,806;154;0,0.000000000000,0.129743213973,0.000000000000
19,no_workspace_output,1.609437912434,0.343750000000,1.607215618790,-0.656250000000,1.000000000000,0.750000000000,1.000000000000,320;320;320;320,entity:160;160;160;0|value:160;160;160;0|filler:0;0;0;0|query_marker:0;0;0;160|query_entity:0;0;0;160,kv_annealed_router,0.800000000000,0.143750000000,0.200000000000,0.200000000000,0.799993824758,0.141530178344,-0.797780178344,-0.797780178344,52;52;56,320;320;320,0.000000000000,0.085562106209,0.000000000000
19,no_spine_workspace,0.002222293644,1.000000000000,0.000000000000,0.000000000000,1.000000000000,0.750000000000,1.000000000000,320;320;320;320,entity:160;160;160;0|value:160;160;160;0|filler:0;0;0;0|query_marker:0;0;0;160|query_entity:0;0;0;160,kv_annealed_router,0.000006175242,0.002219821656,0.997780178344,0.997780178344,0.000000000000,0.000000000000,0.000000000000,0.000000000000,52;52;56,320;320;320,0.000000000000,0.085562106209,0.000000000000
19,no_mechanism_output,1.609437912434,0.343750000000,1.607215618790,-0.656250000000,1.000000000000,0.750000000000,1.000000000000,320;320;320;320,entity:160;160;160;0|value:160;160;160;0|filler:0;0;0;0|query_marker:0;0;0;160|query_entity:0;0;0;160,kv_annealed_router,0.800000000000,0.143750000000,0.200000000000,0.200000000000,0.799993824758,0.141530178344,-0.797780178344,-0.797780178344,52;52;56,320;320;320,0.000000000000,0.085562106209,0.000000000000
19,workspace_disconnected,1.609437912434,0.343750000000,1.607215618790,-0.656250000000,1.000000000000,0.750000000000,1.000000000000,320;320;320;320,entity:160;160;160;0|value:160;160;160;0|filler:0;0;0;0|query_marker:0;0;0;160|query_entity:0;0;0;160,kv_annealed_router,0.800000000000,0.143750000000,0.200000000000,0.200000000000,0.799993824758,0.141530178344,-0.797780178344,-0.797780178344,52;52;56,320;320;320,0.000000000000,0.085562106209,0.000000000000
19,no_workspace_writes,1.609437912434,0.343750000000,1.607215618790,-0.656250000000,1.000000000000,0.750000000000,1.000000000000,320;320;320;320,entity:160;160;160;0|value:160;160;160;0|filler:0;0;0;0|query_marker:0;0;0;160|query_entity:0;0;0;160,kv_annealed_router,0.800000000000,0.143750000000,0.200000000000,0.200000000000,0.799993824758,0.141530178344,-0.797780178344,-0.797780178344,160;0;0,320;320;320,0.000000000000,0.085562106209,0.000000000000
19,zero_reader_inbox,1.609437912434,0.343750000000,1.607215618790,-0.656250000000,1.000000000000,0.750000000000,1.000000000000,320;320;320;320,entity:160;160;160;0|value:160;160;160;0|filler:0;0;0;0|query_marker:0;0;0;160|query_entity:0;0;0;160,kv_annealed_router,0.800000000000,0.143750000000,0.200000000000,0.200000000000,0.799993824758,0.141530178344,-0.797780178344,-0.797780178344,52;52;56,320;320;320,0.000000000000,0.085562106209,0.000000000000
19,permuted_workspace_keys,5.576920060769,0.256250000000,5.574697767124,-0.743750000000,1.000000000000,0.750000000000,1.000000000000,320;320;320;320,entity:160;160;160;0|value:160;160;160;0|filler:0;0;0;0|query_marker:0;0;0;160|query_entity:0;0;0;160,kv_annealed_router,1.483393074023,0.741542259918,0.997792259918,0.256098777016,1.483386898781,0.739322438263,0.000012081574,-0.741681401328,52;56;52,320;320;320,0.000000000000,0.085562106209,0.000000000000
19,zero_query_key,3.791697354594,0.493750000000,3.789475060950,-0.506250000000,1.000000000000,0.750000000000,1.000000000000,320;320;320;320,entity:160;160;160;0|value:160;160;160;0|filler:0;0;0;0|query_marker:0;0;0;160|query_entity:0;0;0;160,kv_annealed_router,1.009684650609,0.504034147097,0.997784147097,0.492944898181,1.009678475367,0.501814325441,0.000003968752,-0.504835280163,160;0;0,320;320;320,0.000000000000,0.085562106209,0.000000000000
19,randomized_write_slots,2.116743793127,0.325000000000,2.114521499483,-0.675000000000,1.000000000000,0.750000000000,1.000000000000,320;320;320;320,entity:160;160;160;0|value:160;160;160;0|filler:0;0;0;0|query_marker:0;0;0;160|query_entity:0;0;0;160,kv_annealed_router,0.872547182766,0.216484661440,0.326484661440,0.226774228459,0.872541007524,0.214264839785,-0.671295516904,-0.771005949886,26;128;6,99;454;407,0.506250000000,0.135624303666,0.000000000000
19,cleared_writer_assignment,1.609437912434,0.343750000000,1.607215618790,-0.656250000000,1.000000000000,0.375000000000,1.000000000000,320;320;320;320,entity:160;160;160;0|value:160;160;160;0|filler:0;0;0;0|query_marker:0;0;0;160|query_entity:0;0;0;160,kv_annealed_router,0.800000000000,0.143750000000,0.200000000000,0.200000000000,0.799993824758,0.141530178344,-0.797780178344,-0.797780178344,52;52;56,160;160;160,0.000000000000,0.085562106209,0.000000000000
19,allow_write_collisions,0.936664877379,0.650000000000,0.934442583735,-0.350000000000,1.000000000000,0.750000000000,1.000000000000,320;320;320;320,entity:160;160;160;0|value:160;160;160;0|filler:0;0;0;0|query_marker:0;0;0;160|query_entity:0;0;0;160,kv_annealed_router,0.517130456273,0.162667449780,0.700875834501,0.582217068012,0.517124281031,0.160447628124,-0.296904343843,-0.415563110332,159;1;0,960;0;0,0.666666666667,0.129743213973,0.000000000000
19,permuted_recipients,0.002222293644,1.000000000000,0.000000000000,0.000000000000,1.000000000000,0.750000000000,1.000000000000,320;320;320;320,entity:160;160;160;0|value:160;160;160;0|filler:0;0;0;0|query_marker:0;0;0;160|query_entity:0;0;0;160,kv_annealed_router,0.000006175242,0.002219821656,0.997780178344,0.997780178344,0.000000000000,0.000000000000,0.000000000000,0.000000000000,52;52;56,320;320;320,0.000000000000,0.085562106209,0.000000000000
20,intact,0.002281017792,1.000000000000,0.000000000000,0.000000000000,1.000000000000,0.750000000000,1.000000000000,320;320;320;320,entity:160;160;160;0|value:160;160;160;0|filler:0;0;0;0|query_marker:0;0;0;160|query_entity:0;0;0;160,kv_annealed_router,0.000006548840,0.002278399483,0.997721600517,0.997721600517,0.000000000000,0.000000000000,0.000000000000,0.000000000000,50;54;56,320;320;320,0.000000000000,0.005086458563,0.000000000000
20,no_broadcast,1.609437912434,0.337500000000,1.607156894642,-0.662500000000,1.000000000000,0.750000000000,1.000000000000,320;320;320;320,entity:160;160;160;0|value:160;160;160;0|filler:0;0;0;0|query_marker:0;0;0;160|query_entity:0;0;0;160,kv_annealed_router,0.800000000000,0.137500000000,0.200000000000,0.200000000000,0.799993451160,0.135221600517,-0.797721600517,-0.797721600517,50;54;56,320;320;320,0.000000000000,0.005086458563,0.000000000000
20,no_workspace_persistence,1.609437912434,0.337500000000,1.607156894642,-0.662500000000,1.000000000000,0.750000000000,1.000000000000,320;320;320;320,entity:160;160;160;0|value:160;160;160;0|filler:0;0;0;0|query_marker:0;0;0;160|query_entity:0;0;0;160,kv_annealed_router,0.800000000000,0.137500000000,0.200000000000,0.200000000000,0.799993451160,0.135221600517,-0.797721600517,-0.797721600517,160;0;0,498;152;310,0.000000000000,0.003551201613,0.000000000000
20,no_workspace_output,1.609437912434,0.337500000000,1.607156894642,-0.662500000000,1.000000000000,0.750000000000,1.000000000000,320;320;320;320,entity:160;160;160;0|value:160;160;160;0|filler:0;0;0;0|query_marker:0;0;0;160|query_entity:0;0;0;160,kv_annealed_router,0.800000000000,0.137500000000,0.200000000000,0.200000000000,0.799993451160,0.135221600517,-0.797721600517,-0.797721600517,50;54;56,320;320;320,0.000000000000,0.005086458563,0.000000000000
20,no_spine_workspace,0.002281017792,1.000000000000,0.000000000000,0.000000000000,1.000000000000,0.750000000000,1.000000000000,320;320;320;320,entity:160;160;160;0|value:160;160;160;0|filler:0;0;0;0|query_marker:0;0;0;160|query_entity:0;0;0;160,kv_annealed_router,0.000006548840,0.002278399483,0.997721600517,0.997721600517,0.000000000000,0.000000000000,0.000000000000,0.000000000000,50;54;56,320;320;320,0.000000000000,0.005086458563,0.000000000000
20,no_mechanism_output,1.609437912434,0.337500000000,1.607156894642,-0.662500000000,1.000000000000,0.750000000000,1.000000000000,320;320;320;320,entity:160;160;160;0|value:160;160;160;0|filler:0;0;0;0|query_marker:0;0;0;160|query_entity:0;0;0;160,kv_annealed_router,0.800000000000,0.137500000000,0.200000000000,0.200000000000,0.799993451160,0.135221600517,-0.797721600517,-0.797721600517,50;54;56,320;320;320,0.000000000000,0.005086458563,0.000000000000
20,workspace_disconnected,1.609437912434,0.337500000000,1.607156894642,-0.662500000000,1.000000000000,0.750000000000,1.000000000000,320;320;320;320,entity:160;160;160;0|value:160;160;160;0|filler:0;0;0;0|query_marker:0;0;0;160|query_entity:0;0;0;160,kv_annealed_router,0.800000000000,0.137500000000,0.200000000000,0.200000000000,0.799993451160,0.135221600517,-0.797721600517,-0.797721600517,50;54;56,320;320;320,0.000000000000,0.005086458563,0.000000000000
20,no_workspace_writes,1.609437912434,0.337500000000,1.607156894642,-0.662500000000,1.000000000000,0.750000000000,1.000000000000,320;320;320;320,entity:160;160;160;0|value:160;160;160;0|filler:0;0;0;0|query_marker:0;0;0;160|query_entity:0;0;0;160,kv_annealed_router,0.800000000000,0.137500000000,0.200000000000,0.200000000000,0.799993451160,0.135221600517,-0.797721600517,-0.797721600517,160;0;0,320;320;320,0.000000000000,0.005086458563,0.000000000000
20,zero_reader_inbox,1.609437912434,0.337500000000,1.607156894642,-0.662500000000,1.000000000000,0.750000000000,1.000000000000,320;320;320;320,entity:160;160;160;0|value:160;160;160;0|filler:0;0;0;0|query_marker:0;0;0;160|query_entity:0;0;0;160,kv_annealed_router,0.800000000000,0.137500000000,0.200000000000,0.200000000000,0.799993451160,0.135221600517,-0.797721600517,-0.797721600517,50;54;56,320;320;320,0.000000000000,0.005086458563,0.000000000000
20,permuted_workspace_keys,6.165509590510,0.175000000000,6.163228572718,-0.825000000000,1.000000000000,0.750000000000,1.000000000000,320;320;320;320,entity:160;160;160;0|value:160;160;160;0|filler:0;0;0;0|query_marker:0;0;0;160|query_entity:0;0;0;160,kv_annealed_router,1.645393010378,0.822772105315,0.997772105315,0.175078723354,1.645386461539,0.820493705832,0.000050504798,-0.822642877163,54;56;50,320;320;320,0.000000000000,0.005086458563,0.000000000000
20,zero_query_key,4.098464334969,0.450000000000,4.096183317177,-0.550000000000,1.000000000000,0.750000000000,1.000000000000,320;320;320;320,entity:160;160;160;0|value:160;160;160;0|filler:0;0;0;0|query_marker:0;0;0;160|query_entity:0;0;0;160,kv_annealed_router,1.096925457005,0.547791695201,0.997791695201,0.449332037970,1.096918908165,0.545513295718,0.000070094684,-0.548389562547,160;0;0,320;320;320,0.000000000000,0.005086458563,0.000000000000
20,randomized_write_slots,2.729757213282,0.293750000000,2.727476195490,-0.706250000000,1.000000000000,0.750000000000,1.000000000000,320;320;320;320,entity:160;160;160;0|value:160;160;160;0|filler:0;0;0;0|query_marker:0;0;0;160|query_entity:0;0;0;160,kv_annealed_router,0.960596151306,0.267364270278,0.418614270278,0.228630175370,0.960589602466,0.265085870795,-0.579107330239,-0.769091425147,64;73;23,270;396;294,0.443750000000,0.007939891256,0.000000000000
20,cleared_writer_assignment,1.609437912434,0.337500000000,1.607156894642,-0.662500000000,1.000000000000,0.375000000000,1.000000000000,320;320;320;320,entity:160;160;160;0|value:160;160;160;0|filler:0;0;0;0|query_marker:0;0;0;160|query_entity:0;0;0;160,kv_annealed_router,0.800000000000,0.137500000000,0.200000000000,0.200000000000,0.799993451160,0.135221600517,-0.797721600517,-0.797721600517,50;54;56,160;160;160,0.000000000000,0.005086458563,0.000000000000
20,allow_write_collisions,1.057663380779,0.593750000000,1.055382362987,-0.406250000000,1.000000000000,0.750000000000,1.000000000000,320;320;320;320,entity:160;160;160;0|value:160;160;160;0|filler:0;0;0;0|query_marker:0;0;0;160|query_entity:0;0;0;160,kv_annealed_router,0.587357420871,0.170438226028,0.592511117580,0.490596224313,0.587350872031,0.168159826545,-0.405210482937,-0.507125376204,148;12;0,960;0;0,0.666666666667,0.003551201613,0.000000000000
20,permuted_recipients,0.002281017792,1.000000000000,0.000000000000,0.000000000000,1.000000000000,0.750000000000,1.000000000000,320;320;320;320,entity:160;160;160;0|value:160;160;160;0|filler:0;0;0;0|query_marker:0;0;0;160|query_entity:0;0;0;160,kv_annealed_router,0.000006548840,0.002278399483,0.997721600517,0.997721600517,0.000000000000,0.000000000000,0.000000000000,0.000000000000,50;54;56,320;320;320,0.000000000000,0.005086458563,0.000000000000
21,intact,0.002249400129,1.000000000000,0.000000000000,0.000000000000,1.000000000000,0.750000000000,1.000000000000,320;320;320;320,entity:160;160;160;0|value:160;160;160;0|filler:0;0;0;0|query_marker:0;0;0;160|query_entity:0;0;0;160,kv_annealed_router,0.000006332624,0.002246866121,0.997753133879,0.997753133879,0.000000000000,0.000000000000,0.000000000000,0.000000000000,52;61;47,320;320;320,0.000000000000,0.081527308114,0.000000000000
21,no_broadcast,1.609437912434,0.318750000000,1.607188512305,-0.681250000000,1.000000000000,0.750000000000,1.000000000000,320;320;320;320,entity:160;160;160;0|value:160;160;160;0|filler:0;0;0;0|query_marker:0;0;0;160|query_entity:0;0;0;160,kv_annealed_router,0.800000000000,0.118750000000,0.200000000000,0.200000000000,0.799993667376,0.116503133879,-0.797753133879,-0.797753133879,52;61;47,320;320;320,0.000000000000,0.081527308114,0.000000000000
21,no_workspace_persistence,1.609437912434,0.318750000000,1.607188512305,-0.681250000000,1.000000000000,0.750000000000,1.000000000000,320;320;320;320,entity:160;160;160;0|value:160;160;160;0|filler:0;0;0;0|query_marker:0;0;0;160|query_entity:0;0;0;160,kv_annealed_router,0.800000000000,0.118750000000,0.200000000000,0.200000000000,0.799993667376,0.116503133879,-0.797753133879,-0.797753133879,160;0;0,480;150;330,0.000000000000,0.151234487000,0.000000000000
21,no_workspace_output,1.609437912434,0.318750000000,1.607188512305,-0.681250000000,1.000000000000,0.750000000000,1.000000000000,320;320;320;320,entity:160;160;160;0|value:160;160;160;0|filler:0;0;0;0|query_marker:0;0;0;160|query_entity:0;0;0;160,kv_annealed_router,0.800000000000,0.118750000000,0.200000000000,0.200000000000,0.799993667376,0.116503133879,-0.797753133879,-0.797753133879,52;61;47,320;320;320,0.000000000000,0.081527308114,0.000000000000
21,no_spine_workspace,0.002249400129,1.000000000000,0.000000000000,0.000000000000,1.000000000000,0.750000000000,1.000000000000,320;320;320;320,entity:160;160;160;0|value:160;160;160;0|filler:0;0;0;0|query_marker:0;0;0;160|query_entity:0;0;0;160,kv_annealed_router,0.000006332624,0.002246866121,0.997753133879,0.997753133879,0.000000000000,0.000000000000,0.000000000000,0.000000000000,52;61;47,320;320;320,0.000000000000,0.081527308114,0.000000000000
21,no_mechanism_output,1.609437912434,0.318750000000,1.607188512305,-0.681250000000,1.000000000000,0.750000000000,1.000000000000,320;320;320;320,entity:160;160;160;0|value:160;160;160;0|filler:0;0;0;0|query_marker:0;0;0;160|query_entity:0;0;0;160,kv_annealed_router,0.800000000000,0.118750000000,0.200000000000,0.200000000000,0.799993667376,0.116503133879,-0.797753133879,-0.797753133879,52;61;47,320;320;320,0.000000000000,0.081527308114,0.000000000000
21,workspace_disconnected,1.609437912434,0.318750000000,1.607188512305,-0.681250000000,1.000000000000,0.750000000000,1.000000000000,320;320;320;320,entity:160;160;160;0|value:160;160;160;0|filler:0;0;0;0|query_marker:0;0;0;160|query_entity:0;0;0;160,kv_annealed_router,0.800000000000,0.118750000000,0.200000000000,0.200000000000,0.799993667376,0.116503133879,-0.797753133879,-0.797753133879,52;61;47,320;320;320,0.000000000000,0.081527308114,0.000000000000
21,no_workspace_writes,1.609437912434,0.318750000000,1.607188512305,-0.681250000000,1.000000000000,0.750000000000,1.000000000000,320;320;320;320,entity:160;160;160;0|value:160;160;160;0|filler:0;0;0;0|query_marker:0;0;0;160|query_entity:0;0;0;160,kv_annealed_router,0.800000000000,0.118750000000,0.200000000000,0.200000000000,0.799993667376,0.116503133879,-0.797753133879,-0.797753133879,160;0;0,320;320;320,0.000000000000,0.081527308114,0.000000000000
21,zero_reader_inbox,1.609437912434,0.318750000000,1.607188512305,-0.681250000000,1.000000000000,0.750000000000,1.000000000000,320;320;320;320,entity:160;160;160;0|value:160;160;160;0|filler:0;0;0;0|query_marker:0;0;0;160|query_entity:0;0;0;160,kv_annealed_router,0.800000000000,0.118750000000,0.200000000000,0.200000000000,0.799993667376,0.116503133879,-0.797753133879,-0.797753133879,52;61;47,320;320;320,0.000000000000,0.081527308114,0.000000000000
21,permuted_workspace_keys,5.763225597812,0.231250000000,5.760976197682,-0.768750000000,1.000000000000,0.750000000000,1.000000000000,320;320;320;320,entity:160;160;160;0|value:160;160;160;0|filler:0;0;0;0|query_marker:0;0;0;160|query_entity:0;0;0;160,kv_annealed_router,1.533264617170,0.766536100968,0.997786100968,0.231156866265,1.533258284546,0.764289234847,0.000032967089,-0.766596267614,61;47;52,320;320;320,0.000000000000,0.081527308114,0.000000000000
21,zero_query_key,3.891595434259,0.481250000000,3.889346034130,-0.518750000000,1.000000000000,0.750000000000,1.000000000000,320;320;320;320,entity:160;160;160;0|value:160;160;160;0|filler:0;0;0;0|query_marker:0;0;0;160|query_entity:0;0;0;160,kv_annealed_router,1.034633584208,0.516508138565,0.997758138565,0.480444497968,1.034627251583,0.514261272444,0.000005004686,-0.517308635911,160;0;0,320;320;320,0.000000000000,0.081527308114,0.000000000000
21,randomized_write_slots,2.753415131533,0.325000000000,2.751165731404,-0.675000000000,1.000000000000,0.750000000000,1.000000000000,320;320;320;320,entity:160;160;160;0|value:160;160;160;0|filler:0;0;0;0|query_marker:0;0;0;160|query_entity:0;0;0;160,kv_annealed_router,0.964897215762,0.234195847337,0.439195847337,0.236748723060,0.964890883138,0.231948981216,-0.558557286542,-0.761004410819,64;57;39,321;334;305,0.356250000000,0.105766087688,0.000000000000
21,cleared_writer_assignment,1.609437912434,0.318750000000,1.607188512305,-0.681250000000,1.000000000000,0.375000000000,1.000000000000,320;320;320;320,entity:160;160;160;0|value:160;160;160;0|filler:0;0;0;0|query_marker:0;0;0;160|query_entity:0;0;0;160,kv_annealed_router,0.800000000000,0.118750000000,0.200000000000,0.200000000000,0.799993667376,0.116503133879,-0.797753133879,-0.797753133879,52;61;47,160;160;160,0.000000000000,0.081527308114,0.000000000000
21,allow_write_collisions,1.026885603858,0.606250000000,1.024636203729,-0.393750000000,1.000000000000,0.750000000000,1.000000000000,320;320;320;320,entity:160;160;160;0|value:160;160;160;0|filler:0;0;0;0|query_marker:0;0;0;160|query_entity:0;0;0;160,kv_annealed_router,0.563294960158,0.167009471201,0.678636961550,0.548714136600,0.563288627534,0.164762605080,-0.319116172329,-0.449038997279,155;5;0,960;0;0,0.666666666667,0.151234487000,0.000000000000
21,permuted_recipients,0.002249400129,1.000000000000,0.000000000000,0.000000000000,1.000000000000,0.750000000000,1.000000000000,320;320;320;320,entity:160;160;160;0|value:160;160;160;0|filler:0;0;0;0|query_marker:0;0;0;160|query_entity:0;0;0;160,kv_annealed_router,0.000006332624,0.002246866121,0.997753133879,0.997753133879,0.000000000000,0.000000000000,0.000000000000,0.000000000000,52;61;47,320;320;320,0.000000000000,0.081527308114,0.000000000000
22,intact,0.002265004711,1.000000000000,0.000000000000,0.000000000000,1.000000000000,0.750000000000,1.000000000000,320;320;320;320,entity:160;160;160;0|value:160;160;160;0|filler:0;0;0;0|query_marker:0;0;0;160|query_entity:0;0;0;160,kv_annealed_router,0.000006446719,0.002262427284,0.997737572716,0.997737572716,0.000000000000,0.000000000000,0.000000000000,0.000000000000,55;54;51,320;320;320,0.000000000000,0.037754923648,0.000000000000
22,no_broadcast,1.609437912434,0.312500000000,1.607172907723,-0.687500000000,1.000000000000,0.750000000000,1.000000000000,320;320;320;320,entity:160;160;160;0|value:160;160;160;0|filler:0;0;0;0|query_marker:0;0;0;160|query_entity:0;0;0;160,kv_annealed_router,0.800000000000,0.112500000000,0.200000000000,0.200000000000,0.799993553281,0.110237572716,-0.797737572716,-0.797737572716,55;54;51,320;320;320,0.000000000000,0.037754923648,0.000000000000
22,no_workspace_persistence,1.609437912434,0.312500000000,1.607172907723,-0.687500000000,1.000000000000,0.750000000000,1.000000000000,320;320;320;320,entity:160;160;160;0|value:160;160;160;0|filler:0;0;0;0|query_marker:0;0;0;160|query_entity:0;0;0;160,kv_annealed_router,0.800000000000,0.112500000000,0.200000000000,0.200000000000,0.799993553281,0.110237572716,-0.797737572716,-0.797737572716,160;0;0,180;152;628,0.000000000000,0.089361548118,0.000000000000
22,no_workspace_output,1.609437912434,0.312500000000,1.607172907723,-0.687500000000,1.000000000000,0.750000000000,1.000000000000,320;320;320;320,entity:160;160;160;0|value:160;160;160;0|filler:0;0;0;0|query_marker:0;0;0;160|query_entity:0;0;0;160,kv_annealed_router,0.800000000000,0.112500000000,0.200000000000,0.200000000000,0.799993553281,0.110237572716,-0.797737572716,-0.797737572716,55;54;51,320;320;320,0.000000000000,0.037754923648,0.000000000000
22,no_spine_workspace,0.002265004711,1.000000000000,0.000000000000,0.000000000000,1.000000000000,0.750000000000,1.000000000000,320;320;320;320,entity:160;160;160;0|value:160;160;160;0|filler:0;0;0;0|query_marker:0;0;0;160|query_entity:0;0;0;160,kv_annealed_router,0.000006446719,0.002262427284,0.997737572716,0.997737572716,0.000000000000,0.000000000000,0.000000000000,0.000000000000,55;54;51,320;320;320,0.000000000000,0.037754923648,0.000000000000
22,no_mechanism_output,1.609437912434,0.312500000000,1.607172907723,-0.687500000000,1.000000000000,0.750000000000,1.000000000000,320;320;320;320,entity:160;160;160;0|value:160;160;160;0|filler:0;0;0;0|query_marker:0;0;0;160|query_entity:0;0;0;160,kv_annealed_router,0.800000000000,0.112500000000,0.200000000000,0.200000000000,0.799993553281,0.110237572716,-0.797737572716,-0.797737572716,55;54;51,320;320;320,0.000000000000,0.037754923648,0.000000000000
22,workspace_disconnected,1.609437912434,0.312500000000,1.607172907723,-0.687500000000,1.000000000000,0.750000000000,1.000000000000,320;320;320;320,entity:160;160;160;0|value:160;160;160;0|filler:0;0;0;0|query_marker:0;0;0;160|query_entity:0;0;0;160,kv_annealed_router,0.800000000000,0.112500000000,0.200000000000,0.200000000000,0.799993553281,0.110237572716,-0.797737572716,-0.797737572716,55;54;51,320;320;320,0.000000000000,0.037754923648,0.000000000000
22,no_workspace_writes,1.609437912434,0.312500000000,1.607172907723,-0.687500000000,1.000000000000,0.750000000000,1.000000000000,320;320;320;320,entity:160;160;160;0|value:160;160;160;0|filler:0;0;0;0|query_marker:0;0;0;160|query_entity:0;0;0;160,kv_annealed_router,0.800000000000,0.112500000000,0.200000000000,0.200000000000,0.799993553281,0.110237572716,-0.797737572716,-0.797737572716,160;0;0,320;320;320,0.000000000000,0.037754923648,0.000000000000
22,zero_reader_inbox,1.609437912434,0.312500000000,1.607172907723,-0.687500000000,1.000000000000,0.750000000000,1.000000000000,320;320;320;320,entity:160;160;160;0|value:160;160;160;0|filler:0;0;0;0|query_marker:0;0;0;160|query_entity:0;0;0;160,kv_annealed_router,0.800000000000,0.112500000000,0.200000000000,0.200000000000,0.799993553281,0.110237572716,-0.797737572716,-0.797737572716,55;54;51,320;320;320,0.000000000000,0.037754923648,0.000000000000
22,permuted_workspace_keys,5.855133289156,0.218750000000,5.852868284445,-0.781250000000,1.000000000000,0.750000000000,1.000000000000,320;320;320;320,entity:160;160;160;0|value:160;160;160;0|filler:0;0;0;0|query_marker:0;0;0;160|query_entity:0;0;0;160,kv_annealed_router,1.558167696792,0.779020383601,0.997770383601,0.218689664692,1.558161250074,0.776757956317,0.000032810885,-0.779047908024,54;51;55,320;320;320,0.000000000000,0.037754923648,0.000000000000
22,zero_query_key,3.981891187103,0.468750000000,3.979626182392,-0.531250000000,1.000000000000,0.750000000000,1.000000000000,320;320;320;320,entity:160;160;160;0|value:160;160;160;0|filler:0;0;0;0|query_marker:0;0;0;160|query_entity:0;0;0;160,kv_annealed_router,1.059552773963,0.529012953038,0.997762953038,0.467989715471,1.059546327245,0.526750525754,0.000025380322,-0.529747857245,160;0;0,320;320;320,0.000000000000,0.037754923648,0.000000000000
22,randomized_write_slots,2.192758980311,0.350000000000,2.190493975600,-0.650000000000,1.000000000000,0.750000000000,1.000000000000,320;320;320;320,entity:160;160;160;0|value:160;160;160;0|filler:0;0;0;0|query_marker:0;0;0;160|query_entity:0;0;0;160,kv_annealed_router,0.868070109443,0.237052894431,0.337052894431,0.234268642807,0.868063662725,0.234790467147,-0.660684678285,-0.763468929908,103;31;26,390;401;169,0.477083333333,0.070801819634,0.000000000000
22,cleared_writer_assignment,1.609437912434,0.312500000000,1.607172907723,-0.687500000000,1.000000000000,0.375000000000,1.000000000000,320;320;320;320,entity:160;160;160;0|value:160;160;160;0|filler:0;0;0;0|query_marker:0;0;0;160|query_entity:0;0;0;160,kv_annealed_router,0.800000000000,0.112500000000,0.200000000000,0.200000000000,0.799993553281,0.110237572716,-0.797737572716,-0.797737572716,55;54;51,160;160;160,0.000000000000,0.037754923648,0.000000000000
22,allow_write_collisions,1.160292416968,0.518750000000,1.158027412257,-0.481250000000,1.000000000000,0.750000000000,1.000000000000,320;320;320;320,entity:160;160;160;0|value:160;160;160;0|filler:0;0;0;0|query_marker:0;0;0;160|query_entity:0;0;0;160,kv_annealed_router,0.630115813946,0.181697536163,0.700447536163,0.523463256060,0.630109367227,0.179435108879,-0.297290036553,-0.474274316656,157;3;0,960;0;0,0.666666666667,0.089361548118,0.000000000000
22,permuted_recipients,0.002265004711,1.000000000000,0.000000000000,0.000000000000,1.000000000000,0.750000000000,1.000000000000,320;320;320;320,entity:160;160;160;0|value:160;160;160;0|filler:0;0;0;0|query_marker:0;0;0;160|query_entity:0;0;0;160,kv_annealed_router,0.000006446719,0.002262427284,0.997737572716,0.997737572716,0.000000000000,0.000000000000,0.000000000000,0.000000000000,55;54;51,320;320;320,0.000000000000,0.037754923648,0.000000000000
23,intact,0.002268191346,1.000000000000,0.000000000000,0.000000000000,1.000000000000,0.750000000000,1.000000000000,320;320;320;320,entity:160;160;160;0|value:160;160;160;0|filler:0;0;0;0|query_marker:0;0;0;160|query_entity:0;0;0;160,kv_annealed_router,0.000006491795,0.002265601701,0.997734398299,0.997734398299,0.000000000000,0.000000000000,0.000000000000,0.000000000000,51;58;51,320;320;320,0.000000000000,0.124741409292,0.000000000000
23,no_broadcast,1.609437912434,0.350000000000,1.607169721088,-0.650000000000,1.000000000000,0.750000000000,1.000000000000,320;320;320;320,entity:160;160;160;0|value:160;160;160;0|filler:0;0;0;0|query_marker:0;0;0;160|query_entity:0;0;0;160,kv_annealed_router,0.800000000000,0.150000000000,0.200000000000,0.200000000000,0.799993508205,0.147734398299,-0.797734398299,-0.797734398299,51;58;51,320;320;320,0.000000000000,0.124741409292,0.000000000000
23,no_workspace_persistence,1.609437912434,0.350000000000,1.607169721088,-0.650000000000,1.000000000000,0.750000000000,1.000000000000,320;320;320;320,entity:160;160;160;0|value:160;160;160;0|filler:0;0;0;0|query_marker:0;0;0;160|query_entity:0;0;0;160,kv_annealed_router,0.800000000000,0.150000000000,0.200000000000,0.200000000000,0.799993508205,0.147734398299,-0.797734398299,-0.797734398299,160;0;0,306;156;498,0.000000000000,0.211495540108,0.000000000000
23,no_workspace_output,1.609437912434,0.350000000000,1.607169721088,-0.650000000000,1.000000000000,0.750000000000,1.000000000000,320;320;320;320,entity:160;160;160;0|value:160;160;160;0|filler:0;0;0;0|query_marker:0;0;0;160|query_entity:0;0;0;160,kv_annealed_router,0.800000000000,0.150000000000,0.200000000000,0.200000000000,0.799993508205,0.147734398299,-0.797734398299,-0.797734398299,51;58;51,320;320;320,0.000000000000,0.124741409292,0.000000000000
23,no_spine_workspace,0.002268191346,1.000000000000,0.000000000000,0.000000000000,1.000000000000,0.750000000000,1.000000000000,320;320;320;320,entity:160;160;160;0|value:160;160;160;0|filler:0;0;0;0|query_marker:0;0;0;160|query_entity:0;0;0;160,kv_annealed_router,0.000006491795,0.002265601701,0.997734398299,0.997734398299,0.000000000000,0.000000000000,0.000000000000,0.000000000000,51;58;51,320;320;320,0.000000000000,0.124741409292,0.000000000000
23,no_mechanism_output,1.609437912434,0.350000000000,1.607169721088,-0.650000000000,1.000000000000,0.750000000000,1.000000000000,320;320;320;320,entity:160;160;160;0|value:160;160;160;0|filler:0;0;0;0|query_marker:0;0;0;160|query_entity:0;0;0;160,kv_annealed_router,0.800000000000,0.150000000000,0.200000000000,0.200000000000,0.799993508205,0.147734398299,-0.797734398299,-0.797734398299,51;58;51,320;320;320,0.000000000000,0.124741409292,0.000000000000
23,workspace_disconnected,1.609437912434,0.350000000000,1.607169721088,-0.650000000000,1.000000000000,0.750000000000,1.000000000000,320;320;320;320,entity:160;160;160;0|value:160;160;160;0|filler:0;0;0;0|query_marker:0;0;0;160|query_entity:0;0;0;160,kv_annealed_router,0.800000000000,0.150000000000,0.200000000000,0.200000000000,0.799993508205,0.147734398299,-0.797734398299,-0.797734398299,51;58;51,320;320;320,0.000000000000,0.124741409292,0.000000000000
23,no_workspace_writes,1.609437912434,0.350000000000,1.607169721088,-0.650000000000,1.000000000000,0.750000000000,1.000000000000,320;320;320;320,entity:160;160;160;0|value:160;160;160;0|filler:0;0;0;0|query_marker:0;0;0;160|query_entity:0;0;0;160,kv_annealed_router,0.800000000000,0.150000000000,0.200000000000,0.200000000000,0.799993508205,0.147734398299,-0.797734398299,-0.797734398299,160;0;0,320;320;320,0.000000000000,0.124741409292,0.000000000000
23,zero_reader_inbox,1.609437912434,0.350000000000,1.607169721088,-0.650000000000,1.000000000000,0.750000000000,1.000000000000,320;320;320;320,entity:160;160;160;0|value:160;160;160;0|filler:0;0;0;0|query_marker:0;0;0;160|query_entity:0;0;0;160,kv_annealed_router,0.800000000000,0.150000000000,0.200000000000,0.200000000000,0.799993508205,0.147734398299,-0.797734398299,-0.797734398299,51;58;51,320;320;320,0.000000000000,0.124741409292,0.000000000000
23,permuted_workspace_keys,5.720237831902,0.237500000000,5.717969640556,-0.762500000000,1.000000000000,0.750000000000,1.000000000000,320;320;320;320,entity:160;160;160;0|value:160;160;160;0|filler:0;0;0;0|query_marker:0;0;0;160|query_entity:0;0;0;160,kv_annealed_router,1.520779337028,0.760280791524,0.997780791524,0.237394238994,1.520772845234,0.758015189823,0.000046393224,-0.760340159305,58;51;51,320;320;320,0.000000000000,0.124741409292,0.000000000000
23,zero_query_key,3.997740358365,0.468750000000,3.995472167019,-0.531250000000,1.000000000000,0.750000000000,1.000000000000,320;320;320;320,entity:160;160;160;0|value:160;160;160;0|filler:0;0;0;0|query_marker:0;0;0;160|query_entity:0;0;0;160,kv_annealed_router,1.059581966531,0.529010732751,0.997760732751,0.467972921065,1.059575474736,0.526745131050,0.000026334451,-0.529761477234,160;0;0,320;320;320,0.000000000000,0.124741409292,0.000000000000
23,randomized_write_slots,2.822793663174,0.256250000000,2.820525471828,-0.743750000000,1.000000000000,0.750000000000,1.000000000000,320;320;320;320,entity:160;160;160;0|value:160;160;160;0|filler:0;0;0;0|query_marker:0;0;0;160|query_entity:0;0;0;160,kv_annealed_router,0.991137744091,0.273059160500,0.394309160500,0.201241649394,0.991131252296,0.270793558800,-0.603425237799,-0.796492748906,80;34;46,380;353;227,0.395833333333,0.140697697160,0.000000000000
23,cleared_writer_assignment,1.609437912434,0.350000000000,1.607169721088,-0.650000000000,1.000000000000,0.375000000000,1.000000000000,320;320;320;320,entity:160;160;160;0|value:160;160;160;0|filler:0;0;0;0|query_marker:0;0;0;160|query_entity:0;0;0;160,kv_annealed_router,0.800000000000,0.150000000000,0.200000000000,0.200000000000,0.799993508205,0.147734398299,-0.797734398299,-0.797734398299,51;58;51,160;160;160,0.000000000000,0.124741409292,0.000000000000
23,allow_write_collisions,0.873377841482,0.612500000000,0.871109650136,-0.387500000000,1.000000000000,0.750000000000,1.000000000000,320;320;320;320,entity:160;160;160;0|value:160;160;160;0|filler:0;0;0;0|query_marker:0;0;0;160|query_entity:0;0;0;160,kv_annealed_router,0.480393240647,0.121466010532,0.733966010532,0.613692139858,0.480386748852,0.119200408831,-0.263768387767,-0.384042258442,160;0;0,960;0;0,0.666666666667,0.211495540108,0.000000000000
23,permuted_recipients,0.002268191346,1.000000000000,0.000000000000,0.000000000000,1.000000000000,0.750000000000,1.000000000000,320;320;320;320,entity:160;160;160;0|value:160;160;160;0|filler:0;0;0;0|query_marker:0;0;0;160|query_entity:0;0;0;160,kv_annealed_router,0.000006491795,0.002265601701,0.997734398299,0.997734398299,0.000000000000,0.000000000000,0.000000000000,0.000000000000,51;58;51,320;320;320,0.000000000000,0.124741409292,0.000000000000
24,intact,0.002231071651,1.000000000000,0.000000000000,0.000000000000,1.000000000000,0.750000000000,1.000000000000,320;320;320;320,entity:160;160;160;0|value:160;160;160;0|filler:0;0;0;0|query_marker:0;0;0;160|query_entity:0;0;0;160,kv_annealed_router,0.000006218795,0.002228582633,0.997771417367,0.997771417367,0.000000000000,0.000000000000,0.000000000000,0.000000000000,54;55;51,320;320;320,0.000000000000,0.142252763927,0.000000000000
24,no_broadcast,1.609437912434,0.331250000000,1.607206840783,-0.668750000000,1.000000000000,0.750000000000,1.000000000000,320;320;320;320,entity:160;160;160;0|value:160;160;160;0|filler:0;0;0;0|query_marker:0;0;0;160|query_entity:0;0;0;160,kv_annealed_router,0.800000000000,0.131250000000,0.200000000000,0.200000000000,0.799993781205,0.129021417367,-0.797771417367,-0.797771417367,54;55;51,320;320;320,0.000000000000,0.142252763927,0.000000000000
24,no_workspace_persistence,1.609437912434,0.331250000000,1.607206840783,-0.668750000000,1.000000000000,0.750000000000,1.000000000000,320;320;320;320,entity:160;160;160;0|value:160;160;160;0|filler:0;0;0;0|query_marker:0;0;0;160|query_entity:0;0;0;160,kv_annealed_router,0.800000000000,0.131250000000,0.200000000000,0.200000000000,0.799993781205,0.129021417367,-0.797771417367,-0.797771417367,160;0;0,338;450;172,0.000000000000,0.278954935659,0.000000000000
24,no_workspace_output,1.609437912434,0.331250000000,1.607206840783,-0.668750000000,1.000000000000,0.750000000000,1.000000000000,320;320;320;320,entity:160;160;160;0|value:160;160;160;0|filler:0;0;0;0|query_marker:0;0;0;160|query_entity:0;0;0;160,kv_annealed_router,0.800000000000,0.131250000000,0.200000000000,0.200000000000,0.799993781205,0.129021417367,-0.797771417367,-0.797771417367,54;55;51,320;320;320,0.000000000000,0.142252763927,0.000000000000
24,no_spine_workspace,0.002231071651,1.000000000000,0.000000000000,0.000000000000,1.000000000000,0.750000000000,1.000000000000,320;320;320;320,entity:160;160;160;0|value:160;160;160;0|filler:0;0;0;0|query_marker:0;0;0;160|query_entity:0;0;0;160,kv_annealed_router,0.000006218795,0.002228582633,0.997771417367,0.997771417367,0.000000000000,0.000000000000,0.000000000000,0.000000000000,54;55;51,320;320;320,0.000000000000,0.142252763927,0.000000000000
24,no_mechanism_output,1.609437912434,0.331250000000,1.607206840783,-0.668750000000,1.000000000000,0.750000000000,1.000000000000,320;320;320;320,entity:160;160;160;0|value:160;160;160;0|filler:0;0;0;0|query_marker:0;0;0;160|query_entity:0;0;0;160,kv_annealed_router,0.800000000000,0.131250000000,0.200000000000,0.200000000000,0.799993781205,0.129021417367,-0.797771417367,-0.797771417367,54;55;51,320;320;320,0.000000000000,0.142252763927,0.000000000000
24,workspace_disconnected,1.609437912434,0.331250000000,1.607206840783,-0.668750000000,1.000000000000,0.750000000000,1.000000000000,320;320;320;320,entity:160;160;160;0|value:160;160;160;0|filler:0;0;0;0|query_marker:0;0;0;160|query_entity:0;0;0;160,kv_annealed_router,0.800000000000,0.131250000000,0.200000000000,0.200000000000,0.799993781205,0.129021417367,-0.797771417367,-0.797771417367,54;55;51,320;320;320,0.000000000000,0.142252763927,0.000000000000
24,no_workspace_writes,1.609437912434,0.331250000000,1.607206840783,-0.668750000000,1.000000000000,0.750000000000,1.000000000000,320;320;320;320,entity:160;160;160;0|value:160;160;160;0|filler:0;0;0;0|query_marker:0;0;0;160|query_entity:0;0;0;160,kv_annealed_router,0.800000000000,0.131250000000,0.200000000000,0.200000000000,0.799993781205,0.129021417367,-0.797771417367,-0.797771417367,160;0;0,320;320;320,0.000000000000,0.142252763927,0.000000000000
24,zero_reader_inbox,1.609437912434,0.331250000000,1.607206840783,-0.668750000000,1.000000000000,0.750000000000,1.000000000000,320;320;320;320,entity:160;160;160;0|value:160;160;160;0|filler:0;0;0;0|query_marker:0;0;0;160|query_entity:0;0;0;160,kv_annealed_router,0.800000000000,0.131250000000,0.200000000000,0.200000000000,0.799993781205,0.129021417367,-0.797771417367,-0.797771417367,54;55;51,320;320;320,0.000000000000,0.142252763927,0.000000000000
24,permuted_workspace_keys,6.226465319331,0.168750000000,6.224234247680,-0.831250000000,1.000000000000,0.750000000000,1.000000000000,320;320;320;320,entity:160;160;160;0|value:160;160;160;0|filler:0;0;0;0|query_marker:0;0;0;160|query_entity:0;0;0;160,kv_annealed_router,1.657899287739,0.829036682739,0.997786682739,0.168840105043,1.657893068944,0.826808100106,0.000015265372,-0.828931312324,55;51;54,320;320;320,0.000000000000,0.142252763927,0.000000000000
24,zero_query_key,3.690441099556,0.506250000000,3.688210027905,-0.493750000000,1.000000000000,0.750000000000,1.000000000000,320;320;320;320,entity:160;160;160;0|value:160;160;160;0|filler:0;0;0;0|query_marker:0;0;0;160|query_entity:0;0;0;160,kv_annealed_router,0.984751416928,0.491535911471,0.997785911471,0.505413271422,0.984745198133,0.489307328838,0.000014494104,-0.492358145945,160;0;0,320;320;320,0.000000000000,0.142252763927,0.000000000000
24,randomized_write_slots,3.047356062084,0.262500000000,3.045124990433,-0.737500000000,1.000000000000,0.750000000000,1.000000000000,320;320;320;320,entity:160;160;160;0|value:160;160;160;0|filler:0;0;0;0|query_marker:0;0;0;160|query_entity:0;0;0;160,kv_annealed_router,1.015330288048,0.272378848697,0.419878848697,0.201902607593,1.015324069253,0.270150266064,-0.577892568670,-0.795868809774,34;68;58,290;312;358,0.350000000000,0.191956450540,0.000000000000
24,cleared_writer_assignment,1.609437912434,0.331250000000,1.607206840783,-0.668750000000,1.000000000000,0.375000000000,1.000000000000,320;320;320;320,entity:160;160;160;0|value:160;160;160;0|filler:0;0;0;0|query_marker:0;0;0;160|query_entity:0;0;0;160,kv_annealed_router,0.800000000000,0.131250000000,0.200000000000,0.200000000000,0.799993781205,0.129021417367,-0.797771417367,-0.797771417367,54;55;51,160;160;160,0.000000000000,0.142252763927,0.000000000000
24,allow_write_collisions,1.100084691467,0.500000000000,1.097853619816,-0.500000000000,1.000000000000,0.750000000000,1.000000000000,320;320;320;320,entity:160;160;160;0|value:160;160;160;0|filler:0;0;0;0|query_marker:0;0;0;160|query_entity:0;0;0;160,kv_annealed_router,0.608708294693,0.150165760310,0.650165760310,0.510778465368,0.608702075898,0.147937177678,-0.347605657057,-0.486992951999,158;2;0,960;0;0,0.666666666667,0.278954935659,0.000000000000
24,permuted_recipients,0.002231071651,1.000000000000,0.000000000000,0.000000000000,1.000000000000,0.750000000000,1.000000000000,320;320;320;320,entity:160;160;160;0|value:160;160;160;0|filler:0;0;0;0|query_marker:0;0;0;160|query_entity:0;0;0;160,kv_annealed_router,0.000006218795,0.002228582633,0.997771417367,0.997771417367,0.000000000000,0.000000000000,0.000000000000,0.000000000000,54;55;51,320;320;320,0.000000000000,0.142252763927,0.000000000000
25,intact,0.002299383272,1.000000000000,0.000000000000,0.000000000000,1.000000000000,0.750000000000,1.000000000000,320;320;320;320,entity:160;160;160;0|value:160;160;160;0|filler:0;0;0;0|query_marker:0;0;0;160|query_entity:0;0;0;160,kv_annealed_router,0.000006674348,0.002296717847,0.997703282153,0.997703282153,0.000000000000,0.000000000000,0.000000000000,0.000000000000,58;56;46,320;320;320,0.000000000000,0.149137387041,0.000000000000
25,no_broadcast,1.609437912434,0.343750000000,1.607138529162,-0.656250000000,1.000000000000,0.750000000000,1.000000000000,320;320;320;320,entity:160;160;160;0|value:160;160;160;0|filler:0;0;0;0|query_marker:0;0;0;160|query_entity:0;0;0;160,kv_annealed_router,0.800000000000,0.143750000000,0.200000000000,0.200000000000,0.799993325652,0.141453282153,-0.797703282153,-0.797703282153,58;56;46,320;320;320,0.000000000000,0.149137387041,0.000000000000
25,no_workspace_persistence,1.609437912434,0.343750000000,1.607138529162,-0.656250000000,1.000000000000,0.750000000000,1.000000000000,320;320;320;320,entity:160;160;160;0|value:160;160;160;0|filler:0;0;0;0|query_marker:0;0;0;160|query_entity:0;0;0;160,kv_annealed_router,0.800000000000,0.143750000000,0.200000000000,0.200000000000,0.799993325652,0.141453282153,-0.797703282153,-0.797703282153,160;0;0,0;504;456,0.000000000000,0.253947516207,0.000000000000
25,no_workspace_output,1.609437912434,0.343750000000,1.607138529162,-0.656250000000,1.000000000000,0.750000000000,1.000000000000,320;320;320;320,entity:160;160;160;0|value:160;160;160;0|filler:0;0;0;0|query_marker:0;0;0;160|query_entity:0;0;0;160,kv_annealed_router,0.800000000000,0.143750000000,0.200000000000,0.200000000000,0.799993325652,0.141453282153,-0.797703282153,-0.797703282153,58;56;46,320;320;320,0.000000000000,0.149137387041,0.000000000000
25,no_spine_workspace,0.002299383272,1.000000000000,0.000000000000,0.000000000000,1.000000000000,0.750000000000,1.000000000000,320;320;320;320,entity:160;160;160;0|value:160;160;160;0|filler:0;0;0;0|query_marker:0;0;0;160|query_entity:0;0;0;160,kv_annealed_router,0.000006674348,0.002296717847,0.997703282153,0.997703282153,0.000000000000,0.000000000000,0.000000000000,0.000000000000,58;56;46,320;320;320,0.000000000000,0.149137387041,0.000000000000
25,no_mechanism_output,1.609437912434,0.343750000000,1.607138529162,-0.656250000000,1.000000000000,0.750000000000,1.000000000000,320;320;320;320,entity:160;160;160;0|value:160;160;160;0|filler:0;0;0;0|query_marker:0;0;0;160|query_entity:0;0;0;160,kv_annealed_router,0.800000000000,0.143750000000,0.200000000000,0.200000000000,0.799993325652,0.141453282153,-0.797703282153,-0.797703282153,58;56;46,320;320;320,0.000000000000,0.149137387041,0.000000000000
25,workspace_disconnected,1.609437912434,0.343750000000,1.607138529162,-0.656250000000,1.000000000000,0.750000000000,1.000000000000,320;320;320;320,entity:160;160;160;0|value:160;160;160;0|filler:0;0;0;0|query_marker:0;0;0;160|query_entity:0;0;0;160,kv_annealed_router,0.800000000000,0.143750000000,0.200000000000,0.200000000000,0.799993325652,0.141453282153,-0.797703282153,-0.797703282153,58;56;46,320;320;320,0.000000000000,0.149137387041,0.000000000000
25,no_workspace_writes,1.609437912434,0.343750000000,1.607138529162,-0.656250000000,1.000000000000,0.750000000000,1.000000000000,320;320;320;320,entity:160;160;160;0|value:160;160;160;0|filler:0;0;0;0|query_marker:0;0;0;160|query_entity:0;0;0;160,kv_annealed_router,0.800000000000,0.143750000000,0.200000000000,0.200000000000,0.799993325652,0.141453282153,-0.797703282153,-0.797703282153,160;0;0,320;320;320,0.000000000000,0.149137387041,0.000000000000
25,zero_reader_inbox,1.609437912434,0.343750000000,1.607138529162,-0.656250000000,1.000000000000,0.750000000000,1.000000000000,320;320;320;320,entity:160;160;160;0|value:160;160;160;0|filler:0;0;0;0|query_marker:0;0;0;160|query_entity:0;0;0;160,kv_annealed_router,0.800000000000,0.143750000000,0.200000000000,0.200000000000,0.799993325652,0.141453282153,-0.797703282153,-0.797703282153,58;56;46,320;320;320,0.000000000000,0.149137387041,0.000000000000
25,permuted_workspace_keys,5.507996286023,0.262500000000,5.505696902751,-0.737500000000,1.000000000000,0.750000000000,1.000000000000,320;320;320;320,entity:160;160;160;0|value:160;160;160;0|filler:0;0;0;0|query_marker:0;0;0;160|query_entity:0;0;0;160,kv_annealed_router,1.470877641599,0.735282284682,0.997782284682,0.262346578788,1.470870967251,0.732985566835,0.000079002529,-0.735356703365,56;46;58,320;320;320,0.000000000000,0.149137387041,0.000000000000
25,zero_query_key,3.640768399963,0.512500000000,3.638469016691,-0.487500000000,1.000000000000,0.750000000000,1.000000000000,320;320;320;320,entity:160;160;160;0|value:160;160;160;0|filler:0;0;0;0|query_marker:0;0;0;160|query_entity:0;0;0;160,kv_annealed_router,0.972283700062,0.485264643583,0.997764643583,0.511625961925,0.972277025715,0.482967925736,0.000061361431,-0.486077320228,160;0;0,320;320;320,0.000000000000,0.149137387041,0.000000000000
25,randomized_write_slots,2.550979800937,0.287500000000,2.548680417665,-0.712500000000,1.000000000000,0.750000000000,1.000000000000,320;320;320;320,entity:160;160;160;0|value:160;160;160;0|filler:0;0;0;0|query_marker:0;0;0;160|query_entity:0;0;0;160,kv_annealed_router,0.953987713279,0.248256223780,0.350756223780,0.198138272070,0.953981038932,0.245959505933,-0.646947058373,-0.799565010083,33;18;109,431;161;368,0.452083333333,0.196678583093,0.000000000000
25,cleared_writer_assignment,1.609437912434,0.343750000000,1.607138529162,-0.656250000000,1.000000000000,0.375000000000,1.000000000000,320;320;320;320,entity:160;160;160;0|value:160;160;160;0|filler:0;0;0;0|query_marker:0;0;0;160|query_entity:0;0;0;160,kv_annealed_router,0.800000000000,0.143750000000,0.200000000000,0.200000000000,0.799993325652,0.141453282153,-0.797703282153,-0.797703282153,58;56;46,160;160;160,0.000000000000,0.149137387041,0.000000000000
25,allow_write_collisions,0.854133414227,0.650000000000,0.851834030955,-0.350000000000,1.000000000000,0.750000000000,1.000000000000,320;320;320;320,entity:160;160;160;0|value:160;160;160;0|filler:0;0;0;0|query_marker:0;0;0;160|query_entity:0;0;0;160,kv_annealed_router,0.476838080191,0.113987394835,0.698936580825,0.598069795727,0.476831405844,0.111690676988,-0.298766701328,-0.399633486426,160;0;0,960;0;0,0.666666666667,0.253947516207,0.000000000000
25,permuted_recipients,0.002299383272,1.000000000000,0.000000000000,0.000000000000,1.000000000000,0.750000000000,1.000000000000,320;320;320;320,entity:160;160;160;0|value:160;160;160;0|filler:0;0;0;0|query_marker:0;0;0;160|query_entity:0;0;0;160,kv_annealed_router,0.000006674348,0.002296717847,0.997703282153,0.997703282153,0.000000000000,0.000000000000,0.000000000000,0.000000000000,58;56;46,320;320;320,0.000000000000,0.149137387041,0.000000000000
26,intact,0.002227951744,1.000000000000,0.000000000000,0.000000000000,1.000000000000,0.750000000000,1.000000000000,320;320;320;320,entity:160;160;160;0|value:160;160;160;0|filler:0;0;0;0|query_marker:0;0;0;160|query_entity:0;0;0;160,kv_annealed_router,0.000006196913,0.002225470027,0.997774529973,0.997774529973,0.000000000000,0.000000000000,0.000000000000,0.000000000000,54;45;61,320;320;320,0.000000000000,0.117055648725,0.000000000000
26,no_broadcast,1.609437912434,0.362500000000,1.607209960690,-0.637500000000,1.000000000000,0.750000000000,1.000000000000,320;320;320;320,entity:160;160;160;0|value:160;160;160;0|filler:0;0;0;0|query_marker:0;0;0;160|query_entity:0;0;0;160,kv_annealed_router,0.800000000000,0.162500000000,0.200000000000,0.200000000000,0.799993803087,0.160274529973,-0.797774529973,-0.797774529973,54;45;61,320;320;320,0.000000000000,0.117055648725,0.000000000000
26,no_workspace_persistence,1.609437912434,0.362500000000,1.607209960690,-0.637500000000,1.000000000000,0.750000000000,1.000000000000,320;320;320;320,entity:160;160;160;0|value:160;160;160;0|filler:0;0;0;0|query_marker:0;0;0;160|query_entity:0;0;0;160,kv_annealed_router,0.800000000000,0.162500000000,0.200000000000,0.200000000000,0.799993803087,0.160274529973,-0.797774529973,-0.797774529973,160;0;0,476;312;172,0.000000000000,0.172402337245,0.000000000000
26,no_workspace_output,1.609437912434,0.362500000000,1.607209960690,-0.637500000000,1.000000000000,0.750000000000,1.000000000000,320;320;320;320,entity:160;160;160;0|value:160;160;160;0|filler:0;0;0;0|query_marker:0;0;0;160|query_entity:0;0;0;160,kv_annealed_router,0.800000000000,0.162500000000,0.200000000000,0.200000000000,0.799993803087,0.160274529973,-0.797774529973,-0.797774529973,54;45;61,320;320;320,0.000000000000,0.117055648725,0.000000000000
26,no_spine_workspace,0.002227951744,1.000000000000,0.000000000000,0.000000000000,1.000000000000,0.750000000000,1.000000000000,320;320;320;320,entity:160;160;160;0|value:160;160;160;0|filler:0;0;0;0|query_marker:0;0;0;160|query_entity:0;0;0;160,kv_annealed_router,0.000006196913,0.002225470027,0.997774529973,0.997774529973,0.000000000000,0.000000000000,0.000000000000,0.000000000000,54;45;61,320;320;320,0.000000000000,0.117055648725,0.000000000000
26,no_mechanism_output,1.609437912434,0.362500000000,1.607209960690,-0.637500000000,1.000000000000,0.750000000000,1.000000000000,320;320;320;320,entity:160;160;160;0|value:160;160;160;0|filler:0;0;0;0|query_marker:0;0;0;160|query_entity:0;0;0;160,kv_annealed_router,0.800000000000,0.162500000000,0.200000000000,0.200000000000,0.799993803087,0.160274529973,-0.797774529973,-0.797774529973,54;45;61,320;320;320,0.000000000000,0.117055648725,0.000000000000
26,workspace_disconnected,1.609437912434,0.362500000000,1.607209960690,-0.637500000000,1.000000000000,0.750000000000,1.000000000000,320;320;320;320,entity:160;160;160;0|value:160;160;160;0|filler:0;0;0;0|query_marker:0;0;0;160|query_entity:0;0;0;160,kv_annealed_router,0.800000000000,0.162500000000,0.200000000000,0.200000000000,0.799993803087,0.160274529973,-0.797774529973,-0.797774529973,54;45;61,320;320;320,0.000000000000,0.117055648725,0.000000000000
26,no_workspace_writes,1.609437912434,0.362500000000,1.607209960690,-0.637500000000,1.000000000000,0.750000000000,1.000000000000,320;320;320;320,entity:160;160;160;0|value:160;160;160;0|filler:0;0;0;0|query_marker:0;0;0;160|query_entity:0;0;0;160,kv_annealed_router,0.800000000000,0.162500000000,0.200000000000,0.200000000000,0.799993803087,0.160274529973,-0.797774529973,-0.797774529973,160;0;0,320;320;320,0.000000000000,0.117055648725,0.000000000000
26,zero_reader_inbox,1.609437912434,0.362500000000,1.607209960690,-0.637500000000,1.000000000000,0.750000000000,1.000000000000,320;320;320;320,entity:160;160;160;0|value:160;160;160;0|filler:0;0;0;0|query_marker:0;0;0;160|query_entity:0;0;0;160,kv_annealed_router,0.800000000000,0.162500000000,0.200000000000,0.200000000000,0.799993803087,0.160274529973,-0.797774529973,-0.797774529973,54;45;61,320;320;320,0.000000000000,0.117055648725,0.000000000000
26,permuted_workspace_keys,5.386341408091,0.281250000000,5.384113456348,-0.718750000000,1.000000000000,0.750000000000,1.000000000000,320;320;320;320,entity:160;160;160;0|value:160;160;160;0|filler:0;0;0;0|query_marker:0;0;0;160|query_entity:0;0;0;160,kv_annealed_router,1.433534564840,0.716540906559,0.997790906559,0.281026677274,1.433528367927,0.714315436532,0.000016376585,-0.716747852700,45;61;54,320;320;320,0.000000000000,0.117055648725,0.000000000000
26,zero_query_key,3.846734635333,0.487500000000,3.844506683589,-0.512500000000,1.000000000000,0.750000000000,1.000000000000,320;320;320;320,entity:160;160;160;0|value:160;160;160;0|filler:0;0;0;0|query_marker:0;0;0;160|query_entity:0;0;0;160,kv_annealed_router,1.022187007217,0.510284764667,0.997784764667,0.486694331222,1.022180810303,0.508059294641,0.000010234694,-0.511080198751,160;0;0,320;320;320,0.000000000000,0.117055648725,0.000000000000
26,randomized_write_slots,2.865823197868,0.343750000000,2.863595246124,-0.656250000000,1.000000000000,0.750000000000,1.000000000000,320;320;320;320,entity:160;160;160;0|value:160;160;160;0|filler:0;0;0;0|query_marker:0;0;0;160|query_entity:0;0;0;160,kv_annealed_router,0.981087125997,0.356665105752,0.460415105752,0.239248006986,0.981080929084,0.354439635726,-0.537359424221,-0.758526522987,53;78;29,266;381;313,0.372916666667,0.168651807572,0.000000000000
26,cleared_writer_assignment,1.609437912434,0.362500000000,1.607209960690,-0.637500000000,1.000000000000,0.375000000000,1.000000000000,320;320;320;320,entity:160;160;160;0|value:160;160;160;0|filler:0;0;0;0|query_marker:0;0;0;160|query_entity:0;0;0;160,kv_annealed_router,0.800000000000,0.162500000000,0.200000000000,0.200000000000,0.799993803087,0.160274529973,-0.797774529973,-0.797774529973,54;45;61,160;160;160,0.000000000000,0.117055648725,0.000000000000
26,allow_write_collisions,1.080341971687,0.575000000000,1.078114019944,-0.425000000000,1.000000000000,0.750000000000,1.000000000000,320;320;320;320,entity:160;160;160;0|value:160;160;160;0|filler:0;0;0;0|query_marker:0;0;0;160|query_entity:0;0;0;160,kv_annealed_router,0.587493274386,0.175245817996,0.687756568627,0.542061502981,0.587487077473,0.173020347969,-0.310017961346,-0.455713026992,155;5;0,960;0;0,0.666666666667,0.172402337245,0.000000000000
26,permuted_recipients,0.002227951744,1.000000000000,0.000000000000,0.000000000000,1.000000000000,0.750000000000,1.000000000000,320;320;320;320,entity:160;160;160;0|value:160;160;160;0|filler:0;0;0;0|query_marker:0;0;0;160|query_entity:0;0;0;160,kv_annealed_router,0.000006196913,0.002225470027,0.997774529973,0.997774529973,0.000000000000,0.000000000000,0.000000000000,0.000000000000,54;45;61,320;320;320,0.000000000000,0.117055648725,0.000000000000
27,intact,0.002313827314,1.000000000000,0.000000000000,0.000000000000,1.000000000000,0.750000000000,1.000000000000,320;320;320;320,entity:160;160;160;0|value:160;160;160;0|filler:0;0;0;0|query_marker:0;0;0;160|query_entity:0;0;0;160,kv_annealed_router,0.000006804650,0.002311114324,0.997688885676,0.997688885676,0.000000000000,0.000000000000,0.000000000000,0.000000000000,54;46;60,320;320;320,0.000000000000,0.024481930010,0.000000000000
27,no_broadcast,1.609437912434,0.262500000000,1.607124085120,-0.737500000000,1.000000000000,0.750000000000,1.000000000000,320;320;320;320,entity:160;160;160;0|value:160;160;160;0|filler:0;0;0;0|query_marker:0;0;0;160|query_entity:0;0;0;160,kv_annealed_router,0.800000000000,0.062500000000,0.200000000000,0.200000000000,0.799993195350,0.060188885676,-0.797688885676,-0.797688885676,54;46;60,320;320;320,0.000000000000,0.024481930010,0.000000000000
27,no_workspace_persistence,1.609437912434,0.262500000000,1.607124085120,-0.737500000000,1.000000000000,0.750000000000,1.000000000000,320;320;320;320,entity:160;160;160;0|value:160;160;160;0|filler:0;0;0;0|query_marker:0;0;0;160|query_entity:0;0;0;160,kv_annealed_router,0.800000000000,0.062500000000,0.200000000000,0.200000000000,0.799993195350,0.060188885676,-0.797688885676,-0.797688885676,160;0;0,170;160;630,0.000000000000,0.053476142666,0.000000000000
27,no_workspace_output,1.609437912434,0.262500000000,1.607124085120,-0.737500000000,1.000000000000,0.750000000000,1.000000000000,320;320;320;320,entity:160;160;160;0|value:160;160;160;0|filler:0;0;0;0|query_marker:0;0;0;160|query_entity:0;0;0;160,kv_annealed_router,0.800000000000,0.062500000000,0.200000000000,0.200000000000,0.799993195350,0.060188885676,-0.797688885676,-0.797688885676,54;46;60,320;320;320,0.000000000000,0.024481930010,0.000000000000
27,no_spine_workspace,0.002313827314,1.000000000000,0.000000000000,0.000000000000,1.000000000000,0.750000000000,1.000000000000,320;320;320;320,entity:160;160;160;0|value:160;160;160;0|filler:0;0;0;0|query_marker:0;0;0;160|query_entity:0;0;0;160,kv_annealed_router,0.000006804650,0.002311114324,0.997688885676,0.997688885676,0.000000000000,0.000000000000,0.000000000000,0.000000000000,54;46;60,320;320;320,0.000000000000,0.024481930010,0.000000000000
27,no_mechanism_output,1.609437912434,0.262500000000,1.607124085120,-0.737500000000,1.000000000000,0.750000000000,1.000000000000,320;320;320;320,entity:160;160;160;0|value:160;160;160;0|filler:0;0;0;0|query_marker:0;0;0;160|query_entity:0;0;0;160,kv_annealed_router,0.800000000000,0.062500000000,0.200000000000,0.200000000000,0.799993195350,0.060188885676,-0.797688885676,-0.797688885676,54;46;60,320;320;320,0.000000000000,0.024481930010,0.000000000000
27,workspace_disconnected,1.609437912434,0.262500000000,1.607124085120,-0.737500000000,1.000000000000,0.750000000000,1.000000000000,320;320;320;320,entity:160;160;160;0|value:160;160;160;0|filler:0;0;0;0|query_marker:0;0;0;160|query_entity:0;0;0;160,kv_annealed_router,0.800000000000,0.062500000000,0.200000000000,0.200000000000,0.799993195350,0.060188885676,-0.797688885676,-0.797688885676,54;46;60,320;320;320,0.000000000000,0.024481930010,0.000000000000
27,no_workspace_writes,1.609437912434,0.262500000000,1.607124085120,-0.737500000000,1.000000000000,0.750000000000,1.000000000000,320;320;320;320,entity:160;160;160;0|value:160;160;160;0|filler:0;0;0;0|query_marker:0;0;0;160|query_entity:0;0;0;160,kv_annealed_router,0.800000000000,0.062500000000,0.200000000000,0.200000000000,0.799993195350,0.060188885676,-0.797688885676,-0.797688885676,160;0;0,320;320;320,0.000000000000,0.024481930010,0.000000000000
27,zero_reader_inbox,1.609437912434,0.262500000000,1.607124085120,-0.737500000000,1.000000000000,0.750000000000,1.000000000000,320;320;320;320,entity:160;160;160;0|value:160;160;160;0|filler:0;0;0;0|query_marker:0;0;0;160|query_entity:0;0;0;160,kv_annealed_router,0.800000000000,0.062500000000,0.200000000000,0.200000000000,0.799993195350,0.060188885676,-0.797688885676,-0.797688885676,54;46;60,320;320;320,0.000000000000,0.024481930010,0.000000000000
27,permuted_workspace_keys,5.383913961683,0.281250000000,5.381600134370,-0.718750000000,1.000000000000,0.750000000000,1.000000000000,320;320;320;320,entity:160;160;160;0|value:160;160;160;0|filler:0;0;0;0|query_marker:0;0;0;160|query_entity:0;0;0;160,kv_annealed_router,1.433517438722,0.716534751085,0.997784751085,0.281029149453,1.433510634072,0.714223636762,0.000095865409,-0.716659736223,46;60;54,320;320;320,0.000000000000,0.024481930010,0.000000000000
27,zero_query_key,3.480772414767,0.531250000000,3.478458587453,-0.468750000000,1.000000000000,0.750000000000,1.000000000000,320;320;320;320,entity:160;160;160;0|value:160;160;160;0|filler:0;0;0;0|query_marker:0;0;0;160|query_entity:0;0;0;160,kv_annealed_router,0.934832369952,0.466515495797,0.997765495797,0.530352486565,0.934825565302,0.464204381474,0.000076610121,-0.467336399112,160;0;0,320;320;320,0.000000000000,0.024481930010,0.000000000000
27,randomized_write_slots,2.348056487752,0.268750000000,2.345742660438,-0.731250000000,1.000000000000,0.750000000000,1.000000000000,320;320;320;320,entity:160;160;160;0|value:160;160;160;0|filler:0;0;0;0|query_marker:0;0;0;160|query_entity:0;0;0;160,kv_annealed_router,0.887208234510,0.187550078488,0.361300078488,0.236759641076,0.887201429859,0.185238964165,-0.636388807188,-0.760929244600,101;30;29,398;391;171,0.466666666667,0.065297058319,0.000000000000
27,cleared_writer_assignment,1.609437912434,0.262500000000,1.607124085120,-0.737500000000,1.000000000000,0.375000000000,1.000000000000,320;320;320;320,entity:160;160;160;0|value:160;160;160;0|filler:0;0;0;0|query_marker:0;0;0;160|query_entity:0;0;0;160,kv_annealed_router,0.800000000000,0.062500000000,0.200000000000,0.200000000000,0.799993195350,0.060188885676,-0.797688885676,-0.797688885676,54;46;60,160;160;160,0.000000000000,0.024481930010,0.000000000000
27,allow_write_collisions,1.016176722160,0.650000000000,1.013862894846,-0.350000000000,1.000000000000,0.750000000000,1.000000000000,320;320;320;320,entity:160;160;160;0|value:160;160;160;0|filler:0;0;0;0|query_marker:0;0;0;160|query_entity:0;0;0;160,kv_annealed_router,0.546107631357,0.190983725733,0.744395951296,0.584418201336,0.546100826707,0.188672611409,-0.253292934381,-0.413270684340,158;2;0,960;0;0,0.666666666667,0.053476142666,0.000000000000
27,permuted_recipients,0.002313827314,1.000000000000,0.000000000000,0.000000000000,1.000000000000,0.750000000000,1.000000000000,320;320;320;320,entity:160;160;160;0|value:160;160;160;0|filler:0;0;0;0|query_marker:0;0;0;160|query_entity:0;0;0;160,kv_annealed_router,0.000006804650,0.002311114324,0.997688885676,0.997688885676,0.000000000000,0.000000000000,0.000000000000,0.000000000000,54;46;60,320;320;320,0.000000000000,0.024481930010,0.000000000000
28,intact,0.002228412583,1.000000000000,0.000000000000,0.000000000000,1.000000000000,0.750000000000,1.000000000000,320;320;320;320,entity:160;160;160;0|value:160;160;160;0|filler:0;0;0;0|query_marker:0;0;0;160|query_entity:0;0;0;160,kv_annealed_router,0.000006204026,0.002225928933,0.997774071067,0.997774071067,0.000000000000,0.000000000000,0.000000000000,0.000000000000,55;54;51,320;320;320,0.000000000000,0.050338529023,0.000000000000
28,no_broadcast,1.609437912434,0.343750000000,1.607209499851,-0.656250000000,1.000000000000,0.750000000000,1.000000000000,320;320;320;320,entity:160;160;160;0|value:160;160;160;0|filler:0;0;0;0|query_marker:0;0;0;160|query_entity:0;0;0;160,kv_annealed_router,0.800000000000,0.143750000000,0.200000000000,0.200000000000,0.799993795974,0.141524071067,-0.797774071067,-0.797774071067,55;54;51,320;320;320,0.000000000000,0.050338529023,0.000000000000
28,no_workspace_persistence,1.609437912434,0.343750000000,1.607209499851,-0.656250000000,1.000000000000,0.750000000000,1.000000000000,320;320;320;320,entity:160;160;160;0|value:160;160;160;0|filler:0;0;0;0|query_marker:0;0;0;160|query_entity:0;0;0;160,kv_annealed_router,0.800000000000,0.143750000000,0.200000000000,0.200000000000,0.799993795974,0.141524071067,-0.797774071067,-0.797774071067,160;0;0,174;450;336,0.000000000000,0.067428434056,0.000000000000
28,no_workspace_output,1.609437912434,0.343750000000,1.607209499851,-0.656250000000,1.000000000000,0.750000000000,1.000000000000,320;320;320;320,entity:160;160;160;0|value:160;160;160;0|filler:0;0;0;0|query_marker:0;0;0;160|query_entity:0;0;0;160,kv_annealed_router,0.800000000000,0.143750000000,0.200000000000,0.200000000000,0.799993795974,0.141524071067,-0.797774071067,-0.797774071067,55;54;51,320;320;320,0.000000000000,0.050338529023,0.000000000000
28,no_spine_workspace,0.002228412583,1.000000000000,0.000000000000,0.000000000000,1.000000000000,0.750000000000,1.000000000000,320;320;320;320,entity:160;160;160;0|value:160;160;160;0|filler:0;0;0;0|query_marker:0;0;0;160|query_entity:0;0;0;160,kv_annealed_router,0.000006204026,0.002225928933,0.997774071067,0.997774071067,0.000000000000,0.000000000000,0.000000000000,0.000000000000,55;54;51,320;320;320,0.000000000000,0.050338529023,0.000000000000
28,no_mechanism_output,1.609437912434,0.343750000000,1.607209499851,-0.656250000000,1.000000000000,0.750000000000,1.000000000000,320;320;320;320,entity:160;160;160;0|value:160;160;160;0|filler:0;0;0;0|query_marker:0;0;0;160|query_entity:0;0;0;160,kv_annealed_router,0.800000000000,0.143750000000,0.200000000000,0.200000000000,0.799993795974,0.141524071067,-0.797774071067,-0.797774071067,55;54;51,320;320;320,0.000000000000,0.050338529023,0.000000000000
28,workspace_disconnected,1.609437912434,0.343750000000,1.607209499851,-0.656250000000,1.000000000000,0.750000000000,1.000000000000,320;320;320;320,entity:160;160;160;0|value:160;160;160;0|filler:0;0;0;0|query_marker:0;0;0;160|query_entity:0;0;0;160,kv_annealed_router,0.800000000000,0.143750000000,0.200000000000,0.200000000000,0.799993795974,0.141524071067,-0.797774071067,-0.797774071067,55;54;51,320;320;320,0.000000000000,0.050338529023,0.000000000000
28,no_workspace_writes,1.609437912434,0.343750000000,1.607209499851,-0.656250000000,1.000000000000,0.750000000000,1.000000000000,320;320;320;320,entity:160;160;160;0|value:160;160;160;0|filler:0;0;0;0|query_marker:0;0;0;160|query_entity:0;0;0;160,kv_annealed_router,0.800000000000,0.143750000000,0.200000000000,0.200000000000,0.799993795974,0.141524071067,-0.797774071067,-0.797774071067,160;0;0,320;320;320,0.000000000000,0.050338529023,0.000000000000
28,zero_reader_inbox,1.609437912434,0.343750000000,1.607209499851,-0.656250000000,1.000000000000,0.750000000000,1.000000000000,320;320;320;320,entity:160;160;160;0|value:160;160;160;0|filler:0;0;0;0|query_marker:0;0;0;160|query_entity:0;0;0;160,kv_annealed_router,0.800000000000,0.143750000000,0.200000000000,0.200000000000,0.799993795974,0.141524071067,-0.797774071067,-0.797774071067,55;54;51,320;320;320,0.000000000000,0.050338529023,0.000000000000
28,permuted_workspace_keys,5.759789828998,0.231250000000,5.757561416415,-0.768750000000,1.000000000000,0.750000000000,1.000000000000,320;320;320;320,entity:160;160;160;0|value:160;160;160;0|filler:0;0;0;0|query_marker:0;0;0;160|query_entity:0;0;0;160,kv_annealed_router,1.533249847577,0.766537769340,0.997787769340,0.231165909864,1.533243643552,0.764311840407,0.000013698273,-0.766608161203,54;51;55,320;320;320,0.000000000000,0.050338529023,0.000000000000
28,zero_query_key,3.551376336976,0.525000000000,3.549147924393,-0.475000000000,1.000000000000,0.750000000000,1.000000000000,320;320;320;320,entity:160;160;160;0|value:160;160;160;0|filler:0;0;0;0|query_marker:0;0;0;160|query_entity:0;0;0;160,kv_annealed_router,0.947354027279,0.472783908625,0.997783908625,0.524109970081,0.947347823253,0.470557979692,0.000009837558,-0.473664100986,160;0;0,320;320;320,0.000000000000,0.050338529023,0.000000000000
28,randomized_write_slots,2.688353041939,0.337500000000,2.686124629357,-0.662500000000,1.000000000000,0.750000000000,1.000000000000,320;320;320;320,entity:160;160;160;0|value:160;160;160;0|filler:0;0;0;0|query_marker:0;0;0;160|query_entity:0;0;0;160,kv_annealed_router,0.953764162508,0.247987014806,0.412987014806,0.229231461377,0.953757958482,0.245761085873,-0.584787056261,-0.768542609690,62;31;67,372;271;317,0.381250000000,0.050353723681,0.000000000000
28,cleared_writer_assignment,1.609437912434,0.343750000000,1.607209499851,-0.656250000000,1.000000000000,0.375000000000,1.000000000000,320;320;320;320,entity:160;160;160;0|value:160;160;160;0|filler:0;0;0;0|query_marker:0;0;0;160|query_entity:0;0;0;160,kv_annealed_router,0.800000000000,0.143750000000,0.200000000000,0.200000000000,0.799993795974,0.141524071067,-0.797774071067,-0.797774071067,55;54;51,160;160;160,0.000000000000,0.050338529023,0.000000000000
28,allow_write_collisions,1.069619656549,0.481250000000,1.067391243966,-0.518750000000,1.000000000000,0.750000000000,1.000000000000,320;320;320;320,entity:160;160;160;0|value:160;160;160;0|filler:0;0;0;0|query_marker:0;0;0;160|query_entity:0;0;0;160,kv_annealed_router,0.578518012396,0.166977236196,0.648227236196,0.527505827136,0.578511808370,0.164751307263,-0.349546834871,-0.470268243931,143;17;0,960;0;0,0.666666666667,0.067428434056,0.000000000000
28,permuted_recipients,0.002228412583,1.000000000000,0.000000000000,0.000000000000,1.000000000000,0.750000000000,1.000000000000,320;320;320;320,entity:160;160;160;0|value:160;160;160;0|filler:0;0;0;0|query_marker:0;0;0;160|query_entity:0;0;0;160,kv_annealed_router,0.000006204026,0.002225928933,0.997774071067,0.997774071067,0.000000000000,0.000000000000,0.000000000000,0.000000000000,55;54;51,320;320;320,0.000000000000,0.050338529023,0.000000000000
29,intact,0.002221879098,1.000000000000,0.000000000000,0.000000000000,1.000000000000,0.750000000000,1.000000000000,320;320;320;320,entity:160;160;160;0|value:160;160;160;0|filler:0;0;0;0|query_marker:0;0;0;160|query_entity:0;0;0;160,kv_annealed_router,0.000006174513,0.002219408074,0.997780591926,0.997780591926,0.000000000000,0.000000000000,0.000000000000,0.000000000000,50;63;47,320;320;320,0.000000000000,0.012443629823,0.000000000000
29,no_broadcast,1.609437912434,0.381250000000,1.607216033336,-0.618750000000,1.000000000000,0.750000000000,1.000000000000,320;320;320;320,entity:160;160;160;0|value:160;160;160;0|filler:0;0;0;0|query_marker:0;0;0;160|query_entity:0;0;0;160,kv_annealed_router,0.800000000000,0.181250000000,0.200000000000,0.200000000000,0.799993825487,0.179030591926,-0.797780591926,-0.797780591926,50;63;47,320;320;320,0.000000000000,0.012443629823,0.000000000000
29,no_workspace_persistence,1.609437912434,0.381250000000,1.607216033336,-0.618750000000,1.000000000000,0.750000000000,1.000000000000,320;320;320;320,entity:160;160;160;0|value:160;160;160;0|filler:0;0;0;0|query_marker:0;0;0;160|query_entity:0;0;0;160,kv_annealed_router,0.800000000000,0.181250000000,0.200000000000,0.200000000000,0.799993825487,0.179030591926,-0.797780591926,-0.797780591926,160;0;0,638;322;0,0.000000000000,0.009490238749,0.000000000000
29,no_workspace_output,1.609437912434,0.381250000000,1.607216033336,-0.618750000000,1.000000000000,0.750000000000,1.000000000000,320;320;320;320,entity:160;160;160;0|value:160;160;160;0|filler:0;0;0;0|query_marker:0;0;0;160|query_entity:0;0;0;160,kv_annealed_router,0.800000000000,0.181250000000,0.200000000000,0.200000000000,0.799993825487,0.179030591926,-0.797780591926,-0.797780591926,50;63;47,320;320;320,0.000000000000,0.012443629823,0.000000000000
29,no_spine_workspace,0.002221879098,1.000000000000,0.000000000000,0.000000000000,1.000000000000,0.750000000000,1.000000000000,320;320;320;320,entity:160;160;160;0|value:160;160;160;0|filler:0;0;0;0|query_marker:0;0;0;160|query_entity:0;0;0;160,kv_annealed_router,0.000006174513,0.002219408074,0.997780591926,0.997780591926,0.000000000000,0.000000000000,0.000000000000,0.000000000000,50;63;47,320;320;320,0.000000000000,0.012443629823,0.000000000000
29,no_mechanism_output,1.609437912434,0.381250000000,1.607216033336,-0.618750000000,1.000000000000,0.750000000000,1.000000000000,320;320;320;320,entity:160;160;160;0|value:160;160;160;0|filler:0;0;0;0|query_marker:0;0;0;160|query_entity:0;0;0;160,kv_annealed_router,0.800000000000,0.181250000000,0.200000000000,0.200000000000,0.799993825487,0.179030591926,-0.797780591926,-0.797780591926,50;63;47,320;320;320,0.000000000000,0.012443629823,0.000000000000
29,workspace_disconnected,1.609437912434,0.381250000000,1.607216033336,-0.618750000000,1.000000000000,0.750000000000,1.000000000000,320;320;320;320,entity:160;160;160;0|value:160;160;160;0|filler:0;0;0;0|query_marker:0;0;0;160|query_entity:0;0;0;160,kv_annealed_router,0.800000000000,0.181250000000,0.200000000000,0.200000000000,0.799993825487,0.179030591926,-0.797780591926,-0.797780591926,50;63;47,320;320;320,0.000000000000,0.012443629823,0.000000000000
29,no_workspace_writes,1.609437912434,0.381250000000,1.607216033336,-0.618750000000,1.000000000000,0.750000000000,1.000000000000,320;320;320;320,entity:160;160;160;0|value:160;160;160;0|filler:0;0;0;0|query_marker:0;0;0;160|query_entity:0;0;0;160,kv_annealed_router,0.800000000000,0.181250000000,0.200000000000,0.200000000000,0.799993825487,0.179030591926,-0.797780591926,-0.797780591926,160;0;0,320;320;320,0.000000000000,0.012443629823,0.000000000000
29,zero_reader_inbox,1.609437912434,0.381250000000,1.607216033336,-0.618750000000,1.000000000000,0.750000000000,1.000000000000,320;320;320;320,entity:160;160;160;0|value:160;160;160;0|filler:0;0;0;0|query_marker:0;0;0;160|query_entity:0;0;0;160,kv_annealed_router,0.800000000000,0.181250000000,0.200000000000,0.200000000000,0.799993825487,0.179030591926,-0.797780591926,-0.797780591926,50;63;47,320;320;320,0.000000000000,0.012443629823,0.000000000000
29,permuted_workspace_keys,5.862870083546,0.218750000000,5.860648204448,-0.781250000000,1.000000000000,0.750000000000,1.000000000000,320;320;320;320,entity:160;160;160;0|value:160;160;160;0|filler:0;0;0;0|query_marker:0;0;0;160|query_entity:0;0;0;160,kv_annealed_router,1.558195707046,0.779043805484,0.997793805484,0.218699002621,1.558189532533,0.776824397409,0.000013213558,-0.779081589305,63;47;50,320;320;320,0.000000000000,0.012443629823,0.000000000000
29,zero_query_key,3.850225369081,0.487500000000,3.848003489983,-0.512500000000,1.000000000000,0.750000000000,1.000000000000,320;320;320;320,entity:160;160;160;0|value:160;160;160;0|filler:0;0;0;0|query_marker:0;0;0;160|query_entity:0;0;0;160,kv_annealed_router,1.022184255106,0.510286479494,0.997786479494,0.486697422855,1.022178080593,0.508067071420,0.000005887568,-0.511083169070,160;0;0,320;320;320,0.000000000000,0.012443629823,0.000000000000
29,randomized_write_slots,2.931915632652,0.331250000000,2.929693753554,-0.668750000000,1.000000000000,0.750000000000,1.000000000000,320;320;320;320,entity:160;160;160;0|value:160;160;160;0|filler:0;0;0;0|query_marker:0;0;0;160|query_entity:0;0;0;160,kv_annealed_router,1.015466424061,0.353630255558,0.419880255558,0.201835952345,1.015460249548,0.351410847483,-0.577900336368,-0.795944639580,40;98;22,180;424;356,0.404166666667,0.004537213417,0.000000000000
29,cleared_writer_assignment,1.609437912434,0.381250000000,1.607216033336,-0.618750000000,1.000000000000,0.375000000000,1.000000000000,320;320;320;320,entity:160;160;160;0|value:160;160;160;0|filler:0;0;0;0|query_marker:0;0;0;160|query_entity:0;0;0;160,kv_annealed_router,0.800000000000,0.181250000000,0.200000000000,0.200000000000,0.799993825487,0.179030591926,-0.797780591926,-0.797780591926,50;63;47,160;160;160,0.000000000000,0.012443629823,0.000000000000
29,allow_write_collisions,0.889817837234,0.593750000000,0.887595958136,-0.406250000000,1.000000000000,0.750000000000,1.000000000000,320;320;320;320,entity:160;160;160;0|value:160;160;160;0|filler:0;0;0;0|query_marker:0;0;0;160|query_entity:0;0;0;160,kv_annealed_router,0.488624416689,0.073751694075,0.636060406339,0.564759409008,0.488618242176,0.071532286000,-0.361720185586,-0.433021182918,142;18;0,960;0;0,0.666666666667,0.009490238749,0.000000000000
29,permuted_recipients,0.002221879098,1.000000000000,0.000000000000,0.000000000000,1.000000000000,0.750000000000,1.000000000000,320;320;320;320,entity:160;160;160;0|value:160;160;160;0|filler:0;0;0;0|query_marker:0;0;0;160|query_entity:0;0;0;160,kv_annealed_router,0.000006174513,0.002219408074,0.997780591926,0.997780591926,0.000000000000,0.000000000000,0.000000000000,0.000000000000,50;63;47,320;320;320,0.000000000000,0.012443629823,0.000000000000
