preset,seed,steps,batch_size,parameters,train_count,holdout_count,sequence_length,chance_nll,initial_train_nll,initial_holdout_nll,final_train_nll,final_holdout_nll,final_train_accuracy,final_holdout_accuracy,mean_estimated_madds_per_token,mean_active_mechanisms_per_token,mean_writers_per_token,mean_recipients_per_token,first_window_loss,last_window_loss,mechanism_load,role_mechanism_load,condition,workspace_aux_initial_weight,workspace_aux_anneal_steps,first_primary_window_loss,last_primary_window_loss,last_workspace_aux_window_loss,anneal_boundary_primary_window_loss,final_workspace_aux_weight,final_weighted_workspace_aux_window_loss,training_stream_samples,output_logit_bound,initial_train_brier,initial_holdout_brier,final_train_brier,final_holdout_brier,initial_train_ece,initial_holdout_ece,final_train_ece,final_holdout_ece,final_train_max_confidence,final_holdout_max_confidence,final_train_true_class_probability,final_holdout_true_class_probability,read_slot_load,write_slot_load,mean_write_collision_rate,mean_routing_entropy,mean_routing_disagreement_rate,router_initial_temperature,router_final_temperature,router_anneal_steps,final_200_collision_rate,final_200_routing_entropy,final_200_disagreement_rate
structural_core_blind,0,800,8,725,160,160,8,1.609437912434,1.609437912434,1.609437912434,1.613150942584,1.670176557925,0.175000000000,0.162500000000,696.000000000000,0.000000000000,0.000000000000,0.000000000000,1.614667526251,1.589190702147,0;0;0;0;0;0,entity:0;0;0;0;0;0|value:0;0;0;0;0;0|filler:0;0;0;0;0;0|query_marker:0;0;0;0;0;0|query_entity:0;0;0;0;0;0,structural_core_blind,0.000000000000,0,1.614667526251,1.589190702147,0.000000000000,0.000000000000,0.000000000000,0.000000000000,6400,0.000000000000,0.800000000000,0.800000000000,0.801609364509,0.821752719284,0.031250000000,0.143750000000,0.054415976981,0.066915976981,0.229415976981,0.229415976981,0.201011197593,0.190939520206,0;0;0,0;0;0,0.000000000000,0.000000000000,0.000000000000,2.000000000000,0.100000000000,600,0.000000000000,0.000000000000,0.000000000000
kv_fixed_position,0,800,8,88,160,160,8,1.609437912434,0.057949543520,0.064408546165,0.002228070934,0.002284472668,1.000000000000,1.000000000000,64.000000000000,1.000000000000,0.750000000000,1.000000000000,0.025112789036,0.002202717836,320;320;320;320,entity:160;160;160;0|value:160;160;160;0|filler:0;0;0;0|query_marker:0;0;0;160|query_entity:0;0;0;160,kv_fixed_position,0.000000000000,0,0.025112789036,0.002202717836,0.000000000000,0.000000000000,0.000000000000,0.000000000000,6400,0.000000000000,0.007343825986,0.008226143522,0.000006231273,0.000006560852,0.055293224104,0.061418538208,0.002225579588,0.002281848386,0.997774420412,0.997718151614,0.997774420412,0.997718151614,48;64;48,320;320;320,0.000000000000,0.000000000000,0.000000000000,2.000000000000,0.100000000000,600,0.000000000000,0.000000000000,0.000000000000
kv_first_free,0,800,8,88,160,160,8,1.609437912434,0.057949543520,0.064408546165,0.002228070934,0.002284472668,1.000000000000,1.000000000000,64.000000000000,1.000000000000,0.750000000000,1.000000000000,0.025112789036,0.002202717836,320;320;320;320,entity:160;160;160;0|value:160;160;160;0|filler:0;0;0;0|query_marker:0;0;0;160|query_entity:0;0;0;160,kv_first_free,0.000000000000,0,0.025112789036,0.002202717836,0.000000000000,0.000000000000,0.000000000000,0.000000000000,6400,0.000000000000,0.007343825986,0.008226143522,0.000006231273,0.000006560852,0.055293224104,0.061418538208,0.002225579588,0.002281848386,0.997774420412,0.997718151614,0.997774420412,0.997718151614,48;64;48,320;320;320,0.000000000000,0.000000000000,0.000000000000,2.000000000000,0.100000000000,600,0.000000000000,0.000000000000,0.000000000000
kv_hard_router,0,800,8,112,160,160,8,1.609437912434,0.057949543520,0.064408546165,0.002228070934,0.002284472668,1.000000000000,1.000000000000,88.000000000000,1.000000000000,0.750000000000,1.000000000000,0.025112789036,0.002202717836,320;320;320;320,entity:160;160;160;0|value:160;160;160;0|filler:0;0;0;0|query_marker:0;0;0;160|query_entity:0;0;0;160,kv_hard_router,0.000000000000,0,0.025112789036,0.002202717836,0.000000000000,0.000000000000,0.000000000000,0.000000000000,6400,0.000000000000,0.007343825986,0.008226143522,0.000006231273,0.000006560852,0.055293224104,0.061418538208,0.002225579588,0.002281848386,0.997774420412,0.997718151614,0.997774420412,0.997718151614,64;50;46,320;320;320,0.000000000000,0.072765989821,0.000000000000,2.000000000000,0.100000000000,600,0.000000000000,0.077938284426,0.000000000000
kv_annealed_router,0,800,8,112,160,160,8,1.609437912434,0.057949543520,0.064408546165,0.002228070934,0.002284472668,1.000000000000,1.000000000000,88.000000000000,1.000000000000,0.750000000000,1.000000000000,0.025112789036,0.002202717836,320;320;320;320,entity:160;160;160;0|value:160;160;160;0|filler:0;0;0;0|query_marker:0;0;0;160|query_entity:0;0;0;160,kv_annealed_router,0.000000000000,0,0.025112789036,0.002202717836,0.000000000000,0.000000000000,0.000000000000,0.000000000000,6400,0.000000000000,0.007343825986,0.008226143522,0.000006231273,0.000006560852,0.055293224104,0.061418538208,0.002225579588,0.002281848386,0.997774420412,0.997718151614,0.997774420412,0.997718151614,62;50;48,320;320;320,0.000000000000,0.031169583290,0.000000000000,2.000000000000,0.100000000000,600,0.000000000000,0.034199214783,0.000000000000
structural_core_blind,1,800,8,725,160,160,8,1.609437912434,1.609437912434,1.609437912434,1.603385208710,1.624236243916,0.200000000000,0.187500000000,696.000000000000,0.000000000000,0.000000000000,0.000000000000,1.667132339054,1.596877297771,0;0;0;0;0;0,entity:0;0;0;0;0;0|value:0;0;0;0;0;0|filler:0;0;0;0;0;0|query_marker:0;0;0;0;0;0|query_entity:0;0;0;0;0;0,structural_core_blind,0.000000000000,0,1.667132339054,1.596877297771,0.000000000000,0.000000000000,0.000000000000,0.000000000000,6400,0.000000000000,0.800000000000,0.800000000000,0.797830899348,0.805718686759,0.068750000000,0.062500000000,0.027228284023,0.039728284023,0.227228284023,0.227228284023,0.201812557611,0.197868663905,0;0;0,0;0;0,0.000000000000,0.000000000000,0.000000000000,2.000000000000,0.100000000000,600,0.000000000000,0.000000000000,0.000000000000
kv_fixed_position,1,800,8,88,160,160,8,1.609437912434,0.023080450207,0.022841338365,0.002220107525,0.002250409713,1.000000000000,1.000000000000,64.000000000000,1.000000000000,0.750000000000,1.000000000000,0.012464605325,0.002216665465,320;320;320;320,entity:160;160;160;0|value:160;160;160;0|filler:0;0;0;0|query_marker:0;0;0;160|query_entity:0;0;0;160,kv_fixed_position,0.000000000000,0,0.012464605325,0.002216665465,0.000000000000,0.000000000000,0.000000000000,0.000000000000,6400,0.000000000000,0.001180307246,0.001104724847,0.000006186388,0.000006357992,0.022711078234,0.022491507173,0.002217633840,0.002247867287,0.997782366160,0.997752132713,0.997782366160,0.997752132713,53;52;55,320;320;320,0.000000000000,0.000000000000,0.000000000000,2.000000000000,0.100000000000,600,0.000000000000,0.000000000000,0.000000000000
kv_first_free,1,800,8,88,160,160,8,1.609437912434,0.023080450207,0.022841338365,0.002220107525,0.002250409713,1.000000000000,1.000000000000,64.000000000000,1.000000000000,0.750000000000,1.000000000000,0.012464605325,0.002216665465,320;320;320;320,entity:160;160;160;0|value:160;160;160;0|filler:0;0;0;0|query_marker:0;0;0;160|query_entity:0;0;0;160,kv_first_free,0.000000000000,0,0.012464605325,0.002216665465,0.000000000000,0.000000000000,0.000000000000,0.000000000000,6400,0.000000000000,0.001180307246,0.001104724847,0.000006186388,0.000006357992,0.022711078234,0.022491507173,0.002217633840,0.002247867287,0.997782366160,0.997752132713,0.997782366160,0.997752132713,53;52;55,320;320;320,0.000000000000,0.000000000000,0.000000000000,2.000000000000,0.100000000000,600,0.000000000000,0.000000000000,0.000000000000
kv_hard_router,1,800,8,112,160,160,8,1.609437912434,0.023080450207,0.022841338365,0.002220107525,0.002250409713,1.000000000000,1.000000000000,88.000000000000,1.000000000000,0.750000000000,1.000000000000,0.012464605325,0.002216665465,320;320;320;320,entity:160;160;160;0|value:160;160;160;0|filler:0;0;0;0|query_marker:0;0;0;160|query_entity:0;0;0;160,kv_hard_router,0.000000000000,0,0.012464605325,0.002216665465,0.000000000000,0.000000000000,0.000000000000,0.000000000000,6400,0.000000000000,0.001180307246,0.001104724847,0.000006186388,0.000006357992,0.022711078234,0.022491507173,0.002217633840,0.002247867287,0.997782366160,0.997752132713,0.997782366160,0.997752132713,45;61;54,320;320;320,0.000000000000,0.217686040784,0.000000000000,2.000000000000,0.100000000000,600,0.000000000000,0.199854431899,0.000000000000
kv_annealed_router,1,800,8,112,160,160,8,1.609437912434,0.023080450207,0.022841338365,0.002220107525,0.002250409713,1.000000000000,1.000000000000,88.000000000000,1.000000000000,0.750000000000,1.000000000000,0.012464605325,0.002216665465,320;320;320;320,entity:160;160;160;0|value:160;160;160;0|filler:0;0;0;0|query_marker:0;0;0;160|query_entity:0;0;0;160,kv_annealed_router,0.000000000000,0,0.012464605325,0.002216665465,0.000000000000,0.000000000000,0.000000000000,0.000000000000,6400,0.000000000000,0.001180307246,0.001104724847,0.000006186388,0.000006357992,0.022711078234,0.022491507173,0.002217633840,0.002247867287,0.997782366160,0.997752132713,0.997782366160,0.997752132713,42;59;59,320;320;320,0.000000000000,0.042374721447,0.000000000000,2.000000000000,0.100000000000,600,0.000000000000,0.041699408461,0.000000000000
structural_core_blind,2,800,8,725,160,160,8,1.609437912434,1.609437912434,1.609437912434,1.614239321156,1.648769543447,0.200000000000,0.218750000000,696.000000000000,0.000000000000,0.000000000000,0.000000000000,1.622911118265,1.607165436877,0;0;0;0;0;0,entity:0;0;0;0;0;0|value:0;0;0;0;0;0|filler:0;0;0;0;0;0|query_marker:0;0;0;0;0;0|query_entity:0;0;0;0;0;0,structural_core_blind,0.000000000000,0,1.622911118265,1.607165436877,0.000000000000,0.000000000000,0.000000000000,0.000000000000,6400,0.000000000000,0.800000000000,0.800000000000,0.801782831909,0.814490975789,0.000000000000,0.162500000000,0.018029929620,0.000720070380,0.218029929620,0.218029929620,0.199942822858,0.193588750918,0;0;0,0;0;0,0.000000000000,0.000000000000,0.000000000000,2.000000000000,0.100000000000,600,0.000000000000,0.000000000000,0.000000000000
kv_fixed_position,2,800,8,88,160,160,8,1.609437912434,0.154885849562,0.146063335883,0.002221508449,0.002247839574,1.000000000000,1.000000000000,64.000000000000,1.000000000000,0.750000000000,1.000000000000,0.116835080240,0.002212593052,320;320;320;320,entity:160;160;160;0|value:160;160;160;0|filler:0;0;0;0|query_marker:0;0;0;160|query_entity:0;0;0;160,kv_fixed_position,0.000000000000,0,0.116835080240,0.002212593052,0.000000000000,0.000000000000,0.000000000000,0.000000000000,6400,0.000000000000,0.064411808150,0.058164097235,0.000006171991,0.000006316275,0.134890233923,0.128032498275,0.002219038436,0.002245311250,0.997780961564,0.997754688750,0.997780961564,0.997754688750,52;55;53,320;320;320,0.000000000000,0.000000000000,0.000000000000,2.000000000000,0.100000000000,600,0.000000000000,0.000000000000,0.000000000000
kv_first_free,2,800,8,88,160,160,8,1.609437912434,0.154885849562,0.146063335883,0.002221508449,0.002247839574,1.000000000000,1.000000000000,64.000000000000,1.000000000000,0.750000000000,1.000000000000,0.116835080240,0.002212593052,320;320;320;320,entity:160;160;160;0|value:160;160;160;0|filler:0;0;0;0|query_marker:0;0;0;160|query_entity:0;0;0;160,kv_first_free,0.000000000000,0,0.116835080240,0.002212593052,0.000000000000,0.000000000000,0.000000000000,0.000000000000,6400,0.000000000000,0.064411808150,0.058164097235,0.000006171991,0.000006316275,0.134890233923,0.128032498275,0.002219038436,0.002245311250,0.997780961564,0.997754688750,0.997780961564,0.997754688750,52;55;53,320;320;320,0.000000000000,0.000000000000,0.000000000000,2.000000000000,0.100000000000,600,0.000000000000,0.000000000000,0.000000000000
kv_hard_router,2,800,8,112,160,160,8,1.609437912434,0.154885849562,0.146063335883,0.002221508449,0.002247839574,1.000000000000,1.000000000000,88.000000000000,1.000000000000,0.750000000000,1.000000000000,0.116835080240,0.002212593052,320;320;320;320,entity:160;160;160;0|value:160;160;160;0|filler:0;0;0;0|query_marker:0;0;0;160|query_entity:0;0;0;160,kv_hard_router,0.000000000000,0,0.116835080240,0.002212593052,0.000000000000,0.000000000000,0.000000000000,0.000000000000,6400,0.000000000000,0.064411808150,0.058164097235,0.000006171991,0.000006316275,0.134890233923,0.128032498275,0.002219038436,0.002245311250,0.997780961564,0.997754688750,0.997780961564,0.997754688750,58;51;51,320;320;320,0.000000000000,0.126864862398,0.000000000000,2.000000000000,0.100000000000,600,0.000000000000,0.133223682419,0.000000000000
kv_annealed_router,2,800,8,112,160,160,8,1.609437912434,0.154885849562,0.146063335883,0.002221508449,0.002247839574,1.000000000000,1.000000000000,88.000000000000,1.000000000000,0.750000000000,1.000000000000,0.116835080240,0.002212593052,320;320;320;320,entity:160;160;160;0|value:160;160;160;0|filler:0;0;0;0|query_marker:0;0;0;160|query_entity:0;0;0;160,kv_annealed_router,0.000000000000,0,0.116835080240,0.002212593052,0.000000000000,0.000000000000,0.000000000000,0.000000000000,6400,0.000000000000,0.064411808150,0.058164097235,0.000006171991,0.000006316275,0.134890233923,0.128032498275,0.002219038436,0.002245311250,0.997780961564,0.997754688750,0.997780961564,0.997754688750,52;56;52,320;320;320,0.000000000000,0.062810167026,0.000000000000,2.000000000000,0.100000000000,600,0.000000000000,0.068185052621,0.000000000000
structural_core_blind,3,800,8,725,160,160,8,1.609437912434,1.609437912434,1.609437912434,1.600856764270,1.660536865236,0.206250000000,0.187500000000,696.000000000000,0.000000000000,0.000000000000,0.000000000000,1.621336621287,1.594659769250,0;0;0;0;0;0,entity:0;0;0;0;0;0|value:0;0;0;0;0;0|filler:0;0;0;0;0;0|query_marker:0;0;0;0;0;0|query_entity:0;0;0;0;0;0,structural_core_blind,0.000000000000,0,1.621336621287,1.594659769250,0.000000000000,0.000000000000,0.000000000000,0.000000000000,6400,0.000000000000,0.800000000000,0.800000000000,0.796913288343,0.818351334789,0.056250000000,0.143750000000,0.016220564239,0.034970564239,0.222470564239,0.222470564239,0.203066460531,0.192347437308,0;0;0,0;0;0,0.000000000000,0.000000000000,0.000000000000,2.000000000000,0.100000000000,600,0.000000000000,0.000000000000,0.000000000000
kv_fixed_position,3,800,8,88,160,160,8,1.609437912434,0.113561091186,0.107934041781,0.002206241309,0.002244242852,1.000000000000,1.000000000000,64.000000000000,1.000000000000,0.750000000000,1.000000000000,0.060129159572,0.002211741837,320;320;320;320,entity:160;160;160;0|value:160;160;160;0|filler:0;0;0;0|query_marker:0;0;0;160|query_entity:0;0;0;160,kv_fixed_position,0.000000000000,0,0.060129159572,0.002211741837,0.000000000000,0.000000000000,0.000000000000,0.000000000000,6400,0.000000000000,0.021363919289,0.019782688851,0.000006083736,0.000006299441,0.106271070612,0.101644539391,0.002203805970,0.002241720851,0.997796194030,0.997758279149,0.997796194030,0.997758279149,52;56;52,320;320;320,0.000000000000,0.000000000000,0.000000000000,2.000000000000,0.100000000000,600,0.000000000000,0.000000000000,0.000000000000
kv_first_free,3,800,8,88,160,160,8,1.609437912434,0.113561091186,0.107934041781,0.002206241309,0.002244242852,1.000000000000,1.000000000000,64.000000000000,1.000000000000,0.750000000000,1.000000000000,0.060129159572,0.002211741837,320;320;320;320,entity:160;160;160;0|value:160;160;160;0|filler:0;0;0;0|query_marker:0;0;0;160|query_entity:0;0;0;160,kv_first_free,0.000000000000,0,0.060129159572,0.002211741837,0.000000000000,0.000000000000,0.000000000000,0.000000000000,6400,0.000000000000,0.021363919289,0.019782688851,0.000006083736,0.000006299441,0.106271070612,0.101644539391,0.002203805970,0.002241720851,0.997796194030,0.997758279149,0.997796194030,0.997758279149,52;56;52,320;320;320,0.000000000000,0.000000000000,0.000000000000,2.000000000000,0.100000000000,600,0.000000000000,0.000000000000,0.000000000000
kv_hard_router,3,800,8,112,160,160,8,1.609437912434,0.113561091186,0.107934041781,0.002206241309,0.002244242852,1.000000000000,1.000000000000,88.000000000000,1.000000000000,0.750000000000,1.000000000000,0.060129159572,0.002211741837,320;320;320;320,entity:160;160;160;0|value:160;160;160;0|filler:0;0;0;0|query_marker:0;0;0;160|query_entity:0;0;0;160,kv_hard_router,0.000000000000,0,0.060129159572,0.002211741837,0.000000000000,0.000000000000,0.000000000000,0.000000000000,6400,0.000000000000,0.021363919289,0.019782688851,0.000006083736,0.000006299441,0.106271070612,0.101644539391,0.002203805970,0.002241720851,0.997796194030,0.997758279149,0.997796194030,0.997758279149,58;46;56,320;320;320,0.000000000000,0.252484146675,0.000000000000,2.000000000000,0.100000000000,600,0.000000000000,0.238698517680,0.000000000000
kv_annealed_router,3,800,8,112,160,160,8,1.609437912434,0.113561091186,0.107934041781,0.002206241309,0.002244242852,1.000000000000,1.000000000000,88.000000000000,1.000000000000,0.750000000000,1.000000000000,0.060129159572,0.002211741837,320;320;320;320,entity:160;160;160;0|value:160;160;160;0|filler:0;0;0;0|query_marker:0;0;0;160|query_entity:0;0;0;160,kv_annealed_router,0.000000000000,0,0.060129159572,0.002211741837,0.000000000000,0.000000000000,0.000000000000,0.000000000000,6400,0.000000000000,0.021363919289,0.019782688851,0.000006083736,0.000006299441,0.106271070612,0.101644539391,0.002203805970,0.002241720851,0.997796194030,0.997758279149,0.997796194030,0.997758279149,56;52;52,320;320;320,0.000000000000,0.098995930442,0.000000000000,2.000000000000,0.100000000000,600,0.000000000000,0.090772089579,0.000000000000
structural_core_blind,4,800,8,725,160,160,8,1.609437912434,1.609437912434,1.609437912434,1.608141115106,1.667870383228,0.187500000000,0.181250000000,696.000000000000,0.000000000000,0.000000000000,0.000000000000,1.644978825528,1.605885699872,0;0;0;0;0;0,entity:0;0;0;0;0;0|value:0;0;0;0;0;0|filler:0;0;0;0;0;0|query_marker:0;0;0;0;0;0|query_entity:0;0;0;0;0;0,structural_core_blind,0.000000000000,0,1.644978825528,1.605885699872,0.000000000000,0.000000000000,0.000000000000,0.000000000000,6400,0.000000000000,0.800000000000,0.800000000000,0.799456427417,0.820464393151,0.037500000000,0.100000000000,0.041780941361,0.048030941361,0.229280941361,0.229280941361,0.202854820050,0.192350837183,0;0;0,0;0;0,0.000000000000,0.000000000000,0.000000000000,2.000000000000,0.100000000000,600,0.000000000000,0.000000000000,0.000000000000
kv_fixed_position,4,800,8,88,160,160,8,1.609437912434,0.013601603522,0.015971773663,0.002224788355,0.002273437885,1.000000000000,1.000000000000,64.000000000000,1.000000000000,0.750000000000,1.000000000000,0.007122156186,0.002215897815,320;320;320;320,entity:160;160;160;0|value:160;160;160;0|filler:0;0;0;0|query_marker:0;0;0;160|query_entity:0;0;0;160,kv_fixed_position,0.000000000000,0,0.007122156186,0.002215897815,0.000000000000,0.000000000000,0.000000000000,0.000000000000,6400,0.000000000000,0.000454990380,0.000579998598,0.000006216806,0.000006496388,0.013460198069,0.015789881752,0.002222302996,0.002270839763,0.997777697004,0.997729160237,0.997777697004,0.997729160237,58;61;41,320;320;320,0.000000000000,0.000000000000,0.000000000000,2.000000000000,0.100000000000,600,0.000000000000,0.000000000000,0.000000000000
kv_first_free,4,800,8,88,160,160,8,1.609437912434,0.013601603522,0.015971773663,0.002224788355,0.002273437885,1.000000000000,1.000000000000,64.000000000000,1.000000000000,0.750000000000,1.000000000000,0.007122156186,0.002215897815,320;320;320;320,entity:160;160;160;0|value:160;160;160;0|filler:0;0;0;0|query_marker:0;0;0;160|query_entity:0;0;0;160,kv_first_free,0.000000000000,0,0.007122156186,0.002215897815,0.000000000000,0.000000000000,0.000000000000,0.000000000000,6400,0.000000000000,0.000454990380,0.000579998598,0.000006216806,0.000006496388,0.013460198069,0.015789881752,0.002222302996,0.002270839763,0.997777697004,0.997729160237,0.997777697004,0.997729160237,58;61;41,320;320;320,0.000000000000,0.000000000000,0.000000000000,2.000000000000,0.100000000000,600,0.000000000000,0.000000000000,0.000000000000
kv_hard_router,4,800,8,112,160,160,8,1.609437912434,0.013601603522,0.015971773663,0.002224788355,0.002273437885,1.000000000000,1.000000000000,88.000000000000,1.000000000000,0.750000000000,1.000000000000,0.007122156186,0.002215897815,320;320;320;320,entity:160;160;160;0|value:160;160;160;0|filler:0;0;0;0|query_marker:0;0;0;160|query_entity:0;0;0;160,kv_hard_router,0.000000000000,0,0.007122156186,0.002215897815,0.000000000000,0.000000000000,0.000000000000,0.000000000000,6400,0.000000000000,0.000454990380,0.000579998598,0.000006216806,0.000006496388,0.013460198069,0.015789881752,0.002222302996,0.002270839763,0.997777697004,0.997729160237,0.997777697004,0.997729160237,59;53;48,320;320;320,0.000000000000,0.145089924307,0.000000000000,2.000000000000,0.100000000000,600,0.000000000000,0.140426711160,0.000000000000
kv_annealed_router,4,800,8,112,160,160,8,1.609437912434,0.013601603522,0.015971773663,0.002224788355,0.002273437885,1.000000000000,1.000000000000,88.000000000000,1.000000000000,0.750000000000,1.000000000000,0.007122156186,0.002215897815,320;320;320;320,entity:160;160;160;0|value:160;160;160;0|filler:0;0;0;0|query_marker:0;0;0;160|query_entity:0;0;0;160,kv_annealed_router,0.000000000000,0,0.007122156186,0.002215897815,0.000000000000,0.000000000000,0.000000000000,0.000000000000,6400,0.000000000000,0.000454990380,0.000579998598,0.000006216806,0.000006496388,0.013460198069,0.015789881752,0.002222302996,0.002270839763,0.997777697004,0.997729160237,0.997777697004,0.997729160237,59;55;46,320;320;320,0.000000000000,0.115180410605,0.000000000000,2.000000000000,0.100000000000,600,0.000000000000,0.119629552647,0.000000000000
structural_core_blind,5,800,8,725,160,160,8,1.609437912434,1.609437912434,1.609437912434,1.603435546199,1.631525553065,0.250000000000,0.187500000000,696.000000000000,0.000000000000,0.000000000000,0.000000000000,1.638199570412,1.639995748400,0;0;0;0;0;0,entity:0;0;0;0;0;0|value:0;0;0;0;0;0|filler:0;0;0;0;0;0|query_marker:0;0;0;0;0;0|query_entity:0;0;0;0;0;0,structural_core_blind,0.000000000000,0,1.638199570412,1.639995748400,0.000000000000,0.000000000000,0.000000000000,0.000000000000,6400,0.000000000000,0.800000000000,0.800000000000,0.797578054967,0.808530020935,0.031250000000,0.143750000000,0.028457776411,0.034042223589,0.221542223589,0.221542223589,0.202048261166,0.196572278182,0;0;0,0;0;0,0.000000000000,0.000000000000,0.000000000000,2.000000000000,0.100000000000,600,0.000000000000,0.000000000000,0.000000000000
kv_fixed_position,5,800,8,88,160,160,8,1.609437912434,0.070084195528,0.060733059684,0.002206588213,0.002219647084,1.000000000000,1.000000000000,64.000000000000,1.000000000000,0.750000000000,1.000000000000,0.039535690195,0.002266659955,320;320;320;320,entity:160;160;160;0|value:160;160;160;0|filler:0;0;0;0|query_marker:0;0;0;160|query_entity:0;0;0;160,kv_fixed_position,0.000000000000,0,0.039535690195,0.002266659955,0.000000000000,0.000000000000,0.000000000000,0.000000000000,6400,0.000000000000,0.011897781626,0.010202281231,0.000006081220,0.000006152343,0.066212800351,0.057357130556,0.002204153271,0.002217183475,0.997795846729,0.997782816525,0.997795846729,0.997782816525,53;56;51,320;320;320,0.000000000000,0.000000000000,0.000000000000,2.000000000000,0.100000000000,600,0.000000000000,0.000000000000,0.000000000000
kv_first_free,5,800,8,88,160,160,8,1.609437912434,0.070084195528,0.060733059684,0.002206588213,0.002219647084,1.000000000000,1.000000000000,64.000000000000,1.000000000000,0.750000000000,1.000000000000,0.039535690195,0.002266659955,320;320;320;320,entity:160;160;160;0|value:160;160;160;0|filler:0;0;0;0|query_marker:0;0;0;160|query_entity:0;0;0;160,kv_first_free,0.000000000000,0,0.039535690195,0.002266659955,0.000000000000,0.000000000000,0.000000000000,0.000000000000,6400,0.000000000000,0.011897781626,0.010202281231,0.000006081220,0.000006152343,0.066212800351,0.057357130556,0.002204153271,0.002217183475,0.997795846729,0.997782816525,0.997795846729,0.997782816525,53;56;51,320;320;320,0.000000000000,0.000000000000,0.000000000000,2.000000000000,0.100000000000,600,0.000000000000,0.000000000000,0.000000000000
kv_hard_router,5,800,8,112,160,160,8,1.609437912434,0.070084195528,0.060733059684,0.002206588213,0.002219647084,1.000000000000,1.000000000000,88.000000000000,1.000000000000,0.750000000000,1.000000000000,0.039535690195,0.002266659955,320;320;320;320,entity:160;160;160;0|value:160;160;160;0|filler:0;0;0;0|query_marker:0;0;0;160|query_entity:0;0;0;160,kv_hard_router,0.000000000000,0,0.039535690195,0.002266659955,0.000000000000,0.000000000000,0.000000000000,0.000000000000,6400,0.000000000000,0.011897781626,0.010202281231,0.000006081220,0.000006152343,0.066212800351,0.057357130556,0.002204153271,0.002217183475,0.997795846729,0.997782816525,0.997795846729,0.997782816525,51;58;51,320;320;320,0.000000000000,0.305772908258,0.000000000000,2.000000000000,0.100000000000,600,0.000000000000,0.292813429620,0.000000000000
kv_annealed_router,5,800,8,112,160,160,8,1.609437912434,0.070084195528,0.060733059684,0.002206588213,0.002219647084,1.000000000000,1.000000000000,88.000000000000,1.000000000000,0.750000000000,1.000000000000,0.039535690195,0.002266659955,320;320;320;320,entity:160;160;160;0|value:160;160;160;0|filler:0;0;0;0|query_marker:0;0;0;160|query_entity:0;0;0;160,kv_annealed_router,0.000000000000,0,0.039535690195,0.002266659955,0.000000000000,0.000000000000,0.000000000000,0.000000000000,6400,0.000000000000,0.011897781626,0.010202281231,0.000006081220,0.000006152343,0.066212800351,0.057357130556,0.002204153271,0.002217183475,0.997795846729,0.997782816525,0.997795846729,0.997782816525,51;58;51,320;320;320,0.000000000000,0.064531743351,0.000000000000,2.000000000000,0.100000000000,600,0.000000000000,0.063292396865,0.000000000000
structural_core_blind,6,800,8,725,160,160,8,1.609437912434,1.609437912434,1.609437912434,1.622505274278,1.639243052704,0.168750000000,0.150000000000,696.000000000000,0.000000000000,0.000000000000,0.000000000000,1.619372473522,1.596105218503,0;0;0;0;0;0,entity:0;0;0;0;0;0|value:0;0;0;0;0;0|filler:0;0;0;0;0;0|query_marker:0;0;0;0;0;0|query_entity:0;0;0;0;0;0,structural_core_blind,0.000000000000,0,1.619372473522,1.596105218503,0.000000000000,0.000000000000,0.000000000000,0.000000000000,6400,0.000000000000,0.800000000000,0.800000000000,0.805588950366,0.811873540619,0.025000000000,0.106250000000,0.068541301043,0.087291301043,0.237291301043,0.237291301043,0.198505641886,0.195363346759,0;0;0,0;0;0,0.000000000000,0.000000000000,0.000000000000,2.000000000000,0.100000000000,600,0.000000000000,0.000000000000,0.000000000000
kv_fixed_position,6,800,8,88,160,160,8,1.609437912434,0.057551700588,0.047295973045,0.002230042134,0.002247525289,1.000000000000,1.000000000000,64.000000000000,1.000000000000,0.750000000000,1.000000000000,0.028661018605,0.002210458515,320;320;320;320,entity:160;160;160;0|value:160;160;160;0|filler:0;0;0;0|query_marker:0;0;0;160|query_entity:0;0;0;160,kv_fixed_position,0.000000000000,0,0.028661018605,0.002210458515,0.000000000000,0.000000000000,0.000000000000,0.000000000000,6400,0.000000000000,0.008749652871,0.006655263056,0.000006227299,0.000006327751,0.054927790974,0.045295976976,0.002227550685,0.002244993291,0.997772449315,0.997755006709,0.997772449315,0.997755006709,63;48;49,320;320;320,0.000000000000,0.000000000000,0.000000000000,2.000000000000,0.100000000000,600,0.000000000000,0.000000000000,0.000000000000
kv_first_free,6,800,8,88,160,160,8,1.609437912434,0.057551700588,0.047295973045,0.002230042134,0.002247525289,1.000000000000,1.000000000000,64.000000000000,1.000000000000,0.750000000000,1.000000000000,0.028661018605,0.002210458515,320;320;320;320,entity:160;160;160;0|value:160;160;160;0|filler:0;0;0;0|query_marker:0;0;0;160|query_entity:0;0;0;160,kv_first_free,0.000000000000,0,0.028661018605,0.002210458515,0.000000000000,0.000000000000,0.000000000000,0.000000000000,6400,0.000000000000,0.008749652871,0.006655263056,0.000006227299,0.000006327751,0.054927790974,0.045295976976,0.002227550685,0.002244993291,0.997772449315,0.997755006709,0.997772449315,0.997755006709,63;48;49,320;320;320,0.000000000000,0.000000000000,0.000000000000,2.000000000000,0.100000000000,600,0.000000000000,0.000000000000,0.000000000000
kv_hard_router,6,800,8,112,160,160,8,1.609437912434,0.057551700588,0.047295973045,0.002230042134,0.002247525289,1.000000000000,1.000000000000,88.000000000000,1.000000000000,0.750000000000,1.000000000000,0.028661018605,0.002210458515,320;320;320;320,entity:160;160;160;0|value:160;160;160;0|filler:0;0;0;0|query_marker:0;0;0;160|query_entity:0;0;0;160,kv_hard_router,0.000000000000,0,0.028661018605,0.002210458515,0.000000000000,0.000000000000,0.000000000000,0.000000000000,6400,0.000000000000,0.008749652871,0.006655263056,0.000006227299,0.000006327751,0.054927790974,0.045295976976,0.002227550685,0.002244993291,0.997772449315,0.997755006709,0.997772449315,0.997755006709,54;48;58,320;320;320,0.000000000000,0.294801279053,0.000000000000,2.000000000000,0.100000000000,600,0.000000000000,0.280725028861,0.000000000000
kv_annealed_router,6,800,8,112,160,160,8,1.609437912434,0.057551700588,0.047295973045,0.002230042134,0.002247525289,1.000000000000,1.000000000000,88.000000000000,1.000000000000,0.750000000000,1.000000000000,0.028661018605,0.002210458515,320;320;320;320,entity:160;160;160;0|value:160;160;160;0|filler:0;0;0;0|query_marker:0;0;0;160|query_entity:0;0;0;160,kv_annealed_router,0.000000000000,0,0.028661018605,0.002210458515,0.000000000000,0.000000000000,0.000000000000,0.000000000000,6400,0.000000000000,0.008749652871,0.006655263056,0.000006227299,0.000006327751,0.054927790974,0.045295976976,0.002227550685,0.002244993291,0.997772449315,0.997755006709,0.997772449315,0.997755006709,56;47;57,320;320;320,0.000000000000,0.173311513118,0.000000000000,2.000000000000,0.100000000000,600,0.000000000000,0.163282133688,0.000000000000
structural_core_blind,7,800,8,725,160,160,8,1.609437912434,1.609437912434,1.609437912434,1.605513742438,1.633041948726,0.243750000000,0.143750000000,696.000000000000,0.000000000000,0.000000000000,0.000000000000,1.647222585178,1.616732244063,0;0;0;0;0;0,entity:0;0;0;0;0;0|value:0;0;0;0;0;0|filler:0;0;0;0;0;0|query_marker:0;0;0;0;0;0|query_entity:0;0;0;0;0;0,structural_core_blind,0.000000000000,0,1.647222585178,1.616732244063,0.000000000000,0.000000000000,0.000000000000,0.000000000000,6400,0.000000000000,0.800000000000,0.800000000000,0.798218522204,0.809988763973,0.037500000000,0.250000000000,0.016030419829,0.083969580171,0.227719580171,0.227719580171,0.202204058315,0.196318937430,0;0;0,0;0;0,0.000000000000,0.000000000000,0.000000000000,2.000000000000,0.100000000000,600,0.000000000000,0.000000000000,0.000000000000
kv_fixed_position,7,800,8,88,160,160,8,1.609437912434,0.052805531428,0.053266749340,0.002213376838,0.002265265747,1.000000000000,1.000000000000,64.000000000000,1.000000000000,0.750000000000,1.000000000000,0.027905355575,0.002221307634,320;320;320;320,entity:160;160;160;0|value:160;160;160;0|filler:0;0;0;0|query_marker:0;0;0;160|query_entity:0;0;0;160,kv_fixed_position,0.000000000000,0,0.027905355575,0.002221307634,0.000000000000,0.000000000000,0.000000000000,0.000000000000,6400,0.000000000000,0.005382958834,0.005474432817,0.000006133830,0.000006426403,0.051180739483,0.051636015427,0.002210922732,0.002262694610,0.997789077268,0.997737305390,0.997789077268,0.997737305390,51;61;48,320;320;320,0.000000000000,0.000000000000,0.000000000000,2.000000000000,0.100000000000,600,0.000000000000,0.000000000000,0.000000000000
kv_first_free,7,800,8,88,160,160,8,1.609437912434,0.052805531428,0.053266749340,0.002213376838,0.002265265747,1.000000000000,1.000000000000,64.000000000000,1.000000000000,0.750000000000,1.000000000000,0.027905355575,0.002221307634,320;320;320;320,entity:160;160;160;0|value:160;160;160;0|filler:0;0;0;0|query_marker:0;0;0;160|query_entity:0;0;0;160,kv_first_free,0.000000000000,0,0.027905355575,0.002221307634,0.000000000000,0.000000000000,0.000000000000,0.000000000000,6400,0.000000000000,0.005382958834,0.005474432817,0.000006133830,0.000006426403,0.051180739483,0.051636015427,0.002210922732,0.002262694610,0.997789077268,0.997737305390,0.997789077268,0.997737305390,51;61;48,320;320;320,0.000000000000,0.000000000000,0.000000000000,2.000000000000,0.100000000000,600,0.000000000000,0.000000000000,0.000000000000
kv_hard_router,7,800,8,112,160,160,8,1.609437912434,0.052805531428,0.053266749340,0.002213376838,0.002265265747,1.000000000000,1.000000000000,88.000000000000,1.000000000000,0.750000000000,1.000000000000,0.027905355575,0.002221307634,320;320;320;320,entity:160;160;160;0|value:160;160;160;0|filler:0;0;0;0|query_marker:0;0;0;160|query_entity:0;0;0;160,kv_hard_router,0.000000000000,0,0.027905355575,0.002221307634,0.000000000000,0.000000000000,0.000000000000,0.000000000000,6400,0.000000000000,0.005382958834,0.005474432817,0.000006133830,0.000006426403,0.051180739483,0.051636015427,0.002210922732,0.002262694610,0.997789077268,0.997737305390,0.997789077268,0.997737305390,42;62;56,320;320;320,0.000000000000,0.263455889675,0.000000000000,2.000000000000,0.100000000000,600,0.000000000000,0.268807436849,0.000000000000
kv_annealed_router,7,800,8,112,160,160,8,1.609437912434,0.052805531428,0.053266749340,0.002213376838,0.002265265747,1.000000000000,1.000000000000,88.000000000000,1.000000000000,0.750000000000,1.000000000000,0.027905355575,0.002221307634,320;320;320;320,entity:160;160;160;0|value:160;160;160;0|filler:0;0;0;0|query_marker:0;0;0;160|query_entity:0;0;0;160,kv_annealed_router,0.000000000000,0,0.027905355575,0.002221307634,0.000000000000,0.000000000000,0.000000000000,0.000000000000,6400,0.000000000000,0.005382958834,0.005474432817,0.000006133830,0.000006426403,0.051180739483,0.051636015427,0.002210922732,0.002262694610,0.997789077268,0.997737305390,0.997789077268,0.997737305390,57;58;45,320;320;320,0.000000000000,0.148307101064,0.000000000000,2.000000000000,0.100000000000,600,0.000000000000,0.151027671928,0.000000000000
structural_core_blind,8,800,8,725,160,160,8,1.609437912434,1.609437912434,1.609437912434,1.628806169206,1.645228225412,0.218750000000,0.181250000000,696.000000000000,0.000000000000,0.000000000000,0.000000000000,1.630508365536,1.623283536539,0;0;0;0;0;0,entity:0;0;0;0;0;0|value:0;0;0;0;0;0|filler:0;0;0;0;0;0|query_marker:0;0;0;0;0;0|query_entity:0;0;0;0;0;0,structural_core_blind,0.000000000000,0,1.630508365536,1.623283536539,0.000000000000,0.000000000000,0.000000000000,0.000000000000,6400,0.000000000000,0.800000000000,0.800000000000,0.807110806729,0.813243849831,0.037500000000,0.093750000000,0.016384812468,0.053884812468,0.235134812468,0.235134812468,0.198339233878,0.195272712327,0;0;0,0;0;0,0.000000000000,0.000000000000,0.000000000000,2.000000000000,0.100000000000,600,0.000000000000,0.000000000000,0.000000000000
kv_fixed_position,8,800,8,88,160,160,8,1.609437912434,0.028381132423,0.030656287449,0.002212794945,0.002220851395,1.000000000000,1.000000000000,64.000000000000,1.000000000000,0.750000000000,1.000000000000,0.012879832980,0.002236274076,320;320;320;320,entity:160;160;160;0|value:160;160;160;0|filler:0;0;0;0|query_marker:0;0;0;160|query_entity:0;0;0;160,kv_fixed_position,0.000000000000,0,0.012879832980,0.002236274076,0.000000000000,0.000000000000,0.000000000000,0.000000000000,6400,0.000000000000,0.002127932127,0.002421740402,0.000006114813,0.000006158903,0.027792452494,0.029986594513,0.002210346224,0.002218385016,0.997789653776,0.997781614984,0.997789653776,0.997781614984,57;52;51,320;320;320,0.000000000000,0.000000000000,0.000000000000,2.000000000000,0.100000000000,600,0.000000000000,0.000000000000,0.000000000000
kv_first_free,8,800,8,88,160,160,8,1.609437912434,0.028381132423,0.030656287449,0.002212794945,0.002220851395,1.000000000000,1.000000000000,64.000000000000,1.000000000000,0.750000000000,1.000000000000,0.012879832980,0.002236274076,320;320;320;320,entity:160;160;160;0|value:160;160;160;0|filler:0;0;0;0|query_marker:0;0;0;160|query_entity:0;0;0;160,kv_first_free,0.000000000000,0,0.012879832980,0.002236274076,0.000000000000,0.000000000000,0.000000000000,0.000000000000,6400,0.000000000000,0.002127932127,0.002421740402,0.000006114813,0.000006158903,0.027792452494,0.029986594513,0.002210346224,0.002218385016,0.997789653776,0.997781614984,0.997789653776,0.997781614984,57;52;51,320;320;320,0.000000000000,0.000000000000,0.000000000000,2.000000000000,0.100000000000,600,0.000000000000,0.000000000000,0.000000000000
kv_hard_router,8,800,8,112,160,160,8,1.609437912434,0.028381132423,0.030656287449,0.002212794945,0.002220851395,1.000000000000,1.000000000000,88.000000000000,1.000000000000,0.750000000000,1.000000000000,0.012879832980,0.002236274076,320;320;320;320,entity:160;160;160;0|value:160;160;160;0|filler:0;0;0;0|query_marker:0;0;0;160|query_entity:0;0;0;160,kv_hard_router,0.000000000000,0,0.012879832980,0.002236274076,0.000000000000,0.000000000000,0.000000000000,0.000000000000,6400,0.000000000000,0.002127932127,0.002421740402,0.000006114813,0.000006158903,0.027792452494,0.029986594513,0.002210346224,0.002218385016,0.997789653776,0.997781614984,0.997789653776,0.997781614984,47;58;55,320;320;320,0.000000000000,0.278682270825,0.000000000000,2.000000000000,0.100000000000,600,0.000000000000,0.280613511876,0.000000000000
kv_annealed_router,8,800,8,112,160,160,8,1.609437912434,0.028381132423,0.030656287449,0.002212794945,0.002220851395,1.000000000000,1.000000000000,88.000000000000,1.000000000000,0.750000000000,1.000000000000,0.012879832980,0.002236274076,320;320;320;320,entity:160;160;160;0|value:160;160;160;0|filler:0;0;0;0|query_marker:0;0;0;160|query_entity:0;0;0;160,kv_annealed_router,0.000000000000,0,0.012879832980,0.002236274076,0.000000000000,0.000000000000,0.000000000000,0.000000000000,6400,0.000000000000,0.002127932127,0.002421740402,0.000006114813,0.000006158903,0.027792452494,0.029986594513,0.002210346224,0.002218385016,0.997789653776,0.997781614984,0.997789653776,0.997781614984,63;39;58,320;320;320,0.000000000000,0.199596613549,0.000000000000,2.000000000000,0.100000000000,600,0.000000000000,0.193310029805,0.000000000000
structural_core_blind,9,800,8,725,160,160,8,1.609437912434,1.609437912434,1.609437912434,1.608701589278,1.681412412766,0.212500000000,0.168750000000,696.000000000000,0.000000000000,0.000000000000,0.000000000000,1.614908721622,1.619585165437,0;0;0;0;0;0,entity:0;0;0;0;0;0|value:0;0;0;0;0;0|filler:0;0;0;0;0;0|query_marker:0;0;0;0;0;0|query_entity:0;0;0;0;0;0,structural_core_blind,0.000000000000,0,1.614908721622,1.619585165437,0.000000000000,0.000000000000,0.000000000000,0.000000000000,6400,0.000000000000,0.800000000000,0.800000000000,0.800547902837,0.825557175619,0.062500000000,0.106250000000,0.044456141322,0.088206141322,0.256956141322,0.256956141322,0.203698100093,0.191193463702,0;0;0,0;0;0,0.000000000000,0.000000000000,0.000000000000,2.000000000000,0.100000000000,600,0.000000000000,0.000000000000,0.000000000000
kv_fixed_position,9,800,8,88,160,160,8,1.609437912434,0.019058770744,0.017382680378,0.002211465861,0.002239981551,1.000000000000,1.000000000000,64.000000000000,1.000000000000,0.750000000000,1.000000000000,0.012271856099,0.002212403501,320;320;320;320,entity:160;160;160;0|value:160;160;160;0|filler:0;0;0;0|query_marker:0;0;0;160|query_entity:0;0;0;160,kv_fixed_position,0.000000000000,0,0.012271856099,0.002212403501,0.000000000000,0.000000000000,0.000000000000,0.000000000000,6400,0.000000000000,0.000816297064,0.000692297538,0.000006138689,0.000006294328,0.018816617670,0.017179216967,0.002209010804,0.002237465223,0.997790989196,0.997762534777,0.997790989196,0.997762534777,61;50;49,320;320;320,0.000000000000,0.000000000000,0.000000000000,2.000000000000,0.100000000000,600,0.000000000000,0.000000000000,0.000000000000
kv_first_free,9,800,8,88,160,160,8,1.609437912434,0.019058770744,0.017382680378,0.002211465861,0.002239981551,1.000000000000,1.000000000000,64.000000000000,1.000000000000,0.750000000000,1.000000000000,0.012271856099,0.002212403501,320;320;320;320,entity:160;160;160;0|value:160;160;160;0|filler:0;0;0;0|query_marker:0;0;0;160|query_entity:0;0;0;160,kv_first_free,0.000000000000,0,0.012271856099,0.002212403501,0.000000000000,0.000000000000,0.000000000000,0.000000000000,6400,0.000000000000,0.000816297064,0.000692297538,0.000006138689,0.000006294328,0.018816617670,0.017179216967,0.002209010804,0.002237465223,0.997790989196,0.997762534777,0.997790989196,0.997762534777,61;50;49,320;320;320,0.000000000000,0.000000000000,0.000000000000,2.000000000000,0.100000000000,600,0.000000000000,0.000000000000,0.000000000000
kv_hard_router,9,800,8,112,160,160,8,1.609437912434,0.019058770744,0.017382680378,0.002211465861,0.002239981551,1.000000000000,1.000000000000,88.000000000000,1.000000000000,0.750000000000,1.000000000000,0.012271856099,0.002212403501,320;320;320;320,entity:160;160;160;0|value:160;160;160;0|filler:0;0;0;0|query_marker:0;0;0;160|query_entity:0;0;0;160,kv_hard_router,0.000000000000,0,0.012271856099,0.002212403501,0.000000000000,0.000000000000,0.000000000000,0.000000000000,6400,0.000000000000,0.000816297064,0.000692297538,0.000006138689,0.000006294328,0.018816617670,0.017179216967,0.002209010804,0.002237465223,0.997790989196,0.997762534777,0.997790989196,0.997762534777,48;46;66,320;320;320,0.000000000000,0.162235590205,0.000000000000,2.000000000000,0.100000000000,600,0.000000000000,0.154356235203,0.000000000000
kv_annealed_router,9,800,8,112,160,160,8,1.609437912434,0.019058770744,0.017382680378,0.002211465861,0.002239981551,1.000000000000,1.000000000000,88.000000000000,1.000000000000,0.750000000000,1.000000000000,0.012271856099,0.002212403501,320;320;320;320,entity:160;160;160;0|value:160;160;160;0|filler:0;0;0;0|query_marker:0;0;0;160|query_entity:0;0;0;160,kv_annealed_router,0.000000000000,0,0.012271856099,0.002212403501,0.000000000000,0.000000000000,0.000000000000,0.000000000000,6400,0.000000000000,0.000816297064,0.000692297538,0.000006138689,0.000006294328,0.018816617670,0.017179216967,0.002209010804,0.002237465223,0.997790989196,0.997762534777,0.997790989196,0.997762534777,54;50;56,320;320;320,0.000000000000,0.020187629144,0.000000000000,2.000000000000,0.100000000000,600,0.000000000000,0.020803959610,0.000000000000
structural_core_blind,10,800,8,725,160,160,8,1.609437912434,1.609437912434,1.609437912434,1.602287134448,1.635567679328,0.237500000000,0.143750000000,696.000000000000,0.000000000000,0.000000000000,0.000000000000,1.610217527348,1.610579060283,0;0;0;0;0;0,entity:0;0;0;0;0;0|value:0;0;0;0;0;0|filler:0;0;0;0;0;0|query_marker:0;0;0;0;0;0|query_entity:0;0;0;0;0;0,structural_core_blind,0.000000000000,0,1.610217527348,1.610579060283,0.000000000000,0.000000000000,0.000000000000,0.000000000000,6400,0.000000000000,0.800000000000,0.800000000000,0.797150987208,0.810345922265,0.050000000000,0.162500000000,0.009873150275,0.083876849725,0.227626849725,0.227626849725,0.202360413616,0.195762946087,0;0;0,0;0;0,0.000000000000,0.000000000000,0.000000000000,2.000000000000,0.100000000000,600,0.000000000000,0.000000000000,0.000000000000
kv_fixed_position,10,800,8,88,160,160,8,1.609437912434,0.013100516731,0.012677369360,0.002236612760,0.002233409506,1.000000000000,1.000000000000,64.000000000000,1.000000000000,0.750000000000,1.000000000000,0.007751638082,0.002229743401,320;320;320;320,entity:160;160;160;0|value:160;160;160;0|filler:0;0;0;0|query_marker:0;0;0;160|query_entity:0;0;0;160,kv_fixed_position,0.000000000000,0,0.007751638082,0.002229743401,0.000000000000,0.000000000000,0.000000000000,0.000000000000,6400,0.000000000000,0.000312076153,0.000284087248,0.000006307923,0.000006273036,0.012998037501,0.012583612061,0.002234092397,0.002230902894,0.997765907603,0.997769097106,0.997765907603,0.997769097106,62;50;48,320;320;320,0.000000000000,0.000000000000,0.000000000000,2.000000000000,0.100000000000,600,0.000000000000,0.000000000000,0.000000000000
kv_first_free,10,800,8,88,160,160,8,1.609437912434,0.013100516731,0.012677369360,0.002236612760,0.002233409506,1.000000000000,1.000000000000,64.000000000000,1.000000000000,0.750000000000,1.000000000000,0.007751638082,0.002229743401,320;320;320;320,entity:160;160;160;0|value:160;160;160;0|filler:0;0;0;0|query_marker:0;0;0;160|query_entity:0;0;0;160,kv_first_free,0.000000000000,0,0.007751638082,0.002229743401,0.000000000000,0.000000000000,0.000000000000,0.000000000000,6400,0.000000000000,0.000312076153,0.000284087248,0.000006307923,0.000006273036,0.012998037501,0.012583612061,0.002234092397,0.002230902894,0.997765907603,0.997769097106,0.997765907603,0.997769097106,62;50;48,320;320;320,0.000000000000,0.000000000000,0.000000000000,2.000000000000,0.100000000000,600,0.000000000000,0.000000000000,0.000000000000
kv_hard_router,10,800,8,112,160,160,8,1.609437912434,0.013100516731,0.012677369360,0.002236612760,0.002233409506,1.000000000000,1.000000000000,88.000000000000,1.000000000000,0.750000000000,1.000000000000,0.007751638082,0.002229743401,320;320;320;320,entity:160;160;160;0|value:160;160;160;0|filler:0;0;0;0|query_marker:0;0;0;160|query_entity:0;0;0;160,kv_hard_router,0.000000000000,0,0.007751638082,0.002229743401,0.000000000000,0.000000000000,0.000000000000,0.000000000000,6400,0.000000000000,0.000312076153,0.000284087248,0.000006307923,0.000006273036,0.012998037501,0.012583612061,0.002234092397,0.002230902894,0.997765907603,0.997769097106,0.997765907603,0.997769097106,60;54;46,320;320;320,0.000000000000,0.231665634782,0.000000000000,2.000000000000,0.100000000000,600,0.000000000000,0.230587105700,0.000000000000
kv_annealed_router,10,800,8,112,160,160,8,1.609437912434,0.013100516731,0.012677369360,0.002236612760,0.002233409506,1.000000000000,1.000000000000,88.000000000000,1.000000000000,0.750000000000,1.000000000000,0.007751638082,0.002229743401,320;320;320;320,entity:160;160;160;0|value:160;160;160;0|filler:0;0;0;0|query_marker:0;0;0;160|query_entity:0;0;0;160,kv_annealed_router,0.000000000000,0,0.007751638082,0.002229743401,0.000000000000,0.000000000000,0.000000000000,0.000000000000,6400,0.000000000000,0.000312076153,0.000284087248,0.000006307923,0.000006273036,0.012998037501,0.012583612061,0.002234092397,0.002230902894,0.997765907603,0.997769097106,0.997765907603,0.997769097106,60;56;44,320;320;320,0.000000000000,0.033449920365,0.000000000000,2.000000000000,0.100000000000,600,0.000000000000,0.039761645783,0.000000000000
structural_core_blind,11,800,8,725,160,160,8,1.609437912434,1.609437912434,1.609437912434,1.626741040193,1.657080942203,0.175000000000,0.168750000000,696.000000000000,0.000000000000,0.000000000000,0.000000000000,1.585525821482,1.582163177138,0;0;0;0;0;0,entity:0;0;0;0;0;0|value:0;0;0;0;0;0|filler:0;0;0;0;0;0|query_marker:0;0;0;0;0;0|query_entity:0;0;0;0;0;0,structural_core_blind,0.000000000000,0,1.585525821482,1.582163177138,0.000000000000,0.000000000000,0.000000000000,0.000000000000,6400,0.000000000000,0.800000000000,0.800000000000,0.808222980731,0.819078509573,0.031250000000,0.137500000000,0.092892647363,0.099142647363,0.267892647363,0.267892647363,0.199289571296,0.193861806875,0;0;0,0;0;0,0.000000000000,0.000000000000,0.000000000000,2.000000000000,0.100000000000,600,0.000000000000,0.000000000000,0.000000000000
kv_fixed_position,11,800,8,88,160,160,8,1.609437912434,0.028737042656,0.024774444249,0.002304895060,0.002318014339,1.000000000000,1.000000000000,64.000000000000,1.000000000000,0.750000000000,1.000000000000,0.016921168008,0.002182144938,320;320;320;320,entity:160;160;160;0|value:160;160;160;0|filler:0;0;0;0|query_marker:0;0;0;160|query_entity:0;0;0;160,kv_fixed_position,0.000000000000,0,0.016921168008,0.002182144938,0.000000000000,0.000000000000,0.000000000000,0.000000000000,6400,0.000000000000,0.001565631961,0.001244858417,0.000006774693,0.000006852241,0.028181688862,0.024330884703,0.002302197540,0.002315287155,0.997697802460,0.997684712845,0.997697802460,0.997684712845,45;55;60,320;320;320,0.000000000000,0.000000000000,0.000000000000,2.000000000000,0.100000000000,600,0.000000000000,0.000000000000,0.000000000000
kv_first_free,11,800,8,88,160,160,8,1.609437912434,0.028737042656,0.024774444249,0.002304895060,0.002318014339,1.000000000000,1.000000000000,64.000000000000,1.000000000000,0.750000000000,1.000000000000,0.016921168008,0.002182144938,320;320;320;320,entity:160;160;160;0|value:160;160;160;0|filler:0;0;0;0|query_marker:0;0;0;160|query_entity:0;0;0;160,kv_first_free,0.000000000000,0,0.016921168008,0.002182144938,0.000000000000,0.000000000000,0.000000000000,0.000000000000,6400,0.000000000000,0.001565631961,0.001244858417,0.000006774693,0.000006852241,0.028181688862,0.024330884703,0.002302197540,0.002315287155,0.997697802460,0.997684712845,0.997697802460,0.997684712845,45;55;60,320;320;320,0.000000000000,0.000000000000,0.000000000000,2.000000000000,0.100000000000,600,0.000000000000,0.000000000000,0.000000000000
kv_hard_router,11,800,8,112,160,160,8,1.609437912434,0.028737042656,0.024774444249,0.002304895060,0.002318014339,1.000000000000,1.000000000000,88.000000000000,1.000000000000,0.750000000000,1.000000000000,0.016921168008,0.002182144938,320;320;320;320,entity:160;160;160;0|value:160;160;160;0|filler:0;0;0;0|query_marker:0;0;0;160|query_entity:0;0;0;160,kv_hard_router,0.000000000000,0,0.016921168008,0.002182144938,0.000000000000,0.000000000000,0.000000000000,0.000000000000,6400,0.000000000000,0.001565631961,0.001244858417,0.000006774693,0.000006852241,0.028181688862,0.024330884703,0.002302197540,0.002315287155,0.997697802460,0.997684712845,0.997697802460,0.997684712845,65;49;46,320;320;320,0.000000000000,0.204888121797,0.000000000000,2.000000000000,0.100000000000,600,0.000000000000,0.208161623784,0.000000000000
kv_annealed_router,11,800,8,112,160,160,8,1.609437912434,0.028737042656,0.024774444249,0.002304895060,0.002318014339,1.000000000000,1.000000000000,88.000000000000,1.000000000000,0.750000000000,1.000000000000,0.016921168008,0.002182144938,320;320;320;320,entity:160;160;160;0|value:160;160;160;0|filler:0;0;0;0|query_marker:0;0;0;160|query_entity:0;0;0;160,kv_annealed_router,0.000000000000,0,0.016921168008,0.002182144938,0.000000000000,0.000000000000,0.000000000000,0.000000000000,6400,0.000000000000,0.001565631961,0.001244858417,0.000006774693,0.000006852241,0.028181688862,0.024330884703,0.002302197540,0.002315287155,0.997697802460,0.997684712845,0.997697802460,0.997684712845,55;56;49,320;320;320,0.000000000000,0.180730724240,0.000000000000,2.000000000000,0.100000000000,600,0.000000000000,0.164726428566,0.000000000000
structural_core_blind,12,800,8,725,160,160,8,1.609437912434,1.609437912434,1.609437912434,1.604938039604,1.664782373457,0.243750000000,0.143750000000,696.000000000000,0.000000000000,0.000000000000,0.000000000000,1.621545131886,1.604753407150,0;0;0;0;0;0,entity:0;0;0;0;0;0|value:0;0;0;0;0;0|filler:0;0;0;0;0;0|query_marker:0;0;0;0;0;0|query_entity:0;0;0;0;0;0,structural_core_blind,0.000000000000,0,1.621545131886,1.604753407150,0.000000000000,0.000000000000,0.000000000000,0.000000000000,6400,0.000000000000,0.800000000000,0.800000000000,0.798180850740,0.820015818750,0.037500000000,0.106250000000,0.016472967129,0.083527032871,0.227277032871,0.227277032871,0.202965060794,0.192047576789,0;0;0,0;0;0,0.000000000000,0.000000000000,0.000000000000,2.000000000000,0.100000000000,600,0.000000000000,0.000000000000,0.000000000000
kv_fixed_position,12,800,8,88,160,160,8,1.609437912434,0.074299679445,0.069679232870,0.002209742666,0.002253801744,1.000000000000,1.000000000000,64.000000000000,1.000000000000,0.750000000000,1.000000000000,0.042984367729,0.002212935870,320;320;320;320,entity:160;160;160;0|value:160;160;160;0|filler:0;0;0;0|query_marker:0;0;0;160|query_entity:0;0;0;160,kv_fixed_position,0.000000000000,0,0.042984367729,0.002212935870,0.000000000000,0.000000000000,0.000000000000,0.000000000000,6400,0.000000000000,0.008445560462,0.007506799533,0.000006112076,0.000006361270,0.071019446694,0.066755440250,0.002207296638,0.002251255666,0.997792703362,0.997748744334,0.997792703362,0.997748744334,56;49;55,320;320;320,0.000000000000,0.000000000000,0.000000000000,2.000000000000,0.100000000000,600,0.000000000000,0.000000000000,0.000000000000
kv_first_free,12,800,8,88,160,160,8,1.609437912434,0.074299679445,0.069679232870,0.002209742666,0.002253801744,1.000000000000,1.000000000000,64.000000000000,1.000000000000,0.750000000000,1.000000000000,0.042984367729,0.002212935870,320;320;320;320,entity:160;160;160;0|value:160;160;160;0|filler:0;0;0;0|query_marker:0;0;0;160|query_entity:0;0;0;160,kv_first_free,0.000000000000,0,0.042984367729,0.002212935870,0.000000000000,0.000000000000,0.000000000000,0.000000000000,6400,0.000000000000,0.008445560462,0.007506799533,0.000006112076,0.000006361270,0.071019446694,0.066755440250,0.002207296638,0.002251255666,0.997792703362,0.997748744334,0.997792703362,0.997748744334,56;49;55,320;320;320,0.000000000000,0.000000000000,0.000000000000,2.000000000000,0.100000000000,600,0.000000000000,0.000000000000,0.000000000000
kv_hard_router,12,800,8,112,160,160,8,1.609437912434,0.074299679445,0.069679232870,0.002209742666,0.002253801744,1.000000000000,1.000000000000,88.000000000000,1.000000000000,0.750000000000,1.000000000000,0.042984367729,0.002212935870,320;320;320;320,entity:160;160;160;0|value:160;160;160;0|filler:0;0;0;0|query_marker:0;0;0;160|query_entity:0;0;0;160,kv_hard_router,0.000000000000,0,0.042984367729,0.002212935870,0.000000000000,0.000000000000,0.000000000000,0.000000000000,6400,0.000000000000,0.008445560462,0.007506799533,0.000006112076,0.000006361270,0.071019446694,0.066755440250,0.002207296638,0.002251255666,0.997792703362,0.997748744334,0.997792703362,0.997748744334,53;52;55,320;320;320,0.000000000000,0.239475364881,0.000000000000,2.000000000000,0.100000000000,600,0.000000000000,0.226260056592,0.000000000000
kv_annealed_router,12,800,8,112,160,160,8,1.609437912434,0.074299679445,0.069679232870,0.002209742666,0.002253801744,1.000000000000,1.000000000000,88.000000000000,1.000000000000,0.750000000000,1.000000000000,0.042984367729,0.002212935870,320;320;320;320,entity:160;160;160;0|value:160;160;160;0|filler:0;0;0;0|query_marker:0;0;0;160|query_entity:0;0;0;160,kv_annealed_router,0.000000000000,0,0.042984367729,0.002212935870,0.000000000000,0.000000000000,0.000000000000,0.000000000000,6400,0.000000000000,0.008445560462,0.007506799533,0.000006112076,0.000006361270,0.071019446694,0.066755440250,0.002207296638,0.002251255666,0.997792703362,0.997748744334,0.997792703362,0.997748744334,52;52;56,320;320;320,0.000000000000,0.021688216375,0.000000000000,2.000000000000,0.100000000000,600,0.000000000000,0.020924260505,0.000000000000
structural_core_blind,13,800,8,725,160,160,8,1.609437912434,1.609437912434,1.609437912434,1.606707548095,1.663644049383,0.181250000000,0.168750000000,696.000000000000,0.000000000000,0.000000000000,0.000000000000,1.628553070325,1.598497602430,0;0;0;0;0;0,entity:0;0;0;0;0;0|value:0;0;0;0;0;0|filler:0;0;0;0;0;0|query_marker:0;0;0;0;0;0|query_entity:0;0;0;0;0;0,structural_core_blind,0.000000000000,0,1.628553070325,1.598497602430,0.000000000000,0.000000000000,0.000000000000,0.000000000000,6400,0.000000000000,0.800000000000,0.800000000000,0.799038260962,0.819796037604,0.031250000000,0.175000000000,0.046694175871,0.059194175871,0.227944175871,0.227944175871,0.201822263703,0.191443375382,0;0;0,0;0;0,0.000000000000,0.000000000000,0.000000000000,2.000000000000,0.100000000000,600,0.000000000000,0.000000000000,0.000000000000
kv_fixed_position,13,800,8,88,160,160,8,1.609437912434,0.032386032286,0.026534537439,0.002249028010,0.002254937204,1.000000000000,1.000000000000,64.000000000000,1.000000000000,0.750000000000,1.000000000000,0.015350587816,0.002219271510,320;320;320;320,entity:160;160;160;0|value:160;160;160;0|filler:0;0;0;0|query_marker:0;0;0;160|query_entity:0;0;0;160,kv_fixed_position,0.000000000000,0,0.015350587816,0.002219271510,0.000000000000,0.000000000000,0.000000000000,0.000000000000,6400,0.000000000000,0.002029112575,0.001451330762,0.000006350010,0.000006380058,0.031705680514,0.026047885886,0.002246488515,0.002252386078,0.997753511485,0.997747613922,0.997753511485,0.997747613922,57;48;55,320;320;320,0.000000000000,0.000000000000,0.000000000000,2.000000000000,0.100000000000,600,0.000000000000,0.000000000000,0.000000000000
kv_first_free,13,800,8,88,160,160,8,1.609437912434,0.032386032286,0.026534537439,0.002249028010,0.002254937204,1.000000000000,1.000000000000,64.000000000000,1.000000000000,0.750000000000,1.000000000000,0.015350587816,0.002219271510,320;320;320;320,entity:160;160;160;0|value:160;160;160;0|filler:0;0;0;0|query_marker:0;0;0;160|query_entity:0;0;0;160,kv_first_free,0.000000000000,0,0.015350587816,0.002219271510,0.000000000000,0.000000000000,0.000000000000,0.000000000000,6400,0.000000000000,0.002029112575,0.001451330762,0.000006350010,0.000006380058,0.031705680514,0.026047885886,0.002246488515,0.002252386078,0.997753511485,0.997747613922,0.997753511485,0.997747613922,57;48;55,320;320;320,0.000000000000,0.000000000000,0.000000000000,2.000000000000,0.100000000000,600,0.000000000000,0.000000000000,0.000000000000
kv_hard_router,13,800,8,112,160,160,8,1.609437912434,0.032386032286,0.026534537439,0.002249028010,0.002254937204,1.000000000000,1.000000000000,88.000000000000,1.000000000000,0.750000000000,1.000000000000,0.015350587816,0.002219271510,320;320;320;320,entity:160;160;160;0|value:160;160;160;0|filler:0;0;0;0|query_marker:0;0;0;160|query_entity:0;0;0;160,kv_hard_router,0.000000000000,0,0.015350587816,0.002219271510,0.000000000000,0.000000000000,0.000000000000,0.000000000000,6400,0.000000000000,0.002029112575,0.001451330762,0.000006350010,0.000006380058,0.031705680514,0.026047885886,0.002246488515,0.002252386078,0.997753511485,0.997747613922,0.997753511485,0.997747613922,54;55;51,320;320;320,0.000000000000,0.185207797585,0.000000000000,2.000000000000,0.100000000000,600,0.000000000000,0.192615828359,0.000000000000
kv_annealed_router,13,800,8,112,160,160,8,1.609437912434,0.032386032286,0.026534537439,0.002249028010,0.002254937204,1.000000000000,1.000000000000,88.000000000000,1.000000000000,0.750000000000,1.000000000000,0.015350587816,0.002219271510,320;320;320;320,entity:160;160;160;0|value:160;160;160;0|filler:0;0;0;0|query_marker:0;0;0;160|query_entity:0;0;0;160,kv_annealed_router,0.000000000000,0,0.015350587816,0.002219271510,0.000000000000,0.000000000000,0.000000000000,0.000000000000,6400,0.000000000000,0.002029112575,0.001451330762,0.000006350010,0.000006380058,0.031705680514,0.026047885886,0.002246488515,0.002252386078,0.997753511485,0.997747613922,0.997753511485,0.997747613922,54;55;51,320;320;320,0.000000000000,0.058403214503,0.000000000000,2.000000000000,0.100000000000,600,0.000000000000,0.057921107070,0.000000000000
structural_core_blind,14,800,8,725,160,160,8,1.609437912434,1.609437912434,1.609437912434,1.622942637208,1.637832809953,0.175000000000,0.212500000000,696.000000000000,0.000000000000,0.000000000000,0.000000000000,1.628332189463,1.613092388197,0;0;0;0;0;0,entity:0;0;0;0;0;0|value:0;0;0;0;0;0|filler:0;0;0;0;0;0|query_marker:0;0;0;0;0;0|query_entity:0;0;0;0;0;0,structural_core_blind,0.000000000000,0,1.628332189463,1.613092388197,0.000000000000,0.000000000000,0.000000000000,0.000000000000,6400,0.000000000000,0.800000000000,0.800000000000,0.805294506184,0.811032782549,0.050000000000,0.212500000000,0.044357494275,0.006857494275,0.219357494275,0.219357494275,0.198369018631,0.195499880449,0;0;0,0;0;0,0.000000000000,0.000000000000,0.000000000000,2.000000000000,0.100000000000,600,0.000000000000,0.000000000000,0.000000000000
kv_fixed_position,14,800,8,88,160,160,8,1.609437912434,0.022807261183,0.022673658672,0.002217774377,0.002238628148,1.000000000000,1.000000000000,64.000000000000,1.000000000000,0.750000000000,1.000000000000,0.014352899734,0.002234529850,320;320;320;320,entity:160;160;160;0|value:160;160;160;0|filler:0;0;0;0|query_marker:0;0;0;160|query_entity:0;0;0;160,kv_fixed_position,0.000000000000,0,0.014352899734,0.002234529850,0.000000000000,0.000000000000,0.000000000000,0.000000000000,6400,0.000000000000,0.001047913032,0.001014319542,0.000006144814,0.000006260484,0.022460395797,0.022336893129,0.002215314353,0.002236122204,0.997784685647,0.997763877796,0.997784685647,0.997763877796,59;54;47,320;320;320,0.000000000000,0.000000000000,0.000000000000,2.000000000000,0.100000000000,600,0.000000000000,0.000000000000,0.000000000000
kv_first_free,14,800,8,88,160,160,8,1.609437912434,0.022807261183,0.022673658672,0.002217774377,0.002238628148,1.000000000000,1.000000000000,64.000000000000,1.000000000000,0.750000000000,1.000000000000,0.014352899734,0.002234529850,320;320;320;320,entity:160;160;160;0|value:160;160;160;0|filler:0;0;0;0|query_marker:0;0;0;160|query_entity:0;0;0;160,kv_first_free,0.000000000000,0,0.014352899734,0.002234529850,0.000000000000,0.000000000000,0.000000000000,0.000000000000,6400,0.000000000000,0.001047913032,0.001014319542,0.000006144814,0.000006260484,0.022460395797,0.022336893129,0.002215314353,0.002236122204,0.997784685647,0.997763877796,0.997784685647,0.997763877796,59;54;47,320;320;320,0.000000000000,0.000000000000,0.000000000000,2.000000000000,0.100000000000,600,0.000000000000,0.000000000000,0.000000000000
kv_hard_router,14,800,8,112,160,160,8,1.609437912434,0.022807261183,0.022673658672,0.002217774377,0.002238628148,1.000000000000,1.000000000000,88.000000000000,1.000000000000,0.750000000000,1.000000000000,0.014352899734,0.002234529850,320;320;320;320,entity:160;160;160;0|value:160;160;160;0|filler:0;0;0;0|query_marker:0;0;0;160|query_entity:0;0;0;160,kv_hard_router,0.000000000000,0,0.014352899734,0.002234529850,0.000000000000,0.000000000000,0.000000000000,0.000000000000,6400,0.000000000000,0.001047913032,0.001014319542,0.000006144814,0.000006260484,0.022460395797,0.022336893129,0.002215314353,0.002236122204,0.997784685647,0.997763877796,0.997784685647,0.997763877796,53;46;61,320;320;320,0.000000000000,0.296964667960,0.000000000000,2.000000000000,0.100000000000,600,0.000000000000,0.292586876858,0.000000000000
kv_annealed_router,14,800,8,112,160,160,8,1.609437912434,0.022807261183,0.022673658672,0.002217774377,0.002238628148,1.000000000000,1.000000000000,88.000000000000,1.000000000000,0.750000000000,1.000000000000,0.014352899734,0.002234529850,320;320;320;320,entity:160;160;160;0|value:160;160;160;0|filler:0;0;0;0|query_marker:0;0;0;160|query_entity:0;0;0;160,kv_annealed_router,0.000000000000,0,0.014352899734,0.002234529850,0.000000000000,0.000000000000,0.000000000000,0.000000000000,6400,0.000000000000,0.001047913032,0.001014319542,0.000006144814,0.000006260484,0.022460395797,0.022336893129,0.002215314353,0.002236122204,0.997784685647,0.997763877796,0.997784685647,0.997763877796,53;46;61,320;320;320,0.000000000000,0.042569500916,0.000000000000,2.000000000000,0.100000000000,600,0.000000000000,0.042354867735,0.000000000000
structural_core_blind,15,800,8,725,160,160,8,1.609437912434,1.609437912434,1.609437912434,1.615404081321,1.644188052454,0.162500000000,0.143750000000,696.000000000000,0.000000000000,0.000000000000,0.000000000000,1.621137508387,1.610916581748,0;0;0;0;0;0,entity:0;0;0;0;0;0|value:0;0;0;0;0;0|filler:0;0;0;0;0;0|query_marker:0;0;0;0;0;0|query_entity:0;0;0;0;0;0,structural_core_blind,0.000000000000,0,1.621137508387,1.610916581748,0.000000000000,0.000000000000,0.000000000000,0.000000000000,6400,0.000000000000,0.800000000000,0.800000000000,0.802416844718,0.813327691559,0.006250000000,0.106250000000,0.060966603869,0.079716603869,0.223466603869,0.223466603869,0.199693614111,0.194238190691,0;0;0,0;0;0,0.000000000000,0.000000000000,0.000000000000,2.000000000000,0.100000000000,600,0.000000000000,0.000000000000,0.000000000000
kv_fixed_position,15,800,8,88,160,160,8,1.609437912434,0.121631902586,0.091215264381,0.002207713739,0.002219776409,1.000000000000,1.000000000000,64.000000000000,1.000000000000,0.750000000000,1.000000000000,0.072723192190,0.002232509375,320;320;320;320,entity:160;160;160;0|value:160;160;160;0|filler:0;0;0;0|query_marker:0;0;0;160|query_entity:0;0;0;160,kv_fixed_position,0.000000000000,0,0.072723192190,0.002232509375,0.000000000000,0.000000000000,0.000000000000,0.000000000000,6400,0.000000000000,0.038260945508,0.026989686732,0.000006082876,0.000006149019,0.109045671832,0.082368119154,0.002205277779,0.002217313898,0.997794722221,0.997782686102,0.997794722221,0.997782686102,54;55;51,320;320;320,0.000000000000,0.000000000000,0.000000000000,2.000000000000,0.100000000000,600,0.000000000000,0.000000000000,0.000000000000
kv_first_free,15,800,8,88,160,160,8,1.609437912434,0.121631902586,0.091215264381,0.002207713739,0.002219776409,1.000000000000,1.000000000000,64.000000000000,1.000000000000,0.750000000000,1.000000000000,0.072723192190,0.002232509375,320;320;320;320,entity:160;160;160;0|value:160;160;160;0|filler:0;0;0;0|query_marker:0;0;0;160|query_entity:0;0;0;160,kv_first_free,0.000000000000,0,0.072723192190,0.002232509375,0.000000000000,0.000000000000,0.000000000000,0.000000000000,6400,0.000000000000,0.038260945508,0.026989686732,0.000006082876,0.000006149019,0.109045671832,0.082368119154,0.002205277779,0.002217313898,0.997794722221,0.997782686102,0.997794722221,0.997782686102,54;55;51,320;320;320,0.000000000000,0.000000000000,0.000000000000,2.000000000000,0.100000000000,600,0.000000000000,0.000000000000,0.000000000000
kv_hard_router,15,800,8,112,160,160,8,1.609437912434,0.121631902586,0.091215264381,0.002207713739,0.002219776409,1.000000000000,1.000000000000,88.000000000000,1.000000000000,0.750000000000,1.000000000000,0.072723192190,0.002232509375,320;320;320;320,entity:160;160;160;0|value:160;160;160;0|filler:0;0;0;0|query_marker:0;0;0;160|query_entity:0;0;0;160,kv_hard_router,0.000000000000,0,0.072723192190,0.002232509375,0.000000000000,0.000000000000,0.000000000000,0.000000000000,6400,0.000000000000,0.038260945508,0.026989686732,0.000006082876,0.000006149019,0.109045671832,0.082368119154,0.002205277779,0.002217313898,0.997794722221,0.997782686102,0.997794722221,0.997782686102,55;49;56,320;320;320,0.000000000000,0.146589538179,0.000000000000,2.000000000000,0.100000000000,600,0.000000000000,0.147449912811,0.000000000000
kv_annealed_router,15,800,8,112,160,160,8,1.609437912434,0.121631902586,0.091215264381,0.002207713739,0.002219776409,1.000000000000,1.000000000000,88.000000000000,1.000000000000,0.750000000000,1.000000000000,0.072723192190,0.002232509375,320;320;320;320,entity:160;160;160;0|value:160;160;160;0|filler:0;0;0;0|query_marker:0;0;0;160|query_entity:0;0;0;160,kv_annealed_router,0.000000000000,0,0.072723192190,0.002232509375,0.000000000000,0.000000000000,0.000000000000,0.000000000000,6400,0.000000000000,0.038260945508,0.026989686732,0.000006082876,0.000006149019,0.109045671832,0.082368119154,0.002205277779,0.002217313898,0.997794722221,0.997782686102,0.997794722221,0.997782686102,55;49;56,320;320;320,0.000000000000,0.020490966716,0.000000000000,2.000000000000,0.100000000000,600,0.000000000000,0.029150472206,0.000000000000
structural_core_blind,16,800,8,725,160,160,8,1.609437912434,1.609437912434,1.609437912434,1.596717641111,1.642069703808,0.187500000000,0.200000000000,696.000000000000,0.000000000000,0.000000000000,0.000000000000,1.621369857695,1.623494787528,0;0;0;0;0;0,entity:0;0;0;0;0;0|value:0;0;0;0;0;0|filler:0;0;0;0;0;0|query_marker:0;0;0;0;0;0|query_entity:0;0;0;0;0;0,structural_core_blind,0.000000000000,0,1.621369857695,1.623494787528,0.000000000000,0.000000000000,0.000000000000,0.000000000000,6400,0.000000000000,0.800000000000,0.800000000000,0.795036001053,0.812470188887,0.062500000000,0.143750000000,0.031896851132,0.019396851132,0.219396851132,0.219396851132,0.203285286271,0.194568192354,0;0;0,0;0;0,0.000000000000,0.000000000000,0.000000000000,2.000000000000,0.100000000000,600,0.000000000000,0.000000000000,0.000000000000
kv_fixed_position,16,800,8,88,160,160,8,1.609437912434,0.014013317015,0.020083307230,0.002213960732,0.002276574014,1.000000000000,1.000000000000,64.000000000000,1.000000000000,0.750000000000,1.000000000000,0.008554135166,0.002211145605,320;320;320;320,entity:160;160;160;0|value:160;160;160;0|filler:0;0;0;0|query_marker:0;0;0;160|query_entity:0;0;0;160,kv_fixed_position,0.000000000000,0,0.008554135166,0.002211145605,0.000000000000,0.000000000000,0.000000000000,0.000000000000,6400,0.000000000000,0.000499430738,0.000865219211,0.000006175580,0.000006523796,0.013855765936,0.019813897958,0.002211493255,0.002273968210,0.997788506745,0.997726031790,0.997788506745,0.997726031790,55;47;58,320;320;320,0.000000000000,0.000000000000,0.000000000000,2.000000000000,0.100000000000,600,0.000000000000,0.000000000000,0.000000000000
kv_first_free,16,800,8,88,160,160,8,1.609437912434,0.014013317015,0.020083307230,0.002213960732,0.002276574014,1.000000000000,1.000000000000,64.000000000000,1.000000000000,0.750000000000,1.000000000000,0.008554135166,0.002211145605,320;320;320;320,entity:160;160;160;0|value:160;160;160;0|filler:0;0;0;0|query_marker:0;0;0;160|query_entity:0;0;0;160,kv_first_free,0.000000000000,0,0.008554135166,0.002211145605,0.000000000000,0.000000000000,0.000000000000,0.000000000000,6400,0.000000000000,0.000499430738,0.000865219211,0.000006175580,0.000006523796,0.013855765936,0.019813897958,0.002211493255,0.002273968210,0.997788506745,0.997726031790,0.997788506745,0.997726031790,55;47;58,320;320;320,0.000000000000,0.000000000000,0.000000000000,2.000000000000,0.100000000000,600,0.000000000000,0.000000000000,0.000000000000
kv_hard_router,16,800,8,112,160,160,8,1.609437912434,0.014013317015,0.020083307230,0.002213960732,0.002276574014,1.000000000000,1.000000000000,88.000000000000,1.000000000000,0.750000000000,1.000000000000,0.008554135166,0.002211145605,320;320;320;320,entity:160;160;160;0|value:160;160;160;0|filler:0;0;0;0|query_marker:0;0;0;160|query_entity:0;0;0;160,kv_hard_router,0.000000000000,0,0.008554135166,0.002211145605,0.000000000000,0.000000000000,0.000000000000,0.000000000000,6400,0.000000000000,0.000499430738,0.000865219211,0.000006175580,0.000006523796,0.013855765936,0.019813897958,0.002211493255,0.002273968210,0.997788506745,0.997726031790,0.997788506745,0.997726031790,55;47;58,320;320;320,0.000000000000,0.263273441722,0.000000000000,2.000000000000,0.100000000000,600,0.000000000000,0.260627536790,0.000000000000
kv_annealed_router,16,800,8,112,160,160,8,1.609437912434,0.014013317015,0.020083307230,0.002213960732,0.002276574014,1.000000000000,1.000000000000,88.000000000000,1.000000000000,0.750000000000,1.000000000000,0.008554135166,0.002211145605,320;320;320;320,entity:160;160;160;0|value:160;160;160;0|filler:0;0;0;0|query_marker:0;0;0;160|query_entity:0;0;0;160,kv_annealed_router,0.000000000000,0,0.008554135166,0.002211145605,0.000000000000,0.000000000000,0.000000000000,0.000000000000,6400,0.000000000000,0.000499430738,0.000865219211,0.000006175580,0.000006523796,0.013855765936,0.019813897958,0.002211493255,0.002273968210,0.997788506745,0.997726031790,0.997788506745,0.997726031790,56;47;57,320;320;320,0.000000000000,0.014155611004,0.000000000000,2.000000000000,0.100000000000,600,0.000000000000,0.024965188566,0.000000000000
structural_core_blind,17,800,8,725,160,160,8,1.609437912434,1.609437912434,1.609437912434,1.599407500568,1.667665965980,0.218750000000,0.168750000000,696.000000000000,0.000000000000,0.000000000000,0.000000000000,1.623881943917,1.628064940853,0;0;0;0;0;0,entity:0;0;0;0;0;0|value:0;0;0;0;0;0|filler:0;0;0;0;0;0|query_marker:0;0;0;0;0;0|query_entity:0;0;0;0;0;0,structural_core_blind,0.000000000000,0,1.623881943917,1.628064940853,0.000000000000,0.000000000000,0.000000000000,0.000000000000,6400,0.000000000000,0.800000000000,0.800000000000,0.796322386604,0.820729206996,0.056250000000,0.131250000000,0.000304656425,0.049695343575,0.218445343575,0.218445343575,0.203544398997,0.191340988802,0;0;0,0;0;0,0.000000000000,0.000000000000,0.000000000000,2.000000000000,0.100000000000,600,0.000000000000,0.000000000000,0.000000000000
kv_fixed_position,17,800,8,88,160,160,8,1.609437912434,0.122421391652,0.130665838946,0.002204193423,0.002237338519,1.000000000000,1.000000000000,64.000000000000,1.000000000000,0.750000000000,1.000000000000,0.059886357222,0.002235811248,320;320;320;320,entity:160;160;160;0|value:160;160;160;0|filler:0;0;0;0|query_marker:0;0;0;160|query_entity:0;0;0;160,kv_fixed_position,0.000000000000,0,0.059886357222,0.002235811248,0.000000000000,0.000000000000,0.000000000000,0.000000000000,6400,0.000000000000,0.028304530565,0.029855231000,0.000006066898,0.000006253489,0.114282704880,0.121947932139,0.002201764052,0.002234834222,0.997798235948,0.997765165778,0.997798235948,0.997765165778,37;59;64,320;320;320,0.000000000000,0.000000000000,0.000000000000,2.000000000000,0.100000000000,600,0.000000000000,0.000000000000,0.000000000000
kv_first_free,17,800,8,88,160,160,8,1.609437912434,0.122421391652,0.130665838946,0.002204193423,0.002237338519,1.000000000000,1.000000000000,64.000000000000,1.000000000000,0.750000000000,1.000000000000,0.059886357222,0.002235811248,320;320;320;320,entity:160;160;160;0|value:160;160;160;0|filler:0;0;0;0|query_marker:0;0;0;160|query_entity:0;0;0;160,kv_first_free,0.000000000000,0,0.059886357222,0.002235811248,0.000000000000,0.000000000000,0.000000000000,0.000000000000,6400,0.000000000000,0.028304530565,0.029855231000,0.000006066898,0.000006253489,0.114282704880,0.121947932139,0.002201764052,0.002234834222,0.997798235948,0.997765165778,0.997798235948,0.997765165778,37;59;64,320;320;320,0.000000000000,0.000000000000,0.000000000000,2.000000000000,0.100000000000,600,0.000000000000,0.000000000000,0.000000000000
kv_hard_router,17,800,8,112,160,160,8,1.609437912434,0.122421391652,0.130665838946,0.002204193423,0.002237338519,1.000000000000,1.000000000000,88.000000000000,1.000000000000,0.750000000000,1.000000000000,0.059886357222,0.002235811248,320;320;320;320,entity:160;160;160;0|value:160;160;160;0|filler:0;0;0;0|query_marker:0;0;0;160|query_entity:0;0;0;160,kv_hard_router,0.000000000000,0,0.059886357222,0.002235811248,0.000000000000,0.000000000000,0.000000000000,0.000000000000,6400,0.000000000000,0.028304530565,0.029855231000,0.000006066898,0.000006253489,0.114282704880,0.121947932139,0.002201764052,0.002234834222,0.997798235948,0.997765165778,0.997798235948,0.997765165778,40;66;54,320;320;320,0.000000000000,0.121534285640,0.000000000000,2.000000000000,0.100000000000,600,0.000000000000,0.118625434788,0.000000000000
kv_annealed_router,17,800,8,112,160,160,8,1.609437912434,0.122421391652,0.130665838946,0.002204193423,0.002237338519,1.000000000000,1.000000000000,88.000000000000,1.000000000000,0.750000000000,1.000000000000,0.059886357222,0.002235811248,320;320;320;320,entity:160;160;160;0|value:160;160;160;0|filler:0;0;0;0|query_marker:0;0;0;160|query_entity:0;0;0;160,kv_annealed_router,0.000000000000,0,0.059886357222,0.002235811248,0.000000000000,0.000000000000,0.000000000000,0.000000000000,6400,0.000000000000,0.028304530565,0.029855231000,0.000006066898,0.000006253489,0.114282704880,0.121947932139,0.002201764052,0.002234834222,0.997798235948,0.997765165778,0.997798235948,0.997765165778,40;62;58,320;320;320,0.000000000000,0.063542245436,0.000000000000,2.000000000000,0.100000000000,600,0.000000000000,0.054503009623,0.000000000000
structural_core_blind,18,800,8,725,160,160,8,1.609437912434,1.609437912434,1.609437912434,1.615635186224,1.646066241055,0.243750000000,0.125000000000,696.000000000000,0.000000000000,0.000000000000,0.000000000000,1.635254296881,1.610903680225,0;0;0;0;0;0,entity:0;0;0;0;0;0|value:0;0;0;0;0;0|filler:0;0;0;0;0;0|query_marker:0;0;0;0;0;0|query_entity:0;0;0;0;0;0,structural_core_blind,0.000000000000,0,1.635254296881,1.610903680225,0.000000000000,0.000000000000,0.000000000000,0.000000000000,6400,0.000000000000,0.800000000000,0.800000000000,0.802436082369,0.814036678248,0.018750000000,0.112500000000,0.025344405615,0.093405594385,0.218405594385,0.218405594385,0.199800702458,0.194000404518,0;0;0,0;0;0,0.000000000000,0.000000000000,0.000000000000,2.000000000000,0.100000000000,600,0.000000000000,0.000000000000,0.000000000000
kv_fixed_position,18,800,8,88,160,160,8,1.609437912434,0.012813434338,0.013302139806,0.002272920084,0.002279793776,1.000000000000,1.000000000000,64.000000000000,1.000000000000,0.750000000000,1.000000000000,0.007444072572,0.002205412615,320;320;320;320,entity:160;160;160;0|value:160;160;160;0|filler:0;0;0;0|query_marker:0;0;0;160|query_entity:0;0;0;160,kv_fixed_position,0.000000000000,0,0.007444072572,0.002205412615,0.000000000000,0.000000000000,0.000000000000,0.000000000000,6400,0.000000000000,0.000252846651,0.000265713780,0.000006522591,0.000006560679,0.012728536089,0.013211354837,0.002270315960,0.002277175004,0.997729684040,0.997722824996,0.997729684040,0.997722824996,55;51;54,320;320;320,0.000000000000,0.000000000000,0.000000000000,2.000000000000,0.100000000000,600,0.000000000000,0.000000000000,0.000000000000
kv_first_free,18,800,8,88,160,160,8,1.609437912434,0.012813434338,0.013302139806,0.002272920084,0.002279793776,1.000000000000,1.000000000000,64.000000000000,1.000000000000,0.750000000000,1.000000000000,0.007444072572,0.002205412615,320;320;320;320,entity:160;160;160;0|value:160;160;160;0|filler:0;0;0;0|query_marker:0;0;0;160|query_entity:0;0;0;160,kv_first_free,0.000000000000,0,0.007444072572,0.002205412615,0.000000000000,0.000000000000,0.000000000000,0.000000000000,6400,0.000000000000,0.000252846651,0.000265713780,0.000006522591,0.000006560679,0.012728536089,0.013211354837,0.002270315960,0.002277175004,0.997729684040,0.997722824996,0.997729684040,0.997722824996,55;51;54,320;320;320,0.000000000000,0.000000000000,0.000000000000,2.000000000000,0.100000000000,600,0.000000000000,0.000000000000,0.000000000000
kv_hard_router,18,800,8,112,160,160,8,1.609437912434,0.012813434338,0.013302139806,0.002272920084,0.002279793776,1.000000000000,1.000000000000,88.000000000000,1.000000000000,0.750000000000,1.000000000000,0.007444072572,0.002205412615,320;320;320;320,entity:160;160;160;0|value:160;160;160;0|filler:0;0;0;0|query_marker:0;0;0;160|query_entity:0;0;0;160,kv_hard_router,0.000000000000,0,0.007444072572,0.002205412615,0.000000000000,0.000000000000,0.000000000000,0.000000000000,6400,0.000000000000,0.000252846651,0.000265713780,0.000006522591,0.000006560679,0.012728536089,0.013211354837,0.002270315960,0.002277175004,0.997729684040,0.997722824996,0.997729684040,0.997722824996,50;50;60,320;320;320,0.000000000000,0.144257000721,0.000000000000,2.000000000000,0.100000000000,600,0.000000000000,0.142652379407,0.000000000000
kv_annealed_router,18,800,8,112,160,160,8,1.609437912434,0.012813434338,0.013302139806,0.002272920084,0.002279793776,1.000000000000,1.000000000000,88.000000000000,1.000000000000,0.750000000000,1.000000000000,0.007444072572,0.002205412615,320;320;320;320,entity:160;160;160;0|value:160;160;160;0|filler:0;0;0;0|query_marker:0;0;0;160|query_entity:0;0;0;160,kv_annealed_router,0.000000000000,0,0.007444072572,0.002205412615,0.000000000000,0.000000000000,0.000000000000,0.000000000000,6400,0.000000000000,0.000252846651,0.000265713780,0.000006522591,0.000006560679,0.012728536089,0.013211354837,0.002270315960,0.002277175004,0.997729684040,0.997722824996,0.997729684040,0.997722824996,51;53;56,320;320;320,0.000000000000,0.012125361870,0.000000000000,2.000000000000,0.100000000000,600,0.000000000000,0.013175798764,0.000000000000
structural_core_blind,19,800,8,725,160,160,8,1.609437912434,1.609437912434,1.609437912434,1.612663421720,1.628192349264,0.212500000000,0.212500000000,696.000000000000,0.000000000000,0.000000000000,0.000000000000,1.621917237993,1.574536423154,0;0;0;0;0;0,entity:0;0;0;0;0;0|value:0;0;0;0;0;0|filler:0;0;0;0;0;0|query_marker:0;0;0;0;0;0|query_entity:0;0;0;0;0;0,structural_core_blind,0.000000000000,0,1.621917237993,1.574536423154,0.000000000000,0.000000000000,0.000000000000,0.000000000000,6400,0.000000000000,0.800000000000,0.800000000000,0.801457227958,0.807148454680,0.025000000000,0.143750000000,0.033996168670,0.033996168670,0.246496168670,0.246496168670,0.200931479352,0.198085865991,0;0;0,0;0;0,0.000000000000,0.000000000000,0.000000000000,2.000000000000,0.100000000000,600,0.000000000000,0.000000000000,0.000000000000
kv_fixed_position,19,800,8,88,160,160,8,1.609437912434,0.154529020035,0.148416409701,0.002214547855,0.002222293644,1.000000000000,1.000000000000,64.000000000000,1.000000000000,0.750000000000,1.000000000000,0.091370935722,0.002194815081,320;320;320;320,entity:160;160;160;0|value:160;160;160;0|filler:0;0;0;0|query_marker:0;0;0;160|query_entity:0;0;0;160,kv_fixed_position,0.000000000000,0,0.091370935722,0.002194815081,0.000000000000,0.000000000000,0.000000000000,0.000000000000,6400,0.000000000000,0.054539868109,0.048543099373,0.000006131518,0.000006175242,0.135444393579,0.131279764312,0.002212093338,0.002219821656,0.997787906662,0.997780178344,0.997787906662,0.997780178344,47;56;57,320;320;320,0.000000000000,0.000000000000,0.000000000000,2.000000000000,0.100000000000,600,0.000000000000,0.000000000000,0.000000000000
kv_first_free,19,800,8,88,160,160,8,1.609437912434,0.154529020035,0.148416409701,0.002214547855,0.002222293644,1.000000000000,1.000000000000,64.000000000000,1.000000000000,0.750000000000,1.000000000000,0.091370935722,0.002194815081,320;320;320;320,entity:160;160;160;0|value:160;160;160;0|filler:0;0;0;0|query_marker:0;0;0;160|query_entity:0;0;0;160,kv_first_free,0.000000000000,0,0.091370935722,0.002194815081,0.000000000000,0.000000000000,0.000000000000,0.000000000000,6400,0.000000000000,0.054539868109,0.048543099373,0.000006131518,0.000006175242,0.135444393579,0.131279764312,0.002212093338,0.002219821656,0.997787906662,0.997780178344,0.997787906662,0.997780178344,47;56;57,320;320;320,0.000000000000,0.000000000000,0.000000000000,2.000000000000,0.100000000000,600,0.000000000000,0.000000000000,0.000000000000
kv_hard_router,19,800,8,112,160,160,8,1.609437912434,0.154529020035,0.148416409701,0.002214547855,0.002222293644,1.000000000000,1.000000000000,88.000000000000,1.000000000000,0.750000000000,1.000000000000,0.091370935722,0.002194815081,320;320;320;320,entity:160;160;160;0|value:160;160;160;0|filler:0;0;0;0|query_marker:0;0;0;160|query_entity:0;0;0;160,kv_hard_router,0.000000000000,0,0.091370935722,0.002194815081,0.000000000000,0.000000000000,0.000000000000,0.000000000000,6400,0.000000000000,0.054539868109,0.048543099373,0.000006131518,0.000006175242,0.135444393579,0.131279764312,0.002212093338,0.002219821656,0.997787906662,0.997780178344,0.997787906662,0.997780178344,52;51;57,320;320;320,0.000000000000,0.246106095832,0.000000000000,2.000000000000,0.100000000000,600,0.000000000000,0.250432425558,0.000000000000
kv_annealed_router,19,800,8,112,160,160,8,1.609437912434,0.154529020035,0.148416409701,0.002214547855,0.002222293644,1.000000000000,1.000000000000,88.000000000000,1.000000000000,0.750000000000,1.000000000000,0.091370935722,0.002194815081,320;320;320;320,entity:160;160;160;0|value:160;160;160;0|filler:0;0;0;0|query_marker:0;0;0;160|query_entity:0;0;0;160,kv_annealed_router,0.000000000000,0,0.091370935722,0.002194815081,0.000000000000,0.000000000000,0.000000000000,0.000000000000,6400,0.000000000000,0.054539868109,0.048543099373,0.000006131518,0.000006175242,0.135444393579,0.131279764312,0.002212093338,0.002219821656,0.997787906662,0.997780178344,0.997787906662,0.997780178344,52;52;56,320;320;320,0.000000000000,0.085562106209,0.000000000000,2.000000000000,0.100000000000,600,0.000000000000,0.082249145376,0.000000000000
structural_core_blind,20,800,8,725,160,160,8,1.609437912434,1.609437912434,1.609437912434,1.599170656657,1.640918432054,0.218750000000,0.181250000000,696.000000000000,0.000000000000,0.000000000000,0.000000000000,1.619365250347,1.603827210354,0;0;0;0;0;0,entity:0;0;0;0;0;0|value:0;0;0;0;0;0|filler:0;0;0;0;0;0|query_marker:0;0;0;0;0;0|query_entity:0;0;0;0;0;0,structural_core_blind,0.000000000000,0,1.619365250347,1.603827210354,0.000000000000,0.000000000000,0.000000000000,0.000000000000,6400,0.000000000000,0.800000000000,0.800000000000,0.796139108543,0.811795581477,0.068750000000,0.137500000000,0.001318820513,0.036181179487,0.217431179487,0.217431179487,0.202663825874,0.194835589407,0;0;0,0;0;0,0.000000000000,0.000000000000,0.000000000000,2.000000000000,0.100000000000,600,0.000000000000,0.000000000000,0.000000000000
kv_fixed_position,20,800,8,88,160,160,8,1.609437912434,0.028333560557,0.032406277241,0.002209431923,0.002281017792,1.000000000000,1.000000000000,64.000000000000,1.000000000000,0.750000000000,1.000000000000,0.017374489969,0.002217288465,320;320;320;320,entity:160;160;160;0|value:160;160;160;0|filler:0;0;0;0|query_marker:0;0;0;160|query_entity:0;0;0;160,kv_fixed_position,0.000000000000,0,0.017374489969,0.002217288465,0.000000000000,0.000000000000,0.000000000000,0.000000000000,6400,0.000000000000,0.001348316902,0.001637510291,0.000006133020,0.000006548840,0.027832617177,0.031790731372,0.002206980824,0.002278399483,0.997793019176,0.997721600517,0.997793019176,0.997721600517,56;57;47,320;320;320,0.000000000000,0.000000000000,0.000000000000,2.000000000000,0.100000000000,600,0.000000000000,0.000000000000,0.000000000000
kv_first_free,20,800,8,88,160,160,8,1.609437912434,0.028333560557,0.032406277241,0.002209431923,0.002281017792,1.000000000000,1.000000000000,64.000000000000,1.000000000000,0.750000000000,1.000000000000,0.017374489969,0.002217288465,320;320;320;320,entity:160;160;160;0|value:160;160;160;0|filler:0;0;0;0|query_marker:0;0;0;160|query_entity:0;0;0;160,kv_first_free,0.000000000000,0,0.017374489969,0.002217288465,0.000000000000,0.000000000000,0.000000000000,0.000000000000,6400,0.000000000000,0.001348316902,0.001637510291,0.000006133020,0.000006548840,0.027832617177,0.031790731372,0.002206980824,0.002278399483,0.997793019176,0.997721600517,0.997793019176,0.997721600517,56;57;47,320;320;320,0.000000000000,0.000000000000,0.000000000000,2.000000000000,0.100000000000,600,0.000000000000,0.000000000000,0.000000000000
kv_hard_router,20,800,8,112,160,160,8,1.609437912434,0.028333560557,0.032406277241,0.002209431923,0.002281017792,1.000000000000,1.000000000000,88.000000000000,1.000000000000,0.750000000000,1.000000000000,0.017374489969,0.002217288465,320;320;320;320,entity:160;160;160;0|value:160;160;160;0|filler:0;0;0;0|query_marker:0;0;0;160|query_entity:0;0;0;160,kv_hard_router,0.000000000000,0,0.017374489969,0.002217288465,0.000000000000,0.000000000000,0.000000000000,0.000000000000,6400,0.000000000000,0.001348316902,0.001637510291,0.000006133020,0.000006548840,0.027832617177,0.031790731372,0.002206980824,0.002278399483,0.997793019176,0.997721600517,0.997793019176,0.997721600517,50;54;56,320;320;320,0.000000000000,0.043831741575,0.000000000000,2.000000000000,0.100000000000,600,0.000000000000,0.045579974512,0.000000000000
kv_annealed_router,20,800,8,112,160,160,8,1.609437912434,0.028333560557,0.032406277241,0.002209431923,0.002281017792,1.000000000000,1.000000000000,88.000000000000,1.000000000000,0.750000000000,1.000000000000,0.017374489969,0.002217288465,320;320;320;320,entity:160;160;160;0|value:160;160;160;0|filler:0;0;0;0|query_marker:0;0;0;160|query_entity:0;0;0;160,kv_annealed_router,0.000000000000,0,0.017374489969,0.002217288465,0.000000000000,0.000000000000,0.000000000000,0.000000000000,6400,0.000000000000,0.001348316902,0.001637510291,0.000006133020,0.000006548840,0.027832617177,0.031790731372,0.002206980824,0.002278399483,0.997793019176,0.997721600517,0.997793019176,0.997721600517,50;54;56,320;320;320,0.000000000000,0.005086458563,0.000000000000,2.000000000000,0.100000000000,600,0.000000000000,0.005523047252,0.000000000000
structural_core_blind,21,800,8,725,160,160,8,1.609437912434,1.609437912434,1.609437912434,1.599806573602,1.662924514138,0.200000000000,0.137500000000,696.000000000000,0.000000000000,0.000000000000,0.000000000000,1.622968722743,1.608363162070,0;0;0;0;0;0,entity:0;0;0;0;0;0|value:0;0;0;0;0;0|filler:0;0;0;0;0;0|query_marker:0;0;0;0;0;0|query_entity:0;0;0;0;0;0,structural_core_blind,0.000000000000,0,1.622968722743,1.608363162070,0.000000000000,0.000000000000,0.000000000000,0.000000000000,6400,0.000000000000,0.800000000000,0.800000000000,0.796635512406,0.819968801473,0.068750000000,0.118750000000,0.028357672302,0.090857672302,0.228357672302,0.228357672302,0.203449819481,0.191783174947,0;0;0,0;0;0,0.000000000000,0.000000000000,0.000000000000,2.000000000000,0.100000000000,600,0.000000000000,0.000000000000,0.000000000000
kv_fixed_position,21,800,8,88,160,160,8,1.609437912434,0.152532984790,0.123897449106,0.002219335651,0.002249400129,1.000000000000,1.000000000000,64.000000000000,1.000000000000,0.750000000000,1.000000000000,0.072582131861,0.002211138722,320;320;320;320,entity:160;160;160;0|value:160;160;160;0|filler:0;0;0;0|query_marker:0;0;0;160|query_entity:0;0;0;160,kv_fixed_position,0.000000000000,0,0.072582131861,0.002211138722,0.000000000000,0.000000000000,0.000000000000,0.000000000000,6400,0.000000000000,0.060706566323,0.046123052255,0.000006162019,0.000006332624,0.133955178265,0.109797878262,0.002216869755,0.002246866121,0.997783130245,0.997753133879,0.997783130245,0.997753133879,47;51;62,320;320;320,0.000000000000,0.000000000000,0.000000000000,2.000000000000,0.100000000000,600,0.000000000000,0.000000000000,0.000000000000
kv_first_free,21,800,8,88,160,160,8,1.609437912434,0.152532984790,0.123897449106,0.002219335651,0.002249400129,1.000000000000,1.000000000000,64.000000000000,1.000000000000,0.750000000000,1.000000000000,0.072582131861,0.002211138722,320;320;320;320,entity:160;160;160;0|value:160;160;160;0|filler:0;0;0;0|query_marker:0;0;0;160|query_entity:0;0;0;160,kv_first_free,0.000000000000,0,0.072582131861,0.002211138722,0.000000000000,0.000000000000,0.000000000000,0.000000000000,6400,0.000000000000,0.060706566323,0.046123052255,0.000006162019,0.000006332624,0.133955178265,0.109797878262,0.002216869755,0.002246866121,0.997783130245,0.997753133879,0.997783130245,0.997753133879,47;51;62,320;320;320,0.000000000000,0.000000000000,0.000000000000,2.000000000000,0.100000000000,600,0.000000000000,0.000000000000,0.000000000000
kv_hard_router,21,800,8,112,160,160,8,1.609437912434,0.152532984790,0.123897449106,0.002219335651,0.002249400129,1.000000000000,1.000000000000,88.000000000000,1.000000000000,0.750000000000,1.000000000000,0.072582131861,0.002211138722,320;320;320;320,entity:160;160;160;0|value:160;160;160;0|filler:0;0;0;0|query_marker:0;0;0;160|query_entity:0;0;0;160,kv_hard_router,0.000000000000,0,0.072582131861,0.002211138722,0.000000000000,0.000000000000,0.000000000000,0.000000000000,6400,0.000000000000,0.060706566323,0.046123052255,0.000006162019,0.000006332624,0.133955178265,0.109797878262,0.002216869755,0.002246866121,0.997783130245,0.997753133879,0.997783130245,0.997753133879,57;61;42,320;320;320,0.000000000000,0.211533122250,0.000000000000,2.000000000000,0.100000000000,600,0.000000000000,0.219461986340,0.000000000000
kv_annealed_router,21,800,8,112,160,160,8,1.609437912434,0.152532984790,0.123897449106,0.002219335651,0.002249400129,1.000000000000,1.000000000000,88.000000000000,1.000000000000,0.750000000000,1.000000000000,0.072582131861,0.002211138722,320;320;320;320,entity:160;160;160;0|value:160;160;160;0|filler:0;0;0;0|query_marker:0;0;0;160|query_entity:0;0;0;160,kv_annealed_router,0.000000000000,0,0.072582131861,0.002211138722,0.000000000000,0.000000000000,0.000000000000,0.000000000000,6400,0.000000000000,0.060706566323,0.046123052255,0.000006162019,0.000006332624,0.133955178265,0.109797878262,0.002216869755,0.002246866121,0.997783130245,0.997753133879,0.997783130245,0.997753133879,52;61;47,320;320;320,0.000000000000,0.081527308114,0.000000000000,2.000000000000,0.100000000000,600,0.000000000000,0.080901208653,0.000000000000
structural_core_blind,22,800,8,725,160,160,8,1.609437912434,1.609437912434,1.609437912434,1.606137422591,1.665932601327,0.193750000000,0.193750000000,696.000000000000,0.000000000000,0.000000000000,0.000000000000,1.631686449712,1.594160672696,0;0;0;0;0;0,entity:0;0;0;0;0;0|value:0;0;0;0;0;0|filler:0;0;0;0;0;0|query_marker:0;0;0;0;0;0|query_entity:0;0;0;0;0;0,structural_core_blind,0.000000000000,0,1.631686449712,1.594160672696,0.000000000000,0.000000000000,0.000000000000,0.000000000000,6400,0.000000000000,0.800000000000,0.800000000000,0.798727321313,0.819867496824,0.037500000000,0.112500000000,0.041650380799,0.041650380799,0.235400380799,0.235400380799,0.203389302751,0.192819214995,0;0;0,0;0;0,0.000000000000,0.000000000000,0.000000000000,2.000000000000,0.100000000000,600,0.000000000000,0.000000000000,0.000000000000
kv_fixed_position,22,800,8,88,160,160,8,1.609437912434,0.029847311448,0.033989786171,0.002217978341,0.002265004711,1.000000000000,1.000000000000,64.000000000000,1.000000000000,0.750000000000,1.000000000000,0.017837563563,0.002217448531,320;320;320;320,entity:160;160;160;0|value:160;160;160;0|filler:0;0;0;0|query_marker:0;0;0;160|query_entity:0;0;0;160,kv_fixed_position,0.000000000000,0,0.017837563563,0.002217448531,0.000000000000,0.000000000000,0.000000000000,0.000000000000,6400,0.000000000000,0.001488396789,0.001892264442,0.000006174876,0.000006446719,0.029351128390,0.033349405731,0.002215509824,0.002262427284,0.997784490176,0.997737572716,0.997784490176,0.997737572716,50;50;60,320;320;320,0.000000000000,0.000000000000,0.000000000000,2.000000000000,0.100000000000,600,0.000000000000,0.000000000000,0.000000000000
kv_first_free,22,800,8,88,160,160,8,1.609437912434,0.029847311448,0.033989786171,0.002217978341,0.002265004711,1.000000000000,1.000000000000,64.000000000000,1.000000000000,0.750000000000,1.000000000000,0.017837563563,0.002217448531,320;320;320;320,entity:160;160;160;0|value:160;160;160;0|filler:0;0;0;0|query_marker:0;0;0;160|query_entity:0;0;0;160,kv_first_free,0.000000000000,0,0.017837563563,0.002217448531,0.000000000000,0.000000000000,0.000000000000,0.000000000000,6400,0.000000000000,0.001488396789,0.001892264442,0.000006174876,0.000006446719,0.029351128390,0.033349405731,0.002215509824,0.002262427284,0.997784490176,0.997737572716,0.997784490176,0.997737572716,50;50;60,320;320;320,0.000000000000,0.000000000000,0.000000000000,2.000000000000,0.100000000000,600,0.000000000000,0.000000000000,0.000000000000
kv_hard_router,22,800,8,112,160,160,8,1.609437912434,0.029847311448,0.033989786171,0.002217978341,0.002265004711,1.000000000000,1.000000000000,88.000000000000,1.000000000000,0.750000000000,1.000000000000,0.017837563563,0.002217448531,320;320;320;320,entity:160;160;160;0|value:160;160;160;0|filler:0;0;0;0|query_marker:0;0;0;160|query_entity:0;0;0;160,kv_hard_router,0.000000000000,0,0.017837563563,0.002217448531,0.000000000000,0.000000000000,0.000000000000,0.000000000000,6400,0.000000000000,0.001488396789,0.001892264442,0.000006174876,0.000006446719,0.029351128390,0.033349405731,0.002215509824,0.002262427284,0.997784490176,0.997737572716,0.997784490176,0.997737572716,56;53;51,320;320;320,0.000000000000,0.269071093584,0.000000000000,2.000000000000,0.100000000000,600,0.000000000000,0.262894500670,0.000000000000
kv_annealed_router,22,800,8,112,160,160,8,1.609437912434,0.029847311448,0.033989786171,0.002217978341,0.002265004711,1.000000000000,1.000000000000,88.000000000000,1.000000000000,0.750000000000,1.000000000000,0.017837563563,0.002217448531,320;320;320;320,entity:160;160;160;0|value:160;160;160;0|filler:0;0;0;0|query_marker:0;0;0;160|query_entity:0;0;0;160,kv_annealed_router,0.000000000000,0,0.017837563563,0.002217448531,0.000000000000,0.000000000000,0.000000000000,0.000000000000,6400,0.000000000000,0.001488396789,0.001892264442,0.000006174876,0.000006446719,0.029351128390,0.033349405731,0.002215509824,0.002262427284,0.997784490176,0.997737572716,0.997784490176,0.997737572716,55;54;51,320;320;320,0.000000000000,0.037754923648,0.000000000000,2.000000000000,0.100000000000,600,0.000000000000,0.041625517842,0.000000000000
structural_core_blind,23,800,8,725,160,160,8,1.609437912434,1.609437912434,1.609437912434,1.611720752909,1.631346987680,0.218750000000,0.181250000000,696.000000000000,0.000000000000,0.000000000000,0.000000000000,1.626372824449,1.590755617848,0;0;0;0;0;0,entity:0;0;0;0;0;0|value:0;0;0;0;0;0|filler:0;0;0;0;0;0|query_marker:0;0;0;0;0;0|query_entity:0;0;0;0;0;0,structural_core_blind,0.000000000000,0,1.626372824449,1.590755617848,0.000000000000,0.000000000000,0.000000000000,0.000000000000,6400,0.000000000000,0.800000000000,0.800000000000,0.800911839126,0.808718406304,0.018750000000,0.150000000000,0.004909172289,0.042409172289,0.223659172289,0.223659172289,0.200640565404,0.196737281815,0;0;0,0;0;0,0.000000000000,0.000000000000,0.000000000000,2.000000000000,0.100000000000,600,0.000000000000,0.000000000000,0.000000000000
kv_fixed_position,23,800,8,88,160,160,8,1.609437912434,0.021905543164,0.020554902437,0.002246109924,0.002268191346,1.000000000000,1.000000000000,64.000000000000,1.000000000000,0.750000000000,1.000000000000,0.011779169366,0.002208806711,320;320;320;320,entity:160;160;160;0|value:160;160;160;0|filler:0;0;0;0|query_marker:0;0;0;160|query_entity:0;0;0;160,kv_fixed_position,0.000000000000,0,0.011779169366,0.002208806711,0.000000000000,0.000000000000,0.000000000000,0.000000000000,6400,0.000000000000,0.001192231122,0.001112944744,0.000006363511,0.000006491795,0.021541318891,0.020215470793,0.002243569731,0.002265601701,0.997756430269,0.997734398299,0.997756430269,0.997734398299,54;53;53,320;320;320,0.000000000000,0.000000000000,0.000000000000,2.000000000000,0.100000000000,600,0.000000000000,0.000000000000,0.000000000000
kv_first_free,23,800,8,88,160,160,8,1.609437912434,0.021905543164,0.020554902437,0.002246109924,0.002268191346,1.000000000000,1.000000000000,64.000000000000,1.000000000000,0.750000000000,1.000000000000,0.011779169366,0.002208806711,320;320;320;320,entity:160;160;160;0|value:160;160;160;0|filler:0;0;0;0|query_marker:0;0;0;160|query_entity:0;0;0;160,kv_first_free,0.000000000000,0,0.011779169366,0.002208806711,0.000000000000,0.000000000000,0.000000000000,0.000000000000,6400,0.000000000000,0.001192231122,0.001112944744,0.000006363511,0.000006491795,0.021541318891,0.020215470793,0.002243569731,0.002265601701,0.997756430269,0.997734398299,0.997756430269,0.997734398299,54;53;53,320;320;320,0.000000000000,0.000000000000,0.000000000000,2.000000000000,0.100000000000,600,0.000000000000,0.000000000000,0.000000000000
kv_hard_router,23,800,8,112,160,160,8,1.609437912434,0.021905543164,0.020554902437,0.002246109924,0.002268191346,1.000000000000,1.000000000000,88.000000000000,1.000000000000,0.750000000000,1.000000000000,0.011779169366,0.002208806711,320;320;320;320,entity:160;160;160;0|value:160;160;160;0|filler:0;0;0;0|query_marker:0;0;0;160|query_entity:0;0;0;160,kv_hard_router,0.000000000000,0,0.011779169366,0.002208806711,0.000000000000,0.000000000000,0.000000000000,0.000000000000,6400,0.000000000000,0.001192231122,0.001112944744,0.000006363511,0.000006491795,0.021541318891,0.020215470793,0.002243569731,0.002265601701,0.997756430269,0.997734398299,0.997756430269,0.997734398299,53;51;56,320;320;320,0.000000000000,0.181865578741,0.000000000000,2.000000000000,0.100000000000,600,0.000000000000,0.187631078834,0.000000000000
kv_annealed_router,23,800,8,112,160,160,8,1.609437912434,0.021905543164,0.020554902437,0.002246109924,0.002268191346,1.000000000000,1.000000000000,88.000000000000,1.000000000000,0.750000000000,1.000000000000,0.011779169366,0.002208806711,320;320;320;320,entity:160;160;160;0|value:160;160;160;0|filler:0;0;0;0|query_marker:0;0;0;160|query_entity:0;0;0;160,kv_annealed_router,0.000000000000,0,0.011779169366,0.002208806711,0.000000000000,0.000000000000,0.000000000000,0.000000000000,6400,0.000000000000,0.001192231122,0.001112944744,0.000006363511,0.000006491795,0.021541318891,0.020215470793,0.002243569731,0.002265601701,0.997756430269,0.997734398299,0.997756430269,0.997734398299,51;58;51,320;320;320,0.000000000000,0.124741409292,0.000000000000,2.000000000000,0.100000000000,600,0.000000000000,0.116720510005,0.000000000000
structural_core_blind,24,800,8,725,160,160,8,1.609437912434,1.609437912434,1.609437912434,1.606236341940,1.627664151842,0.200000000000,0.200000000000,696.000000000000,0.000000000000,0.000000000000,0.000000000000,1.596792766603,1.610861951387,0;0;0;0;0;0,entity:0;0;0;0;0;0|value:0;0;0;0;0;0|filler:0;0;0;0;0;0|query_marker:0;0;0;0;0;0|query_entity:0;0;0;0;0;0,structural_core_blind,0.000000000000,0,1.596792766603,1.610861951387,0.000000000000,0.000000000000,0.000000000000,0.000000000000,6400,0.000000000000,0.800000000000,0.800000000000,0.798812255662,0.806978723917,0.056250000000,0.131250000000,0.015921186872,0.015921186872,0.215921186872,0.215921186872,0.201206315877,0.197123081749,0;0;0,0;0;0,0.000000000000,0.000000000000,0.000000000000,2.000000000000,0.100000000000,600,0.000000000000,0.000000000000,0.000000000000
kv_fixed_position,24,800,8,88,160,160,8,1.609437912434,0.145882424675,0.131873374635,0.002209509320,0.002231071651,1.000000000000,1.000000000000,64.000000000000,1.000000000000,0.750000000000,1.000000000000,0.088900942177,0.002237875779,320;320;320;320,entity:160;160;160;0|value:160;160;160;0|filler:0;0;0;0|query_marker:0;0;0;160|query_entity:0;0;0;160,kv_fixed_position,0.000000000000,0,0.088900942177,0.002237875779,0.000000000000,0.000000000000,0.000000000000,0.000000000000,6400,0.000000000000,0.048777879124,0.041608632714,0.000006097190,0.000006218795,0.130721855242,0.118884159850,0.002207068962,0.002228582633,0.997792931038,0.997771417367,0.997792931038,0.997771417367,50;63;47,320;320;320,0.000000000000,0.000000000000,0.000000000000,2.000000000000,0.100000000000,600,0.000000000000,0.000000000000,0.000000000000
kv_first_free,24,800,8,88,160,160,8,1.609437912434,0.145882424675,0.131873374635,0.002209509320,0.002231071651,1.000000000000,1.000000000000,64.000000000000,1.000000000000,0.750000000000,1.000000000000,0.088900942177,0.002237875779,320;320;320;320,entity:160;160;160;0|value:160;160;160;0|filler:0;0;0;0|query_marker:0;0;0;160|query_entity:0;0;0;160,kv_first_free,0.000000000000,0,0.088900942177,0.002237875779,0.000000000000,0.000000000000,0.000000000000,0.000000000000,6400,0.000000000000,0.048777879124,0.041608632714,0.000006097190,0.000006218795,0.130721855242,0.118884159850,0.002207068962,0.002228582633,0.997792931038,0.997771417367,0.997792931038,0.997771417367,50;63;47,320;320;320,0.000000000000,0.000000000000,0.000000000000,2.000000000000,0.100000000000,600,0.000000000000,0.000000000000,0.000000000000
kv_hard_router,24,800,8,112,160,160,8,1.609437912434,0.145882424675,0.131873374635,0.002209509320,0.002231071651,1.000000000000,1.000000000000,88.000000000000,1.000000000000,0.750000000000,1.000000000000,0.088900942177,0.002237875779,320;320;320;320,entity:160;160;160;0|value:160;160;160;0|filler:0;0;0;0|query_marker:0;0;0;160|query_entity:0;0;0;160,kv_hard_router,0.000000000000,0,0.088900942177,0.002237875779,0.000000000000,0.000000000000,0.000000000000,0.000000000000,6400,0.000000000000,0.048777879124,0.041608632714,0.000006097190,0.000006218795,0.130721855242,0.118884159850,0.002207068962,0.002228582633,0.997792931038,0.997771417367,0.997792931038,0.997771417367,55;56;49,320;320;320,0.000000000000,0.261385224557,0.000000000000,2.000000000000,0.100000000000,600,0.000000000000,0.264253088963,0.000000000000
kv_annealed_router,24,800,8,112,160,160,8,1.609437912434,0.145882424675,0.131873374635,0.002209509320,0.002231071651,1.000000000000,1.000000000000,88.000000000000,1.000000000000,0.750000000000,1.000000000000,0.088900942177,0.002237875779,320;320;320;320,entity:160;160;160;0|value:160;160;160;0|filler:0;0;0;0|query_marker:0;0;0;160|query_entity:0;0;0;160,kv_annealed_router,0.000000000000,0,0.088900942177,0.002237875779,0.000000000000,0.000000000000,0.000000000000,0.000000000000,6400,0.000000000000,0.048777879124,0.041608632714,0.000006097190,0.000006218795,0.130721855242,0.118884159850,0.002207068962,0.002228582633,0.997792931038,0.997771417367,0.997792931038,0.997771417367,54;55;51,320;320;320,0.000000000000,0.142252763927,0.000000000000,2.000000000000,0.100000000000,600,0.000000000000,0.136715077224,0.000000000000
structural_core_blind,25,800,8,725,160,160,8,1.609437912434,1.609437912434,1.609437912434,1.607278508155,1.628495909870,0.225000000000,0.168750000000,696.000000000000,0.000000000000,0.000000000000,0.000000000000,1.652788915679,1.597589811919,0;0;0;0;0;0,entity:0;0;0;0;0;0|value:0;0;0;0;0;0|filler:0;0;0;0;0;0|query_marker:0;0;0;0;0;0|query_entity:0;0;0;0;0;0,structural_core_blind,0.000000000000,0,1.652788915679,1.597589811919,0.000000000000,0.000000000000,0.000000000000,0.000000000000,6400,0.000000000000,0.800000000000,0.800000000000,0.799108209871,0.807471336606,0.006250000000,0.143750000000,0.001782518526,0.058032518526,0.226782518526,0.226782518526,0.201036726319,0.196855162951,0;0;0,0;0;0,0.000000000000,0.000000000000,0.000000000000,2.000000000000,0.100000000000,600,0.000000000000,0.000000000000,0.000000000000
kv_fixed_position,25,800,8,88,160,160,8,1.609437912434,0.026968445080,0.029923004815,0.002233400867,0.002299383272,1.000000000000,1.000000000000,64.000000000000,1.000000000000,0.750000000000,1.000000000000,0.014691668802,0.002217003482,320;320;320;320,entity:160;160;160;0|value:160;160;160;0|filler:0;0;0;0|query_marker:0;0;0;160|query_entity:0;0;0;160,kv_fixed_position,0.000000000000,0,0.014691668802,0.002217003482,0.000000000000,0.000000000000,0.000000000000,0.000000000000,6400,0.000000000000,0.002149252545,0.002496733189,0.000006302379,0.000006674348,0.026338321635,0.029211616643,0.002230884269,0.002296717847,0.997769115731,0.997703282153,0.997769115731,0.997703282153,44;54;62,320;320;320,0.000000000000,0.000000000000,0.000000000000,2.000000000000,0.100000000000,600,0.000000000000,0.000000000000,0.000000000000
kv_first_free,25,800,8,88,160,160,8,1.609437912434,0.026968445080,0.029923004815,0.002233400867,0.002299383272,1.000000000000,1.000000000000,64.000000000000,1.000000000000,0.750000000000,1.000000000000,0.014691668802,0.002217003482,320;320;320;320,entity:160;160;160;0|value:160;160;160;0|filler:0;0;0;0|query_marker:0;0;0;160|query_entity:0;0;0;160,kv_first_free,0.000000000000,0,0.014691668802,0.002217003482,0.000000000000,0.000000000000,0.000000000000,0.000000000000,6400,0.000000000000,0.002149252545,0.002496733189,0.000006302379,0.000006674348,0.026338321635,0.029211616643,0.002230884269,0.002296717847,0.997769115731,0.997703282153,0.997769115731,0.997703282153,44;54;62,320;320;320,0.000000000000,0.000000000000,0.000000000000,2.000000000000,0.100000000000,600,0.000000000000,0.000000000000,0.000000000000
kv_hard_router,25,800,8,112,160,160,8,1.609437912434,0.026968445080,0.029923004815,0.002233400867,0.002299383272,1.000000000000,1.000000000000,88.000000000000,1.000000000000,0.750000000000,1.000000000000,0.014691668802,0.002217003482,320;320;320;320,entity:160;160;160;0|value:160;160;160;0|filler:0;0;0;0|query_marker:0;0;0;160|query_entity:0;0;0;160,kv_hard_router,0.000000000000,0,0.014691668802,0.002217003482,0.000000000000,0.000000000000,0.000000000000,0.000000000000,6400,0.000000000000,0.002149252545,0.002496733189,0.000006302379,0.000006674348,0.026338321635,0.029211616643,0.002230884269,0.002296717847,0.997769115731,0.997703282153,0.997769115731,0.997703282153,63;52;45,320;320;320,0.000000000000,0.285912353480,0.000000000000,2.000000000000,0.100000000000,600,0.000000000000,0.287629171385,0.000000000000
kv_annealed_router,25,800,8,112,160,160,8,1.609437912434,0.026968445080,0.029923004815,0.002233400867,0.002299383272,1.000000000000,1.000000000000,88.000000000000,1.000000000000,0.750000000000,1.000000000000,0.014691668802,0.002217003482,320;320;320;320,entity:160;160;160;0|value:160;160;160;0|filler:0;0;0;0|query_marker:0;0;0;160|query_entity:0;0;0;160,kv_annealed_router,0.000000000000,0,0.014691668802,0.002217003482,0.000000000000,0.000000000000,0.000000000000,0.000000000000,6400,0.000000000000,0.002149252545,0.002496733189,0.000006302379,0.000006674348,0.026338321635,0.029211616643,0.002230884269,0.002296717847,0.997769115731,0.997703282153,0.997769115731,0.997703282153,58;56;46,320;320;320,0.000000000000,0.149137387041,0.000000000000,2.000000000000,0.100000000000,600,0.000000000000,0.150193536017,0.000000000000
structural_core_blind,26,800,8,725,160,160,8,1.609437912434,1.609437912434,1.609437912434,1.602271451616,1.636657629104,0.256250000000,0.181250000000,696.000000000000,0.000000000000,0.000000000000,0.000000000000,1.617169565765,1.609093160755,0;0;0;0;0;0,entity:0;0;0;0;0;0|value:0;0;0;0;0;0|filler:0;0;0;0;0;0|query_marker:0;0;0;0;0;0|query_entity:0;0;0;0;0;0,structural_core_blind,0.000000000000,0,1.617169565765,1.609093160755,0.000000000000,0.000000000000,0.000000000000,0.000000000000,6400,0.000000000000,0.800000000000,0.800000000000,0.797101147143,0.810316961520,0.025000000000,0.162500000000,0.039396008773,0.035603991227,0.216853991227,0.216853991227,0.201983797880,0.195375890691,0;0;0,0;0;0,0.000000000000,0.000000000000,0.000000000000,2.000000000000,0.100000000000,600,0.000000000000,0.000000000000,0.000000000000
kv_fixed_position,26,800,8,88,160,160,8,1.609437912434,0.013987663469,0.013162176967,0.002211764831,0.002227951744,1.000000000000,1.000000000000,64.000000000000,1.000000000000,0.750000000000,1.000000000000,0.008186846423,0.002227909605,320;320;320;320,entity:160;160;160;0|value:160;160;160;0|filler:0;0;0;0|query_marker:0;0;0;160|query_entity:0;0;0;160,kv_fixed_position,0.000000000000,0,0.008186846423,0.002227909605,0.000000000000,0.000000000000,0.000000000000,0.000000000000,6400,0.000000000000,0.000301985175,0.000264140098,0.000006107530,0.000006196913,0.013875057869,0.013063937640,0.002209319054,0.002225470027,0.997790680946,0.997774529973,0.997790680946,0.997774529973,56;53;51,320;320;320,0.000000000000,0.000000000000,0.000000000000,2.000000000000,0.100000000000,600,0.000000000000,0.000000000000,0.000000000000
kv_first_free,26,800,8,88,160,160,8,1.609437912434,0.013987663469,0.013162176967,0.002211764831,0.002227951744,1.000000000000,1.000000000000,64.000000000000,1.000000000000,0.750000000000,1.000000000000,0.008186846423,0.002227909605,320;320;320;320,entity:160;160;160;0|value:160;160;160;0|filler:0;0;0;0|query_marker:0;0;0;160|query_entity:0;0;0;160,kv_first_free,0.000000000000,0,0.008186846423,0.002227909605,0.000000000000,0.000000000000,0.000000000000,0.000000000000,6400,0.000000000000,0.000301985175,0.000264140098,0.000006107530,0.000006196913,0.013875057869,0.013063937640,0.002209319054,0.002225470027,0.997790680946,0.997774529973,0.997790680946,0.997774529973,56;53;51,320;320;320,0.000000000000,0.000000000000,0.000000000000,2.000000000000,0.100000000000,600,0.000000000000,0.000000000000,0.000000000000
kv_hard_router,26,800,8,112,160,160,8,1.609437912434,0.013987663469,0.013162176967,0.002211764831,0.002227951744,1.000000000000,1.000000000000,88.000000000000,1.000000000000,0.750000000000,1.000000000000,0.008186846423,0.002227909605,320;320;320;320,entity:160;160;160;0|value:160;160;160;0|filler:0;0;0;0|query_marker:0;0;0;160|query_entity:0;0;0;160,kv_hard_router,0.000000000000,0,0.008186846423,0.002227909605,0.000000000000,0.000000000000,0.000000000000,0.000000000000,6400,0.000000000000,0.000301985175,0.000264140098,0.000006107530,0.000006196913,0.013875057869,0.013063937640,0.002209319054,0.002225470027,0.997790680946,0.997774529973,0.997790680946,0.997774529973,52;56;52,320;320;320,0.000000000000,0.228719188949,0.000000000000,2.000000000000,0.100000000000,600,0.000000000000,0.237965599145,0.000000000000
kv_annealed_router,26,800,8,112,160,160,8,1.609437912434,0.013987663469,0.013162176967,0.002211764831,0.002227951744,1.000000000000,1.000000000000,88.000000000000,1.000000000000,0.750000000000,1.000000000000,0.008186846423,0.002227909605,320;320;320;320,entity:160;160;160;0|value:160;160;160;0|filler:0;0;0;0|query_marker:0;0;0;160|query_entity:0;0;0;160,kv_annealed_router,0.000000000000,0,0.008186846423,0.002227909605,0.000000000000,0.000000000000,0.000000000000,0.000000000000,6400,0.000000000000,0.000301985175,0.000264140098,0.000006107530,0.000006196913,0.013875057869,0.013063937640,0.002209319054,0.002225470027,0.997790680946,0.997774529973,0.997790680946,0.997774529973,54;45;61,320;320;320,0.000000000000,0.117055648725,0.000000000000,2.000000000000,0.100000000000,600,0.000000000000,0.110224849897,0.000000000000
structural_core_blind,27,800,8,725,160,160,8,1.609437912434,1.609437912434,1.609437912434,1.596108004837,1.637988660553,0.237500000000,0.162500000000,696.000000000000,0.000000000000,0.000000000000,0.000000000000,1.630520312576,1.584220041659,0;0;0;0;0;0,entity:0;0;0;0;0;0|value:0;0;0;0;0;0|filler:0;0;0;0;0;0|query_marker:0;0;0;0;0;0|query_entity:0;0;0;0;0;0,structural_core_blind,0.000000000000,0,1.630520312576,1.584220041659,0.000000000000,0.000000000000,0.000000000000,0.000000000000,6400,0.000000000000,0.800000000000,0.800000000000,0.795013848619,0.810274621961,0.062500000000,0.062500000000,0.016144361747,0.058855638253,0.221355638253,0.221355638253,0.204009884369,0.196379497698,0;0;0,0;0;0,0.000000000000,0.000000000000,0.000000000000,2.000000000000,0.100000000000,600,0.000000000000,0.000000000000,0.000000000000
kv_fixed_position,27,800,8,88,160,160,8,1.609437912434,0.008359569486,0.009571775783,0.002242862002,0.002313827314,1.000000000000,1.000000000000,64.000000000000,1.000000000000,0.750000000000,1.000000000000,0.005810795539,0.002188924148,320;320;320;320,entity:160;160;160;0|value:160;160;160;0|filler:0;0;0;0|query_marker:0;0;0;160|query_entity:0;0;0;160,kv_fixed_position,0.000000000000,0,0.005810795539,0.002188924148,0.000000000000,0.000000000000,0.000000000000,0.000000000000,6400,0.000000000000,0.000150233182,0.000189010027,0.000006382314,0.000006804650,0.008312783402,0.009513757485,0.002240318251,0.002311114324,0.997759681749,0.997688885676,0.997759681749,0.997688885676,68;54;38,320;320;320,0.000000000000,0.000000000000,0.000000000000,2.000000000000,0.100000000000,600,0.000000000000,0.000000000000,0.000000000000
kv_first_free,27,800,8,88,160,160,8,1.609437912434,0.008359569486,0.009571775783,0.002242862002,0.002313827314,1.000000000000,1.000000000000,64.000000000000,1.000000000000,0.750000000000,1.000000000000,0.005810795539,0.002188924148,320;320;320;320,entity:160;160;160;0|value:160;160;160;0|filler:0;0;0;0|query_marker:0;0;0;160|query_entity:0;0;0;160,kv_first_free,0.000000000000,0,0.005810795539,0.002188924148,0.000000000000,0.000000000000,0.000000000000,0.000000000000,6400,0.000000000000,0.000150233182,0.000189010027,0.000006382314,0.000006804650,0.008312783402,0.009513757485,0.002240318251,0.002311114324,0.997759681749,0.997688885676,0.997759681749,0.997688885676,68;54;38,320;320;320,0.000000000000,0.000000000000,0.000000000000,2.000000000000,0.100000000000,600,0.000000000000,0.000000000000,0.000000000000
kv_hard_router,27,800,8,112,160,160,8,1.609437912434,0.008359569486,0.009571775783,0.002242862002,0.002313827314,1.000000000000,1.000000000000,88.000000000000,1.000000000000,0.750000000000,1.000000000000,0.005810795539,0.002188924148,320;320;320;320,entity:160;160;160;0|value:160;160;160;0|filler:0;0;0;0|query_marker:0;0;0;160|query_entity:0;0;0;160,kv_hard_router,0.000000000000,0,0.005810795539,0.002188924148,0.000000000000,0.000000000000,0.000000000000,0.000000000000,6400,0.000000000000,0.000150233182,0.000189010027,0.000006382314,0.000006804650,0.008312783402,0.009513757485,0.002240318251,0.002311114324,0.997759681749,0.997688885676,0.997759681749,0.997688885676,47;45;68,320;320;320,0.000000000000,0.215161064332,0.000000000000,2.000000000000,0.100000000000,600,0.000000000000,0.216860292339,0.000000000000
kv_annealed_router,27,800,8,112,160,160,8,1.609437912434,0.008359569486,0.009571775783,0.002242862002,0.002313827314,1.000000000000,1.000000000000,88.000000000000,1.000000000000,0.750000000000,1.000000000000,0.005810795539,0.002188924148,320;320;320;320,entity:160;160;160;0|value:160;160;160;0|filler:0;0;0;0|query_marker:0;0;0;160|query_entity:0;0;0;160,kv_annealed_router,0.000000000000,0,0.005810795539,0.002188924148,0.000000000000,0.000000000000,0.000000000000,0.000000000000,6400,0.000000000000,0.000150233182,0.000189010027,0.000006382314,0.000006804650,0.008312783402,0.009513757485,0.002240318251,0.002311114324,0.997759681749,0.997688885676,0.997759681749,0.997688885676,54;46;60,320;320;320,0.000000000000,0.024481930010,0.000000000000,2.000000000000,0.100000000000,600,0.000000000000,0.024585661579,0.000000000000
structural_core_blind,28,800,8,725,160,160,8,1.609437912434,1.609437912434,1.609437912434,1.603255246894,1.632652591014,0.200000000000,0.168750000000,696.000000000000,0.000000000000,0.000000000000,0.000000000000,1.630748852479,1.621021570171,0;0;0;0;0;0,entity:0;0;0;0;0;0|value:0;0;0;0;0;0|filler:0;0;0;0;0;0|query_marker:0;0;0;0;0;0|query_entity:0;0;0;0;0;0,structural_core_blind,0.000000000000,0,1.630748852479,1.621021570171,0.000000000000,0.000000000000,0.000000000000,0.000000000000,6400,0.000000000000,0.800000000000,0.800000000000,0.797649689561,0.808787702466,0.056250000000,0.143750000000,0.011098242834,0.042348242834,0.211098242834,0.211098242834,0.201705339776,0.196136333323,0;0;0,0;0;0,0.000000000000,0.000000000000,0.000000000000,2.000000000000,0.100000000000,600,0.000000000000,0.000000000000,0.000000000000
kv_fixed_position,28,800,8,88,160,160,8,1.609437912434,0.134348158171,0.095577785911,0.002214397651,0.002228412583,1.000000000000,1.000000000000,64.000000000000,1.000000000000,0.750000000000,1.000000000000,0.059628567124,0.002212941943,320;320;320;320,entity:160;160;160;0|value:160;160;160;0|filler:0;0;0;0|query_marker:0;0;0;160|query_entity:0;0;0;160,kv_fixed_position,0.000000000000,0,0.059628567124,0.002212941943,0.000000000000,0.000000000000,0.000000000000,0.000000000000,6400,0.000000000000,0.036898600652,0.023444068080,0.000006126880,0.000006204026,0.122724329917,0.088174745804,0.002211944533,0.002225928933,0.997788055467,0.997774071067,0.997788055467,0.997774071067,53;43;64,320;320;320,0.000000000000,0.000000000000,0.000000000000,2.000000000000,0.100000000000,600,0.000000000000,0.000000000000,0.000000000000
kv_first_free,28,800,8,88,160,160,8,1.609437912434,0.134348158171,0.095577785911,0.002214397651,0.002228412583,1.000000000000,1.000000000000,64.000000000000,1.000000000000,0.750000000000,1.000000000000,0.059628567124,0.002212941943,320;320;320;320,entity:160;160;160;0|value:160;160;160;0|filler:0;0;0;0|query_marker:0;0;0;160|query_entity:0;0;0;160,kv_first_free,0.000000000000,0,0.059628567124,0.002212941943,0.000000000000,0.000000000000,0.000000000000,0.000000000000,6400,0.000000000000,0.036898600652,0.023444068080,0.000006126880,0.000006204026,0.122724329917,0.088174745804,0.002211944533,0.002225928933,0.997788055467,0.997774071067,0.997788055467,0.997774071067,53;43;64,320;320;320,0.000000000000,0.000000000000,0.000000000000,2.000000000000,0.100000000000,600,0.000000000000,0.000000000000,0.000000000000
kv_hard_router,28,800,8,112,160,160,8,1.609437912434,0.134348158171,0.095577785911,0.002214397651,0.002228412583,1.000000000000,1.000000000000,88.000000000000,1.000000000000,0.750000000000,1.000000000000,0.059628567124,0.002212941943,320;320;320;320,entity:160;160;160;0|value:160;160;160;0|filler:0;0;0;0|query_marker:0;0;0;160|query_entity:0;0;0;160,kv_hard_router,0.000000000000,0,0.059628567124,0.002212941943,0.000000000000,0.000000000000,0.000000000000,0.000000000000,6400,0.000000000000,0.036898600652,0.023444068080,0.000006126880,0.000006204026,0.122724329917,0.088174745804,0.002211944533,0.002225928933,0.997788055467,0.997774071067,0.997788055467,0.997774071067,55;54;51,320;320;320,0.000000000000,0.160503335955,0.000000000000,2.000000000000,0.100000000000,600,0.000000000000,0.145861762771,0.000000000000
kv_annealed_router,28,800,8,112,160,160,8,1.609437912434,0.134348158171,0.095577785911,0.002214397651,0.002228412583,1.000000000000,1.000000000000,88.000000000000,1.000000000000,0.750000000000,1.000000000000,0.059628567124,0.002212941943,320;320;320;320,entity:160;160;160;0|value:160;160;160;0|filler:0;0;0;0|query_marker:0;0;0;160|query_entity:0;0;0;160,kv_annealed_router,0.000000000000,0,0.059628567124,0.002212941943,0.000000000000,0.000000000000,0.000000000000,0.000000000000,6400,0.000000000000,0.036898600652,0.023444068080,0.000006126880,0.000006204026,0.122724329917,0.088174745804,0.002211944533,0.002225928933,0.997788055467,0.997774071067,0.997788055467,0.997774071067,55;54;51,320;320;320,0.000000000000,0.050338529023,0.000000000000,2.000000000000,0.100000000000,600,0.000000000000,0.049438502247,0.000000000000
structural_core_blind,29,800,8,725,160,160,8,1.609437912434,1.609437912434,1.609437912434,1.616286189081,1.665655436023,0.193750000000,0.181250000000,696.000000000000,0.000000000000,0.000000000000,0.000000000000,1.636908993239,1.616219200566,0;0;0;0;0;0,entity:0;0;0;0;0;0|value:0;0;0;0;0;0|filler:0;0;0;0;0;0|query_marker:0;0;0;0;0;0|query_entity:0;0;0;0;0;0,structural_core_blind,0.000000000000,0,1.636908993239,1.616219200566,0.000000000000,0.000000000000,0.000000000000,0.000000000000,6400,0.000000000000,0.800000000000,0.800000000000,0.802739096346,0.820606131790,0.012500000000,0.181250000000,0.041530292459,0.054030292459,0.235280292459,0.235280292459,0.200170229988,0.191236712266,0;0;0,0;0;0,0.000000000000,0.000000000000,0.000000000000,2.000000000000,0.100000000000,600,0.000000000000,0.000000000000,0.000000000000
kv_fixed_position,29,800,8,88,160,160,8,1.609437912434,0.007630852671,0.007812641389,0.002214704366,0.002221879098,1.000000000000,1.000000000000,64.000000000000,1.000000000000,0.750000000000,1.000000000000,0.004961560622,0.002255661953,320;320;320;320,entity:160;160;160;0|value:160;160;160;0|filler:0;0;0;0|query_marker:0;0;0;160|query_entity:0;0;0;160,kv_fixed_position,0.000000000000,0,0.004961560622,0.002255661953,0.000000000000,0.000000000000,0.000000000000,0.000000000000,6400,0.000000000000,0.000085205117,0.000092116377,0.000006135864,0.000006174513,0.007600004306,0.007780482502,0.002212248531,0.002219408074,0.997787751469,0.997780591926,0.997787751469,0.997780591926,52;57;51,320;320;320,0.000000000000,0.000000000000,0.000000000000,2.000000000000,0.100000000000,600,0.000000000000,0.000000000000,0.000000000000
kv_first_free,29,800,8,88,160,160,8,1.609437912434,0.007630852671,0.007812641389,0.002214704366,0.002221879098,1.000000000000,1.000000000000,64.000000000000,1.000000000000,0.750000000000,1.000000000000,0.004961560622,0.002255661953,320;320;320;320,entity:160;160;160;0|value:160;160;160;0|filler:0;0;0;0|query_marker:0;0;0;160|query_entity:0;0;0;160,kv_first_free,0.000000000000,0,0.004961560622,0.002255661953,0.000000000000,0.000000000000,0.000000000000,0.000000000000,6400,0.000000000000,0.000085205117,0.000092116377,0.000006135864,0.000006174513,0.007600004306,0.007780482502,0.002212248531,0.002219408074,0.997787751469,0.997780591926,0.997787751469,0.997780591926,52;57;51,320;320;320,0.000000000000,0.000000000000,0.000000000000,2.000000000000,0.100000000000,600,0.000000000000,0.000000000000,0.000000000000
kv_hard_router,29,800,8,112,160,160,8,1.609437912434,0.007630852671,0.007812641389,0.002214704366,0.002221879098,1.000000000000,1.000000000000,88.000000000000,1.000000000000,0.750000000000,1.000000000000,0.004961560622,0.002255661953,320;320;320;320,entity:160;160;160;0|value:160;160;160;0|filler:0;0;0;0|query_marker:0;0;0;160|query_entity:0;0;0;160,kv_hard_router,0.000000000000,0,0.004961560622,0.002255661953,0.000000000000,0.000000000000,0.000000000000,0.000000000000,6400,0.000000000000,0.000085205117,0.000092116377,0.000006135864,0.000006174513,0.007600004306,0.007780482502,0.002212248531,0.002219408074,0.997787751469,0.997780591926,0.997787751469,0.997780591926,50;48;62,320;320;320,0.000000000000,0.196791451934,0.000000000000,2.000000000000,0.100000000000,600,0.000000000000,0.179049509076,0.000000000000
kv_annealed_router,29,800,8,112,160,160,8,1.609437912434,0.007630852671,0.007812641389,0.002214704366,0.002221879098,1.000000000000,1.000000000000,88.000000000000,1.000000000000,0.750000000000,1.000000000000,0.004961560622,0.002255661953,320;320;320;320,entity:160;160;160;0|value:160;160;160;0|filler:0;0;0;0|query_marker:0;0;0;160|query_entity:0;0;0;160,kv_annealed_router,0.000000000000,0,0.004961560622,0.002255661953,0.000000000000,0.000000000000,0.000000000000,0.000000000000,6400,0.000000000000,0.000085205117,0.000092116377,0.000006135864,0.000006174513,0.007600004306,0.007780482502,0.002212248531,0.002219408074,0.997787751469,0.997780591926,0.997787751469,0.997780591926,50;63;47,320;320;320,0.000000000000,0.012443629823,0.000000000000,2.000000000000,0.100000000000,600,0.000000000000,0.011603853150,0.000000000000
